{
    "comp_devs": [
        3.710919341017027e-07,
        6.275099253549854e-07,
        3.635405698004801e-07,
        1.5633538488088837e-05
    ],
    "comp_est": [
        0.009999628908065899,
        0.9999993724900746,
        0.0800003635405698,
        1.1434408808108443,
        2.4907425524475646,
        0.22590107005571547,
        1.059292524932461,
        1.7685827910693355,
        3.219325001494621e-05,
        1.389532715158733e-05,
        2.5394973324702968e-05,
        0.4876710473788165
    ],
    "description": "Parameters and estimates are lists of C(t=0), N(t=0), kn, r0, r1,... Mean absolute deviations are take for growth rates r_i.",
    "inde_devs": [
        0.11029666613595138,
        0.7884299046261365,
        NaN,
        0.6757120793986847
    ],
    "inde_est": [
        0.12029666613595137,
        1.7884299046261365,
        NaN,
        0.09403917477178579,
        0.4094468002164357,
        0.0,
        0.14296382898361246,
        0.3519737810949441,
        0.0,
        0.0,
        0.0,
        0.09572934874389512
    ],
    "kn": 0.08,
    "true_params": [
        0.01,
        1.0,
        0.08,
        1.1434282299326066,
        2.4907194975678784,
        0.22589661831449326,
        1.0592820273263666,
        1.7685692462953173,
        0.0,
        0.0,
        0.0,
        0.4876660289621736
    ]
}