{
    "comp_devs": [
        5.9040949922442576e-08,
        5.813155310452345e-07,
        8.384024395569067e-08,
        2.0354221486884594e-06
    ],
    "comp_est": [
        0.010000059040949923,
        0.999999418684469,
        0.040000083840243957,
        1.143425503559515,
        2.4907051428780704,
        0.22589624985934212,
        1.0592820815017772,
        1.7685684922341447,
        0.0,
        0.0,
        0.0,
        0.487666090006878
    ],
    "description": "Parameters and estimates are lists of C(t=0), N(t=0), kn, r0, r1,... Mean absolute deviations are take for growth rates r_i.",
    "inde_devs": [
        0.065786288574686,
        0.36473449457227924,
        NaN,
        0.5568267591802111
    ],
    "inde_est": [
        0.075786288574686,
        1.3647344945722792,
        NaN,
        0.21672319341480017,
        0.8128794579505332,
        0.029031378362045977,
        0.3113928059674091,
        0.613786233666332,
        0.0,
        0.0,
        0.0,
        0.18030774641581518
    ],
    "kn": 0.04,
    "true_params": [
        0.01,
        1.0,
        0.04,
        1.1434282299326066,
        2.4907194975678784,
        0.22589661831449326,
        1.0592820273263666,
        1.7685692462953173,
        0.0,
        0.0,
        0.0,
        0.4876660289621736
    ]
}