{
    "comp_devs": [
        7.697110320000616e-07,
        2.571833333409046e-06,
        6.354974969036142e-07,
        4.0855505749760824e-05
    ],
    "comp_est": [
        0.009999230288968,
        1.0000025718333334,
        0.1599993645025031,
        1.143443398996106,
        2.49074656845373,
        0.2259070080985244,
        1.0592970500659764,
        1.7685922830451726,
        7.548319098326033e-05,
        0.00011451090844155108,
        7.924183743332045e-05,
        0.4876738033542161
    ],
    "description": "Parameters and estimates are lists of C(t=0), N(t=0), kn, r0, r1,... Mean absolute deviations are take for growth rates r_i.",
    "inde_devs": [
        0.12843046421382434,
        1.3346086522737268,
        NaN,
        0.7148244118880102
    ],
    "inde_est": [
        0.13843046421382435,
        2.334608652273727,
        NaN,
        0.057788252692902366,
        0.2901327246834593,
        0.0,
        0.08465598751162365,
        0.2575452982793118,
        0.0,
        0.0,
        0.0,
        0.05201967823944737
    ],
    "kn": 0.16,
    "true_params": [
        0.01,
        1.0,
        0.16,
        1.1434282299326066,
        2.4907194975678784,
        0.22589661831449326,
        1.0592820273263666,
        1.7685692462953173,
        0.0,
        0.0,
        0.0,
        0.4876660289621736
    ]
}