{
    "comp_devs": [
        0.009269159764936164,
        0.44079417801455856,
        0.4251822246176022,
        0.5754573522677093
    ],
    "comp_est": [
        0.019269159764936164,
        0.5592058219854414,
        0.4251822246176022,
        3.185646838186006,
        2.615615047897845,
        0.9337844999615081,
        2.2538552559968603,
        2.0270065806709523,
        0.0,
        0.0,
        0.0,
        1.338769596095047
    ],
    "description": "Parameters and estimates are lists of C(t=0), N(t=0), kn, r0, r1,... Mean absolute deviations are take for growth rates r_i.",
    "inde_devs": [
        8.605818275532473e-08,
        1.0477697487409898e-08,
        NaN,
        1.388552248504518e-06
    ],
    "inde_est": [
        0.009999913941817245,
        0.9999999895223025,
        NaN,
        1.1434302650143888,
        2.4907229120914294,
        0.22589719116619678,
        1.0592837800407129,
        1.7685728942579062,
        1.801636336076499e-08,
        1.8016358680530618e-08,
        1.8016358679678873e-08,
        0.48766704874935746
    ],
    "kn": 0.0,
    "true_params": [
        0.01,
        1.0,
        0.0,
        1.1434282299326066,
        2.4907194975678784,
        0.22589661831449326,
        1.0592820273263666,
        1.7685692462953173,
        0.0,
        0.0,
        0.0,
        0.4876660289621736
    ]
}