{
    "comp_devs": [
        1.2568380686542313e-07,
        1.5401976138917917e-08,
        6.530445420538378e-10,
        2.2277170586595123e-06
    ],
    "comp_est": [
        0.009999874316193135,
        1.0000000154019761,
        0.059999999346955456,
        1.1434315659769085,
        2.4907262595946587,
        0.22589780334593537,
        1.0592849783778688,
        1.7685736142884692,
        3.472593177170533e-08,
        6.414123569547121e-08,
        3.033789934903613e-08,
        0.48766734706345627
    ],
    "description": "Parameters and estimates are lists of C(t=0), N(t=0), kn, r0, r1,... Mean absolute deviations are take for growth rates r_i.",
    "inde_devs": [
        0.09754460770376855,
        0.5950536884942101,
        NaN,
        0.6446888970638138
    ],
    "inde_est": [
        0.10754460770376854,
        1.5950536884942101,
        NaN,
        0.12192380499049295,
        0.5178662350698546,
        0.0,
        0.18776797563693076,
        0.42393278737135853,
        0.0,
        0.0,
        0.0,
        0.12187077175587471
    ],
    "kn": 0.06,
    "true_params": [
        0.01,
        1.0,
        0.06,
        1.1434282299326066,
        2.4907194975678784,
        0.22589661831449326,
        1.0592820273263666,
        1.7685692462953173,
        0.0,
        0.0,
        0.0,
        0.4876660289621736
    ]
}