{
    "comp_devs": [
        6.691651619067374e-07,
        2.2584321659468998e-06,
        6.245519477143802e-07,
        3.674686580435493e-05
    ],
    "comp_est": [
        0.009999330834838093,
        1.000002258432166,
        0.17999937544805228,
        1.1434416144306936,
        2.490743878223731,
        0.22590517925461792,
        1.0592941537643952,
        1.7685897001713173,
        0.00011736712893490618,
        3.0432941021891133e-05,
        9.704146009528126e-05,
        0.487673002816268
    ],
    "description": "Parameters and estimates are lists of C(t=0), N(t=0), kn, r0, r1,... Mean absolute deviations are take for growth rates r_i.",
    "inde_devs": [
        0.12957346505252973,
        1.4339775941816382,
        NaN,
        0.7184457488676146
    ],
    "inde_est": [
        0.13957346505252974,
        2.433977594181638,
        NaN,
        0.054021254163895624,
        0.28214856442958824,
        0.0,
        0.0784853088184315,
        0.24845884105786886,
        0.0,
        0.0,
        0.0,
        0.046435940120520554
    ],
    "kn": 0.18,
    "true_params": [
        0.01,
        1.0,
        0.18,
        1.1434282299326066,
        2.4907194975678784,
        0.22589661831449326,
        1.0592820273263666,
        1.7685692462953173,
        0.0,
        0.0,
        0.0,
        0.4876660289621736
    ]
}