{"sim_params": [1e-05, 0.1, 0.13999999999999999, 1.0, 47.09157515653335, 50.65187942240067, 59.790468571374014, 50.227463487885245, 58.56575844934044, 48.07473352825707, 53.60372815088769, 55.13801898532911, 49.633532900493826], "guess": [1.3769819093672737e-05, 0.10158063265824151, 0.1422128857215381, 0.2896109673654729, 38.73247144945226, 40.085215054632606, 44.211878297846226, 39.612397000542444, 56.17516255228774, 40.072591954659266, 42.10932043414749, 43.02786100994899, 40.186278940656095], "rows": 3, "grad_est": [2.4095491547944155e-05, 0.11011483627952494, 0.13958257323708917, 0.8852616121225386, 38.92956497567173, 41.24532839894595, 48.9768927709113, 41.579232877059525, 47.41163176517772, 38.98869755405716, 44.6115586213808, 45.22960820202455, 40.6467242981616], "bounds": [[1.3769819093672737e-08, 0.013769819093672737], [0.050790316329120754, 0.20316126531648301], [0.071106442860769045, 0.28442577144307618], [0, 10.0], [0, null], [0, null], [0, null], [0, null], [0, null], [0, null], [0, null], [0, null], [0, null]], "sim_amounts": [[1e-05, 1e-05, 1e-05, 1e-05, 1e-05, 1e-05, 1e-05, 1e-05, 1e-05, 0.13999999999999999, 0.13999999999999999, 0.13999999999999999, 0.13999999999999999, 0.1, 0.13999999999999999, 0.13999999999999999, 0.13999999999999999, 0.13999999999999999], [0.0001054386944458876, 0.00012600546520310547, 0.00019912930275825495, 0.0001233577276041843, 0.0001872381034472856, 0.00011075282513130429, 0.000146079074191337, 0.00015774092190507975, 0.00011974648908469221, 0.13990020470199163, 0.13987390620897583, 0.13982110308802292, 0.13987896520906096, 0.09985364707889392, 0.1398848154740936, 0.13986407054602276, 0.139850921510431, 0.13988687757873627], [0.001102280237783581, 0.001567420988932609, 0.003864314871955653, 0.0015036670187538166, 0.0034135501464279397, 0.001213410078900377, 0.002101823561649067, 0.002444566984827474, 0.001418550414307657, 0.13877806602076073, 0.13813616508245166, 0.13652088305030144, 0.13829604404935003, 0.09740092825679372, 0.13837118729095396, 0.13791292159641608, 0.1375661344039539, 0.13847808594548028], [0.010665713635854099, 0.016904396882049828, 0.05275814134346409, 0.01617333185224391, 0.044397747147463265, 0.011833145541920557, 0.025480953614993987, 0.03066764162839465, 0.015088210580895585, 0.12706624624114143, 0.11766641666994015, 0.0945145657010075, 0.12029312897369954, 0.06868993278445049, 0.12078838809784125, 0.1146054293313776, 0.10971104977597242, 0.12278556019728962], [0.05909797504174608, 0.07561633290593177, 0.15512125165888663, 0.07743578805361087, 0.1377763588540044, 0.054849733011908236, 0.10792118255500267, 0.11774093969036416, 0.07648589237025145, 0.06667392434113202, 0.043957622180287266, 0.0175544421190397, 0.048114051127426255, 0.015023093515779138, 0.052142656909064236, 0.03388637774613639, 0.028410935395163137, 0.052281442524265344], [0.10481967263753346, 0.10934242111948055, 0.18165518328100633, 0.11531751569302459, 0.1664719272816579, 0.08522715132805014, 0.14053368503109478, 0.14768068886322624, 0.1174571741361949, 0.011824807027445218, 0.006427745600291164, 0.002187386100548719, 0.006771209746243171, 0.0018922064208932218, 0.00877699518578767, 0.003459896367344618, 0.002943048637541947, 0.00730128554263515], [0.11375079208480089, 0.1146711054065831, 0.18519357162609032, 0.12106016923672096, 0.17024746262175947, 0.09077073611875605, 0.14410958044685823, 0.1510132860566443, 0.123648620695085, 0.0013279272100310746, 0.0007227345282236773, 0.00025393901973735824, 0.0007139095115759905, 0.0002074910443417851, 0.0010415354224723593, 0.00031878487388347536, 0.0002829600644151429, 0.0007553940320206778], [0.11476579553066389, 0.11527304093212833, 0.18560011223335013, 0.12167308177858602, 0.17066099815192623, 0.0914300948614862, 0.14444941253139063, 0.1513415617960269, 0.12430322496232679, 0.00013954600002155328, 7.745380160121694e-05, 2.7962944129502156e-05, 7.337090711039773e-05, 2.2097307441445056e-05, 0.00011500244744316762, 3.0998714542363047e-05, 2.8284678976012328e-05, 7.796042084926672e-05], [0.11487263596960434, 0.11533740901137045, 0.18564456653920655, 0.12173633270847527, 0.1707049944163517, 0.09150262287491069, 0.14448295285075274, 0.15137477625315962, 0.12437139286654919, 1.4554593737642581e-05, 8.188691820072533e-06, 3.0129235790903594e-06, 7.5707778840005474e-06, 2.3379761912501687e-06, 1.24449655043471e-05, 3.123014493304855e-06, 2.909021011578774e-06, 8.174545398178702e-06], [0.11488377328397027, 0.11534419697829716, 0.18564933566101036, 0.12174286792318272, 0.17070964328003788, 0.09151044383546934, 0.14448635412308986, 0.151378210088255, 0.12437856192995157, 1.5304740223221006e-06, 8.684682395671746e-07, 3.242068832491339e-07, 7.921254596546065e-07, 2.49015214408031e-07, 1.3464831684197104e-06, 3.23599504771174e-07, 3.064558524127027e-07, 8.720683910924193e-07], [0.11488494274922632, 0.1153449151351268, 0.18564984716836458, 0.12174355148027877, 0.17071013752454375, 0.09151128742172647, 0.14448670731510474, 0.15137857228801646, 0.1243793266972363, 1.6338842755451467e-07, 9.322884801606093e-08, 3.52098557914917e-08, 8.441125307116632e-08, 2.68823810200623e-08, 1.47039542187055e-07, 3.4383219844154165e-08, 3.2992829269012196e-08, 9.46840191459204e-08]], "cols": 3, "c_meas": [0.006997286388018423, 0.008453046512104259, 0.0023384093301722186, 0.0, 0.006518312476230418, 0.006927568553379901, 0.0021330322253731793, 0.0009522263726940046, 0.0, 0.0, 0.007383428279727305, 0.002904695380467225, 0.0, 0.0037120996298876247, 0.0, 0.0, 0.01071498132918275, 0.0, 0.01019892390680866, 0.006179212566048094, 0.0, 0.002268256600286393, 0.007942125028170441, 0.0, 0.0032778457686251103, 0.0019566289128339557, 0.0, 0.012569241754601269, 0.022144857625529965, 0.05263714218718602, 0.014800195271282663, 0.04468506464095667, 0.024919221116687436, 0.02531016502546047, 0.03583515941517189, 0.009757499587451758, 0.05745128588621319, 0.06954424333291219, 0.14932407183074395, 0.07972682634218738, 0.1260024712670643, 0.05171519782010332, 0.10936221656996811, 0.11552621764416403, 0.08184180575994057, 0.10895366463406406, 0.10687475629324923, 0.18155980867538493, 0.11414947374359802, 0.1622550853316452, 0.08136414296135859, 0.13704929016292328, 0.15057816215682948, 0.11755073305641431, 0.11608965116849533, 0.10389121889312318, 0.180747788022836, 0.12979133077911595, 0.1766267004528376, 0.09269990713607953, 0.14685193531790236, 0.14719609429455652, 0.12236553389311249, 0.121462743748649, 0.117050175747595, 0.18429278395667628, 0.12221307996988741, 0.16833038235199624, 0.086048334555814, 0.145270337729926, 0.14605327653167155, 0.12314770515841807, 0.11767773837854036, 0.1172751298758484, 0.177162386961883, 0.12885549339476468, 0.1717651907152773, 0.09104122773157314, 0.15211947702970066, 0.1478055275836531, 0.119589147690919, 0.11498391535844783, 0.12065184020237986, 0.19256737685504857, 0.12299532845285378, 0.16831474480498418, 0.09484720085564244, 0.14477514268420233, 0.15569178424970362, 0.1196576213965236, 0.1176403997508523, 0.11706852392187171, 0.18582425581486872, 0.12639108196311943, 0.1725684222829101, 0.08949439024573491, 0.15276293383248365, 0.1478383174707467, 0.12969539314795878], "times": [0.0, 0.5, 1.0, 1.5, 2.0, 2.5, 3.0, 3.5, 4.0, 4.5, 5.0]}