{
    "mean": 5,
    "no_cultures": 384,
    "rand_rs": [
        0.1545409851605477,
        5.832759399313354,
        8.734757076888357,
        8.176220012430761,
        4.664641755801064,
        8.047292017342441,
        6.292505100453852,
        6.060350838827492,
        2.6118480709359266,
        7.914199252489427,
        10.85930049311716,
        4.213513757680186,
        8.182185415776447,
        0.0,
        0.0,
        1.5305227560505084,
        9.553592620979916,
        7.541666589917595,
        8.238005399420523,
        6.403014973556841,
        5.417438690674013,
        3.11636234461886,
        0.0,
        4.796877696220492,
        11.732483130005336,
        9.151276893547205,
        4.208272915173216,
        9.099893665250603,
        3.0636109514402463,
        8.660612825913727,
        7.501177067850487,
        7.92186745294145,
        6.362609348409399,
        10.354028581816412,
        8.865413602692954,
        8.117493937930185,
        2.948266767118535,
        4.641201442890243,
        9.418471106210166,
        5.150710744211725,
        7.585452745396646,
        6.279272246949911,
        2.7556661899497055,
        6.880752490978251,
        7.054033745505932,
        6.9425725195884915,
        6.34030270196742,
        10.7664933275206,
        9.654751831768209,
        2.5397777498282634,
        4.910514391589833,
        4.966378729308807,
        3.5159348989945043,
        9.575457449957343,
        0.0,
        7.767577475908256,
        5.639969024554323,
        11.330161887355406,
        3.861092701201355,
        1.634644494041539,
        3.4229107525893063,
        4.528501156670361,
        7.5211500624177345,
        6.785562748551428,
        0.0,
        4.408399091958173,
        1.7320304191278062,
        4.52631059958361,
        5.743245779679446,
        8.127682677198724,
        0.0,
        6.546077822262774,
        6.667775542696526,
        2.7071060078912765,
        2.8236125558570033,
        7.488313087909721,
        1.2995137102843177,
        3.134587654259845,
        0.0,
        8.323626050743005,
        10.877963389008393,
        9.440302658094879,
        8.342324316324722,
        5.13997983614227,
        1.6572948929332298,
        3.2366338801547365,
        2.9829629852339776,
        3.965699072192585,
        5.109006691441435,
        3.604423832893165,
        7.211379208603386,
        5.972083422132994,
        4.0222936904487,
        3.088046991679746,
        0.0,
        9.55580903652508,
        7.397084213648201,
        5.617893453446126,
        9.30977796676147,
        5.533996329517626,
        6.846051048110177,
        1.388604632354065,
        8.670929776625004,
        8.031173777599033,
        1.1823832404399224,
        6.0606280309110065,
        4.1924370049512145,
        10.760218404581796,
        6.377286128420484,
        2.9090739278695414,
        10.69771017956653,
        3.1349074261465173,
        11.469902271872382,
        5.379841140442971,
        2.5254903469842986,
        3.7591083755255106,
        6.8745118160491945,
        9.448820868085882,
        4.097656358455147,
        0.030515965870202777,
        3.963005707014099,
        1.2764860339434314,
        7.1572420002957635,
        7.869295685267011,
        8.95087613135628,
        6.643549727575093,
        5.6325988142888965,
        7.512869426973715,
        4.613067192813088,
        2.165703550741026,
        4.718005824695868,
        6.24739114207209,
        1.508106557733604,
        5.851402131315581,
        11.026187460831029,
        6.594817593853669,
        7.385192412480068,
        0.0,
        3.077697006818104,
        6.799467575297287,
        1.4681094016433196,
        3.7086058592776165,
        4.956695689685633,
        4.044060103447478,
        10.227434665527301,
        5.91800633042927,
        5.340751809093819,
        0.6960211823214344,
        3.746909302966437,
        4.831301227828441,
        6.641471305065792,
        0.0,
        9.39075598496208,
        6.730948934567575,
        5.1313352355661825,
        2.3264651952031463,
        11.079532614800218,
        2.695627342527758,
        9.773638450355294,
        7.813333562152389,
        7.5140321104533045,
        4.973752237145676,
        3.036116693837345,
        0.5666714975565874,
        2.588194498369814,
        1.409376569785656,
        7.209763670182762,
        3.115568257540574,
        6.138393232944096,
        0.7208578325036186,
        4.128779057794292,
        2.251217495019145,
        8.336109271978273,
        4.379986760628841,
        6.056553815580874,
        3.0259002762334295,
        3.5781444427859097,
        3.2784023252476673,
        11.312231934710967,
        3.613901802375861,
        0.0,
        7.247653032004117,
        10.963734961562496,
        10.20362206067658,
        3.450194533588932,
        3.7212405830646134,
        2.5769547879697976,
        8.773362902062921,
        2.881047110492597,
        3.221272476042647,
        3.713335232114923,
        8.302349619389288,
        13.548084409085149,
        4.360406039109996,
        8.563313025056853,
        7.600825428883802,
        0.09287661935145408,
        4.815968695905148,
        2.029824151385113,
        5.40336941235969,
        4.355539216197088,
        7.551382562628668,
        6.624101494588497,
        2.726169825713856,
        0.0,
        3.187005653041413,
        9.997776957765796,
        4.8197737235346825,
        5.481351116109403,
        0.0,
        6.44360070350457,
        5.032404655411844,
        7.243176621622695,
        6.84351780511916,
        3.907458663360719,
        7.6424658044346465,
        0.0,
        8.983436518894099,
        3.8254388715159084,
        10.83236095651716,
        3.725063634525603,
        5.974385442770822,
        6.4378794785286555,
        8.007500508730429,
        8.580419426254203,
        4.348656930787766,
        1.7949359886993737,
        2.5994711826487493,
        0.0,
        8.399383989172176,
        5.5442119470727995,
        7.110022027902916,
        1.1091433474616261,
        5.085238832656653,
        8.507359627209247,
        6.372911626012996,
        0.24018647068491195,
        8.114457269990982,
        7.583202516195025,
        8.834879843236571,
        7.482303588686099,
        9.376535989652519,
        6.333687975626598,
        3.1217531954810216,
        8.762505978474753,
        11.671388599626965,
        6.024280829429729,
        2.974024772224302,
        3.1886201813732162,
        0.0,
        0.6728019681252038,
        5.678263128773514,
        3.483680465328438,
        9.474908994810956,
        2.002495657093495,
        1.334535383308923,
        2.2539652402660413,
        8.36693736078083,
        3.717063650611343,
        0.06549588443014631,
        5.943167253158498,
        4.777594205861872,
        3.6754587581448814,
        2.970708006054542,
        7.80606483845772,
        7.491295463204071,
        7.346414486448263,
        3.900460448596771,
        0.0,
        9.64902666325695,
        5.606171386923059,
        3.542336656172242,
        5.924782733677398,
        3.7652769437710067,
        8.625576176567474,
        10.694957600992044,
        8.605611794374843,
        5.733002281185783,
        5.546775239617271,
        2.450117538301341,
        3.696840677220724,
        8.688001126096912,
        7.832334202128154,
        4.621096668398166,
        1.359676475238948,
        5.279115862961706,
        5.725127977037852,
        2.975286227520449,
        0.0,
        0.0,
        2.3579702721810722,
        3.7602673031070966,
        7.139220532010457,
        3.1210486455054145,
        8.475324315694312,
        4.0041545311496805,
        8.009426599024904,
        10.727574139650347,
        5.209524789272875,
        2.6969543683826576,
        5.353446074190314,
