{
    "mean": 5,
    "no_cultures": 384,
    "rand_rs": [
        2.8520817709666173,
        2.6940876721219413,
        1.5866116799633274,
        7.5879571424666565,
        9.444101418410716,
        0.28215612805990986,
        3.992440677258985,
        7.808101467198206,
        3.5886726079020517,
        5.210173900963616,
        8.858302339132461,
        3.588460597104585,
        4.263828247037833,
        3.9552433561703113,
        1.8088100119333044,
        4.581938938037233,
        6.280888354630271,
        7.255915111352069,
        0.0,
        9.979072298223533,
        6.504150784078167,
        2.0296371885540045,
        8.41412480296163,
        1.0343491494280395,
        15.494356838882693,
        1.4513169989542076,
        5.678956974485386,
        7.522563718969474,
        4.351995229938032,
        5.991196683677597,
        7.966507884973197,
        2.9816436420165013,
        2.950990711866382,
        4.39797485878495,
        4.020946728291539,
        7.419529193161399,
        0.6048251268798053,
        2.8821418304264443,
        4.818439363745484,
        2.1275711600649965,
        5.119484241431719,
        8.491697285197882,
        5.692041618036136,
        10.410694818083789,
        5.959436319051113,
        9.807243120886785,
        1.7515208313527229,
        3.2902714517659635,
        3.0625120267364108,
        9.737276603768056,
        6.971050952938303,
        5.612879273823671,
        2.571846860269141,
        3.770607735066452,
        2.7868894493762975,
        1.3992256117222182,
        5.651956814946144,
        1.2250835031111271,
        5.532440207822312,
        4.314960729105625,
        2.150414717027973,
        2.75079663642813,
        0.4890058912901827,
        4.573249558823492,
        7.890514165862938,
        5.5216052941095795,
        4.575384598954254,
        2.445404392930202,
        1.270901972737625,
        3.563998353619885,
        7.615997404316103,
        4.180952391370741,
        3.39957957177627,
        6.746279515527621,
        5.883756406916284,
        4.970480232523067,
        2.413159267239787,
        2.0100154740487444,
        5.427868338212267,
        8.703293952823222,
        9.352062238844718,
        4.728622080408679,
        8.917641094467971,
        5.4431941102125965,
        2.8735625206662094,
        5.028996458455309,
        3.1529863197776042,
        7.510591848251806,
        8.244392553236661,
        3.743927889201984,
        4.55644295498001,
        3.0473796535352946,
        3.741204826676892,
        4.546183443639169,
        4.9535558233615165,
        4.769164623635024,
        0.7253524052741858,
        6.332692274701127,
        1.6146538101724772,
        2.8501570373875933,
        7.11500044637557,
        11.056727145759794,
        2.217044067726328,
        8.662726276897075,
        7.609418156304522,
        0.0,
        5.690631646639168,
        3.245244023240021,
        4.542243879660431,
        7.621766937969304,
        5.1335340724182785,
        7.843870106589383,
        6.03887704882873,
        6.523540634722929,
        6.313108173937412,
        4.805099904175329,
        0.0,
        7.50743364111485,
        4.812254610068886,
        5.659964888111053,
        5.3576514983152155,
        8.33152308057005,
        9.753504256337525,
        3.647386612782351,
        5.845644833946141,
        2.4465335677020184,
        9.51947225884493,
        0.33320996500414335,
        1.2472398338362738,
        4.909640415439851,
        10.259536421519408,
        1.8108929438329229,
        0.0,
        4.394632942685387,
        9.833341046722348,
        4.549486632001474,
        7.143218106105579,
        7.383051588425433,
        8.88826988241659,
        2.580407007424893,
        6.793671338091957,
        7.4289425786250005,
        2.899497411824003,
        2.5134199718077186,
        5.692680992937676,
        5.76408444849902,
        8.180330545830337,
        3.5329451200055138,
        4.488471734654295,
        1.197375205079931,
        5.1322514818753096,
        2.9665521609712053,
        3.8616260240826707,
        0.0,
        4.246681270550084,
        8.98620630687742,
        3.987961957669164,
        6.763369928099491,
        5.862297673333231,
        0.9400019168058451,
        3.2620705753805668,
        2.513232488500045,
        3.8686108503937606,
        8.59758791007232,
        0.0,
        0.0,
        3.796834373771179,
        4.496308516403799,
        0.0,
        8.663062360580723,
        5.67063493272639,
        1.6794325904395677,
        1.5185487770197765,
        6.433583099367513,
        3.2454586017905656,
        5.365537680488093,
        6.642273879246084,
        0.0,
        6.290807861072845,
        1.6852254818386325,
        3.5530045978717606,
        3.130795729632219,
        8.377865453977657,
        4.314331798763303,
        1.8097931414082629,
        5.875245660872827,
        7.735678199294494,
        9.342089392307459,
        1.7078464203797834,
        4.582834990005292,
        5.609572179477165,
        4.892895264067277,
        10.323069898194492,
        4.283433472115894,
        6.521626765332171,
        6.04679725440279,
        3.201265184803365,
        4.485164728380643,
        1.4140765677170615,
        4.20180780083709,
        7.2200548053277895,
        4.83103814684751,
        7.764539943303468,
        7.238101622994921,
        4.708490656426029,
        10.010131184933224,
        11.751921395115563,
        0.0,
        0.0,
        3.655510062808343,
        6.241746804820031,
        5.332574490754418,
        2.262272020608378,
        6.504831017439242,
        8.072727403589685,
        7.212055050495716,
        5.455507390224424,
        4.947550735888594,
        6.206320537218429,
        7.869289272397676,
        3.376492394445475,
        3.8084464353757563,
        8.096801831926095,
        7.46620647857837,
        1.5226509062341647,
        7.0125698248884305,
        2.148005879992994,
        3.1081847277869836,
        5.88787644914335,
        6.321300583199157,
        5.015671182422226,
        11.061360286805787,
        4.465542910239844,
        6.915336407785627,
        6.910244681889557,
        0.0,
        1.7572141849631304,
        0.0,
        12.766653661928636,
        1.209887338596375,
        5.104815804530436,
        5.86853365699847,
        7.765476219909798,
        6.7370533468565545,
        5.29801722628042,
        5.932429599966282,
        3.724160484364151,
        8.18599445080508,
        8.722734090366693,
        0.502987733582648,
        1.4686929581238117,
        6.817441270684753,
        0.7209858388064596,
        8.06539068472841,
        8.581162798583243,
        4.700802690049246,
        9.333816394084064,
        7.504817053160179,
        3.1502491922283347,
        0.0,
        7.511556221563366,
        0.6008009898492199,
        1.3934992839012104,
        11.274563834920857,
        1.1940621761256542,
        4.986328437229381,
        7.353580794522441,
        7.405161633703973,
        1.877808614196085,
        1.0490207998307985,
        7.408031068590322,
        5.6137238001508685,
        5.280352418816531,
        5.545513808028346,
        7.902274864845996,
        7.392599162435997,
        2.3423979387382152,
        2.6290709972958615,
        2.42270684337523,
        2.788094501821789,
        4.845425916111777,
        4.593697257730514,
        3.770630609217599,
        7.4725043064293395,
        8.018758089915835,
        5.198172995105184,
        7.169969662222195,
        5.955328015117262,
        10.238054977430153,
        2.9306122695426375,
        9.048125790601699,
        11.742896858802002,
        4.978567374862227,
        4.801421157115255,
        6.0005360060863175,
        4.6398675228413016,
        3.3056954156663227,
        4.897687934807754,
