{
    "mean": 5,
    "no_cultures": 384,
    "rand_rs": [
        7.133300936611881,
        6.426515383862703,
        2.0654742947830274,
        9.318876419218332,
        3.008184271910359,
        5.316536868771059,
        7.4613345527658215,
        8.558942198402157,
        6.41314002260888,
        4.275500405628598,
        7.18691620526313,
        3.8125330150581274,
        3.5119804824767673,
        2.691234485222792,
        5.456734435039387,
        2.5499350115702,
        6.117610596447395,
        6.432307611165019,
        4.571244647794775,
        2.5722394436867404,
        4.545050297812958,
        6.510403428491309,
        6.445315163565902,
        4.195380502317099,
        5.100704149937919,
        9.299229836651614,
        8.10243558687825,
        9.047201345237749,
        5.667147972309158,
        6.374085872712222,
        3.7580982835132684,
        11.33678916291494,
        6.925706648113586,
        7.955157943592148,
        0.0,
        5.541210754582981,
        1.2528560515342093,
        7.220276212381502,
        8.58776366090543,
        5.538110993931934,
        5.472006691803863,
        7.390271860032564,
        3.9339179017423946,
        4.689673727710886,
        10.262850318478023,
        6.728864647757334,
        2.083414350871041,
        6.376460595330842,
        7.025201196323085,
        3.08422338908674,
        5.396830513635491,
        2.5726054754274523,
        0.6281013971885931,
        6.814113430100745,
        8.67420804462138,
        6.632043297805568,
        0.9508705565259827,
        5.690958440012762,
        1.1765578260708676,
        2.4460451858565104,
        0.0,
        2.2628639144375935,
        11.902607017049682,
        0.8074388486969202,
        3.3826494739208863,
        4.428264381029364,
        2.0497629065026253,
        2.4217376408320668,
        6.708358038196882,
        5.32176185443877,
        1.1685264752765292,
        3.148634679680022,
        5.62042884361062,
        6.796272493141464,
        4.260743999775427,
        1.344303164198335,
        2.518326435431074,
        9.11117304112469,
        7.407552072454703,
        3.7416975255679437,
        3.944448817066415,
        4.349660809589159,
        6.1098204154601605,
        4.330477479188198,
        1.9213952802206107,
        5.399760725096648,
        9.529258810086699,
        6.245864268232036,
        5.714221306261709,
        5.839185199294669,
        0.0,
        2.263651823084289,
        5.5210994674685585,
        10.050754630864406,
        5.926754281986857,
        6.3107318535011325,
        4.959183090945503,
        0.7875471594744363,
        1.1307237703701656,
        5.192619280637294,
        3.8793042389966828,
        5.040875642589414,
        3.0510669968919237,
        7.137240929883361,
        1.8023266789673027,
        2.992839955306969,
        2.6244468423775413,
        9.26213572551845,
        2.2692737467926944,
        5.630406610604847,
        3.492745531727658,
        6.7170208479970075,
        5.198363333552927,
        2.2140407105847957,
        10.84400567427585,
        10.59145280078825,
        7.239013972943734,
        6.8902197306870505,
        3.9179258478790855,
        1.5803000121178368,
        2.395435779092403,
        6.388526503168437,
        5.164397125146927,
        3.977193530967456,
        5.113973961875347,
        8.600744731557418,
        6.648990232412111,
        6.972624502790338,
        2.459354410690092,
        3.926180658699823,
        4.727209618729885,
        3.2231590451418635,
        4.31737269300113,
        6.570292755330549,
        0.5180605386235158,
        6.730839541235193,
        8.84804951657471,
        3.524581459571011,
        4.463832627605363,
        8.936346368790328,
        6.265277891296736,
        3.1017596917531707,
        6.016422964228057,
        0.0,
        8.3853416750061,
        9.381822342570526,
        8.079454100637959,
        0.44376096750218075,
        3.0777191229057954,
        5.128091503049088,
        4.008600045418133,
        5.224388479861971,
        5.679702458311716,
        6.073087801142426,
        3.7678599148843794,
        1.7037790156584007,
        1.6415630076397951,
        1.9771360102464763,
        0.0,
        6.925163702246831,
        10.780263145935745,
        1.7217079311566548,
        9.69585867833382,
        3.4359179496153405,
        7.325679178543614,
        6.831122462468544,
        6.305081913045857,
        8.063414884609081,
        2.6567946534889737,
        0.2512347937382575,
        0.0,
        8.173759521630336,
        3.557414926995661,
        10.945550651629457,
        0.6851321385623974,
        3.7688732668406155,
        6.7178958868583605,
        0.052881338769420694,
        0.5479247566618959,
        6.581456053030346,
        4.928346621994738,
        5.562565536021918,
        3.3815567106149675,
        0.0,
        5.038357831657631,
        4.412710168979285,
        7.120206529029665,
        1.5972716181869844,
        2.184542962309929,
        0.0,
        9.76746119098599,
        0.8176568033638985,
        6.208605332428684,
        6.723375399181282,
        4.417926814530439,
        10.881065762751996,
        0.6226960688522709,
        4.111441864602989,
        6.918298710631044,
        7.160901950385934,
        3.633343400777079,
        4.299051057631307,
        5.530833999596481,
        2.9680555417310424,
        4.611581945224756,
        0.23448761921515437,
        5.108659660064055,
        9.319510295960592,
        7.237143563035394,
        5.365793991082551,
        1.692044282171099,
        8.924822237651831,
        7.755728091458151,
        5.463805534851737,
        0.0,
        0.8015319508992054,
        3.7769254026414067,
        7.759939518966558,
        2.193055830326577,
        1.6421861497426802,
        2.0492184505929205,
        0.9564479682254969,
        5.125642764766815,
        12.045262939637807,
        0.6065112803573447,
        6.844642130693353,
        3.220232728754012,
        4.036045319447764,
        0.0,
        7.775024115317777,
        3.0602414719301336,
        2.1687713967409223,
        4.220429809337702,
        7.641682923843952,
        6.73610586316174,
        11.191047946156054,
        3.744822279205562,
        5.05913260571603,
        8.835412650657602,
        9.517745690278758,
        3.3773695065534235,
        8.303933838241242,
        3.462746077501973,
        4.287938633251453,
        0.04913995390044157,
        6.020048515323478,
        0.0,
        1.4621373810382807,
        1.6638180242417766,
        5.537386604106441,
        5.108436478765199,
        0.0,
        5.482619806107832,
        7.717985578058162,
        3.2204672022647522,
        8.875086971955096,
        0.0,
        6.857323192899441,
        7.07814453232673,
        8.917405451380013,
        7.309984394526074,
        7.198790475968259,
        9.756989443225596,
        5.101637553365939,
        4.488641036419791,
        12.59441779698467,
        0.0,
        7.756368031676851,
        2.673265605016102,
        6.04690869620467,
        4.07634597864274,
        11.673756380532218,
        7.904131088225108,
        4.659523015591867,
        6.022377995613405,
        6.23022332249149,
        3.7626166454684093,
        4.751559657119207,
        4.879009191064886,
        12.257924560616523,
        7.170188461730417,
        7.0445576300023305,
        9.519812902247923,
        4.786972225193896,
        6.908156057248208,
        4.215160509209506,
        0.0,
        6.9625999411932895,
        0.9084215931223047,
        1.5800463213553613,
        8.409831066110081,
        3.485866462603336,
        4.8490756128240164,
        2.6816763437686832,
        6.811889381269477,
        2.612832867913763,
        2.1081806195204655,
        5.954786388671786,
        0.8930019184457212,
