{
    "mean": 5,
    "no_cultures": 384,
    "rand_rs": [
        4.81377482401026,
        4.795111009641345,
        4.9088634425089,
        4.587674044106289,
        5.356918580174541,
        9.493635538521083,
        8.394398273517439,
        7.11139723097604,
        11.879142861236302,
        0.5262705521521296,
        8.146053864248977,
        2.4661002069187656,
        8.753750180540688,
        7.274473511922256,
        3.462701478303817,
        2.1927730550962368,
        0.0,
        3.8228326073201577,
        3.9849233745301564,
        7.006380809687703,
        8.21712048944675,
        6.230567178225916,
        7.446662656980607,
        4.422116785226475,
        4.269094248237423,
        6.3569168754929555,
        1.8191211100187887,
        2.7066540052762864,
        0.0,
        12.925942386842527,
        7.665524893445731,
        3.9781755750489323,
        5.32091568545199,
        0.0,
        8.702999871948716,
        4.939683634758569,
        3.156545253899676,
        10.185620082977767,
        4.655782586127164,
        2.4908924735962494,
        1.8221432101247776,
        1.894737649548624,
        10.833380870473471,
        4.003640383666426,
        0.0,
        2.6016594974960228,
        6.66719398602882,
        3.627768140866487,
        1.317435136204793,
        5.767313308117287,
        5.9696974829226725,
        9.044289987274839,
        0.9054574732963658,
        2.5331348874144757,
        4.731995297765128,
        9.408532628960012,
        6.197577554307759,
        6.8850781396045555,
        0.5483078038294789,
        5.120177380990399,
        6.82748922532169,
        7.674664572509461,
        7.483385908684095,
        2.442850588339884,
        8.686492859277898,
        6.343807822352464,
        2.26920376853384,
        3.367943638070294,
        2.779147921712948,
        4.366517153502484,
        1.1874626195039726,
        6.981767761151494,
        1.7516559182827063,
        1.013172386344226,
        6.969107440019908,
        4.051933908081695,
        9.288332979291344,
        0.0,
        3.7135149121265023,
        4.406080047378739,
        4.279598358125624,
        10.915072696290522,
        0.990774029427703,
        6.713003960673198,
        10.895874963685374,
        4.61940191391255,
        3.7887188809702566,
        6.386357606523513,
        10.017019194540447,
        5.649051293566156,
        3.01035923523964,
        7.762793152838135,
        7.793375881261397,
        0.342911901468371,
        1.759095640044122,
        1.4666950427550693,
        4.904538037423986,
        5.198707130965155,
        0.0,
        0.4876380972869576,
        5.609428704472034,
        2.1169514613307023,
        6.214730868460795,
        3.840152928559381,
        5.076966253607014,
        6.019807763181065,
        6.71851952255785,
        2.566826125137681,
        1.664372487045525,
        8.085091979630878,
        8.16379606494278,
        0.0,
        6.232944584011882,
        0.0,
        9.48894634622036,
        5.330607308460284,
        0.7259697328128487,
        5.626627567668164,
        6.475993400028502,
        5.626136544897058,
        3.514363567613967,
        1.5872336158823366,
        7.411972362880704,
        5.120261466615235,
        2.903799159706878,
        5.7792408398603055,
        0.6272789467140543,
        8.063483507390316,
        0.206918068386317,
        1.6881118829141215,
        7.269946964818841,
        2.814135595264702,
        4.148010952166755,
        5.69495542405119,
        1.2196538530259105,
        2.8162857873371703,
        6.7264792291395565,
        2.6575239342597388,
        4.377615617388912,
        10.27030426006825,
        6.52073353009641,
        1.9793335926092666,
        0.0,
        4.556493033430609,
        3.2892590294646373,
        5.1740097784262575,
        6.813248556115292,
        6.897017921311684,
        4.101391702427979,
        7.800263493397461,
        2.4453482894862297,
        2.5844271501299074,
        3.522107190416879,
        7.63705658602461,
        4.142026094350175,
        0.39920749520942866,
        2.6274437621877946,
        5.581816485561099,
        2.7067821761366435,
        8.117430800255026,
        5.753394151491134,
        10.07802424882494,
        7.6533850784345105,
        5.736453492822951,
        5.186962475167067,
        7.59382640498673,
        0.2906281987602668,
        3.6233879151958828,
        5.273216068765078,
        6.058675095517213,
        5.6659637870183195,
        3.5136555098049893,
        1.815780724863243,
        7.347461595655808,
        6.836695339448196,
        5.67335132255956,
        0.0,
        6.263648894858027,
        3.9518362446018616,
        11.017123969068761,
        8.346861580892654,
        5.42530428888551,
        0.3053425382023489,
        5.087339451314501,
        7.713689889674788,
        4.56858044657181,
        5.016327682078936,
        6.7762384548899615,
        5.160452179113818,
        4.7861820040995,
        1.8965297342464864,
        1.9589599028714058,
        5.365640692389499,
        3.264707242227809,
        1.1645080990332595,
        0.6849170781396561,
        9.478830284384244,
        1.0359175010392851,
        0.0,
        5.027509079403967,
        9.111051877791247,
        4.07146085178877,
        1.1299106903613652,
        7.514570523029198,
        4.916543369724057,
        3.9291763942902906,
        3.9097246761691578,
        4.571303159063502,
        8.810843711390401,
        0.0,
        2.734554838748533,
        4.712284106890557,
        3.388052183410405,
        9.01851002274664,
        2.671233378770965,
        3.543695177346797,
        5.91681658709347,
        3.6220476224891627,
        1.8172840436211661,
        1.9612894516047907,
        9.099785467189086,
        8.96548389721563,
        4.741250907105056,
        2.3858294439796515,
        9.4490707575005,
        1.2240271763304236,
        4.576947546565235,
        6.734209372770785,
        6.769714705516543,
        6.342647862236476,
        1.9376351435030283,
        5.0937481547137375,
        6.066719294499379,
        6.779211499753745,
        4.914545802612941,
        5.970593232864156,
        8.736276719559184,
        5.747969624257538,
        4.2149964946423575,
        7.178637939146876,
        3.6660242897401183,
        3.8687344156890204,
        9.103635915776167,
        3.504225568820148,
        8.660708149724272,
        2.813898153837915,
        5.250354899894263,
        11.544575987135095,
        6.822027224872592,
        5.352879277568398,
        0.0,
        4.865726894952287,
        6.422767005644046,
        9.481765030877089,
        0.6558818115752914,
        10.820295130899495,
        2.824581948699631,
        3.3128531539452073,
        9.401093024348697,
        5.653688078506177,
        4.620409515454115,
        3.6402757140801385,
        8.238599930284206,
        6.177025987289087,
        2.516509156249109,
        5.748446835961014,
        1.5261732784894377,
        6.411177657100873,
        7.643855461727357,
        5.25566140382405,
        8.20360638964478,
        5.46844193333201,
        0.0,
        0.8165775907691266,
        2.092350354627419,
        4.123643086813904,
        3.4609083895637367,
        4.11815173838278,
        6.995926897595027,
        4.674837619030061,
        6.587519224299447,
        3.9556147826012285,
        11.110045812814395,
        3.8042582948067825,
        6.436021338745248,
        5.0106917057485445,
        3.8194882424255674,
        4.018768147901882,
        4.646910129148832,
        8.626437812431714,
        2.8576812001899072,
        7.457757815666401,
        2.3647409356416613,
        8.111617321200864,
        9.055723260150419,
        0.0,
        8.396527884339719,
        4.616872141587459,
        5.561304929221674,
