{
    "mean": 5,
    "no_cultures": 384,
    "rand_rs": [
        5.015760582648849,
        3.0014431196066296,
        0.9513934657276657,
        8.132145586770038,
        4.056924994044458,
        10.473126901473622,
        0.0,
        6.695541454180292,
        3.608393829616128,
        0.0,
        3.4583755739516335,
        6.788460061107571,
        5.8751257131045564,
        8.065206277850205,
        3.4077620886334,
        7.672901773486607,
        0.0,
        3.3993135880988596,
        4.117431436301349,
        10.025884184562434,
        4.858342249393467,
        7.03686337861945,
        0.0,
        9.357052351672605,
        6.676926880141577,
        0.0724944141719579,
        3.419515823039969,
        5.811137688263097,
        6.817978733827701,
        0.3494494550035876,
        8.043096267107721,
        2.823335206479176,
        3.2902126943878987,
        0.0,
        2.028188793189092,
        5.504076924033152,
        7.841968681180218,
        8.386190876705264,
        5.375217554159846,
        7.529426538320546,
        4.75136187203963,
        4.096502897434149,
        5.080395669827414,
        4.651374563663427,
        1.2227947163305197,
        3.8399063884575004,
        7.804023441741213,
        8.993474455679008,
        3.230686169469247,
        4.324745800280217,
        7.943140382121051,
        3.8446325116670788,
        9.460759160527331,
        2.8719855469498388,
        2.4011034243192597,
        3.7752775420926943,
        8.461672864767536,
        8.759073435641056,
        7.581943615004969,
        2.349734905328748,
        4.728153925473811,
        6.765696739050228,
        6.351503053696623,
        3.8456817391323597,
        6.5984744732369975,
        6.980097445886327,
        1.7223342278736453,
        10.639658878498857,
        2.8733546472009603,
        4.154285070934788,
        7.7444953130729495,
        7.526716407211541,
        6.342954141904249,
        7.732297489518308,
        6.109555693946573,
        11.501262429961683,
        3.166022150292063,
        3.76148489641255,
        3.0785909337176713,
        7.439089338801201,
        0.0,
        9.539260507131127,
        5.460064449236674,
        11.361111897171938,
        0.0,
        1.7415763482997804,
        7.627074013272955,
        3.9524880765239487,
        4.956548066259131,
        2.5503419326179744,
        3.196560165274666,
        7.493737523686579,
        5.740126843922705,
        2.5700493824742248,
        3.6447475031030123,
        2.101256556572367,
        7.794805963899973,
        7.89673062016757,
        2.176633023916941,
        0.0,
        10.477876321115184,
        1.5193522632322738,
        5.131536940614496,
        6.288739880116414,
        4.900200684477067,
        11.605603864849844,
        3.491656700204237,
        6.1100923933907705,
        8.148694160100646,
        1.7065556174446455,
        0.0,
        0.0,
        3.9768670687064795,
        10.565120195794485,
        6.312202229815633,
        2.9339699421313212,
        3.9634579860282386,
        3.5373838963867774,
        2.5540396635712717,
        0.6245908658604513,
        6.856201428302251,
        3.8500524047900306,
        6.091157865964407,
        0.9345163638213512,
        3.8681642351980003,
        5.543836644610169,
        9.10743151910963,
        4.605800498383014,
        4.445048069236532,
        4.856683983199288,
        3.285542658649365,
        3.7864889885477666,
        4.097659326977009,
        5.103476083047344,
        8.380259908547774,
        2.1131358677714434,
        7.415635765347584,
        8.144007932663053,
        3.475190333353384,
        0.9006076998077024,
        4.293393896353331,
        9.30072125662539,
        6.1725336622939855,
        9.123095978864834,
        11.227553146274108,
        8.58826478030321,
        1.2503158023687604,
        4.133985445400418,
        3.6105560918534305,
        4.948149952465214,
        2.1615300161013504,
        4.9700959316864735,
        4.675493941427522,
        8.55906511812336,
        3.363299728779779,
        4.248817293089384,
        3.266119287300726,
        3.536630939643758,
        4.600403593076398,
        4.923181937170924,
        7.474384142556293,
        2.6773594280069184,
        3.079416136169619,
        2.402172476366427,
        5.056530537468661,
        1.3833845386649304,
        6.3181967601097115,
        0.0,
        2.665987602582288,
        2.7108052660107327,
        4.430023187303134,
        1.2584994985929736,
        5.445306389432667,
        3.2174773581072214,
        2.117271147246533,
        3.1681721364618003,
        3.9702563826812383,
        0.4749067938247764,
        3.6112017307754174,
        2.0922248909267633,
        4.607703902341887,
        4.108642326949657,
        2.765584475640918,
        2.406518144013055,
        0.259214130099398,
        3.1683643833154767,
        1.8417119039450478,
        6.7671849573998895,
        1.8368011954340124,
        0.0,
        0.8464129674787308,
        9.461788512545189,
        7.045272741152901,
        6.783293965862867,
        6.076888838450991,
        3.94122648992054,
        0.0,
        6.513009484594361,
        8.301816187783018,
        5.088409265689816,
        10.373323409380223,
        3.1947774518233016,
        0.12649953186966378,
        3.441839335382194,
        2.3857210898634484,
        8.277987502004503,
        9.082866941876016,
        5.055675671052533,
        9.251028373648813,
        8.442724504775422,
        0.9214713035614484,
        6.928192122430627,
        3.345004920038236,
        6.881752975492283,
        10.626861958177805,
        1.5166064432581003,
        2.9086187429799053,
        0.0,
        4.56070442020618,
        2.2570247572473106,
        3.489482537511241,
        0.8567164026331229,
        5.696953600163629,
        0.5968531443410185,
        4.170823869236597,
        8.039691902321673,
        1.5115673586474583,
        1.8644155717698325,
        4.903097692721377,
        10.739570985025335,
        2.314417762025542,
        5.9644667278798424,
        3.888035752927402,
        3.6701008042480425,
        7.401699340102359,
        4.322465806269934,
        3.347319559309523,
        10.114751173023329,
        4.551658790588778,
        0.0,
        5.938477035161662,
        7.508937984541651,
        1.2357841646164127,
        9.000235708439899,
        9.614146777157222,
        6.916000602959813,
        4.883279015643137,
        3.184681424998319,
        4.007339837693979,
        3.3351675873662927,
        4.300599832822676,
        2.026055631182008,
        9.774274716033956,
        4.607916720225964,
        6.810998143254441,
        2.6034067257893865,
        5.477597994837551,
        2.9652856139962944,
        3.4689534642793176,
        0.4098696860357549,
        0.0,
        2.4349675839267992,
        6.8725465139255455,
        1.2102731525215633,
        4.970333501502844,
        0.32924256270695196,
        6.398817719674739,
        5.961582639617802,
        6.397275843214998,
        0.0,
        0.9635873820159455,
        7.953391076150659,
        1.6599821230518983,
        4.6944417164157075,
        5.453476795641261,
        6.191043410823373,
        4.029774068721857,
        6.848116680843949,
        8.2406350615705,
        7.312212419354295,
        6.733005954114523,
        1.1066860582773055,
        8.606075008257397,
        3.519962791667165,
        0.0,
        6.633469836676156,
        1.4454186151417412,
        8.300236959901827,
        5.650240881794887,
        9.2361926702638,
        4.0399180588414385,
        8.535836973275181,
        2.9493688965277736,
        4.750430447841042,
        6.302203095029251,
        6.490585162338647,
        5.8443953454405655,
        7.494775380655692,
        7.107933060571655,
        6.6351262233606505,
