{
    "mean": 5,
    "no_cultures": 384,
    "rand_rs": [
        6.3600120132115325,
        0.0,
        6.357018155607596,
        2.721286171618389,
        0.0,
        0.3760010196471537,
        8.962858864850627,
        6.757356767495501,
        7.061640841951432,
        3.3181900189203604,
        6.436358996785978,
        4.0467504112423205,
        1.5431734546121687,
        1.4751439221341878,
        4.71035615916475,
        5.303140670399168,
        1.572345166234605,
        13.351390262842184,
        2.067924858890401,
        5.246643609899401,
        4.181913656493434,
        3.3631816390528857,
        4.6974693054125325,
        4.339995762642378,
        3.753584178793985,
        9.998712169728513,
        3.955516344056912,
        4.202375947561483,
        9.731920092301795,
        6.027852526461869,
        2.8526451215903355,
        6.734221050347192,
        3.9304147476108033,
        10.814634507840793,
        4.568246171112957,
        2.303293044669444,
        7.2027184437350895,
        2.9719932054304357,
        5.222911527107176,
        3.947540456880327,
        8.665672449777786,
        4.14953242450809,
        7.987253181072024,
        6.337569329806423,
        3.1922000504112185,
        0.3492659411916925,
        7.164492620022165,
        7.112694629001125,
        3.2347257803729303,
        7.459636583796517,
        4.234978904608888,
        2.1359471923223143,
        6.90092122886042,
        1.9966889264141727,
        4.621070542275589,
        3.801458620352161,
        5.998363666210861,
        13.021958753881849,
        0.0,
        5.88745510865896,
        4.051912749151313,
        3.1897114259948474,
        1.294378816846669,
        5.60813150976052,
        1.634405347876703,
        8.825044578332104,
        2.7625642798111167,
        0.3589719616920952,
        1.9242612998387525,
        8.007734731587618,
        0.8343093170911429,
        0.0,
        6.491894937553113,
        4.672944801542693,
        2.7594542886649918,
        4.449958993290497,
        5.50555877594493,
        1.8202050107822272,
        5.357253078646237,
        4.29361187458817,
        3.0065799862746703,
        7.2650763038614645,
        6.3880615557152955,
        5.317989924985995,
        6.425915454355408,
        6.207922217526505,
        4.545056272378892,
        3.2980548643596386,
        8.52310728947296,
        10.174265450438893,
        6.934561644346238,
        4.944616987003872,
        4.792469870960403,
        4.739390217087551,
        6.481626669655989,
        0.0,
        7.942680349878527,
        5.37146837870498,
        3.9221828433839745,
        3.5082284118838993,
        3.337645664993246,
        5.193024478919659,
        6.540163764332547,
        9.027628647193403,
        7.102575229265109,
        5.528463327614619,
        4.627082877747548,
        0.0,
        7.094014765708714,
        8.495810847459447,
        3.585912735344542,
        4.759833666573646,
        2.856819597149272,
        3.5467281705320644,
        7.562877228723998,
        7.258909636196263,
        6.083129990580799,
        7.793093717561067,
        5.286513392032948,
        5.175832381204384,
        2.876998162669258,
        3.6392116869647717,
        1.176021225081318,
        2.31888978314353,
        7.489676413952932,
        8.862605568765376,
        2.1033834410041443,
        0.0,
        6.753766069185,
        11.618980001857334,
        1.4636379858719324,
        5.981700102509519,
        1.6926558065113553,
        9.30662944328982,
        3.271514945729911,
        5.020840822458671,
        2.3907735930392393,
        3.9041489620140735,
        7.280217008300559,
        4.410272983702152,
        2.988646927294308,
        10.198454868202788,
        4.846247615254181,
        6.348166988709885,
        1.8020412231941245,
        7.447415314270934,
        5.288076235718582,
        4.84942117161642,
        8.37069498574894,
        8.760767609775357,
        5.298835430784829,
        5.067126394077971,
        0.0,
        4.662327371314458,
        0.0,
        6.251515621848827,
        6.632480790698452,
        1.0980623726386427,
        2.9766032612093505,
        7.152659194566832,
        0.0,
        1.0911720072684554,
        2.256799867733764,
        6.825421613148338,
        8.352862612064254,
        0.0,
        10.633292446639071,
        4.875319340030875,
        7.823283708813387,
        1.7630195609684938,
        8.883376494628001,
        5.894802642966088,
        8.636284773481785,
        4.414069608004943,
        0.9435169846337628,
        0.3247109427339794,
        8.629240905124544,
        6.736801325169271,
        8.533822967307868,
        7.440526673180169,
        3.2877190716906637,
        4.014253334312792,
        3.766660326169441,
        4.697064957307317,
        1.3857657378541761,
        5.622126314361118,
        7.004709980730301,
        4.180693402581744,
        8.626308708147532,
        2.1443920083481887,
        7.725271137295503,
        6.448627129559366,
        6.7319510689633395,
        6.093189385790489,
        4.502215172978252,
        1.8999077160453504,
        4.451899508871152,
        6.187014933261869,
        3.784114254121341,
        3.0238541166994546,
        4.891717794620553,
        6.544793822878417,
        5.885948558617365,
        8.791573081010112,
        7.346683678474423,
        0.4316233588121001,
        1.6395235296620378,
        1.4339767895427409,
        12.043312935442477,
        2.6589446293712724,
        3.2565144801353854,
        4.988068334458291,
        8.136603655443622,
        7.035876691245612,
        8.983052490828912,
        6.69070791849038,
        5.797559998521047,
        1.5750167982695658,
        2.912525620831679,
        3.3223917189759167,
        10.564148133600124,
        4.254393363833665,
        1.4729514654253948,
        12.793265592268593,
        3.293550540455163,
        0.0,
        3.472246056382908,
        4.146311241535176,
        8.632639748929094,
        4.343986046361861,
        9.477770673910845,
        4.461137509571001,
        8.047891253666705,
        3.5030222555830477,
        3.122531221270319,
        1.9736593494349117,
        1.6000862068509623,
        9.613086989497285,
        4.325001838281587,
        5.986545279958492,
        8.44305923125525,
        1.3051191284977346,
        1.688343740974485,
        4.348664558853735,
        0.0,
        6.66213672208411,
        1.6092784932134672,
        2.5796118370231174,
        12.24110442990992,
        5.295823159940316,
        4.099823030127002,
        7.063227607517747,
        3.5199118531523776,
        11.32343074694039,
        4.740838655611313,
        5.4878976186920605,
        8.191920012068564,
        3.373227499174777,
        4.168075088841549,
        6.74477967790588,
        3.1649645543288285,
        6.609938836797342,
        5.580466165107428,
        6.3391892616933525,
        9.393105123508445,
        2.1239254334357476,
        5.785254716309553,
        3.1233298686263113,
        10.448645123830818,
        3.3924530665093675,
        6.776506075955615,
        5.169723255116149,
        7.765814924284235,
        1.4512838152036873,
        3.3113344372013978,
        3.876716723014999,
        3.731401871479184,
        7.953911133029776,
        7.603076923286737,
        7.1537745994011654,
        4.949633026833291,
        6.700847335614467,
        4.137176770273691,
        7.481011608192845,
        5.9590574162299585,
        9.624927218963496,
        12.798501079480602,
        0.0,
        5.505987249044135,
        8.041959142550656,
        3.4678055130138565,
        10.702113082092968,
        5.215305888932379,
        3.7782928418023425,
        5.929385650032981,
        3.5406894763778776,
        0.5185474217523582,
        10.556729173052993,
