{
    "mean": 5,
    "no_cultures": 384,
    "rand_rs": [
        7.53391785500685,
        4.954946384756541,
        4.164864932758739,
        7.584270717446491,
        7.515649428085028,
        6.641181954619085,
        3.507516779037857,
        1.9851418640308376,
        5.084658908520799,
        4.91262405670347,
        3.0124521256486654,
        4.7331250843347625,
        2.4112929415052133,
        4.340778879484989,
        2.6592497226376044,
        2.232996074196553,
        3.804047480449454,
        1.455000265683502,
        3.7037232980579438,
        9.895376035130102,
        7.370361735543238,
        8.169555598585614,
        3.2854446058632565,
        8.837765716372818,
        6.100879500127989,
        2.4127738371941727,
        9.247401301474085,
        10.351654126376786,
        7.6634441527023345,
        11.761374282401373,
        11.275955727814983,
        7.0017842829046675,
        6.027063511972523,
        3.31579243497334,
        1.6634650613569244,
        2.9168762706820437,
        7.967163539209617,
        9.444007176795193,
        0.0,
        1.3933391315567678,
        3.3652179060163343,
        9.198684795668921,
        6.625426259241248,
        8.549471251529337,
        4.855752906196917,
        2.6631611786406233,
        11.311237848239095,
        2.09079908287705,
        8.929047750658695,
        0.0,
        3.481903729107653,
        7.323076281836087,
        4.431852170052151,
        3.661416363520975,
        7.057646010481861,
        5.660369472838484,
        4.1842099584261785,
        2.355676837711353,
        5.182482521347462,
        12.369590465681668,
        4.245274564128955,
        2.226102489347842,
        10.346813380362894,
        1.4109711110976288,
        5.930179685598719,
        2.136424487197133,
        3.1187701366457903,
        0.0,
        3.2029960272627753,
        4.220593460657586,
        8.316578311360729,
        1.0814739054031284,
        8.637701356800846,
        5.259275529305297,
        6.622977354618697,
        4.432793046111139,
        0.9652352113254352,
        7.860497843766216,
        3.079721006288808,
        0.0,
        4.62900491701022,
        8.400778698577083,
        8.860744149959444,
        0.6054748225470075,
        3.2892162469881923,
        12.014062745256831,
        11.256436469167015,
        1.0786052315161516,
        6.696285068543938,
        2.66868605353569,
        4.1978099268148075,
        3.013778656311325,
        2.1077286646620705,
        8.131303687840852,
        3.4102380269211863,
        7.937898238961402,
        4.7002151896606215,
        3.571626194476075,
        5.41016834691403,
        4.92999342801693,
        6.000221344201533,
        3.2888139446102036,
        4.119237544577354,
        4.984008325062997,
        4.7820421324197895,
        6.176791045754707,
        4.52819220699308,
        1.1097062836130824,
        2.2570691481721488,
        1.7322500326876566,
        3.024728982174153,
        3.763704180224228,
        6.643460668942295,
        5.371179831728794,
        0.0,
        6.247585508040723,
        2.5642114535275713,
        1.533938324077515,
        10.27817084433758,
        3.8553210670150677,
        8.544302649256588,
        7.5530519568583525,
        8.203766803514188,
        7.283436485393787,
        3.7656088480176395,
        7.522854420749747,
        6.7856455579098744,
        10.41906855824833,
        7.562283716931503,
        2.882299297946882,
        9.850958311816106,
        6.784300514455126,
        5.495039549981985,
        6.042362220162206,
        7.964812362525449,
        4.463898430451633,
        4.945558188334297,
        7.789649685279562,
        7.9467479892388075,
        10.918751530727011,
        7.6688329268374655,
        5.885285981787275,
        11.76296379179348,
        7.017350262050537,
        10.152368360448957,
        6.714120957301143,
        5.394559390925938,
        4.45188749583637,
        0.0,
        3.1553213654224845,
        11.290998959637584,
        4.186144249620217,
        6.287026981966176,
        4.216480061992485,
        6.939322282154906,
        10.054813078279139,
        3.629233943100013,
        6.484565751178185,
        5.8725666452884315,
        0.0,
        6.757521216327998,
        3.826530443705289,
        6.578065993012645,
        1.5028430767573466,
        7.857147774191393,
        7.4530320108888315,
        4.181117276192047,
        2.765476757564013,
        4.160955507520935,
        2.378918386757266,
        8.423531601104884,
        2.483611016960011,
        0.9218316148203991,
        3.001784987878559,
        1.4374515138260344,
        7.564774160578113,
        5.106040638715774,
        8.602221855235896,
        1.6419895397555608,
        0.0,
        2.738525668091336,
        2.037273675788802,
        5.5691747222733285,
        9.352641537472966,
        1.3139801544972132,
        7.428754620458377,
        6.992271003729521,
        2.6794353074747654,
        1.470997887020049,
        0.5562844861199085,
        6.157004591766435,
        7.556419769240972,
        3.138414815541123,
        4.056590045899508,
        6.780860487785029,
        2.8494830484423104,
        5.79046831610435,
        0.0,
        5.42088546460247,
        1.115615300018729,
        3.1462309142522455,
        1.8132665198386055,
        7.7827031572522944,
        8.111180211344461,
        7.778738180125998,
        6.881198422925012,
        4.2907557379165775,
        0.0,
        1.6173878177214696,
        5.713047457484722,
        4.753654223538495,
        7.235021848955022,
        4.015242305007009,
        6.000244553685869,
        11.97453933034446,
        5.370069128077498,
        5.039958058527119,
        9.427249027385493,
        7.22234560759826,
        8.188919527931741,
        10.516188925005174,
        8.350116057659694,
        1.1617793599491408,
        6.052162090029662,
        3.9124931039442816,
        4.935066224936302,
        3.566514507441903,
        1.8292675649867318,
        7.816389907453285,
        0.7264878759140663,
        5.99928111570829,
        6.184935374697453,
        7.999350557917577,
        6.031009347413157,
        1.560810029842529,
        4.344342989489245,
        2.43878451648071,
        7.087330103936681,
        3.2909470959945106,
        1.2566510512484497,
        2.9276928307388377,
        1.2868044068923652,
        10.859772271642093,
        10.784133031523343,
        8.608302128310903,
        0.32269378695395723,
        7.807511525047858,
        0.7896032782997988,
        9.875921956189904,
        3.3560410096178925,
        7.074305425069799,
        0.0,
        5.169159872243736,
        0.0,
        3.8348178726403543,
        4.4560838770256925,
        7.029421026062801,
        8.336648968485193,
        4.071458171288864,
        4.367981606649309,
        4.093430862795019,
        3.7553614831355135,
        8.356606861808176,
        9.674175163875278,
        11.578954723342106,
        7.8295432149668915,
        4.724310415197816,
        3.388100652692227,
        6.293393541482429,
        4.206245514111174,
        8.911796582234949,
        8.747271298316386,
        5.1326343548240105,
        6.278266285113807,
        8.271001448655884,
        7.133774152711206,
        2.424546833639141,
        7.311437792993982,
        7.782135013617668,
        8.594904997990177,
        3.820165959842869,
        8.547291068154998,
        5.741522298744123,
        9.217378726333955,
        5.117369465017119,
        8.252416861466298,
        3.320000020160962,
        0.9136567485522207,
        6.8461250673095835,
        13.220991359257226,
        4.351110133551845,
        4.148734474088475,
        0.8856182943757034,
        5.425370149528734,
        2.082212771423576,
        4.057582518437131,
        6.012005562049749,
