{
    "mean": 5,
    "no_cultures": 384,
    "rand_rs": [
        1.3074040662756858,
        0.0,
        8.681082103366165,
        7.624142831662284,
        6.9950849834875335,
        7.689609883054547,
        8.119686636187701,
        5.54274071373798,
        5.6136955489509095,
        4.025344875590629,
        1.9664223763019404,
        8.21611416294495,
        3.46000323534214,
        5.1158677796371315,
        5.638789705241641,
        5.802263633220668,
        8.102318958519136,
        0.43465951832139105,
        7.569237773547963,
        7.237904272932817,
        6.471451410710775,
        3.3044342241996127,
        0.0,
        1.318085638711905,
        5.502132292183238,
        1.6347929819384373,
        3.5966404844146753,
        5.895010295283736,
        2.7321017274892743,
        0.26447805970750604,
        2.62971920437935,
        3.469086081034928,
        4.881125999403579,
        6.786295000562479,
        4.288723651694509,
        8.688090467505418,
        4.680700195364974,
        10.956859915101933,
        3.5531228883818544,
        4.757786734071114,
        6.067086028919995,
        3.5349168881722717,
        4.300345651033391,
        4.396740124347774,
        4.333460592853837,
        2.9749353700758205,
        3.5765170583264467,
        7.159031750321228,
        4.247276871589911,
        9.122299695737166,
        1.857063092775188,
        6.7090122706355295,
        7.946507795975233,
        7.838457347852151,
        13.203103593585633,
        7.785551588940127,
        9.091097835949544,
        5.776613158427648,
        13.369992521444992,
        4.895399339905904,
        0.0,
        9.469215847295855,
        1.6016620520245297,
        4.101312548334114,
        8.607118714914717,
        9.790830161370991,
        1.1357252582927915,
        7.559219620641253,
        7.3434119152072315,
        3.112270392755184,
        1.6510095417417672,
        9.506038738224408,
        1.8808813434861635,
        6.040889202344356,
        4.9515237396829415,
        2.2821840825831856,
        7.806998255305423,
        6.944655785522909,
        0.7208964327897895,
        11.676440562284792,
        0.0,
        3.3455796641376923,
        0.8073401964359741,
        12.964223350451876,
        9.203375042306654,
        4.791318114550279,
        4.897257652102745,
        6.680296850304308,
        7.9447069031680755,
        0.0,
        4.340110446750687,
        4.135019287535332,
        1.9013855680072966,
        1.9157402552202791,
        5.442628439229201,
        5.309464956148892,
        5.716391557896854,
        5.198409520571324,
        4.010276021988875,
        5.378863766770645,
        8.471547851734979,
        3.957417337476219,
        4.868674154814012,
        4.373082155400917,
        7.114222416783066,
        3.0463508303797013,
        0.00996305774976225,
        2.6816289776144537,
        6.478710098893138,
        6.485352739335676,
        3.1558876536517024,
        5.992406697984373,
        5.739925355713986,
        1.719557706375082,
        4.724892256115027,
        6.485177298098939,
        5.087357080706541,
        8.777648275571757,
        1.800883778241253,
        3.196433883861607,
        8.449063677077564,
        1.855817909344037,
        9.236670411489342,
        7.434739682540107,
        6.024999856134123,
        0.0,
        4.571606409971549,
        7.20560683323764,
        2.8168993480282363,
        8.042188630125885,
        3.0044064358233187,
        7.6515662843705226,
        3.2631638815383734,
        6.972974481478223,
        8.04457132280888,
        1.4495569271525266,
        8.784009303431814,
        1.8935049355536346,
        11.792505441997955,
        8.050190864086176,
        5.1485653226719865,
        0.0,
        4.7970827967654275,
        2.2980136763445027,
        7.60292182075621,
        5.5188236230011185,
        0.30870132071217604,
        5.625775637345681,
        5.10634837417618,
        3.5394058994107405,
        4.4681933654858055,
        6.158999244520315,
        7.643690395810806,
        8.169234698716176,
        3.1068667291504344,
        5.032674784637955,
        2.2051967092719593,
        7.399379184818222,
        5.735381489227619,
        5.06895437752416,
        5.477073944030956,
        2.8492489873563325,
        0.5527688393731331,
        4.78240873044684,
        2.230559980341909,
        1.7948151174821456,
        1.6405926050796822,
        8.928149448612347,
        5.402266503192185,
        6.908350622521266,
        4.261665498457537,
        9.219811149227603,
        8.701046918035477,
        8.176632618921552,
        0.04475050056238228,
        6.128307468047694,
        3.0842663547373244,
        0.7942325809302222,
        6.333111400511644,
        1.4454000626781234,
        8.284920442783879,
        5.302000551816961,
        3.7374751589068484,
        0.8137317346965753,
        8.315483925823903,
        5.1402132344429585,
        5.858551562012396,
        3.86588717043402,
        2.6793049053646265,
        7.849062303000749,
        1.1161202991418344,
        4.040684871948827,
        4.840400172405129,
        7.776783418795873,
        9.410620386125148,
        7.105562690723493,
        0.0,
        1.225008069401488,
        5.2028771032534955,
        7.059411024709972,
        3.29345296885928,
        0.0,
        9.074831000420286,
        4.029060551647408,
        0.0,
        3.450917580184523,
        6.192010839938246,
        2.2890242135154444,
        7.383984955345884,
        5.894645669951583,
        4.5459905465733295,
        4.4736610176699765,
        3.720549242819287,
        4.938459470368814,
        4.166064016626282,
        4.223024137787136,
        0.0,
        6.354462987718358,
        3.981753195093087,
        7.964696280711809,
        5.04707129286162,
        7.508158479313234,
        5.545789735883693,
        3.9531851197665633,
        2.9059042298799436,
        5.703637896782429,
        0.5675053923401601,
        1.5965785991612154,
        3.522026898689594,
        5.481526138483711,
        4.341173342190607,
        2.482265171937021,
        7.843328737387514,
        2.4594678439054287,
        8.103709878334907,
        9.288179207339352,
        6.687210686170305,
        9.98217077796,
        4.622183255770879,
        3.238539334342547,
        5.131106346099386,
        1.5833601407858975,
        1.9759707692659747,
        2.0574930770237825,
        8.449152520699208,
        6.847602764298212,
        9.752876520850263,
        9.023750821178984,
        6.398682187708751,
        3.619117453904554,
        4.307111576729889,
        7.511120699464813,
        7.281270357911096,
        6.4723604741519996,
        7.285938946823878,
        1.6526098391096316,
        7.335249367022318,
        7.694839825140572,
        1.187166401321742,
        6.92593877991185,
        4.6619049825585,
        5.326162234023892,
        4.728324554290737,
        4.47834036864526,
        6.183518657330955,
        2.7190742048513634,
        8.42193761426751,
        5.541510175363956,
        5.636667656707681,
        2.054891606387597,
        1.2874518917723883,
        7.274181015477811,
        5.274401135694202,
        1.3903274354871096,
        8.634177025636784,
        1.8929848277024135,
        0.815748668196485,
        11.502763156971621,
        4.118501248788387,
        6.967207705252406,
        10.94197227922414,
        6.5786527303056435,
        0.36462337295222014,
        2.9894134873290015,
        5.079788390388754,
        6.748568507892272,
        3.4146604486532306,
        5.007067050809381,
        6.3079057017466065,
        8.07334521913403,
        8.714351978576087,
        8.14810926828873,
        2.195407207638965,
        6.0135629984962184,
        5.741516488489318,
        0.0,
        6.29175506603214,
        0.0,
