{
    "mean": 5,
    "no_cultures": 384,
    "rand_rs": [
        4.806910692457673,
        10.268406538837208,
        7.099958516126289,
        3.6670096146255338,
        6.817639273262868,
        7.359585539228286,
        4.005619745473178,
        3.327587140327925,
        1.1153516994001658,
        4.071165491280504,
        0.0,
        5.304027299413938,
        5.587478621876622,
        3.276054438195091,
        8.726400416453519,
        6.917967823275758,
        3.919996557749879,
        3.6567600354566103,
        2.652387068200735,
        8.738109344924789,
        8.537939942331107,
        5.920311756358594,
        4.118572426840658,
        6.134487236911791,
        5.71347844454477,
        4.964722537721229,
        2.0904184902978717,
        3.5390468419457664,
        0.0,
        5.586026174804878,
        0.6611775420627719,
        5.10593534307808,
        0.0,
        6.91671977888644,
        6.927091553155308,
        6.244583468180517,
        1.779804697937141,
        3.177762957797958,
        4.3944093780046956,
        5.667194874437123,
        0.058734708492604426,
        8.294393266868807,
        2.7676213898331206,
        1.2227451234806814,
        4.93393464683778,
        1.1412287227553741,
        7.072064276697273,
        8.6900097590131,
        5.4430817409547325,
        3.496821754631207,
        8.814557114424776,
        5.33733094108483,
        2.972970602313722,
        8.666326134369262,
        8.120474815929184,
        3.944170998906017,
        4.782944114455562,
        1.714214625460273,
        7.400617802061797,
        6.59457464020176,
        10.189507405768664,
        8.238515989002632,
        4.51665597560238,
        4.5667425917538775,
        2.948537384301028,
        2.1269533669736633,
        1.0152429853887304,
        6.4684765860415725,
        4.273669842219057,
        5.165414927722245,
        7.870238036811856,
        13.211814839770755,
        3.363323648971083,
        0.12062518195256988,
        0.9427803813760036,
        1.095953827388204,
        3.357998287603723,
        2.7490933968816234,
        1.2996900887235943,
        4.497088838789645,
        11.065807829399649,
        1.3287902927219903,
        6.9442397206808,
        5.7428241530671436,
        3.862499921076905,
        8.475814870309678,
        7.172219485458549,
        1.8098357655776618,
        0.0,
        10.322353257337575,
        1.7430311988711535,
        3.9993385662320504,
        5.308987100945855,
        4.006496110477738,
        4.4768038412748155,
        1.2096686130341938,
        5.3138857375105015,
        9.42098700319772,
        2.8009445963830704,
        2.543492089780118,
        5.39570019154423,
        6.90236999634331,
        5.286679790346031,
        9.441878802422384,
        1.900462002202755,
        2.848442267139125,
        11.151021753974792,
        6.542815901543483,
        0.0,
        0.0,
        3.455186069178759,
        6.462538770373367,
        0.8270589604178005,
        4.369818815227547,
        0.0,
        0.0,
        8.623389323151985,
        2.4959458503479808,
        6.826970616871265,
        5.6978975024541425,
        1.6374760621164794,
        3.0348224087368756,
        10.154205248745889,
        3.426059867269605,
        2.2936876424723214,
        8.303747208483555,
        10.977906934952646,
        7.83653661775265,
        4.907149202858292,
        2.1510885553066554,
        3.4327834523982634,
        1.4264825292806447,
        6.47811234363943,
        6.060021822906005,
        0.8946612938475864,
        7.941941187594924,
        0.0,
        3.1860279510360954,
        6.367549205827716,
        6.1502685632995,
        7.980929044559362,
        8.360511253312897,
        5.680016070210183,
        1.171641095593353,
        6.146919303347044,
        8.59663980512191,
        5.986960664605772,
        4.0509517794131575,
        6.836024275040889,
        5.595890331009748,
        4.799176257548262,
        0.0,
        5.165486480141247,
        3.527634921425606,
        7.977469752889224,
        9.299092185920232,
        3.34204870239252,
        1.0739837772127467,
        10.62247587431094,
        1.8800880923628696,
        2.971561083088183,
        1.469638437257629,
        9.153301588592873,
        3.0841304408735684,
        7.5192666329343645,
        6.754452737985753,
        0.3083304776570026,
        4.534340609674681,
        1.8137120114807965,
        2.8675005338110506,
        4.5581544259092635,
        5.569313001632418,
        7.635035427507658,
        7.792902900707903,
        3.1188922224582036,
        8.89071981510651,
        2.932069712877963,
        5.025699123827714,
        7.7398858264395,
        5.315027225877627,
        4.082390817151769,
        5.785870658789132,
        8.507432198515723,
        1.8714362856517948,
        0.0,
        5.791884680226744,
        1.8919383898093014,
        5.844804466007209,
        6.172598666260647,
        7.566466050200583,
        5.67502478991102,
        9.675336543525304,
        8.75017140779729,
        11.191414902611804,
        2.9048595672663486,
        11.836521568862002,
        10.605891301851411,
        9.2687147685063,
        4.8529381472826385,
        3.6168041917047544,
        5.913040097930075,
        1.6160601318422585,
        7.234102422435996,
        7.279644937901054,
        2.565634278906883,
        5.828808011922666,
        3.0462770786561277,
        6.397236747306035,
        0.0,
        0.0,
        8.964919223143871,
        5.782692995849693,
        8.08343582428771,
        4.861555736233723,
        4.551067164895836,
        2.4545693703227403,
        11.732128293618306,
        6.061724712465859,
        5.60504119905545,
        1.7864602053723475,
        4.699638448790388,
        9.436143361554432,
        3.9091248448915756,
        10.773131084327595,
        1.7770865002822438,
        5.151174892026889,
        0.0,
        6.827932582066918,
        1.9820132261624224,
        6.307540673035184,
        5.129877334502117,
        0.6274365510587092,
        6.761029996906476,
        3.1316773019401243,
        8.529340458394834,
        2.9725368865406745,
        5.791832312573496,
        8.10672948343727,
        7.301856730250774,
        9.814181288630426,
        11.30344737698323,
        8.817199731402656,
        3.0741228209527076,
        3.5465955074963036,
        2.208086752268726,
        3.674276213662936,
        6.811900234174038,
        1.0617359562460411,
        3.058742272518533,
        4.466698705116561,
        7.133670089064448,
        6.396016594942816,
        2.5917960915301146,
        8.468232815414922,
        0.0,
        7.381939373480236,
        1.4645863602283336,
        4.409856014902145,
        5.960169200072389,
        8.76442921570844,
        10.342537984525077,
        5.369400533657327,
        2.125417910069806,
        8.0907590758042,
        6.9883598474381925,
        6.2359125196765,
        5.298495334378756,
        5.50138804035976,
        9.40590721246825,
        2.5502531786580453,
        5.336009969608734,
        3.1664390036776227,
        2.3188588097690888,
        6.133904964809513,
        7.863969302023964,
        5.215727566992662,
        4.531264774450999,
        9.134782343361586,
        7.683371947851665,
        8.964002316337089,
        7.838240636700352,
        1.861094929403964,
        5.915003957541966,
        6.538186591644295,
        3.4706619794878746,
        5.034290008100408,
        6.568226972251038,
        9.197473440334186,
        4.283337056650121,
        2.993610813659918,
        1.3080027855074383,
        10.176584718552983,
        7.384849864124619,
        6.516076674263604,
        5.853878983068861,
        13.314677679230329,
        14.366409848742103,
        10.254406492102312,
        3.6670617632918203,
        0.0,
