{
    "mean": 5,
    "no_cultures": 384,
    "rand_rs": [
        8.459736732126146,
        0.0,
        4.316373653938287,
        11.776051152208323,
        5.252576643245961,
        4.836679869707994,
        7.522618732953138,
        5.779132612422148,
        5.677778600255456,
        10.170320282248866,
        1.2907066134839242,
        0.47784518548339516,
        3.630673853418781,
        4.398206096499249,
        3.750764381243429,
        9.536440011621368,
        6.3311410796886145,
        0.0,
        4.8187381854342455,
        4.275151772907758,
        3.6335410712559413,
        6.275730817352084,
        5.481364088038346,
        4.54906731808301,
        1.16925148507812,
        1.8626464903571378,
        2.40857064933619,
        9.521158262821281,
        7.86540255822471,
        8.560091126094893,
        0.0,
        7.95947397498967,
        0.9847588977320774,
        10.002748078260304,
        4.06020035263036,
        3.274834823209516,
        5.190163689277934,
        7.4678988568518765,
        10.056420399957544,
        3.033899325595948,
        1.6300670279760299,
        6.052055077713811,
        10.952354848457396,
        1.9126301888700308,
        7.353371424447562,
        3.8839021524815696,
        3.4551636556545144,
        5.473190007277323,
        4.95944624423317,
        9.218816380308771,
        3.9795696276747163,
        6.235194095641445,
        5.60355475194767,
        2.6465220006864376,
        7.5898007826604985,
        5.330803995927629,
        7.187072522322221,
        5.750298587347995,
        5.294099006337534,
        0.8957698045213736,
        8.404175796972439,
        1.7730604600722777,
        9.963601334546768,
        1.4777381516891661,
        10.57224372445952,
        6.954759089019903,
        7.543384794217975,
        6.649427110804977,
        4.991789095602297,
        6.375714020087855,
        1.5856221923715594,
        9.989716665494702,
        2.5656349612546925,
        6.437663581156043,
        4.2179732321656935,
        5.831676418447536,
        3.19866229573717,
        5.502215253891039,
        3.577810550866224,
        5.536801535273876,
        0.0,
        7.040888255402047,
        4.883428152037584,
        4.7864563851463515,
        7.848615560916496,
        3.72208885769332,
        7.600498174731545,
        11.307421689090525,
        2.0028524452184198,
        4.833850227564064,
        6.788285808354206,
        5.704952423922256,
        4.231344475634459,
        3.0039946584465715,
        4.789989520645399,
        7.045388654679503,
        6.6094282562618245,
        2.1183850014104277,
        8.633695371253868,
        2.276850456690707,
        6.078844777078372,
        8.819137155588628,
        5.637894506681798,
        6.236934925197258,
        6.569978508625571,
        0.3147805964925148,
        8.05958066912688,
        0.0,
        3.2233451155755515,
        4.810952399361711,
        7.308654988329517,
        5.547617957075765,
        3.489327452124306,
        6.096787932841179,
        5.697342012463563,
        9.456698264064162,
        5.9680065326846945,
        2.3688135863624544,
        9.284806214867004,
        9.995393059675838,
        5.335638756117381,
        0.0,
        5.564044965953069,
        8.464896304734463,
        4.428035140216799,
        5.073857487450443,
        4.773354564771302,
        4.219170630970598,
        6.860941206572793,
        2.1120515676165734,
        7.431917021127324,
        1.8844731350411412,
        3.4540750710213786,
        4.162931508269148,
        4.634398819079556,
        3.7619240281534685,
        4.318503271780143,
        0.8975779110584989,
        9.92352824593614,
        1.357691459817632,
        2.573910419293064,
        3.4007603072846533,
        6.393032171615557,
        1.9607434022923558,
        4.676452831020649,
        2.36631265505817,
        7.259728133579245,
        6.525125044812681,
        2.1462427659050807,
        4.837771748329789,
        8.532471192994368,
        0.0,
        3.5307089706210997,
        0.0,
        2.335543082247299,
        5.303295890642234,
        7.688368468990486,
        8.654851048420364,
        5.725409882046816,
        5.655987909142286,
        1.741753304979885,
        8.583097636594648,
        6.3113136378682935,
        7.199575739668479,
        8.73860599233332,
        7.247875343716819,
        3.0238171707338357,
        8.45233674773482,
        2.558045288301302,
        5.9462192055803085,
        4.522679629165958,
        6.569187132433896,
        1.596094672202577,
        6.205486315104002,
        6.6933301054259715,
        2.8222474545237333,
        3.300684503611816,
        1.4981057128587953,
        0.0,
        3.0940473856258404,
        6.2412160813801325,
        10.16943413998739,
        3.498958869816008,
        6.700490797244731,
        8.187718765556927,
        2.597993682386307,
        2.7265911157728304,
        9.167249005977759,
        6.538630600574286,
        5.756309686453569,
        6.944630784079523,
        2.6677512334849696,
        10.82983710119786,
        7.270815943859868,
        1.3474943408846105,
        3.4290131845101173,
        3.556989438514006,
        2.2819133298026033,
        3.718815477733626,
        3.3728959045400715,
        3.2288372957795852,
        10.554090212834033,
        4.941810573965967,
        7.254545294211483,
        2.680204210054582,
        5.767905809901199,
        7.594438786829194,
        8.29782523781575,
        6.564700326476151,
        0.0,
        1.2787990520870363,
        5.7611265124282705,
        1.6457910632107682,
        7.971005384641952,
        0.4378983484353025,
        5.240018355134565,
        5.431111310137592,
        5.0389054705742895,
        9.773077144516526,
        5.297234867250803,
        5.624699821309396,
        7.113528295744953,
        10.042391217393694,
        2.3534236373283566,
        6.7174728849022065,
        8.161853825772027,
        11.764122855543533,
        1.475210079906823,
        9.003695382761482,
        5.784489244675065,
        0.880327849887208,
        0.0,
        5.851765400141425,
        1.9698310311288196,
        1.191666599207367,
        4.842046023589432,
        7.001429181689313,
        5.148541864370366,
        7.389991376901079,
        3.8550645941985957,
        5.692292900913323,
        0.0,
        5.7479291574617974,
        11.612089097531866,
        7.40838910478457,
        2.376120215268005,
        6.578002614573973,
        0.0,
        5.275199853632271,
        7.28092670378893,
        2.765088528493308,
        5.807842738647441,
        1.9243513524431233,
        4.04811490081951,
        4.374562590222966,
        7.566298146190469,
        6.034949097712522,
        2.8987426063257926,
        6.195553700168766,
        9.231519032803156,
        5.635478031623477,
        2.689211849006565,
        4.779732517955766,
        4.060429017524727,
        5.728972552757121,
        11.431251025122322,
        11.30843515408846,
        4.7657013669666455,
        6.271524314244046,
        6.280997292386783,
        6.148828091382721,
        2.210590933178139,
        2.675472088755598,
        5.386801307535433,
        3.794630214166469,
        0.8163432650824483,
        1.707177060081273,
        3.6999085159915825,
        2.80078032114,
        9.786865141508944,
        1.797301359398626,
        8.985121125642971,
        5.21844956287734,
        1.3231477932632663,
        0.16675424693382812,
        6.896976317847534,
        4.687662265101646,
        7.900402964324873,
        7.313396776010031,
        1.830357334821398,
        10.393801912403106,
        2.7417465650380497,
        4.705717830761889,
        6.472031446038965,
        2.294619237718052,
        8.588491264874065,
        10.078572058694654,
        4.758341414357873,
