{
    "mean": 5,
    "no_cultures": 384,
    "rand_rs": [
        6.65257197610487,
        8.351045066677337,
        0.9491442889320307,
        1.1098117735091781,
        7.73662976123409,
        5.0088968492061365,
        3.538345452446805,
        5.168660104052581,
        4.227390923812339,
        2.6105403408543255,
        8.153960023770665,
        5.346077228526968,
        5.115791413274905,
        4.958994751490478,
        2.10936176908422,
        4.253730956384192,
        9.610696487260974,
        5.227077253656019,
        6.0291001891986395,
        0.38575660418580604,
        2.571264443473565,
        0.0,
        3.4472492289828107,
        5.976322259309613,
        4.887344471218251,
        3.964787535794468,
        8.051274259984513,
        5.206434840740275,
        3.236235008232316,
        2.0651234258479425,
        1.0611985254305822,
        5.765836164318923,
        4.816646792169799,
        1.3203306737978977,
        5.319998054122268,
        6.486569938272964,
        6.896872472511553,
        8.203766844704997,
        4.595085391544095,
        9.302028881974302,
        5.717183318895267,
        10.343284141281444,
        6.7956217163084744,
        3.047850796637725,
        4.183456991805455,
        6.6969545365352605,
        6.793403055781715,
        8.97771264130219,
        7.385410359367405,
        3.372588752864766,
        3.9376529255266384,
        7.097789751720045,
        4.796135541600679,
        6.989625234852953,
        0.0,
        4.79862941777,
        3.0749606937324967,
        11.385069962283016,
        6.069258612407383,
        3.7813651738547676,
        4.137181508327217,
        4.0668734889899705,
        3.914331238574786,
        3.041255936672356,
        0.0,
        2.6534978812604786,
        7.382165020924602,
        3.337722747898961,
        8.172183018040093,
        3.1645128335954116,
        7.189865217447032,
        2.47741956151872,
        2.8285159414438947,
        3.0831615689476872,
        3.981131058808735,
        4.558685751549433,
        8.232854933618723,
        6.346098582155463,
        10.188018342648679,
        0.7997006873143375,
        5.163778153752729,
        3.2303744549570226,
        5.308477263763474,
        8.98935416759876,
        3.627372059680335,
        10.669148663457202,
        6.4667783444206615,
        4.490393344426618,
        5.426885786675094,
        4.144347490551641,
        0.0,
        7.933948069149062,
        7.608757602897029,
        7.359285354177313,
        8.205587794442252,
        7.865509642568371,
        7.42284391265153,
        8.233140885418855,
        1.698669468463744,
        3.044629417352591,
        10.202790333445156,
        11.21479062496046,
        4.400615685778338,
        1.4317118350846254,
        0.08077765655780933,
        9.40509076193841,
        4.734279604111552,
        7.578056830278917,
        5.480368333118755,
        1.1239449613646144,
        13.924019552237848,
        5.337336666605177,
        1.3448267902905284,
        3.731362056663712,
        4.805183476190384,
        6.725741821912421,
        4.026593432502104,
        10.208063444909312,
        0.4850813868486412,
        5.1413265941470145,
        1.8901443855583935,
        2.0905004314997253,
        6.333957476995398,
        9.118439695131997,
        5.395258564773144,
        3.299575615046169,
        3.9844668345329683,
        5.540875047627555,
        5.063435069443399,
        7.423311097957082,
        1.8324073695581458,
        5.586447906557366,
        7.01219789546771,
        0.9094423157092342,
        0.0,
        11.632055257769345,
        6.424194672081731,
        5.055775490321412,
        5.18166246791798,
        9.805375059866078,
        5.371729261808331,
        6.607591488870552,
        6.588716501414489,
        9.375581724445507,
        1.0972555624617404,
        2.547000311359027,
        6.928934979098036,
        3.6783399960008176,
        5.570102896343061,
        3.806192496914167,
        10.042277260261343,
        6.255928032753193,
        5.33714820848643,
        2.0149190780379853,
        6.33864382862073,
        0.0,
        7.163862565009503,
        1.7842040485988626,
        5.665047478010383,
        3.5831342152682835,
        3.4665817182182534,
        0.0,
        4.70079182726875,
        3.320643024771563,
        7.975950800530498,
        5.02822097957594,
        4.9055905888584315,
        9.956248123901833,
        2.516026578933887,
        7.686828520879147,
        12.527055360469632,
        5.2273983891214835,
        7.3013522631309264,
        7.410881508283263,
        4.01973306044293,
        4.405358444087958,
        5.752856713541713,
        5.796369550105697,
        4.955582084620593,
        3.3350582823467865,
        0.6535473049557439,
        8.759537875774527,
        2.650251938856042,
        5.573575428214905,
        1.6067097427016517,
        8.184604823098582,
        8.247542614671474,
        3.958034348213546,
        5.682838837650384,
        3.81179860284876,
        8.579670954837493,
        10.28518531718952,
        4.167405209907438,
        8.833736690722176,
        0.0,
        3.019669379993946,
        5.726481545991646,
        8.923905402128188,
        1.4475670732586376,
        0.6218326728924364,
        8.926857386799412,
        5.565614574111355,
        4.283069570512274,
        5.992572217644477,
        3.9771020989454144,
        5.657756109626569,
        6.002962351682229,
        10.764750869808065,
        2.808368470536914,
        7.875813981421322,
        8.222397735172176,
        0.0,
        12.310816655127724,
        4.808707066428869,
        0.22865854760384519,
        0.0,
        5.188538307132842,
        5.597926719674666,
        1.328125008499185,
        4.352537517029331,
        8.975846655886016,
        2.2615010144349155,
        6.579954239465744,
        5.1293221768630834,
        8.072190218539353,
        1.7785382943816295,
        1.770929081407472,
        7.740407210380431,
        5.201241774582784,
        0.595280887356691,
        3.971269013058171,
        6.488829737731568,
        13.74644408858642,
        4.94666385844303,
        10.068420455771337,
        4.055595706389844,
        2.96555557169279,
        6.606533547235029,
        6.00311616334379,
        4.082437920440411,
        3.104312438336869,
        6.1780238347363206,
        3.8959456297908073,
        4.440855016700781,
        1.717130097885624,
        7.423481967857084,
        7.071388030204209,
        2.2658954077257674,
        5.027294789747983,
        10.299546282111113,
        5.4546185226692945,
        4.573248053655908,
        11.07940080655397,
        9.776348143444944,
        4.600628257458416,
        0.9117655186745299,
        5.774605678284637,
        6.991305327104551,
        10.0588744980539,
        0.0,
        6.568106826637288,
        8.014934604099896,
        0.803500958462199,
        8.733069804251828,
        4.530800872551573,
        8.347500447561222,
        4.171244193114632,
        3.9758432865679456,
        2.8031941307274577,
        0.626918776720041,
        7.869058443937934,
        5.960187876213874,
        6.447520953564074,
        5.4693706943748985,
        5.085024098012693,
        2.671127824129716,
        3.4439705647135828,
        7.991029587299193,
        8.496921665862107,
        0.5258010268067048,
        0.0,
        5.696123103737666,
        6.46842272227285,
        2.144783262125921,
        4.942012650309945,
        3.7816795163196932,
        6.264525314868996,
        3.4203811784200324,
        3.5838857364894605,
        7.356618614803955,
        5.40826980444727,
        0.0,
        8.181629136150828,
        3.6771771036186447,
        8.052726327234101,
        1.9984529883499835,
        3.7691469217738387,
        0.0,
        10.729685737412446,
