{
    "mean": 5,
    "no_cultures": 384,
    "rand_rs": [
        2.8734865596204315,
        0.5564367382540745,
        9.594128116901468,
        4.325475354166519,
        7.255277749454087,
        5.25390858363328,
        3.7770739332707297,
        5.790495232625431,
        6.428370937330812,
        5.724869821957511,
        6.827769511114777,
        0.38875172284861925,
        5.334921354531189,
        8.171086806055563,
        2.7922252307172584,
        9.016741276087634,
        3.0954794083671238,
        6.549560927671553,
        7.754407702951275,
        4.7743988650625075,
        1.710552680290819,
        4.147906864328681,
        4.954631396244427,
        5.353650650340609,
        7.787478474805969,
        5.73220709029254,
        7.0249055007011885,
        4.911480776075114,
        0.3902045253554016,
        2.249295744336897,
        8.62093810247017,
        0.0,
        5.710405255064424,
        7.400798095462242,
        8.378567754435958,
        2.83774759408933,
        8.980220325197635,
        10.094001233061945,
        2.617858402894686,
        6.28145038761156,
        3.671051158307148,
        8.168044407080393,
        7.134459090014075,
        5.765629477797669,
        4.786022282339882,
        1.1183781264961645,
        6.918084431343115,
        9.460937104908378,
        6.935775928107456,
        2.617577240547763,
        5.101519179280971,
        1.2659046031630785,
        3.656770911196251,
        4.324372167743733,
        0.19935349147709225,
        5.41631767587135,
        10.58606777871076,
        8.219906103772525,
        2.698993940366596,
        6.871712969440712,
        3.7170635951687787,
        7.491897683339979,
        6.154532334802558,
        3.7086698250217287,
        4.09807488285993,
        2.8551526736473134,
        2.852653562113185,
        0.0,
        8.011493286569326,
        8.51806630922121,
        8.099019585043521,
        2.6579851611133285,
        3.1773653001700497,
        4.119142583549957,
        5.108218363410643,
        1.45651539269939,
        6.734996048504286,
        2.273038154553081,
        6.3656624807603555,
        4.685086675147358,
        8.010736055114675,
        3.1760863837810263,
        6.68976928235808,
        1.0927049119109622,
        1.6655961020484047,
        6.245514490926065,
        0.0,
        0.809618762870933,
        8.127484943165697,
        3.5364483809229763,
        4.125452906208874,
        0.906489507046782,
        4.195715326097089,
        7.535438915698272,
        11.835751210365896,
        6.839800614736627,
        7.3994428173376505,
        5.467759107225576,
        2.171847454549225,
        6.461683048884373,
        1.9046083282066149,
        7.557548845363019,
        5.641140075576499,
        7.605394536622367,
        7.2118044818437825,
        3.537060836153797,
        3.6965599382717698,
        8.764798044598468,
        7.351604903493273,
        3.595706558051963,
        11.599870008967812,
        1.7685715607447952,
        3.3466401819767277,
        9.174781968222451,
        4.783371204830799,
        0.8699117040357436,
        4.580655535621373,
        4.864553988777407,
        5.711550573191274,
        5.453008598979986,
        3.7609761006925413,
        3.8455509333207254,
        1.0828244712629154,
        3.8494285223549767,
        5.9309517058684005,
        3.3538348300106064,
        4.258000880679403,
        2.3525087702753034,
        7.868265083485458,
        7.115570332002396,
        4.282231625819723,
        4.493857887299492,
        6.006355978733156,
        9.32507060935558,
        4.524845900945937,
        1.4174629068125912,
        8.836303112943533,
        6.373336872231977,
        5.964051581717008,
        5.60202104792185,
        11.293036587488862,
        4.235957536936196,
        1.73985243468631,
        3.787045548263261,
        5.102062267545721,
        4.104488915816431,
        5.991503012044437,
        9.841000081025562,
        1.938354887668675,
        8.63065891587318,
        8.70452961965653,
        13.876386331372238,
        5.781914211203698,
        7.697947018177553,
        2.318639482353707,
        4.854609874329444,
        6.285718813681964,
        4.413154214766425,
        1.2202344427269285,
        0.0,
        3.9827246275997483,
        5.110425879582707,
        6.459411771146197,
        5.6520691829128955,
        6.598203205927392,
        1.520331117476502,
        1.5216759615980706,
        8.818497823319465,
        8.29180653639737,
        5.444921950144174,
        2.7326522566001485,
        1.522218926909237,
        11.605442887275267,
        9.001494679942722,
        4.571657444249466,
        1.985330627929756,
        3.278805408467575,
        0.689859447926815,
        2.2239087441301617,
        2.6357395288339696,
        3.5422183165776135,
        6.19815495251871,
        0.0,
        5.033079851680656,
        3.047983367302562,
        3.7877618035513785,
        2.020324207448423,
        6.010057213924322,
        1.5938260860203592,
        9.682857124641114,
        10.07635554668284,
        10.911119774571116,
        1.0914134663280821,
        9.499558585628485,
        3.1378161186112177,
        4.727572884896437,
        6.136693776717515,
        8.9580744137461,
        8.327090234952372,
        9.763285858101568,
        9.198678433614294,
        3.309143312415261,
        0.21522555691285472,
        3.5975318301347707,
        5.868500019152953,
        3.486548725045552,
        10.625963871746873,
        4.213805435947781,
        6.1728599390321985,
        0.012375854729524072,
        4.745347099927286,
        2.8280639205244142,
        5.475256095812937,
        5.122482211185015,
        2.1420879721209207,
        0.90645982886124,
        0.0,
        4.646167105016164,
        5.228755184277247,
        5.718217505838294,
        3.697349831555119,
        0.8665821756872978,
        8.384247274354404,
        2.6565732890812157,
        3.4102505308723146,
        1.5349660929081397,
        1.966984044815388,
        3.916366853818409,
        13.234474542220287,
        7.490331957696573,
        4.654707899600869,
        10.526370258585313,
        6.737164934467285,
        6.85876493391099,
        3.932543692398573,
        4.966613512308381,
        8.475621778310911,
        2.067786483499518,
        4.0834537303961085,
        0.7259187870670587,
        8.33275011618802,
        6.498060350737312,
        6.0003049551461425,
        9.271689354190258,
        0.0,
        3.660105697743159,
        4.878031223449604,
        1.8246575150338429,
        2.4596680678678537,
        5.876269198641946,
        4.993513264265487,
        5.26854901613796,
        10.134122389151,
        0.8278014664963687,
        5.001263054016367,
        8.058696459971044,
        3.0939593161824193,
        0.5115241572825422,
        3.0607152066293857,
        4.6316487329740745,
        4.7565307102569605,
        11.35414453142358,
        8.0269177833936,
        1.0503756343273984,
        8.084727108038507,
        0.0,
        1.4438393400155998,
        3.3599434107300548,
        7.5057972611403505,
        5.154368158957005,
        2.006105013853723,
        5.866694581626922,
        3.0943542311123426,
        3.7559900330873566,
        7.951963290907395,
        2.0374039635744987,
        2.200410698635431,
        2.9716407865228973,
        4.096908030437009,
        7.405903839428595,
        5.389089161747998,
        4.502629538354224,
        1.716256454606373,
        7.159843649588458,
        6.530957420560454,
        5.835980308681365,
        7.753447746194183,
        4.874852198345793,
        8.642871903333548,
        9.836001984897592,
        3.6142588909310516,
        5.694339961760742,
        0.0,
        9.288098291031616,
        0.17283154961417324,
        3.357894245515681,
