{
    "mean": 5,
    "no_cultures": 384,
    "rand_rs": [
        5.869583255406545,
        9.754111323617005,
        2.6304784053445083,
        7.804751311196541,
        9.160348185525951,
        4.49971074238918,
        7.688853059289965,
        7.34805174151741,
        4.720420813755463,
        8.222919724155691,
        5.118239788593788,
        4.907373227490062,
        1.2949094532139607,
        4.067191099976454,
        2.460102502959151,
        1.4075896493716904,
        3.552292574262027,
        3.6836177485816375,
        6.11821751043886,
        4.78239612637493,
        11.177168680961763,
        1.0935184757827523,
        7.149524574719429,
        8.062485084707179,
        1.6940006958975315,
        7.050436121097609,
        3.596205425987444,
        5.310332970029592,
        4.103806425622577,
        5.303337304901297,
        2.235600340487488,
        4.318596352285303,
        6.6553651397027185,
        6.389685448340799,
        7.980887760060532,
        8.772977338291605,
        8.622985237893639,
        6.642981536769645,
        5.931332951261118,
        0.25301243381182914,
        5.437250825757193,
        6.8212645514395165,
        7.571430397843786,
        3.979244785941386,
        9.32736704486045,
        3.150014806089734,
        1.6821073348432556,
        6.559747319550386,
        9.93561807679368,
        6.591247156278181,
        0.8474622272349865,
        5.614809004305756,
        4.520035863010229,
        4.601692615900749,
        0.0,
        5.090307747458245,
        3.7471237060730305,
        5.888950944941039,
        7.649002904212054,
        3.6631267758515964,
        6.614560342860614,
        5.440270170578085,
        6.344981528286355,
        4.545388274554588,
        6.642985343369779,
        6.851142584920522,
        7.6114734222853695,
        2.1407509546185173,
        1.0159493236534844,
        3.4260229113190093,
        7.765212460809222,
        4.737758034531565,
        6.034533383364934,
        4.775210480016527,
        0.0,
        2.7517821615014686,
        5.74254986504036,
        7.606575253654409,
        2.706471226651396,
        3.9808652428834748,
        8.254799189407287,
        7.153589726766031,
        8.909176696927888,
        4.648525481568281,
        2.12158337234033,
        10.446247139241889,
        2.1357100552052364,
        4.814797216755315,
        0.9228640333556735,
        6.485753986603107,
        5.901624900586609,
        7.31305704785383,
        2.4453625814688085,
        5.592679332129378,
        0.0,
        9.472054720552766,
        0.3135137658394518,
        3.461314323771112,
        9.91397107534175,
        4.501319598365338,
        4.232577118476883,
        4.5594626494923265,
        2.159601501533616,
        8.599590891174943,
        11.440150186248193,
        0.0,
        3.308257598360777,
        5.418526245538838,
        3.165801279604372,
        7.928258492483975,
        4.96455210130606,
        3.760481969902111,
        3.578698806611138,
        2.762555070928108,
        7.216083101199342,
        3.4962402719259993,
        11.467044273003882,
        1.8428901274006169,
        0.2908726690161858,
        0.43670494854533537,
        4.423408919862002,
        1.764979146517427,
        5.281062359740707,
        0.0,
        7.8188650338257535,
        4.91084322330177,
        1.947728035155373,
        3.7408089560416906,
        1.84966781686285,
        7.659623471070447,
        8.109209295548812,
        5.4288566454211304,
        0.44034401591464256,
        4.228439510976221,
        8.229690796793097,
        5.124866051127608,
        8.512111108891744,
        4.846856599722341,
        2.9128253270514683,
        5.589467022903195,
        3.353293432856051,
        4.298727819837852,
        11.176547420677043,
        10.172760221962612,
        2.5682550872467105,
        6.5301356460545055,
        0.0,
        4.6965416988688045,
        9.593057565555437,
        4.9850140981637825,
        2.211293360147422,
        7.788916591402511,
        0.0,
        1.5400978751711012,
        0.0671641317355487,
        5.980233561860135,
        6.1287161111774315,
        2.585083891117847,
        4.646874518176791,
        6.073811722977048,
        5.209580605314304,
        4.140611821207209,
        2.180295679823532,
        5.614984349890303,
        0.0,
        6.940182421426694,
        0.8824057402439172,
        2.8345537203938678,
        5.294281025649239,
        10.561024335531208,
        7.619613600724286,
        4.057490782563111,
        5.526843726267918,
        4.022612414457174,
        2.79910834478083,
        7.707944572655556,
        8.134035783780615,
        7.5018935465441565,
        1.0921882892970793,
        6.191012870676785,
        7.058496937930675,
        4.881694387279792,
        3.7627326353705532,
        6.296178437394482,
        9.152571514222956,
        1.0867347087607628,
        9.346733451138647,
        1.9916333112737226,
        6.437893360652221,
        5.795259864481422,
        2.9551442447119527,
        3.3856367221667365,
        4.39611923440027,
        4.8447608612000925,
        7.154508736926793,
        8.78252609424517,
        8.266695336276912,
        5.106684659472723,
        4.3040088752792975,
        6.610244493684351,
        3.8448625361706115,
        0.0,
        2.8650172368489377,
        5.9743824168580115,
        7.198276777858182,
        5.255352616299028,
        5.393768997267404,
        9.48342529677134,
        4.327562695230572,
        0.31616920952062166,
        0.7586802027514654,
        7.227051480971627,
        9.664661147861434,
        4.883485577645646,
        3.7399299753841975,
        4.378604044650798,
        5.299171817304765,
        6.045401098676699,
        9.259839065254472,
        0.0,
        7.1483801023042215,
        14.310906673909964,
        5.033248474238301,
        5.108559024211738,
        8.698688422657543,
        4.227821420775202,
        6.413949290884422,
        0.0,
        1.9073518609311977,
        2.8993557662002605,
        5.3332209307891265,
        9.671121444630248,
        9.218978201397222,
        7.771862890348849,
        0.5145692298435662,
        4.352071905846687,
        4.284124241681883,
        6.673315631818795,
        6.568224551896755,
        5.739728163335766,
        0.0,
        5.758502090905166,
        3.5153546253902923,
        6.354317432510196,
        5.777300981615294,
        8.552699198595146,
        6.437947265691624,
        2.8057815267195068,
        2.323740832983849,
        0.9604225407196729,
        9.395516450926415,
        4.997342666711959,
        1.9061168371749817,
        4.342611207374608,
        14.07692932350092,
        2.0877387902244884,
        8.228127419953266,
        10.38089242645286,
        6.26327140418925,
        10.858455445793073,
        4.242367758938315,
        10.51145698631877,
        3.4448266286391434,
        9.168239132379956,
        0.5761425362501198,
        5.361252429301989,
        7.989596005547989,
        2.8706416955527514,
        7.330954008010728,
        4.817146406310013,
        7.877434080922456,
        4.954514852888737,
        1.4418300231417716,
        0.0,
        8.306217372978725,
        6.3412279315690405,
        3.7385014556658405,
        3.658430336450556,
        3.5585794163996347,
        3.057023033819479,
        3.8925310538882094,
        5.297962502606659,
        3.359260521222009,
        6.026211513769065,
        10.513724995659661,
        4.216501645456688,
        5.271192242169664,
        3.7279480422907714,
        2.154777561676354,
        2.1962666822082193,
        5.781682946148086,
        8.326250209568498,
        3.3760356143711365,
        7.635162610820177,
        3.2927907042145295,
        6.684428782478197,
        0.0,
        0.7589045707809632,
