{
    "mean": 5,
    "no_cultures": 384,
    "rand_rs": [
        4.715386910833647,
        8.040006284693858,
        0.8933970790483379,
        3.855593507510846,
        3.5252067132765146,
        4.271743561276542,
        10.791540740758533,
        11.430950686169766,
        12.122549802311495,
        5.690098895611709,
        2.7503190433912117,
        6.5924612490184735,
        3.417777242930602,
        7.71165778756748,
        5.560829245821895,
        0.0,
        6.275318116557892,
        6.977908900293653,
        12.975035106508546,
        4.665468697545695,
        5.058630039485981,
        6.817421185571453,
        5.516892028419774,
        4.634020526811247,
        4.055024678586729,
        3.807286692240777,
        4.329171726668677,
        1.657036168944496,
        4.832537748046634,
        3.2211201120612616,
        2.5372961980122226,
        2.4721262497725562,
        0.0,
        9.117018424253889,
        0.0,
        8.771991976487772,
        4.820308444710374,
        0.28812939841083285,
        4.155071535063547,
        2.8284060010909693,
        5.799194365211516,
        7.622497047832969,
        8.400621275589797,
        2.449813474555925,
        7.880294156601256,
        2.057671941968674,
        11.02029294222063,
        1.8749785579544929,
        4.908263080499527,
        8.775434846681577,
        5.321723053770426,
        6.502402237449312,
        1.320485175706772,
        9.048195467858962,
        6.7398825874268375,
        4.740429684145194,
        3.5092916982269937,
        3.977646578071886,
        3.6596219230625766,
        5.085214525423803,
        7.959427819424937,
        4.889026156994161,
        10.084723713121575,
        5.277074187309872,
        5.150827554932258,
        5.697262567165827,
        1.9507859785954942,
        7.454492105290587,
        0.0,
        9.663701273352142,
        2.5654737039505324,
        5.199252089065997,
        6.8766469700100945,
        0.0,
        0.10196417989661821,
        2.170621873632327,
        2.1111417020904506,
        6.390240940683828,
        6.225161590985523,
        0.8977026430508159,
        6.839042976314008,
        7.936675176536003,
        2.6965642557230045,
        9.17290145194795,
        3.2926981141240996,
        5.634770275816546,
        7.303289743928301,
        0.19887703133914236,
        0.0,
        8.159809219494864,
        6.29270410610388,
        0.9914008767574609,
        12.411373634185686,
        6.449203255674049,
        6.530284218308742,
        5.687180016977015,
        7.9837307842164,
        4.303390375418203,
        6.601261967196951,
        1.6787221620904855,
        1.6582682691595814,
        8.646396543086643,
        0.0,
        5.439588039494599,
        1.841916980091812,
        9.777766154528413,
        7.845728720795643,
        3.685112356492737,
        1.3315952794388535,
        7.029655466475964,
        5.350731352614705,
        0.2536495423527949,
        11.586405318632465,
        0.0,
        5.577313984650154,
        5.188725733615255,
        5.593679229156343,
        4.126759469792597,
        6.166259596286202,
        5.078136669755562,
        8.228015097536073,
        5.050937249191734,
        8.690647669906753,
        5.120128944310307,
        6.499128639738335,
        9.244559921789698,
        0.0,
        7.765592735073639,
        5.234304592786455,
        0.0,
        6.958390885944709,
        4.371003471679867,
        3.81116196804204,
        3.6318348943470924,
        7.645184991016581,
        8.350936826711273,
        6.985057334565811,
        3.7552089289256596,
        5.344229380012731,
        6.3251988244172885,
        3.695937648428817,
        6.714220213576103,
        0.8782730206178124,
        10.229815330068483,
        4.885493465253361,
        3.7234513740706925,
        7.233351497743421,
        3.3301999576688726,
        8.732075643504938,
        3.284569902203642,
        2.1104685693057537,
        6.19043903242089,
        0.0,
        7.6356712164232015,
        7.266032673167156,
        3.724131892720928,
        0.0,
        5.040370935744425,
        5.6888288100846305,
        7.422435004365628,
        5.735687525215264,
        2.8896609764588717,
        5.477837795565793,
        9.966968295496871,
        0.22043392821562158,
        7.646728847689541,
        2.8552248931853703,
        2.4853459055867013,
        3.5371919101919533,
        2.789401318240381,
        2.510364186776884,
        8.530008561154718,
        1.6359958125208136,
        6.1208059635515,
        7.5145667885658245,
        2.6739231042622262,
        7.830490366718006,
        3.422235869334866,
        5.504557021362415,
        6.318970166244113,
        3.1172564528792286,
        5.192024020218678,
        4.938117804674674,
        2.4748244439630946,
        5.169095420655663,
        6.132364246026977,
        4.431377023536649,
        3.0392620942487016,
        4.5951515201790185,
        3.9412623044555444,
        6.631114004014924,
        5.208721846536255,
        5.006060648610877,
        1.3271238641944767,
        6.840875437531787,
        10.458693835066885,
        4.271237894498276,
        1.4236886627075287,
        10.083172504323311,
        4.201258475030308,
        4.822762858746771,
        0.0,
        3.3823443286258135,
        2.628059086254494,
        0.0,
        3.589631506019111,
        3.1152432983614236,
        4.311845332004106,
        5.897708673689684,
        2.162886564593233,
        2.1405287787603946,
        0.9452256118955118,
        3.767911900597209,
        3.300022394691772,
        8.166726620050383,
        1.0124602140085535,
        6.793553817738979,
        0.0,
        10.14555196275853,
        15.281236367816954,
        3.6422879957453143,
        3.106783001356453,
        4.0270487867908775,
        11.950633819291204,
        0.38047861388963256,
        10.699053740587535,
        5.0177331949060235,
        0.4234929390868034,
        5.290427956222335,
        4.146935463404654,
        4.65754395095492,
        9.396713908683804,
        8.809962750136938,
        2.9765536633912366,
        8.359803874105022,
        0.09788189976695083,
        6.147994066201442,
        6.696970959052654,
        7.797216469982223,
        4.256321198968094,
        10.46862083946882,
        2.843203559478312,
        4.367452651557146,
        5.10625721091209,
        3.9882910480892115,
        5.047830491288602,
        2.269035016852605,
        5.690586110021208,
        3.585763967804337,
        8.436660121540271,
        9.170728804022197,
        9.667653985261481,
        8.44888474027659,
        5.018698732980878,
        7.101852744680231,
        3.6480821135522765,
        7.107698974788574,
        4.122285966769252,
        9.794555311248917,
        3.403540988846153,
        0.0,
        8.039073332650583,
        6.269840973726468,
        8.719960990499345,
        3.3226470951408684,
        3.7779675984588534,
        2.228053217565405,
        1.2605295405477381,
        1.0249464153145365,
        2.4108782521917944,
        2.896147739447556,
        1.9864055396968268,
        0.0,
        6.663920659666352,
        3.894074743967437,
        7.958677084155868,
        6.787673957686881,
        7.976194304806663,
        4.215807635169842,
        6.8314452125863525,
        8.37753875676103,
        5.939653074750627,
        3.976252479412195,
        7.857680677010595,
        3.3377899206877446,
        2.792942941942095,
        3.5306805480633243,
        3.8651225935408857,
        0.10167193751183845,
        2.4446740458455327,
        7.779543070118944,
        6.1537266225990574,
        1.9713362701982584,
        8.260816004421297,
        7.269866773368526,
        1.704218268128951,
        8.72498409640097,
        2.709311692782552,
        6.336075040174048,
