{
    "mean": 5,
    "no_cultures": 384,
    "rand_rs": [
        10.036013141665968,
        8.872232745905094,
        4.441102158225707,
        4.516572273944062,
        1.1213260796216886,
        3.7877214920716136,
        6.673242347292704,
        6.8763814926055495,
        7.01349105071851,
        4.9039391789368825,
        0.5818994458005458,
        10.977244395006704,
        7.652200485044196,
        5.932797958955319,
        6.877049751538618,
        6.114544674256932,
        5.482793714815859,
        4.467503557657797,
        1.7933535763903548,
        8.430160086151723,
        7.09017813502195,
        7.239658118148501,
        0.8772765784693792,
        3.6447385710305182,
        6.114374242155293,
        2.2268618504333544,
        4.060373099050986,
        5.025996623585477,
        8.957690638946254,
        3.6612978818385677,
        7.052466467280114,
        2.611362969808393,
        0.0,
        3.1268988510523616,
        10.927611093966942,
        6.078874021578163,
        6.021219582386083,
        3.8187769286314053,
        5.206328802990956,
        7.101570907962969,
        8.191056603735444,
        12.06788824692105,
        3.8316150168692404,
        8.253303155972262,
        4.718374391114501,
        7.188530062772232,
        5.626272833340606,
        5.2605403215552045,
        8.818136796076313,
        5.43732149273176,
        6.898162429091912,
        8.558757069960699,
        4.1396042202499554,
        3.0886846692668812,
        6.302534097940752,
        5.926318945683191,
        6.441436104285493,
        7.084851631037148,
        2.522936533850309,
        5.778556488937632,
        0.0,
        4.884188145977066,
        2.2032486832140394,
        7.305501008081791,
        5.019011806348293,
        3.9560698537002352,
        10.89349994544316,
        6.886096054546203,
        2.865856629163429,
        7.084300719611001,
        1.1471746289139455,
        0.0,
        1.9662820721803143,
        8.246656779934728,
        5.803595113082785,
        2.160996747040465,
        4.262309495257522,
        3.919331506649658,
        2.44980139025298,
        3.8363983317641073,
        3.853076915813294,
        5.741243778117077,
        7.306564123704872,
        4.734483152138997,
        2.810790768760816,
        2.813060878156401,
        6.388570648698318,
        7.2862862958345405,
        3.5686507401043244,
        3.991923466797761,
        5.144986475380111,
        7.953493972127311,
        4.347828589723166,
        0.0,
        0.9116667094969477,
        0.0,
        1.3801309233998715,
        6.692122636871636,
        5.6226487035580766,
        3.3196193151441347,
        2.2476189636292476,
        5.455937562188727,
        0.0,
        0.14073223106096577,
        4.9938477310377705,
        7.312643637555127,
        5.202289746994673,
        3.36223127515144,
        4.1752879041336515,
        4.666089012981133,
        6.170380811963755,
        0.2650240386453513,
        3.890044395173715,
        3.7148325875296178,
        6.939021892942364,
        1.62841306357575,
        9.13503092299213,
        5.42200412414279,
        1.340792383085863,
        3.277384372560398,
        7.903319319240061,
        5.374183182548341,
        3.5657902538858885,
        0.10564455161137065,
        9.017444481692227,
        6.435840074228668,
        2.8575614938021907,
        6.973422600851354,
        4.563573096199788,
        0.0,
        9.273734353672188,
        3.8548392294463927,
        7.729790265728502,
        7.980933570032717,
        8.801884031174168,
        3.9168094130987816,
        0.0,
        7.2788539920561135,
        10.086325311615521,
        4.624263897304272,
        13.7001338729652,
        11.382614392726607,
        1.524664685812127,
        3.546845338605431,
        3.8187876253154833,
        5.868377639205249,
        1.0699504167016212,
        0.40638429052056324,
        6.838369473326315,
        4.505459543807466,
        10.404945723432768,
        6.620714508312883,
        2.9994573840845065,
        9.355116661536734,
        1.3088275609556002,
        3.5193322855690012,
        8.729605541895111,
        9.815168390897544,
        2.204804757973683,
        3.4860198147236905,
        2.8512163125147834,
        6.515221289358859,
        6.85120359222492,
        4.673667441973322,
        7.480306829459034,
        4.101454904948952,
        1.8983209380748218,
        9.733808967814046,
        2.4870376455497887,
        4.754982438991578,
        5.180875215822762,
        14.771527033718328,
        6.116475917482608,
        6.890750216427922,
        0.0,
        2.838008900662179,
        2.749453413906007,
        4.486062253488171,
        7.233801052579074,
        6.927204060895471,
        13.083540280415075,
        2.2159679420291902,
        5.256036776080993,
        2.659339039644161,
        8.608042988435699,
        2.649311184124237,
        4.487375052929608,
        5.200102410179254,
        9.631925315047667,
        7.844070011344277,
        9.568700096528962,
        3.000479982454264,
        5.02548241741972,
        1.4834825087517682,
        5.5641484988787155,
        7.353983691606397,
        3.621351278808971,
        3.939510502950438,
        7.478773961893966,
        1.1905589698030221,
        3.8495337607743565,
        3.9756030499059705,
        3.4559263261030897,
        4.754398566539407,
        4.168843535617611,
        5.106945575176923,
        9.444003423153855,
        6.636516258050113,
        8.631722190141392,
        2.815813842447081,
        6.8171144608513,
        0.0,
        5.802471726151214,
        0.8516357927275688,
        0.0,
        5.0866433850016115,
        4.251216308440396,
        10.011468063614473,
        8.053671793422588,
        8.243346038237075,
        0.0,
        8.352455440352148,
        2.9359136502185987,
        4.857118108900294,
        5.886937797463343,
        1.6924413936371,
        0.0,
        3.9817227748534143,
        5.89367857599864,
        0.0,
        0.7630710017568241,
        7.621532947930503,
        2.736082826417854,
        1.7178791964893083,
        1.7887321844456925,
        8.71236053673353,
        6.5736263132915695,
        8.207218255379978,
        8.26843666243272,
        0.0,
        4.419633136553462,
        6.351374612061263,
        9.278869419160984,
        9.710813184621191,
        10.054566588845205,
        4.038370155820485,
        3.4292118771307907,
        3.5284537456591956,
        5.397970984773132,
        0.32382700168742495,
        4.660148457291959,
        3.2523815044738136,
        7.606665450693576,
        4.00185738257894,
        3.77613390963362,
        1.9966645839168091,
        4.486007626679843,
        0.7709573548195223,
        0.0,
        3.3741003258229605,
        8.810609524044551,
        6.703844031881715,
        6.0138962244889385,
        7.10072404295343,
        7.92024507439926,
        0.0,
        6.006795462812021,
        9.147935327807426,
        7.217289968178111,
        1.4071093532283854,
        2.289615253039033,
        2.910339271539512,
        2.5637936933679697,
        3.764559704094453,
        0.6125937041663274,
        3.6471448635106554,
        8.447438372636261,
        3.973951056323653,
        3.075315027817582,
        3.791594345058367,
        9.07520070738358,
        6.835508271756536,
        12.065823435773456,
        4.32122104979891,
        4.14602536058298,
        7.259793977751016,
        8.016770920787458,
        10.407890678792908,
        12.473696477665987,
        6.042884061813285,
        6.251401867014286,
        3.1551065367055697,
        5.04003942517239,
        2.3256227090775283,
        0.09466173647045473,
        7.365735296338924,
        8.688711200388305,
        4.052567020968069,
        1.0843620615120804,
        9.212713387352728,
