{
    "mean": 5,
    "no_cultures": 384,
    "rand_rs": [
        3.380089144092518,
        1.7935840971537136,
        0.2914336179717463,
        6.148260534527145,
        2.5337294015338525,
        6.414383160557948,
        10.168894737577027,
        2.1923038156207313,
        4.278281188320275,
        0.0,
        7.642473821436873,
        9.863083797455747,
        6.250287760864445,
        4.016631877628116,
        6.005417174863531,
        6.212990969088975,
        4.725232308684679,
        5.376856271843,
        0.3684637897601881,
        1.954346635649844,
        7.157994669154028,
        0.938391193196713,
        6.22339199173839,
        4.367492473253256,
        7.530671284149815,
        1.9390543478658833,
        4.670437689437055,
        6.0869847862676725,
        7.431675558551507,
        6.64534624681837,
        7.299676733515795,
        0.0,
        0.7766732835085115,
        4.895839729238372,
        2.74046475297998,
        2.2254653802931754,
        1.5799029656088242,
        9.32471773549376,
        7.820127801566343,
        4.525099680572041,
        3.295156460061144,
        2.572807143765552,
        12.227528846641475,
        0.0,
        5.0495737165604195,
        7.382147722683092,
        6.152976916241564,
        6.094766998668003,
        10.425799770497886,
        0.0,
        4.789994562663588,
        4.771500030135126,
        3.5078426423961613,
        11.87914234763346,
        7.384015935795803,
        2.234132558191855,
        1.5839689649987712,
        6.643994991316292,
        8.039663480345173,
        9.134803099087705,
        2.9052651156521376,
        1.550553000523454,
        5.413890406925488,
        0.0,
        0.7158320006796437,
        9.424669878924474,
        5.046717404763343,
        9.385323271735245,
        2.4234286660663393,
        5.390668870377392,
        5.624146989287248,
        1.628374220641032,
        8.942742929292315,
        0.0,
        3.551533737022265,
        1.4643327846033078,
        3.2907249166029557,
        8.116608312844896,
        3.249904445810394,
        5.939309473046538,
        2.9258600116697844,
        4.220186272730215,
        3.811332447511284,
        6.8331866545376325,
        8.428615087782436,
        5.498274831960173,
        3.5509795375113606,
        7.010225729609102,
        7.3622827940910796,
        8.837211648164004,
        3.7526665274680524,
        0.24027412886757737,
        9.559829101884578,
        7.8299795350297785,
        9.105654893110827,
        0.9720265642391714,
        5.202018231494984,
        6.594420225008241,
        6.189974057318157,
        0.9011783849331474,
        1.6834412326707087,
        6.406948961231502,
        6.137196841654991,
        10.51606716756169,
        2.6495072988361206,
        0.0,
        3.3208570321392,
        5.768441208682619,
        5.098188864073995,
        4.739762531245635,
        9.491310910015375,
        5.87769048715482,
        5.198488311404472,
        10.420969210670147,
        10.095639009644984,
        4.096621076399699,
        4.899580366122307,
        7.162586996515849,
        5.126101332273728,
        5.349750669709403,
        0.822687000022464,
        5.158292404511148,
        0.0,
        3.5101147253581684,
        2.8873434972127687,
        3.2310548870005564,
        5.095367773741642,
        1.0730550587880243,
        10.265186709988726,
        6.179638902299956,
        6.027312895374786,
        4.029300396629621,
        1.0095378851840273,
        4.158394371078743,
        2.4773935303889574,
        2.0664120665883137,
        1.8214896301684322,
        1.394294940892609,
        4.653156085923538,
        7.653218749506484,
        3.1090221616093467,
        5.786322528595083,
        3.365640972578067,
        2.2380871983264403,
        5.3587895493032836,
        3.002035917000829,
        7.256858014355761,
        4.022925233920604,
        7.546229149586333,
        8.653806249173297,
        1.2328459284700704,
        6.814528609861273,
        6.780382236508937,
        10.907276349057021,
        0.6320377669012558,
        7.500711712499341,
        8.914897026096863,
        8.364329995582167,
        6.126767141643274,
        6.466773739621569,
        3.6263893131870404,
        3.29199903145299,
        3.70213220368479,
        6.100127482943577,
        3.8188241737569903,
        4.723753540290189,
        0.0,
        3.1878039540462044,
        0.0,
        8.894438498116179,
        2.57819495787644,
        7.161077220662579,
        11.277029177590395,
        3.88082890898991,
        6.61545347697377,
        3.4459134510055063,
        4.895543097175041,
        7.9669247916029065,
        3.781020404282605,
        4.802485957716114,
        3.8959176497245585,
        5.763874011829983,
        6.195160390522352,
        0.0,
        1.9232694583767955,
        4.033272701187875,
        3.4175146929696494,
        3.9408994368819954,
        9.822470516862609,
        4.104731611825994,
        5.321545565718143,
        4.306685021049331,
        9.519018490357173,
        7.052750785396282,
        2.96079508412369,
        5.068856760997519,
        6.39756899907933,
        2.457223462475648,
        1.1303011746559544,
        0.0,
        4.202151473956347,
        6.633350732796497,
        1.12902896829398,
        3.0443077658827487,
        4.111611881515866,
        3.4429344388948313,
        2.586818266741182,
        4.542176880258685,
        5.178906443118371,
        2.740275892657189,
        6.140405031300208,
        4.088927016943076,
        9.114437286674198,
        12.089287944504429,
        6.3325370056607255,
        5.083316447358868,
        2.603881938435487,
        7.314279741381197,
        4.0148884669156,
        5.774619916898466,
        7.432564662369206,
        8.764890714630884,
        2.7439666085724808,
        7.563650879531075,
        3.762303662873104,
        2.5834087909052674,
        3.392879096723339,
        0.9505013093934842,
        3.689720816564497,
        6.122517199280409,
        10.431678988595158,
        2.4156096553476374,
        1.3881667657803662,
        11.38323765795288,
        0.0,
        5.309097060741726,
        10.286504767248388,
        11.634394876992566,
        3.553599213146579,
        4.6457198464221126,
        6.98689144507093,
        0.0,
        15.870597143523126,
        1.0545638417294692,
        1.731246070487236,
        3.059431911831485,
        0.29516099869893964,
        7.834562743877768,
        5.515112146938665,
        9.175806011533307,
        5.636970058701362,
        2.665799428763223,
        7.463874189607834,
        3.9290877567122227,
        5.922714233881283,
        8.884133341530358,
        4.412107995687251,
        2.360423175409844,
        3.945244519975374,
        2.039515946046862,
        3.4691155254841988,
        4.28989032091621,
        7.2967886213407605,
        3.2787180564185903,
        6.067743255275005,
        5.012256400198869,
        0.2733127700616276,
        7.240690453595382,
        6.183725269548806,
        7.6312320126295266,
        8.554233072791495,
        4.956714160685593,
        1.8946078177869943,
        2.165402402859867,
        1.023368959416791,
        5.813354121443414,
        7.097124109471001,
        7.710479745797825,
        4.498631662214459,
        7.166619535426043,
        5.458277934541327,
        5.520195004362385,
        9.050788534537034,
        0.0,
        10.155023092612696,
        10.405589658196986,
        4.031828670079746,
        3.724729152490751,
        2.348997777494457,
        6.090145378331179,
        7.035987566501767,
        8.021726481780526,
        3.937331882476146,
        5.305980330261635,
        2.273304792031348,
        0.3420367401004363,
        5.877772514292739,
        9.497930157535103,
        1.1443922737148968,
