{
    "mean": 5,
    "no_cultures": 384,
    "rand_rs": [
        5.405531608125166,
        10.974956593436163,
        2.1006527243630586,
        4.34752550481773,
        10.244013096432557,
        7.7865809538474275,
        9.280445634819785,
        11.310421019575472,
        4.883757460012407,
        4.234270046887405,
        8.006298345114619,
        8.168628431505564,
        10.95845544606316,
        6.049928441582706,
        6.124286454370957,
        7.929901712091684,
        10.05597150722369,
        0.0,
        12.982144873946552,
        0.7582123542027563,
        7.395847648552855,
        9.817010260646686,
        4.085096714035973,
        6.167522428085913,
        3.6297449005417692,
        5.726065944316323,
        4.028077271927563,
        4.458675856290763,
        5.395398919247538,
        4.427635298012361,
        7.383747967088854,
        5.072904340117764,
        6.868579256028291,
        0.0,
        3.9256428171884847,
        6.006425184574081,
        2.2568121247162622,
        5.51077421717266,
        6.9702085384737495,
        7.327076974428886,
        3.7940166884480737,
        11.28709303764548,
        14.088743173151814,
        8.181747125424604,
        6.738450078410343,
        5.5799125113722114,
        15.881373104937751,
        2.2293438998463904,
        4.844420791867125,
        4.379203684940561,
        0.0,
        6.152390098787085,
        4.3149721656201265,
        3.62395157106861,
        7.929893519938565,
        7.304983115913255,
        5.134166728260555,
        6.766807113466142,
        8.726583677710812,
        5.175690856688604,
        7.643553769939707,
        1.5960954243562844,
        2.5319777884845376,
        4.4540034940095,
        4.1906151460259045,
        2.5480073162903834,
        8.018842771934606,
        7.173201316056147,
        2.98140319315449,
        7.542094923960552,
        2.358552968529554,
        2.91061429960933,
        6.4876507878747365,
        0.0,
        7.523507796209278,
        8.358492743311096,
        5.295174667177382,
        6.683456679487081,
        1.269599523121204,
        5.593764962935942,
        3.8477172886717357,
        4.976616600875372,
        3.9216576437210957,
        5.869874042079614,
        1.1342572644241349,
        8.081813014992822,
        6.595811833044756,
        4.6950520739001025,
        3.180851162409387,
        5.492530955644442,
        3.1190538150558185,
        6.698385098223859,
        5.941331966087817,
        5.476807113686909,
        1.7476547793809036,
        1.1295957360216908,
        4.750172918418598,
        4.591217057454885,
        8.26177862673214,
        0.0,
        3.942082433525355,
        4.901894842107871,
        8.113213027498126,
        3.0674044248423487,
        7.027545771106942,
        5.217458853256566,
        5.676241763696137,
        0.32669934247908383,
        9.371504966861243,
        1.2226629197463348,
        5.353554485303319,
        9.750071193224228,
        10.290907884563403,
        7.393826094175615,
        3.7355213908749745,
        8.319447027838013,
        6.009514580413481,
        5.603965914837846,
        7.65640161918528,
        6.878707634439559,
        5.889158514001034,
        6.472488650465731,
        6.445806097101864,
        9.475335162233472,
        1.2782588446634016,
        3.6509684344767757,
        5.719020309252138,
        3.3946779753377427,
        4.443961478696495,
        5.979009136414514,
        6.2171949728177145,
        6.1643749373359995,
        1.7377309882254353,
        10.084777898592098,
        0.0,
        11.65542693065855,
        5.622251176885667,
        5.721223133868794,
        4.434140400790286,
        6.900643231312447,
        8.450303944333672,
        1.6233367124250124,
        6.62988538619731,
        3.167208068006266,
        4.8659984171587105,
        8.315620201833212,
        1.705345493424562,
        6.681981852760041,
        2.582899156952004,
        0.361988735915296,
        7.005747147717309,
        5.180839316560539,
        8.281847381560514,
        8.98401740772671,
        8.516906235751083,
        3.1135749071076257,
        5.122361837835104,
        0.0,
        8.566847956858673,
        8.40697908530154,
        4.787939525893092,
        0.5445243715455677,
        2.99861832241527,
        5.837646043045786,
        2.6214489533129246,
        3.843950401531184,
        2.875242579288797,
        3.282041995305773,
        3.4587895742367367,
        4.945813422284367,
        8.77874238564376,
        7.062432410959911,
        11.560062507565586,
        1.2491528055420837,
        3.4803181690241667,
        4.568507174500804,
        3.1123050341224565,
        3.199841074494227,
        6.9046225875989,
        3.415426512454369,
        3.5100779280951553,
        7.48986545341433,
        7.258247711734811,
        3.5039604518822984,
        4.827320087131742,
        1.718583136660789,
        8.348424485205346,
        7.141176443917515,
        5.191834413895831,
        0.0,
        0.0,
        3.096296155854724,
        8.352176062081313,
        4.996190546175111,
        3.960467454082145,
        3.6730678439267406,
        5.3127046687856705,
        6.716397254445507,
        0.3685430873567306,
        0.0,
        7.056139681936525,
        4.069096957953613,
        3.20161777858007,
        8.827250366483671,
        3.8000311194982075,
        7.211756238833924,
        8.477527015458428,
        0.0,
        4.377749506753109,
        1.380812575192322,
        4.13559022520532,
        6.48658330599735,
        10.663294565747501,
        6.837181289237356,
        5.7310015737169016,
        11.303973512172139,
        5.29793174452527,
        5.133311277438036,
        0.0,
        5.090853706686414,
        4.049563023980424,
        5.128693991493146,
        3.199195573923877,
        6.093951097158708,
        5.024752518552968,
        3.411018945818867,
        4.20578034613896,
        7.065588060573398,
        5.259866925789094,
        5.189596694146796,
        8.139683275221447,
        2.008235552878337,
        6.737744956586397,
        9.258984701433098,
        7.156086142208084,
        5.786499156031029,
        0.0,
        4.972664190204266,
        3.3129418304917406,
        5.843502309344453,
        9.197847817813,
        1.466179168726672,
        7.856142049508259,
        8.637212334511087,
        7.411846304360349,
        2.9212447300654505,
        7.348534385790968,
        8.957377166602384,
        2.8549402818018503,
        2.791654185337472,
        3.72749390422847,
        11.943303856231545,
        7.139817994486976,
        3.999779790502199,
        1.8148896386721898,
        6.308455361769637,
        5.799485718218046,
        6.693675253644086,
        1.4839315666305275,
        0.0,
        3.9265520620611167,
        6.01963995065114,
        6.401961411578199,
        6.055521578111132,
        4.900486393101575,
        8.247174598602559,
        11.26094562347059,
        7.946605257575984,
        10.943689413205249,
        9.940340655848827,
        6.777724241711822,
        11.135596135399044,
        7.4832955223814075,
        5.5170975424139606,
        6.971931502845568,
        5.697655706271091,
        4.881394415877379,
        2.024705648716013,
        9.01768537424371,
        9.837392159910932,
        6.27751754415124,
        3.7372833898282436,
        1.20199437845725,
        7.414322560089873,
        8.003228456672382,
        7.3647359154876035,
        2.789485636080542,
        6.36870386081658,
        9.831166877169366,
        4.264502004157339,
        1.2148808574464107,
        3.7351756352276944,
        5.282039175952861,
        3.148663913359002,
        7.418958347645333,
        4.235881333398446,
        2.2403327807509097,
        0.0,
        7.001612388075483,
        9.394549984579127,
