{
    "mean": 5,
    "no_cultures": 384,
    "rand_rs": [
        4.75190748765294,
        3.653378907495642,
        7.595911373947302,
        0.0,
        6.893756602947979,
        8.169550555056244,
        8.531212806639353,
        7.138271985425504,
        0.5319683002301652,
        4.380996766988403,
        7.714584420532538,
        7.124706708928027,
        6.982764390078737,
        6.169100803676125,
        7.7446632192007225,
        3.173553061660315,
        5.032210735430639,
        3.5149536518496465,
        7.889360860349603,
        5.195410930752747,
        0.0,
        8.298963635487528,
        4.078417492187618,
        2.070529917349577,
        5.779881416078725,
        1.4989040243893417,
        4.135335063984077,
        9.4446729756706,
        4.165196337974937,
        3.111721373999562,
        5.927523476594738,
        3.2707361582624346,
        9.310994926248707,
        4.431865923919959,
        2.5239999232794634,
        6.410207602305057,
        4.179066359107531,
        3.1451375167678997,
        2.560576664264456,
        2.7576821844338584,
        5.677217817623156,
        4.3580720424892725,
        0.0,
        4.965221472714015,
        0.0,
        12.232438168760066,
        7.0348452157853085,
        6.08649185120659,
        7.840900907727121,
        4.608679525967164,
        3.0139190810903265,
        10.479722005993361,
        5.890223363224894,
        4.760102853565895,
        0.0,
        5.491849061478514,
        8.774536479827407,
        0.0,
        4.30435400399239,
        6.225125805706313,
        5.487634101770239,
        2.4092072061838827,
        5.101957043189522,
        9.812419016555236,
        2.673897363542738,
        3.523890098471444,
        8.330215984946342,
        1.067350115505194,
        5.144539196437207,
        9.957270268491243,
        7.080134796578919,
        5.809040200632178,
        2.6352276430014667,
        5.203879337983293,
        0.0,
        4.0021888448600444,
        1.495518250373527,
        0.0,
        8.623130644657076,
        10.047638415346338,
        6.190555230665996,
        2.021273514742639,
        3.4734219139845215,
        1.9444075828509462,
        0.312811605325523,
        4.767104316782951,
        9.673845433874604,
        1.4525987271955185,
        5.055814811722447,
        4.461156351421071,
        2.038283327400914,
        4.847131376138237,
        3.7288977428228858,
        4.6656296122167085,
        10.477838337123083,
        1.1995969522034744,
        10.931649540513176,
        1.5652244512667135,
        0.0,
        1.9501227926946942,
        9.318782134397589,
        1.3264000932251667,
        3.66828141413081,
        4.74056318906431,
        7.304588378359796,
        2.739968038550491,
        8.414031567390577,
        2.095335357487801,
        3.0029473490729224,
        7.145189392514261,
        4.832511887091064,
        0.0,
        1.1097258675274109,
        10.841596886201675,
        5.0493808680243175,
        4.919518654788108,
        9.332649405702568,
        13.395805516417271,
        6.9534628452432425,
        9.655498477858181,
        4.9921738517193095,
        8.806317736409719,
        2.9144692269612062,
        4.6885448794278535,
        5.811921483455784,
        5.648950548177422,
        5.4533915039052125,
        5.780438099619642,
        5.047532604175561,
        6.859158598353642,
        5.5356923698306355,
        6.762539281507938,
        5.549464837650346,
        7.60934715157998,
        10.512799808360306,
        4.3421588445571295,
        3.2731016186083135,
        3.3677357816491296,
        1.2222528390715826,
        3.709802306112805,
        6.895383314117462,
        3.833026402775735,
        6.819342370130249,
        7.7674871852572,
        2.019556338266847,
        7.504869698347963,
        7.047772073290042,
        5.370932481866452,
        5.3055346416109375,
        5.5813819816499555,
        0.0,
        5.848323970034835,
        6.493222067640433,
        0.0,
        4.4789316252739315,
        0.5364381341401216,
        3.5333119088943703,
        4.042459937506392,
        0.5911771079706245,
        6.009056939218698,
        7.740951145835854,
        2.662914090439936,
        8.189298773658962,
        6.366063867916273,
        4.694889209884293,
        8.734598252878392,
        5.2485357272936595,
        5.861653179982581,
        6.853753798738945,
        9.275155181468024,
        8.192248750329695,
        4.896912136071434,
        8.945678925725502,
        5.10043436644757,
        7.199861767596475,
        9.19153843334626,
        0.0,
        5.854717578141264,
        5.545815206107631,
        6.522631221566899,
        2.7836222862065334,
        10.38300452216524,
        8.06716670393977,
        5.850399504431103,
        9.755402476355194,
        5.3283483939888105,
        0.0,
        9.78342538420221,
        3.5891523753365986,
        7.044167142462311,
        1.6380895946603102,
        7.156651977319397,
        8.132658963318082,
        3.281721165994908,
        2.7316380976133567,
        4.692013129780175,
        4.8259865468797365,
        1.0218473727834771,
        5.217914680156002,
        4.597830529734201,
        7.68675526418653,
        7.291795454343239,
        9.243616340324657,
        1.7212134196016353,
        0.7528795185517279,
        6.736810830960026,
        3.241370625328009,
        6.979047166168278,
        10.110135920722318,
        3.199423546570352,
        5.478643814341673,
        0.0,
        0.0,
        8.439773834618135,
        2.9235013663322067,
        10.207879772671564,
        6.448925405320955,
        7.393510366033981,
        6.060883203282197,
        3.5139901483803992,
        6.92597926230737,
        8.431007306458964,
        5.675401477370835,
        5.418658167468889,
        6.925378881482066,
        5.62638125518508,
        4.633293881023446,
        5.787796586159689,
        2.788621669026089,
        4.602412026064924,
        1.05457673645323,
        1.0578383147328294,
        6.196474848158358,
        5.44379811983318,
        5.456357813133088,
        7.005993275431463,
        1.382687154239211,
        8.079911194806929,
        0.9077317560299969,
        7.46948522815818,
        10.96448329757034,
        1.5167131952158224,
        5.030399730319432,
        6.92519040075924,
        1.810310879648,
        6.520919100150084,
        2.9063759362632533,
        6.004504619168515,
        5.168113797456675,
        9.97489668466442,
        0.8370706612529277,
        6.414985526331019,
        4.790575139676084,
        3.7905511677916564,
        4.155665331228168,
        5.430490530711459,
        3.816602197510238,
        8.673196050049919,
        6.8924554435383705,
        1.3905261087837575,
        3.1911641507473636,
        9.916544829882428,
        3.947673014515252,
        5.3127331013218795,
        1.5089315757462205,
        5.924087869855174,
        0.0,
        6.193502214182798,
        3.7780216308382055,
        6.867223112646601,
        6.418037881762113,
        1.2195560119144861,
        7.169368212490736,
        4.885307240095656,
        6.02084245342229,
        3.199418293410982,
        12.57312768759591,
        5.198955615023674,
        5.132537712712528,
        2.0237461065447158,
        5.563802227795841,
        9.277734255576792,
        3.691940970614339,
        8.604125380925169,
        9.15465640109857,
        3.5257745685524577,
        8.94188628072286,
        3.004744651417358,
        3.0653414425346477,
        5.073334836403824,
        0.9805197259856904,
        7.419340531537644,
        3.8747989284157196,
        7.412136864790559,
        4.246867067581163,
        11.126792307966767,
        7.171286623768101,
        10.52008052286476,
        0.0,
        11.759560928370355,
        9.73008811393506,
