{
    "comp_devs": [
        1.0957949494669328e-07,
        4.34780093039322e-08,
        7.62368407208891e-07,
        4.2653160230135236e-06
    ],
    "comp_est": [
        0.009999890420505054,
        0.9999999565219907,
        0.1800007623684072,
        1.8365098857935431,
        1.443270885281384,
        0.89458975526978,
        0.29552632931984163,
        0.7740845434462105,
        1.9781218262204872,
        1.948005582860957,
        2.379759473563662,
        1.6149115338306943
    ],
    "description": "Parameters and estimates are lists of C(t=0), N(t=0), kn, r0, r1,... Mean absolute deviations are take for growth rates r_i.",
    "inde_devs": [
        0.11027270603502992,
        0.3680341482162386,
        NaN,
        1.1074727388499825
    ],
    "inde_est": [
        0.12027270603502992,
        1.3680341482162386,
        NaN,
        0.566831776850524,
        0.36532594498559506,
        0.10004400245062926,
        0.0,
        0.0511794614842771,
        0.6590365921861608,
        0.5141248726234948,
        0.7568914345985605,
        0.18405269291327142
    ],
    "kn": 0.18,
    "true_params": [
        0.01,
        1.0,
        0.18,
        1.8365061915196592,
        1.4432669502301652,
        0.8945864322480126,
        0.2955162746019886,
        0.7740801440540255,
        1.9781160732346512,
        1.9480036345845728,
        2.379759185714602,
        1.6149065415546757
    ]
}