{
    "comp_devs": [
        3.7071372679942094e-08,
        1.125707325133618e-07,
        2.4869154832685147e-08,
        9.821997357661871e-07
    ],
    "comp_est": [
        0.00999996292862732,
        1.0000001125707325,
        0.12000002486915483,
        1.836507647338851,
        1.443268055419,
        0.8945870945437553,
        0.29551931515924146,
        0.7740810311873714,
        1.9781165125004814,
        1.9480038866456257,
        2.3797600293853973,
        1.6149066953602509
    ],
    "description": "Parameters and estimates are lists of C(t=0), N(t=0), kn, r0, r1,... Mean absolute deviations are take for growth rates r_i.",
    "inde_devs": [
        0.10504515867881661,
        0.28216515117374197,
        NaN,
        1.0656535253408543
    ],
    "inde_est": [
        0.11504515867881661,
        1.282165151173742,
        NaN,
        0.611516923137028,
        0.4311386999587465,
        0.13309522023681775,
        0.0,
        0.08454815579594739,
        0.7007670025689742,
        0.577805121637735,
        0.802101407363755,
        0.2328871689756597
    ],
    "kn": 0.12,
    "true_params": [
        0.01,
        1.0,
        0.12,
        1.8365061915196592,
        1.4432669502301652,
        0.8945864322480126,
        0.2955162746019886,
        0.7740801440540255,
        1.9781160732346512,
        1.9480036345845728,
        2.379759185714602,
        1.6149065415546757
    ]
}