{
    "comp_devs": [
        1.2885123040415336e-07,
        2.5018085603178974e-08,
        4.191711124035269e-08,
        4.28955356293306e-06
    ],
    "comp_est": [
        0.009999871148769596,
        1.0000000250180856,
        0.10000004191711125,
        1.8365111054204848,
        1.443270478380563,
        0.8945896318622679,
        0.29551914828688675,
        0.7740827921799698,
        1.9781215160694268,
        1.9480090585202339,
        2.379764955306043,
        1.6149113476985433
    ],
    "description": "Parameters and estimates are lists of C(t=0), N(t=0), kn, r0, r1,... Mean absolute deviations are take for growth rates r_i.",
    "inde_devs": [
        0.01785710036703214,
        0.1871821097483164,
        NaN,
        0.47044253795540114
    ],
    "inde_est": [
        0.02785710036703214,
        1.1871821097483164,
        NaN,
        1.4493387066772652,
        1.1107918220844697,
        0.33366900315729814,
        0.09158129601511564,
        0.20675714622475125,
        1.5918512814967591,
        1.416605443867757,
        1.6938202935354512,
        1.0363435930848743
    ],
    "kn": 0.1,
    "true_params": [
        0.01,
        1.0,
        0.1,
        1.8365061915196592,
        1.4432669502301652,
        0.8945864322480126,
        0.2955162746019886,
        0.7740801440540255,
        1.9781160732346512,
        1.9480036345845728,
        2.379759185714602,
        1.6149065415546757
    ]
}