{
    "mean": 5,
    "no_cultures": 384,
    "rand_rs": [
        3.4570543274974943,
        8.445447228921779,
        8.051676731988302,
        9.006403619169832,
        2.840085517955456,
        6.690705593146574,
        5.481697512430013,
        6.61127178131769,
        6.825923771372505,
        7.106500327107248,
        2.8731915100589562,
        7.2233672583387545,
        11.78457065460629,
        8.821245070205917,
        8.940439908632994,
        7.30405402763395,
        0.0,
        3.149863207574404,
        6.9778791264794195,
        10.438082737282699,
        3.545821152345459,
        3.9817234014127196,
        3.2996074140412683,
        4.3850568764782745,
        3.377145474347565,
        0.0,
        5.158533687082049,
        1.2171383992515041,
        5.729265855748557,
        10.096638496723626,
        6.991174526869031,
        5.592390667583048,
        5.981631289613165,
        6.218522240974885,
        1.99122994615235,
        8.057756896874217,
        4.500898819191664,
        4.515964393971736,
        5.368479089966625,
        11.719784689089538,
        10.939603866441013,
        8.18032768072084,
        8.088034975284167,
        3.0717558328188623,
        0.6204364004351968,
        7.36645570263832,
        3.1634689396536757,
        2.3039022514888607,
        4.129540252029081,
        4.59135329983639,
        0.0,
        7.541156751706453,
        3.806471126278341,
        0.0,
        4.088437296469223,
        7.929796041146541,
        3.0783112876467627,
        3.1805911825757636,
        7.376326423063619,
        6.567488164901228,
        4.805330790171599,
        3.973272580894017,
        0.631379946917515,
        0.4703707046070216,
        7.270156367899071,
        5.307122376129395,
        4.637187344699496,
        7.821699616087619,
        1.3628560162380872,
        1.8949145755703989,
        1.5661612965391951,
        5.314253650991346,
        7.165740121082916,
        7.354001188395558,
        1.779978757620925,
        10.743237139163023,
        0.8596348783180758,
        3.7563864982777404,
        1.9935189297873603,
        4.49289822698002,
        0.7541231836994173,
        7.403268081655812,
        9.198375373495171,
        8.036317508022954,
        6.911154179532035,
        5.111035632917416,
        6.71571326145626,
        3.1134810946528484,
        10.450522141756519,
        11.268758258281869,
        4.674751947379133,
        0.6614397463683455,
        8.70114957758641,
        8.33197996862081,
        4.45020196722755,
        5.982067192066291,
        6.9740532629338325,
        7.770327375768209,
        7.236809885877104,
        6.924283989405508,
        4.312944675709904,
        2.3317190256325833,
        4.35136437695473,
        3.3863483609582237,
        7.592430493697287,
        3.0804834240380083,
        5.077584651936003,
        5.920198999270913,
        8.00446735059338,
        6.948850579012259,
        2.2783908825857586,
        3.9847510852105326,
        13.55908222397045,
        8.50445397349096,
        0.0,
        3.110648635455848,
        10.646883817113643,
        7.164154772338409,
        8.975127714763616,
        5.770646380216303,
        7.471853150489207,
        1.1858431341760536,
        4.823080252072197,
        0.6041762861107047,
        2.604837739259871,
        8.553570916704132,
        6.343054176216153,
        5.805250811001278,
        8.405412260732751,
        0.0,
        5.810108071289085,
        0.0848041924352323,
        6.659117564786936,
        9.084021574654914,
        8.520009313016157,
        1.6251614004371673,
        2.1349330979059813,
        5.876105607178113,
        2.92627270721666,
        6.631548217919696,
        5.88223810471846,
        7.444941392960137,
        0.6224035059117377,
        2.9679386340741756,
        3.9750750470819707,
        6.930499947089718,
        5.865672740206682,
        6.6744686924755285,
        7.381469279630447,
        3.8826530600409557,
        3.1131438376428644,
        1.0819450094892593,
        10.064010634104172,
        2.146780591477796,
        4.806965973390596,
        1.5344696524973478,
        9.517488758310192,
        4.592086423596326,
        6.911221121302242,
        1.3513435264929639,
        6.104852154302232,
        4.282909835450879,
        4.631012823565028,
        2.130336701205892,
        8.951908864413529,
        9.481792165188674,
        0.0,
        9.279190936779518,
        4.2027525584345655,
        5.8047713447101765,
        5.0723541314130545,
        3.843963982841102,
        4.978184303153612,
        6.84585984241702,
        5.825111084986452,
        3.697035632140368,
        0.5104439755847281,
        6.793054576325987,
        1.8449134691199154,
        5.432336738736388,
        7.380744836134659,
        6.02992089972961,
        6.458264453961462,
        5.155661112878925,
        4.613945411343505,
        13.601433846899273,
        6.912231841264763,
        8.76520179332947,
        0.11861828991912393,
        0.0,
        3.65095680021048,
        3.2335895300698887,
        0.4885801957225535,
        4.423797965336784,
        5.1324273321536005,
        8.21197080989286,
        5.403308391377065,
        9.419315637033314,
        8.61332978563517,
        0.0,
        9.305242757731536,
        4.866648178114841,
        6.7421808976691295,
        3.0442799931398152,
        7.3354338190298245,
        6.535938343267089,
        8.525576044505119,
        9.46054962835734,
        2.989038501198965,
        4.10900926653542,
        0.9203580341731303,
        10.373798065708243,
        5.2329698892508025,
        6.2487605709628795,
        6.173116574044585,
        3.4200101364293056,
        0.0,
        0.5986824888789375,
        10.121827525561935,
        4.311640208348001,
        5.153400381620865,
        7.559164060398368,
        6.844218547295419,
        8.931803392043868,
        6.0466443076163525,
        2.9107610800093533,
        5.793208564422249,
        7.085704589395041,
        0.0,
        9.094797315100369,
        5.682242738453605,
        0.16679056612195708,
        5.820734755542464,
        6.633048308183873,
        3.0174248240053374,
        4.5128353789019,
        0.0,
        4.321796373540922,
        8.275619122488973,
        2.5446193537497175,
        3.053076545424935,
        3.6515657334394183,
        4.307838329794721,
        6.6783516705963795,
        5.369810827586462,
        3.6320840423779086,
        6.596302592712115,
        7.0840150626721545,
        4.456780577963571,
        9.33450949646042,
        5.889179159819992,
        5.102862189417804,
        5.993495016668747,
        6.624511022516105,
        7.657511395017538,
        5.2453991319590045,
        8.037206075373117,
        4.514424718611844,
        11.088910108581162,
        0.0,
        0.0,
        7.213266601959818,
        6.725295775521187,
        0.0,
        3.160569440637043,
        8.57131833124933,
        4.0346967095383475,
        5.93946749548846,
        5.341294979887881,
        5.73745321830458,
        5.538967059743259,
        3.8364714097015953,
        0.09497496875500211,
        0.3812680341534458,
        4.954962921881165,
        0.0,
        0.8739401642741687,
        1.5420798805022047,
        1.9971793490431158,
        4.321351921883231,
        3.133044498013887,
        3.0251863964914163,
        2.0799360186447524,
        5.478696505563001,
        3.1799606859910505,
        4.810178788918723,
        7.469281484151553,
        10.158315967238131,
        8.318760949615477,
        6.507368781604873,
        5.120788299383463,
        7.777757138210165,
        4.230813446363364,
        4.797750021658365,
        5.920174724989159,
        1.8740692417969376,
        7.075042273370687,
        6.712282871192169,
        1.2917473985076864,
