{
    "mean": 5,
    "no_cultures": 384,
    "rand_rs": [
        8.749933841273549,
        6.672766831169818,
        6.177170043540437,
        4.8603704253105455,
        5.563409202829904,
        5.204491523070257,
        4.835361982780217,
        6.079427153305794,
        5.330364847320924,
        0.3604232011380546,
        0.0,
        7.655104484048803,
        2.214168809720727,
        7.350131333326919,
        5.616252506648949,
        6.333718480904639,
        4.925739765892689,
        9.606963222557248,
        1.1609299544145673,
        5.173053982343024,
        4.896189855572294,
        4.894150365135897,
        1.8135140916932295,
        7.072965603229486,
        4.740257767955281,
        4.507471326522439,
        0.6509356647110947,
        4.148699866718473,
        3.170084508103939,
        6.562558802975451,
        5.169640837289323,
        3.202587469994873,
        9.64936732542957,
        2.8059014512294875,
        4.454046764986778,
        0.0,
        4.397363665456345,
        8.701932843959202,
        5.598864855232556,
        11.340004735327707,
        5.5240410987131945,
        2.932214769764697,
        3.9996782770687966,
        5.9874900347742335,
        3.1236042854173918,
        4.549994110867622,
        8.290575535054762,
        10.248422096487012,
        4.961232185046886,
        5.156812568280901,
        3.9962155842674574,
        2.1773307077409125,
        8.061820047903009,
        6.634376033287898,
        7.61083244262851,
        5.926391552029218,
        2.379854781856519,
        8.190369879118784,
        3.8068111388706876,
        5.401492068633001,
        6.413733791785264,
        4.103142901515014,
        0.0,
        4.8170726656799285,
        7.131652571358467,
        2.843853909156799,
        3.2800965231121544,
        9.8827518115393,
        7.56421059806953,
        2.270100051140262,
        5.3020622566627695,
        2.9719459657967877,
        0.0,
        3.818187951982341,
        1.9373571187117906,
        9.0714829975243,
        7.845385594919974,
        0.3152814016358363,
        4.362149427106096,
        2.4404860081482314,
        5.798820198833094,
        6.252874819424904,
        2.8962281642750383,
        3.6431290332367903,
        7.398363891787764,
        5.99180078864811,
        2.736695190262079,
        10.628516432632663,
        3.6490212826992856,
        8.30723584841195,
        2.2991109420303038,
        7.898625246635201,
        3.098324428804445,
        4.742147937079506,
        2.1472841155717015,
        5.957736312513446,
        1.215695280734566,
        3.851939579215766,
        8.26548437515785,
        0.7902129630709274,
        5.211939554206344,
        2.0270618036214545,
        2.9312698271371866,
        6.199839792512865,
        10.431592753547854,
        6.005123626757378,
        7.266004919122117,
        7.914766936404403,
        0.2976471910868348,
        9.515430770249559,
        2.5022766440480892,
        5.215216883002801,
        0.0,
        4.4156028152338855,
        3.275295387884661,
        1.5197158904616224,
        10.710596398886576,
        8.08331203000158,
        2.306168476868119,
        1.2445995663767064,
        1.9122523493902088,
        3.536868452225062,
        0.0,
        2.460367045020992,
        5.425791894473871,
        6.8919710307842035,
        5.203013962672361,
        2.6419783227125917,
        0.0,
        7.549884272004899,
        7.109718687716397,
        8.175739349849039,
        9.539754513711188,
        5.037615949085099,
        3.010312039903721,
        11.41249169873523,
        0.6422315395198037,
        5.263182739897475,
        4.012283950691829,
        1.956768401617941,
        3.3786192468672,
        8.31464908808092,
        9.07775717800125,
        5.448178256063115,
        1.0835919873659394,
        0.0,
        10.447817207663928,
        5.302667789876672,
        5.318985492221526,
        4.12504915773517,
        2.3606973473711226,
        5.1183968142561715,
        0.0,
        2.9188523690475923,
        3.605870670143151,
        6.1025950194193,
        5.878439421971034,
        5.168335834993824,
        3.6149047910323224,
        9.152620639519462,
        0.0,
        2.652338156015066,
        3.242713359495367,
        2.8134272481232845,
        7.422932229543486,
        0.32009396886733477,
        5.138142861553929,
        3.8933402522827416,
        3.0653907636798907,
        2.2830552376866415,
        2.491004062336262,
        3.0773600279167135,
        2.848198895996588,
        0.0,
        9.351497620407232,
        3.9089488554355976,
        7.961140528255115,
        0.0,
        7.351686232871454,
        1.9219109697674557,
        6.057392833793802,
        1.9769027663621839,
        5.655911047499972,
        7.082073664853196,
        3.8220214822538177,
        6.153182567992694,
        7.351383884399599,
        8.211174235561746,
        2.561233678095227,
        8.957220252697777,
        3.1879023719739426,
        3.7992642117865434,
        6.454849443907797,
        4.3704387260321935,
        0.0,
        6.080518951761759,
        0.0,
        10.463484508664232,
        7.293745767801428,
        4.728166645073773,
        2.3620330661741478,
        1.9346623001594159,
        5.116504671005841,
        8.162787216740202,
        3.2972296741366347,
        5.075080442316595,
        3.3701621964240225,
        7.131565099732947,
        4.420835851518813,
        2.544774229424016,
        1.7143813400622046,
        0.0,
        6.286136508079385,
        3.2972273549749227,
        0.0,
        4.6419263092959335,
        0.7226523435675656,
        6.394929478990562,
        3.888255299661132,
        4.2110321417078485,
        4.833616512902082,
        4.414913785346037,
        3.542692621674772,
        3.452354171498914,
        5.336359645403046,
        1.77789408360412,
        1.0654220345279608,
        1.2389848375857069,
        3.0667299855802144,
        6.837962111511827,
        0.0,
        5.211255530856287,
        4.198368489537647,
        0.26992197795561346,
        1.6828299888597065,
        5.263115326108035,
        2.2788983628845,
        2.408632329334348,
        4.278571644473524,
        4.797632916901593,
        0.883857396632286,
        0.8207862817316292,
        1.9758133149317043,
        1.9766720289472,
        9.400725504667097,
        9.461067290796109,
        7.3380314050441715,
        3.750245233230917,
        5.9413554507792945,
        0.22590443967888962,
        0.0,
        4.726597019751143,
        3.3855947772255,
        3.9919686750308845,
        10.329241424617793,
        3.2035329670414154,
        8.978874352783818,
        5.649660748063622,
        6.870129634796621,
        5.9645190353240425,
        2.91131448597863,
        4.221501732671131,
        3.9791812053645677,
        2.9406869629748433,
        3.1166925835295443,
        10.118681223012448,
        7.321732100755495,
        1.8004526212843865,
        3.346748865612459,
        8.966502141293862,
        1.866512744249281,
        9.879161395302656,
        0.0,
        5.2311355177067504,
        6.687865470146738,
        2.2909636893270435,
        3.075879093628993,
        8.162193673813594,
        12.149808784573683,
        5.49509221754465,
        3.7184437460470448,
        5.671764442739708,
        4.787940998634486,
        5.635839084730278,
        8.634481110981513,
        5.00172583831203,
        6.3432529465104,
        5.025004626523237,
        7.266835296198414,
        8.451408206626045,
        0.4153773196991697,
        3.946800223359381,
        6.112990666048354,
        2.679090814710861,
        4.549392189310292,
        4.145517010195771,
        4.9843581253815366,
        2.6183176587907946,
        1.6393131214755412,
        10.068296727048047,
        6.447613317239179,
