{
    "mean": 5,
    "no_cultures": 384,
    "rand_rs": [
        5.803688159571639,
        10.725155256311863,
        7.9815298012607085,
        8.496878223997076,
        2.4093781806629426,
        4.311277888238954,
        7.1179021668130344,
        5.047252988591816,
        8.681909680224514,
        4.066269163712279,
        4.781604445507328,
        7.27874372860729,
        1.2542617274607526,
        5.310136807749647,
        4.096218967243918,
        0.0,
        9.235948463299215,
        10.25426841960643,
        8.623407312965185,
        3.0442287086239244,
        4.583764502423736,
        4.950044695742225,
        0.5242130821928903,
        0.0,
        3.4264008697199633,
        8.760372394678836,
        6.4940064652077805,
        5.533502489752754,
        7.870256172313811,
        0.8809838176004732,
        4.703917509787926,
        1.4642327761640788,
        5.381612964791855,
        5.101728444929828,
        9.319193678222243,
        1.8480689799040846,
        5.0246654803913655,
        9.716569624038641,
        3.322937055677493,
        5.549407228878646,
        7.156724217049632,
        13.839960140557354,
        3.89802173066645,
        5.8734913841393785,
        4.69500500536788,
        4.35147742154878,
        7.128769025629271,
        4.829182277196945,
        11.365080216500385,
        9.587405502676418,
        4.935514129224645,
        0.5080152137826159,
        6.083046889941362,
        8.582476352707264,
        5.067313978730785,
        0.0,
        7.302884530596983,
        3.1347338318668267,
        1.3086405626728732,
        8.175861489254498,
        4.759159941898882,
        0.931323387859539,
        4.633441791910276,
        8.416188243927913,
        10.525076339579114,
        5.166263097587378,
        1.9525005509333964,
        3.707933282577339,
        7.7404687801526695,
        5.227330111789452,
        5.598445650575143,
        1.8312557863759018,
        4.0374715526887455,
        5.274208126126486,
        1.7256441313488282,
        3.880669998087144,
        10.047500376959686,
        0.0,
        3.806138892211978,
        3.185345590414912,
        4.382043783143846,
        6.089535758483222,
        7.536818020389593,
        5.586991880337685,
        3.5210728450058975,
        4.335878703452875,
        2.387277392683951,
        3.545382465138081,
        4.5515606389738625,
        4.352915269696101,
        9.470807218582276,
        6.842822461116035,
        6.353748104312638,
        1.9353699556339903,
        3.312431861250719,
        0.0,
        9.942345058814254,
        0.29882865431262573,
        7.8676361007472,
        5.6466107698050525,
        7.0031491784531354,
        5.118585901789373,
        8.056409000199867,
        3.397692338121481,
        8.506876750028992,
        0.0,
        2.7337832060472445,
        4.995671949516366,
        7.311269773964872,
        3.4823363617956224,
        2.9628403820520477,
        1.6025458449159866,
        7.793825761734695,
        5.795822129829055,
        1.5137062689194765,
        3.5802925841035194,
        3.7206893114332367,
        1.7289857279095178,
        3.6099026154818796,
        0.0,
        5.342656751756002,
        3.4754198015392763,
        9.453326502368583,
        7.013489245968492,
        9.446063275892103,
        5.890467093611078,
        4.596814441596927,
        6.133509376190688,
        7.884913648299039,
        6.333552092926615,
        4.2965876033678665,
        1.5161697302686257,
        5.494890153267059,
        3.1930552115423962,
        3.1553891478674863,
        4.587353024571415,
        10.697928914035261,
        2.809594986119463,
        8.069119958831378,
        5.4798769988911324,
        4.374006638987284,
        3.3939024638635447,
        9.69083523265275,
        3.397123228719959,
        1.836486165934058,
        1.4627773850489274,
        2.248785867871863,
        4.608204426671943,
        6.182161930881822,
        2.5591598151271935,
        4.054883705942233,
        8.39858929685877,
        5.662054966269194,
        3.1181376301671353,
        4.251306157574106,
        1.035608934633414,
        2.6994747917080937,
        2.673613159356746,
        7.2712645679112295,
        6.491449904461755,
        0.8702758232868462,
        7.62610975560062,
        3.261545073545507,
        2.897074221971718,
        9.387115235462407,
        4.622516053937587,
        6.276859366193533,
        13.010104657954393,
        2.7545651596241445,
        2.3680712455499378,
        7.148952634162469,
        3.601744159734555,
        5.583900820369475,
        7.439737480541659,
        5.864765278949346,
        8.561930832244856,
        0.773795991493845,
        5.379406266735238,
        7.3660575937323785,
        5.020287059168497,
        3.8022454942284742,
        5.941288120921427,
        4.268743790439902,
        5.5673469526989185,
        3.790872216298747,
        7.056470304637415,
        4.176482071003913,
        8.524454826765018,
        4.012937550565123,
        2.628032009349867,
        0.5213721195976566,
        6.473596582899047,
        4.152268216968914,
        4.087104895564798,
        3.5284211001044,
        3.4140263072405976,
        4.802878175903623,
        7.047690235795865,
        4.689439347879574,
        9.807464209830847,
        2.7531580447793105,
        5.632628131686905,
        0.7953512154576527,
        5.602436751630699,
        1.2663343640887916,
        10.032512025014299,
        6.503774193453237,
        6.596307001423136,
        5.278671913636247,
        7.718330973495,
        8.586749318206559,
        4.206623733007909,
        6.845844870208167,
        9.205191734466702,
        2.518327273408151,
        7.441962704842132,
        6.309898786789654,
        6.021504290384349,
        0.0,
        6.0496549298713695,
        1.1574488598240498,
        0.0,
        5.141108955876297,
        1.0599623770517574,
        8.088533526629298,
        4.9767334602719,
        0.0,
        10.290741318041603,
        0.0,
        7.734417544458918,
        2.9544867094892346,
        3.431690834882017,
        9.642653696296373,
        2.3899151268532703,
        2.7996556493630074,
        6.224757192523059,
        4.292500048963495,
        6.714671362051888,
        5.893245044195771,
        8.152764449565396,
        12.39052336486888,
        6.7114699245748355,
        3.2325828667137113,
        7.632124742769568,
        4.376966017518971,
        6.705817020757617,
        4.778391140112862,
        3.9351361490126004,
        3.8914899579713746,
        5.928711402132716,
        9.486832103657191,
        7.4168575011115685,
        8.548137030280335,
        7.288190931308579,
        9.15123688044401,
        2.4649372179051086,
        3.309204983757266,
        10.72080842012884,
        4.859400641258895,
        7.212276249367319,
        5.987363730607177,
        3.9253018019220534,
        3.27065920341398,
        6.514016124855412,
        4.123308125884183,
        7.438601897325421,
        5.283582769973572,
        6.979613021801622,
        5.937775979463143,
        7.1746228117745865,
        6.547611540790818,
        4.6768271864885635,
        3.4276694297175836,
        5.859777231584997,
        6.508056230680253,
        8.964820296709853,
        2.3885314815557583,
        0.0,
        6.621653499888144,
        6.492104584200366,
        6.599617690611791,
        4.120583670670039,
        5.932431468362749,
        0.6438085925213981,
        10.02477323089012,
        2.4235219867491136,
        6.3947178822901165,
        4.790458710689429,
        3.359625756754575,
        0.30399669356910763,
        0.0,
        12.020234802644293,
        2.6868866042174733,
        0.9494950793418688,
        10.306943106887386,
        7.631437871953824,
        5.029085562393394,
        8.791666476455639,
