{
    "mean": 5,
    "no_cultures": 384,
    "rand_rs": [
        0.0,
        6.735607195763703,
        4.43181345232504,
        5.411957284316758,
        0.6668682437965856,
        8.678541154571445,
        4.0411373201349905,
        5.155742833987111,
        3.9473323297282934,
        7.062325309735061,
        2.5144256121344966,
        0.1577285998058091,
        1.431622625186451,
        7.696481313625255,
        7.12757225334949,
        7.236003196059579,
        3.7251342865489128,
        1.4682126010038217,
        1.096834312760027,
        1.2751254053287475,
        9.921285113718294,
        5.0583570815544965,
        2.08202006681047,
        4.483047012354862,
        2.1562405872697705,
        3.7112451020167034,
        8.374394652934734,
        6.4597081249960855,
        4.21446101917705,
        6.600962629251734,
        5.461147209599513,
        4.382418125532474,
        2.3300147011008012,
        5.8814120154371405,
        3.539992237803686,
        6.7522479656337,
        2.3416386128441733,
        5.392395915851644,
        8.771123052397844,
        6.704823583116809,
        2.865455196506254,
        3.62514802804788,
        4.632626125199679,
        3.9095683015227127,
        5.223034294493975,
        6.688651517803285,
        9.43171515450602,
        5.25702738442129,
        0.9155996328083864,
        5.660903016043672,
        6.315909940562365,
        4.752203039216768,
        3.5324526243991707,
        2.238148327500025,
        7.237459479376477,
        4.1513591207653615,
        3.848034834433988,
        9.213159686063204,
        6.665201088265478,
        9.319297221369718,
        1.3807110483328051,
        2.991281788252265,
        9.921944064613523,
        5.458126107557137,
        10.589919522911774,
        10.139311999447797,
        4.579516534431762,
        3.5045156542517453,
        5.716718212836276,
        2.6802858599907626,
        0.6365513393886442,
        7.869497290220762,
        6.814029139431109,
        1.9935019936462575,
        3.542674345251174,
        2.5938381566526525,
        3.0299329344269825,
        4.529577665543475,
        0.6880177220019545,
        4.627696667960778,
        9.419684014773614,
        5.946528632643258,
        2.7080484635220237,
        7.899346087616646,
        0.0971721567221433,
        5.464913535622819,
        7.291384436493631,
        0.3933557778742385,
        3.3770422947383256,
        5.016652996111958,
        7.096700529847654,
        7.102362134119756,
        1.5235738641372492,
        6.033615770531153,
        4.412446136039475,
        7.3056751243368385,
        6.6536110838125175,
        9.256819984021705,
        5.932765782846694,
        6.685150694366916,
        7.577685231648582,
        0.0,
        3.378441605752445,
        0.0,
        7.826210328395982,
        6.587398994798562,
        10.75252506819837,
        5.769230406785099,
        6.139013672890936,
        5.629659135149612,
        5.457010903119623,
        5.78021257251836,
        9.592541726045544,
        3.460197840911095,
        3.0026652230712925,
        5.969446194467906,
        5.939780836572669,
        3.812638871452382,
        9.97197495843583,
        2.1842912042020908,
        4.247545507268431,
        1.3682354903775398,
        3.8596429509271024,
        4.581196162278425,
        4.445138020365728,
        6.130968548815375,
        2.077362204093225,
        8.154863059143214,
        4.444702869466773,
        11.516204831495097,
        6.940520212053374,
        5.1835358745832,
        6.064576978542886,
        6.674799060901549,
        3.4856225523961584,
        5.555754067132458,
        6.371467634977522,
        5.735513028993884,
        3.7344525056242173,
        5.660161148432353,
        8.633450020691303,
        4.765725201380433,
        5.081428650999589,
        7.988721339471266,
        5.278051627775055,
        3.498149529725616,
        5.945156668231592,
        6.4623401144386285,
        3.4412558113043024,
        7.554229930276176,
        2.8343813356654923,
        7.0872441156104955,
        7.127046713701031,
        5.430774073637423,
        5.790371863946532,
        4.9537635110090745,
        3.35296343413264,
        1.1151054273967396,
        5.602560395347955,
        4.114597558027178,
        5.5903275562057635,
        3.104926211022553,
        3.3887081797965584,
        10.143365943622708,
        0.0,
        4.028854625891167,
        8.922819436834931,
        2.543794414892816,
        3.76099249053654,
        9.943618154579049,
        5.416751211333528,
        7.988181914511584,
        3.2806915251645012,
        3.8199151318889975,
        3.80137350466169,
        2.9836340091663174,
        3.144350200013257,
        0.8153950928002427,
        7.236782813910693,
        7.8969063377020525,
        0.0,
        4.5581526261165575,
        3.6535745370494963,
        1.8632836997113875,
        5.73754316365911,
        8.482340603640935,
        7.577539041352495,
        10.707590689450772,
        2.922071652707799,
        0.38406365755372285,
        6.506621061765159,
        3.8887797225922593,
        9.096222753580804,
        8.23225033325738,
        4.974969998879601,
        3.631951393690469,
        2.573263836799487,
        3.347839559071226,
        2.636805810320281,
        7.161604473508776,
        6.812077190601684,
        6.77482917200658,
        6.819365305098172,
        4.307534803715517,
        9.136072250286654,
        1.0497521198437871,
        9.384793620665556,
        5.398460866037478,
        6.668852916395653,
        1.2536978992924497,
        3.452147968248385,
        5.292537602310761,
        7.68130655857104,
        2.7352646883249,
        9.322424939489581,
        0.0,
        5.772625280804888,
        3.8845636107004253,
        5.792309842061145,
        0.0,
        1.5425095551628845,
        3.0518408077810184,
        1.534043408817956,
        7.17877059618046,
        8.003961855272665,
        10.112692906976658,
        5.056409887806496,
        4.836800179605658,
        6.5550171204906675,
        8.385127417379442,
        5.349156379423217,
        2.7467221538652655,
        2.5745152447308137,
        2.0589172974446206,
        9.36255515501189,
        3.178434374731416,
        4.447556042278313,
        4.249081690396535,
        7.996128051937235,
        9.65342080322019,
        2.0131301860563293,
        8.847796746905042,
        1.86286714117211,
        9.298722330665901,
        7.180629271367048,
        1.618046627045195,
        8.21046029088129,
        4.386124407466461,
        7.849180247821944,
        3.5195729583282276,
        6.5354322995704965,
        5.146695094332239,
        6.78798938383709,
        5.779493695784075,
        3.1823730386563813,
        4.824819188043805,
        7.744862796306206,
        2.4387873699111973,
        8.58806707473393,
        2.16929695213529,
        6.523559632624041,
        1.407687281861128,
        3.972920778147068,
        5.600735031224415,
        6.487593298098534,
        5.01909844347753,
        10.84341814911798,
        5.816685972178814,
        3.6863984549032347,
        5.2549391480581535,
        11.268205287118736,
        6.430120829233205,
        4.093354654063836,
        3.2088321119997563,
        5.105070122430485,
        2.7684598333944295,
        6.1261976484442275,
        5.65599591227994,
        8.25640845493292,
        0.06115681442801524,
        5.295561151395063,
        4.831501703628464,
        5.22412793738158,
        6.386393383378666,
        1.7449766745858426,
        6.321087599727605,
        9.30605355739887,
        2.4426551179878073,
        2.092352541662912,
        0.0,
        2.348950429834424,
        5.698745338833917,
        2.675999648513827,
        3.0008091049371908,
        9.69415571245528,
        2.5214047581423698,
