{
    "mean": 5,
    "no_cultures": 384,
    "rand_rs": [
        6.912113493556892,
        3.502111456742817,
        2.6313728985704508,
        5.244883972336774,
        2.738335511385263,
        2.523375327411131,
        4.147551832112512,
        10.786116212294747,
        0.5654778262050675,
        5.714703959644573,
        4.053718602961877,
        5.70842957228618,
        0.0,
        1.1508872649074613,
        3.5083074717252996,
        0.6843468342148649,
        10.49678835543051,
        5.4966010469636455,
        8.573444623662239,
        0.0,
        6.425642181649643,
        5.246843577441189,
        9.190899935389567,
        5.572133970453409,
        1.135882831727904,
        9.25379507241114,
        4.637182749174946,
        6.595741249340147,
        11.861995422517788,
        0.0,
        2.1141624733338467,
        4.3982804878333885,
        4.636649504529942,
        6.89024830044354,
        1.9040966056074455,
        3.557712440509202,
        0.0,
        4.10741138281081,
        2.2604471765101266,
        6.369088404249121,
        7.3087314823006295,
        4.02789605963035,
        4.807989215619452,
        3.5126155806202943,
        2.950414581038883,
        0.0,
        5.320901372584457,
        0.0,
        2.5957535109142658,
        3.4566092091755944,
        1.807507924645627,
        10.226306817132112,
        0.0,
        4.117054819618566,
        5.757040555074892,
        4.203760789460809,
        2.1524100364158913,
        6.634661083222829,
        8.40724874576598,
        10.15598306364712,
        5.88369192409145,
        0.8991535782717772,
        5.0893859423795025,
        5.396631330512762,
        6.839331873738696,
        3.1421744311620055,
        3.546679388396148,
        2.685474048705094,
        6.19451348885129,
        0.0,
        6.578800638227332,
        6.160019966375384,
        4.7509605116637434,
        7.648794952900475,
        2.650853786093909,
        10.684262018531868,
        6.551179186259958,
        9.385453187942147,
        4.1718566207565075,
        1.1060158984011483,
        4.269098762683433,
        5.935039507851734,
        3.217165988398049,
        5.875582518896972,
        7.372948573494918,
        9.579047880089492,
        5.779450264579498,
        0.5243662924460448,
        0.9539630211911927,
        6.753700538480873,
        5.123749409490729,
        1.8762260364316719,
        0.6874726758823435,
        5.9910864409565425,
        1.783393537950638,
        3.3107527182887617,
        9.124303794906123,
        4.688872096367305,
        1.3473254485250252,
        4.6764341234757385,
        6.14456392430101,
        4.603364640871258,
        9.713333440824213,
        4.643759530491676,
        7.168848472137941,
        10.333537466130853,
        5.999388090263405,
        4.864417779130959,
        3.683622052830894,
        0.0,
        9.74632938383701,
        5.363366495507699,
        2.465387173789218,
        4.619603900188988,
        4.9754685965043315,
        4.987351119310903,
        12.622586170570159,
        3.9902561697168655,
        6.459966786629092,
        6.819514393901947,
        8.609092193386212,
        6.885577767146406,
        0.0,
        3.915062474614345,
        4.066785490722476,
        4.768795965167174,
        8.2409598604555,
        9.487607718270809,
        8.192640059901183,
        6.777286083425302,
        2.5642810730497647,
        3.14122451621038,
        12.28724968444589,
        6.544901560215026,
        5.275430683834004,
        2.1934013419874034,
        4.672542662370273,
        0.0,
        7.005008562386208,
        1.781155316548947,
        0.0,
        3.895422239578469,
        7.458514854834391,
        4.863326330477436,
        7.229755326604339,
        2.794130096679817,
        2.1499890635531633,
        8.17473819147339,
        1.252296870457306,
        2.6094868060038516,
        9.779949140021362,
        6.824721692610529,
        6.200363953380521,
        7.595985048037322,
        8.988646650937559,
        7.1636677928585355,
        8.177968134954977,
        1.025262733750174,
        6.307935075092789,
        3.863897347837354,
        5.956444132385397,
        5.0973180743915405,
        7.235704899547623,
        6.192123581022397,
        1.091618700537564,
        4.56047935133422,
        6.938946596177001,
        2.8710342483413487,
        1.9163667786734808,
        1.0880223098276032,
        2.2788308067882794,
        2.3599815486463362,
        10.621582274702302,
        2.9990766157954476,
        2.3169417399977794,
        0.0,
        2.4489758113227347,
        6.445816058188536,
        4.83341860974643,
        7.737834211376041,
        8.74587714642844,
        10.248800186169579,
        7.126003567276497,
        3.379526392288207,
        1.171981846321061,
        8.22232928251818,
        5.255093070793665,
        8.334179553433941,
        3.6079911226800006,
        5.014983064043056,
        10.309815588576608,
        7.8722798668657346,
        6.152079437252697,
        2.784101004230445,
        1.2594144121519455,
        2.6989661896387087,
        9.361344327049915,
        0.8394143351957313,
        5.283485438188168,
        2.5101352057380577,
        4.769477664394862,
        7.323595125965564,
        3.844101649169464,
        3.7224770702178356,
        2.6064860991620664,
        7.799930582831021,
        8.7360706005825,
        8.092838468794783,
        11.239238095410741,
        1.017434237980681,
        7.9036492002980445,
        12.514579885734378,
        6.77499639207529,
        1.0947073351218854,
        5.614558594038819,
        3.9795319843466173,
        6.334772454660974,
        7.05598797756675,
        4.417023334399344,
        0.0,
        5.293058083190625,
        0.0,
        4.315344123054718,
        11.433594981784632,
        8.775537705043021,
        1.4477344362469835,
        1.7681712026616792,
        5.451021493135127,
        3.701341405670661,
        5.678606179019917,
        1.0192918134011348,
        2.200810729543182,
        0.509974159997709,
        3.876623493744622,
        6.186019195546865,
        8.96143645400064,
        6.282214393971731,
        2.450049482342447,
        9.431657448752496,
        7.606403034495622,
        7.449467075196404,
        3.2244137511546196,
        9.968542448816516,
        3.0388904608317198,
        1.161940616341627,
        2.5024028819955473,
        5.313849491270255,
        1.8322635790273347,
        4.0651433094315435,
        0.0,
        8.34887283472979,
        6.440826186723081,
        2.878364165273769,
        2.502541466660121,
        3.7328496018731254,
        4.983293061232937,
        0.7024143789937778,
        7.237932549658004,
        7.28158339783308,
        3.078601707326872,
        3.6263572562367035,
        5.206328542159946,
        2.862145817681347,
        1.0856146472298245,
        0.15762281914513032,
        1.5181184914793802,
        5.31968455958818,
        10.391070357895194,
        9.582743512851232,
        1.6459626164230308,
        9.114873095283162,
        3.195033585332674,
        4.7499330712349215,
        7.665314765692422,
        0.7044990854953541,
        1.7416731470694247,
        5.636132475956421,
        0.0,
        4.112115369315823,
        9.397438916068099,
        0.8716898430062141,
        8.54582144246005,
        3.1851473653422815,
        8.250369228279228,
        4.617941001873937,
        5.520727846087483,
        1.4930763703217602,
        4.802015779768856,
        9.293287329556463,
        4.744365092449973,
        2.700905562382192,
        2.920674937872393,
        4.336488705537,
        6.1701118437236495,
        4.843637410569016,
        2.1244060450884152,
        6.030534214392835,
        8.251909466379715,
        1.9512284158519795,
        10.700113826991494,
