{
    "mean": 5,
    "no_cultures": 384,
    "rand_rs": [
        1.2301114142606755,
        5.246094801234589,
        3.7530702414254975,
        4.816140531250515,
        6.158637003742227,
        7.582937288162731,
        13.434828403177372,
        3.302893078276707,
        3.791446148471253,
        0.9986932252270577,
        1.9852243885343714,
        6.269314367073127,
        2.243564162365054,
        3.597059639560502,
        2.836684752402782,
        5.918231464603208,
        3.607050003106494,
        5.899777092098741,
        6.154532012403296,
        4.77403404693912,
        2.5697389423653427,
        8.26153098272701,
        4.656995134353143,
        7.040007932463252,
        8.193923564436698,
        3.810798729015606,
        3.741696517021964,
        5.267550398195979,
        7.134802692507008,
        2.2653262061738104,
        6.990254263239949,
        4.637164168983712,
        7.320438715909843,
        4.133404072659473,
        6.181090495221121,
        5.757759054198122,
        1.696803194439183,
        1.3578789185870992,
        4.286958490641899,
        6.883893327990441,
        6.258999002895129,
        0.029532871590793874,
        1.3289535240074195,
        4.340892942365535,
        2.622852615955122,
        5.9712208519248495,
        4.66079436843197,
        4.721014898594284,
        2.6004837552565863,
        12.339852915025691,
        6.851170122037326,
        6.490512716252551,
        8.756410244685082,
        0.33522195752712936,
        4.784967385941605,
        12.06303687565605,
        4.419546916683613,
        4.321657226860296,
        2.1032964293998706,
        0.9774087661652571,
        7.834456354090636,
        6.375209344850768,
        5.627031295995318,
        7.835173826812144,
        7.751065302160789,
        0.0,
        1.6483200835542702,
        0.9796411832843441,
        5.486114020345102,
        3.1522210809806928,
        10.361158912719258,
        13.019944580176926,
        4.768438155287759,
        0.19583342427513095,
        6.477693725705158,
        3.690467756536031,
        4.490730170509778,
        5.0273727682152565,
        7.050253593919935,
        6.101417850739709,
        6.185860655333411,
        10.278992229594433,
        3.5444589195118654,
        7.11552913221194,
        10.487242434417198,
        5.628327545358403,
        4.917748598636248,
        7.10737463219823,
        8.29558241117127,
        4.708638202105002,
        1.1272249426879464,
        7.098586811819681,
        3.6474200991150476,
        2.030716133030884,
        6.437507312900855,
        3.4516530645074432,
        9.297465970279465,
        7.622153923693824,
        10.150734386432054,
        8.551800342517247,
        3.887467753391069,
        5.0586209920954195,
        4.185901011014433,
        4.417866480141731,
        3.7884491041019186,
        0.0,
        9.192463630385994,
        1.824331077601475,
        10.162323772760843,
        5.510043481128029,
        9.097647942996474,
        6.5153301775506165,
        5.040143361514365,
        6.916552699429709,
        3.898007951917051,
        5.061318500992731,
        6.478299449587068,
        2.8529554630081586,
        5.144264044814861,
        6.33225161022112,
        3.327400314014778,
        2.4276543655792935,
        6.852400692005152,
        5.745231953884291,
        9.388246829247613,
        4.747332867417658,
        5.241967312751366,
        7.225807986821667,
        4.762497239531648,
        5.179666055842062,
        5.141267419668012,
        5.068974663362361,
        4.580730742147932,
        6.246979302947525,
        3.0875371964207834,
        2.6590558417666297,
        8.150822529422243,
        2.6341762367919337,
        8.78289198411797,
        3.6696528204995,
        5.42915777208642,
        6.850107746373878,
        2.857547389504142,
        11.508281259910097,
        4.988509935842218,
        5.902847230732137,
        5.124139191795859,
        0.0,
        6.694862291041976,
        6.38472860944486,
        6.158704627064219,
        5.661526209007157,
        3.0022031178327993,
        5.852883094567739,
        3.3256300529813485,
        4.538338567112668,
        6.967692641749997,
        4.481816128266067,
        2.8931152425590896,
        4.871059480818287,
        4.769184737226677,
        1.5907582647020941,
        6.3653148172949,
        2.983137534006912,
        6.228316869402452,
        5.053390777106275,
        6.232747716569884,
        3.1685097192179974,
        0.37204069615799007,
        7.246652850889712,
        4.499699725810297,
        3.3789955053363805,
        5.636958738242297,
        7.422423737741628,
        0.0,
        7.022386242362144,
        5.631228207034523,
        7.171250473949768,
        5.457338726725667,
        8.579534840027893,
        3.437036470909981,
        8.601133291662851,
        6.920639842662296,
        0.0,
        3.067832244828589,
        2.178500024230475,
        10.211439165913742,
        3.7294300968595966,
        3.0190519691462625,
        7.30857581571009,
        8.793097189222637,
        7.50124129508801,
        8.974945571195168,
        4.971340036952735,
        3.249994899267657,
        1.0653100584365198,
        3.9107197315692583,
        3.4473025832122084,
        2.3008934376368746,
        8.132684570156753,
        10.086365258875034,
        7.166760096708798,
        3.8937007761219644,
        6.558598434122821,
        11.233249294163269,
        8.17797466994432,
        13.221839466897478,
        0.8197730542251911,
        3.271102756494403,
        10.533436432811765,
        5.001078393389715,
        1.4490670438903241,
        1.8638734129846504,
        8.753839068854226,
        3.7646771559185765,
        1.074385906180594,
        3.233042173912296,
        3.53843036478048,
        6.562350105739447,
        3.862452025186406,
        6.487042689389864,
        3.4942359729511794,
        5.1483066099588175,
        0.0,
        8.090573687074842,
        1.1975173632717127,
        8.220270305535008,
        9.531745953362837,
        11.90580208072822,
        2.3960957255969904,
        5.618339021213924,
        4.323590897167664,
        8.84612475723338,
        3.731994209005939,
        0.0,
        2.167967659394858,
        1.3813485107308998,
        0.0,
        6.702335937527223,
        6.7811770642500475,
        4.259334685484757,
        1.565132927233881,
        9.74307843251356,
        1.4096623229117977,
        0.27235212097255523,
        2.327621760691281,
        4.133311743683034,
        6.739048334671752,
        3.6188548883755227,
        1.116807913619776,
        2.885822849463175,
        6.483862515994428,
        3.561175443988838,
        2.888807531851293,
        4.7825965934785,
        1.9895016182592724,
        9.765961917488704,
        0.0,
        0.09792679414326777,
        2.105918158344645,
        8.24501929598362,
        0.5687508309384226,
        3.339346419417232,
        2.948229705121757,
        4.167880266997457,
        8.220295158768392,
        0.9216302107819816,
        9.455752776073538,
        4.139167303315714,
        4.727208705899387,
        6.037353012128761,
        4.177916413468057,
        6.6946207033459615,
        6.178150359732246,
        2.0064230211611296,
        5.299052875900584,
        10.492986425591514,
        3.730152901903101,
        4.223959181891447,
        2.3350693468005437,
        2.4767839448297186,
        3.1404608640488787,
        8.337998525024613,
        4.814714312561858,
        8.030718055329267,
        9.090735131707254,
        0.0,
        6.311725442677012,
        10.260128272402543,
        5.171119235968188,
        4.247400526042357,
        10.649692987021215,
        1.6788185359131065,
        3.22650339740335,
        3.6058381273610824,
        5.279133692760109,
