{
    "mean": 5,
    "no_cultures": 384,
    "rand_rs": [
        7.185138421423559,
        3.781824250063711,
        8.002010619422785,
        5.920736040859676,
        9.790579848112486,
        6.065284835541161,
        0.9057189444227216,
        3.0958241922781453,
        7.575712920998292,
        1.8235514593062856,
        8.752580095051194,
        3.7653438162166584,
        1.8879289818409424,
        0.0,
        7.026836532311847,
        7.41714380456807,
        2.2024073195955984,
        0.6152600011684441,
        1.4954147124662978,
        10.080266234319737,
        1.9986180418975068,
        0.9289502417181366,
        2.7653820773327,
        6.396779016791893,
        1.8572343762024666,
        1.7795253312317558,
        0.6575348480452172,
        4.310372468741831,
        6.418713985089267,
        5.216866907325382,
        5.41257877749367,
        6.505553066307758,
        5.8631350057551,
        8.804118651777461,
        4.923088913237335,
        5.156392494026836,
        3.642896554246895,
        7.063551503283662,
        1.8638521324315187,
        4.234202902465892,
        8.954072246733407,
        0.6688713495754284,
        6.007132612435171,
        6.250058861609582,
        0.6171427278277708,
        2.963379559945178,
        5.733991005983577,
        10.858265393394909,
        5.3585112714053516,
        3.109476795689087,
        0.1870044200104104,
        4.599755145111886,
        0.8523232002949825,
        3.5906175622578402,
        7.488646204389855,
        7.96096613925194,
        2.924527485971251,
        6.671706700903957,
        5.458657618129253,
        6.807749097606321,
        1.8850884483911363,
        8.618564041105255,
        3.9753391284740176,
        3.310750798819801,
        3.711759759508338,
        0.13757222394102175,
        7.847020399021965,
        4.566618473699911,
        7.907964372555584,
        0.8834295672151562,
        9.144661342138846,
        6.565035956901082,
        6.709041154641428,
        2.0195446422139223,
        1.643954040113027,
        2.0053377806852906,
        0.7455147629969581,
        9.64126696842619,
        0.6919355726332919,
        6.859008164695394,
        6.610468543174345,
        3.064736674514992,
        7.39270409360524,
        1.6505315232936586,
        0.499237981892076,
        3.103803122859183,
        12.843320779065392,
        6.385434730484952,
        1.0971267082237435,
        4.294640592291701,
        6.614289764727415,
        3.3625486926421635,
        5.5228615413904745,
        6.752326611561972,
        1.5563623791221772,
        3.9613053777982614,
        3.595701543356742,
        5.190795736471575,
        3.91566609579444,
        1.8533723520844347,
        0.0,
        5.8204549582600205,
        10.455253922481848,
        7.597691277912957,
        0.0,
        1.9053652117300155,
        2.26778633817705,
        5.028616761296903,
        7.00043492910352,
        2.222179088923328,
        4.620229173621669,
        5.480895757270949,
        8.968108529972938,
        6.575830932267495,
        6.063347848259009,
        1.982791985157896,
        5.623524877294799,
        6.802763707097663,
        6.18401417970315,
        4.5108249302057795,
        4.2262748276596485,
        5.1814981119051335,
        4.7681585143288965,
        6.745176846878335,
        1.6361200244370613,
        5.552243215387719,
        1.2870629613384694,
        7.166629202786686,
        7.137495548095948,
        0.5463465747737128,
        9.504810732344316,
        4.062594970793477,
        7.162439738205315,
        6.56872798213859,
        0.0,
        3.499366408674967,
        7.03719458367675,
        2.5151186065605238,
        9.924292783997519,
        6.468089265573157,
        5.296643458595542,
        7.224981432553626,
        7.560106696919776,
        8.399967824687455,
        2.0149537527946078,
        3.77631612042583,
        9.328358391730726,
        4.110595521335682,
        7.052441442483859,
        5.371308420802257,
        6.435197403884015,
        9.01962528438036,
        4.571171572074645,
        6.67586914046192,
        8.069086094266511,
        3.120677175717747,
        5.085786303077962,
        6.5654404986343415,
        4.204065269908236,
        8.84095437022804,
        2.7386150109318286,
        1.2368400422231938,
        4.415728033909296,
        5.9641782359581414,
        9.796800338664319,
        0.0,
        4.317909000328242,
        8.144068420033648,
        6.157915289325932,
        2.891665112796524,
        0.7518688468171346,
        6.874611693790946,
        8.899431311755144,
        4.904459124262257,
        0.4791767308287955,
        4.51101805064017,
        3.677167624436138,
        6.691254618664765,
        7.91290948028547,
        3.707900040680774,
        9.362981947180524,
        7.826978832147724,
        2.6478349325023074,
        0.6033563991979829,
        4.431053176878639,
        6.962149792614593,
        4.306715315245607,
        8.535026412275538,
        7.902556803069929,
        4.891531507136615,
        6.264169161290164,
        5.457547308896815,
        4.062717386971682,
        4.7952506938863495,
        4.339904105171753,
        3.4892960970731552,
        12.416302956901418,
        6.259565711780951,
        7.826828090435422,
        6.919360403299793,
        2.5097012092099567,
        6.05347196405574,
        2.883597503873584,
        5.0344865983068665,
        0.5947999116030465,
        5.189043818683491,
        8.212688429269363,
        5.421617249686696,
        7.168068439129027,
        8.100374254353527,
        3.7241288122153837,
        1.1938451459895356,
        5.366972040679252,
        5.163474797939164,
        0.387986134454275,
        0.4627412816068146,
        2.281484471434129,
        6.1826127135673055,
        6.464788941280884,
        6.754490095115023,
        1.541482192760741,
        9.982453322812244,
        5.3734258582986145,
        5.094869318960048,
        0.16019167876871165,
        7.700875842976965,
        2.1424470478588638,
        6.392054747294093,
        4.5500513734866255,
        0.0,
        0.0,
        8.871842051786519,
        8.821033911312679,
        5.561528746462181,
        2.943091679002281,
        8.813082582468112,
        3.7992117358359216,
        3.3806058718762673,
        9.700412939676184,
        6.047768669707681,
        7.101193665488228,
        1.5394512757016612,
        4.0526402891124125,
        8.953038835796981,
        7.406658277576032,
        9.243303871086674,
        8.630458536042514,
        3.4206750111411592,
        1.2580670913027925,
        9.711293652370852,
        7.3633525977068075,
        4.57099043181863,
        3.949740705639825,
        0.25663508708931104,
        5.934740603159158,
        8.990617051139633,
        8.331700482108822,
        5.516341040140713,
        4.903182912221452,
        3.9965687383494313,
        10.435527670695107,
        3.06740254498975,
        8.073423104138525,
        6.680061427236064,
        2.8746423356271795,
        5.106571514793594,
        5.210678924988475,
        5.803538466099465,
        6.8140939641482206,
        0.6501989953811051,
        9.406699330492412,
        3.354224497833966,
        3.985508492423872,
        1.5791101276269384,
        2.8913904513726965,
        5.875936734431815,
        4.931304389431533,
        7.191534450332478,
        8.763697200928629,
        3.0844985167885395,
        11.296735354014558,
        4.21213849083281,
        2.4542958479263683,
        4.732219101394806,
        3.8727417123998613,
        3.359032288337569,
        1.9085441368949336,
        6.467312019146355,
        2.1525909666775283,
        3.5007951895594314,
        5.64133978931514,
        5.234117690043419,
        6.258372301928847,
        5.600622970173496,
        10.817850517459132,
