{
    "mean": 5,
    "no_cultures": 384,
    "rand_rs": [
        5.723844846578597,
        6.000013669043085,
        3.9034786828502614,
        0.0,
        9.963349089843387,
        2.1907223375481966,
        10.906065454861999,
        2.5489938965406385,
        6.9895913791741275,
        1.4189932924467752,
        0.0,
        7.365944464356202,
        2.7703038944432246,
        9.204746801698752,
        1.858363349607055,
        4.500740028516319,
        3.2037049021354274,
        7.810615184452924,
        6.860930038887241,
        4.883721965853951,
        9.6585991656065,
        12.515442846842703,
        0.4030471906525044,
        5.5908221351079215,
        6.815214016141344,
        7.869097339074848,
        8.898737806967766,
        7.240742880140914,
        3.0413120579035944,
        3.673862607626665,
        4.499681383930952,
        5.567245777604539,
        6.331350797022971,
        3.217829501562438,
        3.197627206092811,
        7.444626240765755,
        2.114927627374191,
        5.2344557980715045,
        3.8068421670850134,
        3.3525625937772148,
        3.6825761899708613,
        4.365298128407729,
        2.910599220698051,
        2.598133708251782,
        4.945996198287175,
        6.945353728985668,
        7.941844551458827,
        3.95157866442303,
        8.552738635413942,
        6.156822647805987,
        4.979816960024048,
        2.5356555493713797,
        4.221871022620222,
        9.548049353236376,
        5.582631994237345,
        7.725830628973707,
        4.9080070363019805,
        4.859879606238454,
        0.0,
        0.7605939902049199,
        10.150720416434597,
        8.285535851936249,
        4.490512926543651,
        7.282593742292768,
        4.8623459720215285,
        1.051721114789311,
        0.0,
        5.745596291381127,
        5.173310027129516,
        7.902085626427814,
        8.047548191399194,
        6.0702149799403955,
        2.20898882854471,
        4.31655257190445,
        6.077808346994889,
        2.4644738488827485,
        4.700692155266319,
        3.266065532303659,
        3.3891326028162845,
        8.562543363583003,
        5.191603187434952,
        6.191027950775087,
        1.9129225045095515,
        5.211219689268162,
        1.987055706589592,
        1.6170470896809963,
        5.886254044436566,
        0.0,
        0.7051734424836047,
        3.2556472303740454,
        3.2263165677632273,
        3.964484234225777,
        5.127027622328387,
        9.614362329265141,
        9.57448264435115,
        9.063432467347027,
        4.851603543428426,
        1.6508052243106048,
        4.261573081104934,
        4.1530223205209955,
        1.8558065403524244,
        2.3294925776090927,
        0.4332667167735531,
        11.735895968063687,
        5.439780634323412,
        3.684078792691761,
        2.7583345280666216,
        10.05006913271198,
        4.140561042032979,
        7.661344501373778,
        4.0007704923113545,
        10.183007472781181,
        3.852920278977851,
        4.689020714382513,
        4.575862143593627,
        6.142806866985479,
        2.5981794594616505,
        5.125035101097557,
        5.555044272999195,
        4.249072997955485,
        2.410920336573299,
        8.88338239767478,
        6.102979763455135,
        6.266717892138958,
        4.63701185472971,
        0.511789001779543,
        3.5386014468631606,
        1.5751651799341455,
        3.8792028679688264,
        4.533175799755085,
        2.428143633541345,
        0.5300242193691052,
        2.904139502211943,
        7.500502448411185,
        10.258049998107907,
        5.733947645706744,
        1.1552007647075095,
        6.191192374866434,
        3.4019378890029923,
        0.0,
        9.230314073366042,
        5.624690119523594,
        3.4107339477252956,
        0.7089619808361789,
        5.216932489395179,
        0.9576120040484977,
        3.476802953804813,
        2.603754226706063,
        6.0551044977721755,
        0.0,
        6.727794086406642,
        3.1823193081023384,
        5.846216392453847,
        3.1538155315231156,
        2.4290289505553115,
        6.70765696259729,
        10.161380875983905,
        5.910533843775664,
        7.888210991486927,
        0.0,
        6.050988744202188,
        0.0,
        4.873938078499701,
        4.323729942259012,
        8.285472908911157,
        0.0,
        5.634977439545204,
        7.027080718767876,
        5.853586631214806,
        12.77100860973057,
        2.6147154891586104,
        7.600019690977081,
        6.103156387600606,
        1.461650913243775,
        4.099289096365385,
        8.257538307544143,
        7.461768013341121,
        2.865101865377155,
        6.05632814617303,
        3.281240963589135,
        8.30270781278289,
        2.2962683773815233,
        6.631967098677435,
        7.617152392039843,
        12.033599981445084,
        4.238720590895364,
        14.555021085081064,
        6.172862463396879,
        7.229865222143443,
        2.3605084747518474,
        7.209558994313063,
        7.602695301903353,
        6.978653670680999,
        8.7731661305832,
        4.633820541020115,
        5.846797859206567,
        3.6854498066761474,
        7.417397134366208,
        4.7750661744105525,
        5.6102339680843425,
        5.716338492696116,
        7.056023656716006,
        8.495852310307592,
        5.945707052959932,
        0.0,
        3.512969987929348,
        3.0086994745963294,
        6.717490862636293,
        1.5986330702218687,
        6.846074228350144,
        8.051599357716576,
        2.0326643091765404,
        1.8894883447236186,
        1.796927061127513,
        3.7037559151371005,
        3.4192567494028268,
        9.93893260374066,
        4.8738010770917235,
        9.6224840224585,
        5.402433153172711,
        10.238583918837861,
        8.38302540002941,
        4.729793615203695,
        1.4862035536240796,
        6.143708383767515,
        6.421715763891445,
        1.5241447557407706,
        7.842895069290408,
        4.064546720275913,
        2.17869046949592,
        6.4406646988680025,
        2.991598906553991,
        11.41144754959695,
        6.803225967181261,
        5.910081654787933,
        2.7337641540637785,
        6.006078339511099,
        4.9136987188100685,
        4.028534326432741,
        1.682480273387596,
        5.297939290729824,
        3.8973567261531517,
        5.037145445261915,
        5.853938461929619,
        3.2923042301753807,
        1.445974034478604,
        3.6697021177874616,
        5.809537978237512,
        3.5341424121838996,
        6.653506658914551,
        6.437779729891392,
        8.148276460942371,
        2.904999805020518,
        4.361426663690149,
        8.034169003865385,
        7.912808387174611,
        6.5102367120151365,
        7.455085375728535,
        6.852962245623118,
        0.05546350810074152,
        2.5984254592816542,
        4.300138375107824,
        1.0703495211886849,
        0.6760027423070571,
        6.356711843832552,
        6.365295842351056,
        1.8630519775543588,
        6.285043780763791,
        4.243724889043528,
        5.436671331974271,
        4.558992042200394,
        0.9237984881835919,
        5.689042466086976,
        7.610745435130951,
        3.355763481327377,
        2.5282597216453526,
        6.857639421287247,
        0.7801856932443076,
        5.244166023555366,
        3.883139708123276,
        3.251873833348145,
        1.1456726376096467,
        7.651729776050694,
        10.725119320740337,
        6.6725774055597995,
        6.025503582733051,
        6.911307604526198,
        11.342414933172332,
        2.8148717171225908,
        0.23001701885293446,
        1.4618639881785214,
        6.67131973894734,
        3.747221977426653,
        3.343276675344276,
        7.003758817994703,
        8.96380475030297,
