{
    "mean": 5,
    "no_cultures": 384,
    "rand_rs": [
        3.5633554262860683,
        7.007749771401307,
        5.996333605985311,
        7.003002487289705,
        7.305624104933072,
        6.5413731725462725,
        5.209993202255756,
        8.315118043518147,
        5.693096726059125,
        2.81470092619806,
        8.59211401028379,
        4.835604343676508,
        9.27883156670005,
        3.868501140763398,
        2.6393673775130875,
        7.384627806923934,
        6.294838900810141,
        4.988962848940803,
        7.975570239989896,
        7.344323196717583,
        3.624068788197346,
        3.9379517488327864,
        4.198477106044422,
        4.010524646850576,
        1.2148375989521436,
        1.783048002222389,
        5.518040861853256,
        6.698086755106724,
        4.5507405640597405,
        8.609649753878498,
        9.049029729142099,
        9.401783350706925,
        5.087243588256702,
        6.67433158220055,
        3.9797855783995324,
        0.0,
        9.662526238492324,
        5.11086757421686,
        9.701858725424188,
        7.575740709153758,
        9.7503595942634,
        10.972026509112325,
        2.1091697770810685,
        4.339412912507723,
        5.4374383959564385,
        5.298370965363186,
        5.092078729707254,
        5.710600211522706,
        3.8671078100809844,
        7.03071854893188,
        1.507481884345745,
        5.686569477552761,
        4.329025132975649,
        1.3369178770022403,
        11.482859039924413,
        7.981622882702861,
        7.647235234643434,
        4.326756700123118,
        4.907176325391394,
        4.68512956611735,
        6.052250291894025,
        5.557657100996338,
        10.637562900883399,
        4.254853275187954,
        3.1347075565062545,
        6.193952614705659,
        1.7963267567840324,
        4.461959428881418,
        4.320523465907219,
        13.260355965591689,
        3.38102809603247,
        3.675224987973918,
        5.710928229244431,
        8.583940583767372,
        3.9602811390654455,
        6.605669578544861,
        9.689402137064217,
        8.227182183686597,
        2.0263347126347413,
        7.855431482550774,
        11.637376013025525,
        3.5746865078323893,
        3.7081674643444265,
        9.124063515834196,
        4.807922295709281,
        9.226527581194006,
        5.5620608324930965,
        6.327220399959554,
        4.0772626380987615,
        4.869537081061264,
        3.2960338213692646,
        4.28589012629461,
        6.340097265478207,
        7.6647894212356835,
        0.6952922681981013,
        9.189097847721305,
        1.8089298899789314,
        3.047456714996792,
        3.61996039193269,
        1.1631444519483196,
        9.400644886806113,
        4.189883300789071,
        8.494430527618835,
        1.4722110052986137,
        3.499182120113308,
        2.015882518300684,
        5.876743475296464,
        9.888593011262369,
        7.552981582617507,
        8.148737476891705,
        1.7144919997622976,
        3.797810095595822,
        4.860593043593673,
        2.109850182786312,
        10.250763747398668,
        3.4318157909502225,
        10.703553102973578,
        2.257053624144451,
        0.0,
        0.9289459977920185,
        0.6085811883084435,
        1.8280781512003168,
        1.9828726439555213,
        2.9444085564258997,
        7.703055930363641,
        6.7363826832036695,
        2.499896728159997,
        1.444570618184963,
        7.4022862252652555,
        9.684375026689715,
        3.517538707470218,
        3.889210155735509,
        1.2637465621040795,
        3.8594671742056645,
        4.294730480106972,
        8.65769323147233,
        0.0,
        6.977859563800843,
        6.681074803729334,
        0.4555456569612133,
        11.470549893506751,
        0.0,
        6.131718343013466,
        4.2994980073372115,
        5.190475833709307,
        0.4881631737624774,
        2.501394977145071,
        4.419017255066515,
        6.541686984935593,
        10.034247186232122,
        8.296836923370899,
        5.8917128997227515,
        8.237035070584929,
        7.74970016633981,
        7.1003077917630595,
        7.572210867149032,
        7.934899531690276,
        5.812844885408707,
        0.0,
        7.756767336473555,
        1.7937115154701422,
        0.0,
        1.0002182130849024,
        7.345940128304936,
        9.953659810805483,
        8.055875733421272,
        2.9829297209655774,
        0.09764212343842171,
        0.010279287636576484,
        8.190969935694184,
        2.5410190041328664,
        3.13983975080239,
        0.0,
        6.730482920576684,
        7.6594728388376705,
        4.612404096366071,
        3.4870807393388774,
        2.551151314381967,
        3.843031636994416,
        2.3635336515434844,
        7.158603463213678,
        5.586181297756584,
        8.652467551801147,
        2.0136288703913623,
        8.642035501500388,
        8.011427368587208,
        1.7826809900053235,
        3.5150402055076926,
        9.31021581186048,
        7.7714386918843426,
        4.3492302467755275,
        7.744463376198597,
        3.648246907876061,
        5.395747462267695,
        2.9469419411616573,
        8.636140386302623,
        4.027036388250811,
        5.00770447576668,
        3.6314558554623297,
        5.766834847030008,
        12.73354650421718,
        4.641501453086888,
        5.36995772213299,
        3.843287780703297,
        5.672422855419363,
        8.0844879648133,
        10.44177409349021,
        0.0,
        7.652215245047927,
        7.754900816471306,
        8.823926241176986,
        6.313918661180031,
        3.4298104851276845,
        3.6441575000522386,
        2.991665473624774,
        6.73068535043404,
        3.162036615409874,
        6.475535554765909,
        8.735373777437722,
        11.235873023234829,
        2.3683338638622664,
        4.55245234929908,
        6.573733304313433,
        5.860870053320454,
        0.0,
        2.961440572133654,
        9.063324652665926,
        6.813823684787488,
        6.741136432252958,
        5.980205166409244,
        0.0,
        7.666798511006369,
        6.6571933117917705,
        4.773826387881226,
        4.462764124370819,
        3.659297013662604,
        10.74992861338167,
        6.390360841787925,
        4.0985313866582285,
        4.079030289079378,
        5.717974663744484,
        1.5425551714858008,
        7.661737881324852,
        6.856853969480113,
        8.012524294862581,
        5.311670878744268,
        4.282223442426642,
        4.875728717015415,
        8.764797856748459,
        2.644654739105105,
        5.858964280330211,
        0.8293279313536566,
        6.8653579157357445,
        3.5118068242869898,
        5.421954943729621,
        10.999551884142003,
        5.215799460061507,
        4.560100823612609,
        1.5909945932955925,
        0.0,
        4.999302386999735,
        3.5372964985421347,
        4.322826974987223,
        5.417082175505816,
        6.996203323253416,
        6.2433389964118495,
        2.5303078581746927,
        2.1978252541364762,
        6.284175495042212,
        0.0,
        6.096791329567885,
        6.060233284449509,
        4.006997534330291,
        5.944142941543797,
        2.8626818976485815,
        5.841039039171251,
        5.128068282885898,
        3.395076235578236,
        0.38413877288839693,
        3.172695444279582,
        7.206081796883555,
        5.037855903274067,
        1.1716894189672304,
        7.468026318064274,
        9.083139550436766,
        3.9154318743486236,
        0.18844388658650413,
        10.835104924448853,
        5.123324428266778,
        2.3904621574831935,
        9.680683695699015,
        5.89195095862261,
        4.884060568431753,
        8.232813830904114,
        5.303413673710959,
        9.802502091794036,
        8.003407885665757,
