{
    "mean": 5,
    "no_cultures": 384,
    "rand_rs": [
        5.683677620581442,
        7.964064583839293,
        4.897909336672274,
        8.766041894176436,
        5.0207247494081875,
        10.224313468134678,
        7.042771302808822,
        2.198711713457236,
        6.068328976385456,
        7.41534932617692,
        0.0,
        3.30392419117809,
        5.436326123399304,
        2.0445036051387535,
        0.0,
        6.5451901657071545,
        6.851612936844118,
        5.753150654586856,
        5.425437425890066,
        3.223534946566663,
        6.16941005837028,
        9.889970471368386,
        0.0,
        11.007935356559209,
        8.374267181173172,
        4.742726137733852,
        1.64935765968736,
        5.198566331406724,
        8.02881634098778,
        6.125478011240839,
        0.0,
        5.528009173540019,
        11.158003300836995,
        2.5695224005056567,
        6.331734338728503,
        4.439577812684663,
        7.022624148846228,
        2.1926121290572897,
        6.88796840976682,
        3.6525558216463248,
        6.944576868513332,
        5.257940550448407,
        4.404967886655483,
        6.970948301972861,
        0.9054782616018384,
        7.3732819300996555,
        3.001618255309335,
        6.656615184040545,
        9.047422345047638,
        3.7126365066213713,
        9.361920226344253,
        6.22242675530385,
        6.9639478935837005,
        0.8613507704991878,
        8.704414245541832,
        6.934757713949235,
        1.7748124026557468,
        8.567097186890129,
        3.797420272537778,
        6.216503834665869,
        0.35976121857773524,
        6.203696532050893,
        1.7665880148685513,
        5.611583391275395,
        8.097988699703187,
        0.7983157420653644,
        2.2208101258452535,
        2.8171415151952006,
        8.987069725825732,
        4.156212104503624,
        4.937389384677683,
        0.9208891063819378,
        1.2542233415785615,
        0.18846919999091316,
        5.371874753516083,
        5.592181528920577,
        3.7080911246906743,
        0.9404624460481497,
        7.525370663404124,
        4.955281380018639,
        0.33102376772984154,
        1.9178475263602754,
        7.188327076190751,
        5.408116995605235,
        0.12196741760073326,
        9.15655950287687,
        10.98865301885331,
        3.608231060599617,
        2.2722762310679743,
        5.333709294829074,
        8.630926677076424,
        8.123533005975638,
        8.97587562857407,
        4.498723401292065,
        2.9945332735572237,
        2.4691931894158463,
        8.244172459045846,
        2.855565909389953,
        5.4704278446457515,
        2.8939212373014165,
        7.039912244969379,
        4.492042836532226,
        3.128121011858072,
        7.6520519005346035,
        2.0095806049041482,
        6.888150594679362,
        0.0,
        2.402570693388565,
        6.030597682202013,
        9.056001697329497,
        3.712804393329886,
        4.5410122572465275,
        0.0,
        0.5118865286296472,
        4.864032439704507,
        8.98977826422713,
        5.194924182971826,
        3.728409375189327,
        2.512030320683705,
        5.985415148093116,
        10.219173626370726,
        2.1261672224584176,
        4.650313508460821,
        2.8073642164424855,
        5.109246223984248,
        9.55236260152816,
        2.3224199123875966,
        1.2822758905482234,
        2.134602278162152,
        6.159693370195843,
        6.867676372853689,
        6.012592326273863,
        2.6916430490355756,
        2.1093643190756737,
        7.917696338536099,
        9.074091506162352,
        1.1967194755867565,
        14.81804817069473,
        0.0,
        5.881211210556433,
        9.30621109127259,
        4.689811132941914,
        10.990358618673643,
        0.9797946471518442,
        4.5959466616438815,
        5.802013959755494,
        5.089981144841317,
        3.315763262029963,
        8.368177462936483,
        2.5888102751512654,
        8.786521083961675,
        5.280948931520394,
        3.6299502760492546,
        2.9318103507170092,
        5.6466185293765445,
        1.3959025375561525,
        4.3148214353330365,
        5.752111654091145,
        6.341718572282796,
        1.9464664873241544,
        9.90119190025144,
        0.0,
        10.371896123058416,
        5.603140834746078,
        2.363804012880105,
        7.143286564722355,
        9.013051959734733,
        7.840740649877093,
        8.204995943040222,
        5.817326562916618,
        9.22630422275868,
        8.308793899531572,
        6.284563247308885,
        9.015814590532251,
        2.9938030644740685,
        2.340260139195739,
        6.039188531348488,
        5.109373686263008,
        2.1631754613377034,
        2.7954036163028326,
        7.707229298544297,
        6.9690909972243675,
        4.718059976051471,
        7.558947344224797,
        5.770600400805359,
        6.530915660604164,
        3.2407939660365024,
        6.204886233184477,
        1.6529069362727453,
        4.169585430257011,
        1.8497478219615133,
        0.03746318644308566,
        7.851888701486718,
        6.378253997754528,
        6.96521410576355,
        2.9654583618283206,
        11.240871548638594,
        3.102773706257714,
        3.3752233300069503,
        0.0,
        5.945695247222622,
        1.0729504041797844,
        4.331761982840541,
        4.349147616185762,
        7.0389650792497305,
        2.9224917330972584,
        0.8462160740384324,
        6.346090908849007,
        1.0659422294115792,
        5.195878141629748,
        6.013179303734496,
        9.880059842135068,
        2.3279031963184504,
        1.7435009409309572,
        7.496008171527209,
        1.760399550674495,
        4.219797171195085,
        6.880741985122827,
        9.718301957145659,
        9.727114133709623,
        4.378551009064735,
        7.129387787753028,
        1.3370414456079631,
        8.27661373819328,
        6.048781727188366,
        5.981400458269812,
        4.901443784885283,
        10.049076510551679,
        7.489565958756058,
        4.537441001002047,
        2.8020172128534773,
        1.2265600296651282,
        4.785966372410677,
        5.119172334029194,
        5.125600769490461,
        6.434907821100817,
        6.980121697280721,
        4.0000687947136555,
        1.9113183315107918,
        0.0,
        1.884614359015941,
        2.898426938068896,
        0.0,
        7.512813993834074,
        1.718886421648353,
        3.050593020878111,
        9.00013754676331,
        5.056940244758433,
        6.021884778134284,
        8.308993368915216,
        0.6510656434206101,
        8.869355734691876,
        5.157509052220578,
        4.726095306563163,
        0.7801664942865711,
        3.372635237301119,
        1.774898235373696,
        9.900966446218609,
        0.7669456216969737,
        1.5385642052300623,
        2.195351270295699,
        3.9335119814462027,
        8.16337174325685,
        4.509687030627062,
        5.380200506728164,
        4.667159556562615,
        9.799648526820597,
        6.687472196823233,
        10.31528009542039,
        9.843412195895581,
        4.879101363582533,
        3.9097131438446597,
        7.2756971179286385,
        4.526040333894486,
        4.782462252099313,
        7.715936687823966,
        4.375535100379388,
        6.9940060877172785,
        4.814734557700725,
        2.410381107806168,
        7.520178969691655,
        5.86243288447128,
        9.05917391144393,
        1.66531315878886,
        1.9036236346100504,
        2.2649764875995286,
        6.353894737249924,
        1.7864871950292116,
        0.0,
        7.652793757013642,
        4.661561212417152,
        3.9112865491376234,
        4.810214884134999,
        5.1965354188984,
        0.0,
        4.884111689451624,
        5.595365841721088,
        0.0,
