{
    "mean": 5,
    "no_cultures": 384,
    "rand_rs": [
        5.991869966899131,
        0.0,
        6.974776539794717,
        1.9213068268217928,
        7.19410511584956,
        9.015374650791296,
        8.509521865507768,
        4.932323943951373,
        6.75939550121843,
        9.338829446196232,
        6.358750375585512,
        2.090746069122785,
        5.890452312578342,
        5.2878161248366,
        3.118135574958922,
        0.0,
        6.08681353569243,
        4.672487035581019,
        6.334267821432419,
        6.288690352830893,
        2.7176327942767813,
        11.50443976211658,
        9.169822622944045,
        0.9355808607563549,
        0.0,
        3.6703466172548076,
        6.7178543875819425,
        2.740856763701563,
        2.193409814535932,
        3.076509403723115,
        8.531229935954604,
        1.9521113818168443,
        0.0,
        9.042851852357238,
        5.9125669839915265,
        6.715945578972693,
        6.521408873572808,
        0.27336517945038885,
        1.7335719395851212,
        6.809704280196883,
        3.4676492472223384,
        6.454440894818196,
        11.035625300359488,
        4.282486394857438,
        6.969130826200086,
        5.501209000036064,
        4.714789006005462,
        4.282283792182355,
        2.795498878345983,
        5.028811667339795,
        8.985774037349348,
        3.6171914959460922,
        0.5407476623632999,
        6.674411054720473,
        2.143574094857434,
        5.789280744656048,
        8.159776132597912,
        2.9604766195580714,
        6.580586526290424,
        5.486914667282205,
        1.9440871061899516,
        5.27508833543984,
        6.0257752055435665,
        6.4916937721606,
        8.171081859410442,
        4.49263543688455,
        6.9592201384456,
        7.976222124043035,
        0.5870537563326934,
        4.5956631903690806,
        4.560451999182089,
        4.300449669361619,
        3.2723039142790276,
        2.7100733935562245,
        2.654812474349523,
        7.997507956705362,
        6.458681669808087,
        6.373935956264589,
        10.044398564553266,
        5.3347986484983165,
        2.0938537280007057,
        6.812059121184163,
        5.622927093479434,
        5.575659612411184,
        3.072304345187812,
        3.416751921974317,
        5.1657011026025,
        6.629940890312683,
        3.089572438177137,
        7.673862789569723,
        5.620183049810967,
        4.816257858575756,
        4.590716516421453,
        6.165226896144645,
        0.0,
        5.575138004006834,
        2.9412984971472187,
        6.0336450107576,
        8.008611450523667,
        2.790208659374018,
        5.344422502538383,
        5.424915510033898,
        9.024602415799007,
        8.516152036372958,
        8.773132528547873,
        5.287297313591907,
        1.0595028125933306,
        9.10968778544812,
        0.9402451297964323,
        4.825901029898413,
        0.27218954275679685,
        4.803039498230711,
        9.415307045159235,
        1.758658084909389,
        4.510838910855788,
        8.567940384126656,
        4.543921007043318,
        2.726514441738762,
        4.38190953999393,
        4.4972964398586655,
        6.330505941562314,
        2.3679545548268472,
        2.195398242257123,
        2.708368302134354,
        0.6689082025036885,
        4.179786820233549,
        7.322584728676773,
        7.769586962047988,
        6.8392791479178925,
        5.328639919090689,
        0.33990169157243955,
        8.128615621839716,
        3.820295847547818,
        3.1054779872272666,
        4.769483176030486,
        3.16838723861717,
        6.3404681264749465,
        0.588031323169897,
        3.8033299335264354,
        6.304313848401513,
        4.5895190143950515,
        5.5509115648192555,
        4.69909929898548,
        7.4843648131418234,
        2.5275556847329153,
        4.316524952572124,
        11.245150193143237,
        3.1152830987847353,
        2.5408071422202525,
        10.658043914433057,
        2.9108463962091657,
        8.156029570417118,
        3.777105364173205,
        7.185176919293795,
        8.458292928227058,
        3.630730528693455,
        6.03246839365857,
        10.21213961234577,
        10.041976524404845,
        0.0,
        4.406877686604537,
        4.479237228681663,
        1.8875972121324098,
        8.105496404146297,
        4.052847200347321,
        5.289054216707714,
        1.174012691496774,
        4.9020781170436205,
        1.6310978997145305,
        0.0,
        2.669399743149872,
        8.70857187117578,
        5.203901677542908,
        9.1764980377724,
        3.0284089487641754,
        0.0,
        0.507754885316861,
        0.701225420594648,
        1.0450218021558522,
        5.913738562955121,
        6.382701984411996,
        5.93938284512535,
        3.8566918549162685,
        2.5193402108804017,
        1.506806025411175,
        5.815743690984238,
        0.0,
        7.373574217753756,
        9.653152468297879,
        6.589344901637176,
        7.593590021754322,
        6.150351805240575,
        5.48027953377427,
        7.374388029462269,
        4.762659354387646,
        0.0,
        7.581184245487744,
        2.697140493224625,
        3.778245991008675,
        11.054651546848765,
        1.8798358069252181,
        0.09353828971228317,
        5.395446366812392,
        5.020545318235405,
        8.068243658129907,
        7.00959376822205,
        7.268416127847578,
        6.738868530897584,
        7.151049713575379,
        4.881829605117224,
        0.5616938348325009,
        5.954781460487077,
        3.462463759492911,
        0.0,
        3.360524600022301,
        3.8500392264673473,
        8.72342041626493,
        7.656834101997553,
        9.326445285405244,
        3.6214974158549533,
        7.325135763468187,
        8.299404393689768,
        3.786290456504651,
        5.465545359868318,
        11.829496449217645,
        3.6324308445016564,
        5.10369767653886,
        3.2341185734528306,
        6.385896950653505,
        0.0,
        4.367336207242064,
        1.6447031866265904,
        7.030921537906061,
        0.0,
        4.231885149585763,
        1.1752879109560084,
        7.034984925323545,
        10.278586873407196,
        4.259019062923132,
        10.348641438878888,
        5.306782395567895,
        3.2221106517718314,
        1.9147357081121488,
        6.733009624699662,
        7.141599186312048,
        3.754429182636903,
        1.6817806242838973,
        6.753340618603126,
        4.912336590890631,
        4.720505676109313,
        1.9361548773460795,
        3.70656691753595,
        8.376748190872926,
        1.136933795247093,
        7.334815100551063,
        7.684319827851873,
        10.568902840339156,
        2.3699841781413777,
        4.545905309867811,
        8.917281266228567,
        8.019009036055177,
        6.6537411742249,
        4.27323993567265,
        3.148887673348341,
        5.585353209294649,
        2.488315129112579,
        0.19162174941050836,
        0.0,
        4.31088001145244,
        3.8617424135409393,
        3.3994949859992594,
        10.902850534946356,
        5.390948207899809,
        5.77910319438858,
        6.3488500467957785,
        3.163973257508052,
        2.353886672320878,
        5.496289358305244,
        10.327856549938334,
        7.938281209107004,
        0.0,
        7.044804645313569,
        6.795497870800274,
        8.926723531054893,
        3.5768115426882185,
        2.9908701359431844,
        3.0447364732396225,
        6.997358788900373,
        7.067313303629892,
        0.0,
        2.947325292211635,
        6.680611788311358,
        9.08084834055942,
        5.319411776357974,
        8.365324385032062,
        9.108648451287372,
        2.6766531999249805,
        7.013390969526203,
        0.0,
        1.0696867190305452,
        5.285554211089366,
