{
    "mean": 5,
    "no_cultures": 384,
    "rand_rs": [
        0.3568116825969234,
        4.575956384103318,
        6.3505168277847615,
        6.5095717423403965,
        3.585128992182131,
        3.3040021114588547,
        3.0049100135581317,
        3.3214815070565282,
        7.939621725617245,
        4.493423153580933,
        6.989550825665715,
        9.396547106139199,
        5.013286169490434,
        7.066327837725883,
        7.722411623069439,
        9.240642756631239,
        7.159217670543555,
        0.0,
        6.609576142565388,
        2.055982922375962,
        0.024668267337345284,
        6.758086748372507,
        2.979088923015292,
        7.818870829517292,
        5.8599504130558016,
        7.118759994605829,
        10.97235034684325,
        10.571655667743693,
        8.985078277709686,
        8.428060981053216,
        4.438784062888402,
        6.097235001470334,
        4.208956244230418,
        5.077495724503095,
        3.419783634058903,
        5.717310262221301,
        10.017529940572645,
        2.9752690937880106,
        3.206897123737153,
        2.6700207137804823,
        4.309601791687498,
        14.344824717382597,
        4.616957383544457,
        5.1718841158764794,
        3.3890398453919612,
        4.115928280080272,
        4.513427838585955,
        7.656340428079906,
        0.9600831002266492,
        5.431245876535636,
        4.737623218999225,
        3.534504116268952,
        3.581651041490632,
        4.446450268248562,
        2.573610180242266,
        2.3240898711760396,
        6.610571468496289,
        7.360738887149299,
        5.160201431119591,
        6.1850504456094715,
        2.6216744372727296,
        4.870521415134043,
        3.1591814038602117,
        3.737404310189178,
        10.595874480729456,
        7.264980950690335,
        10.451887314084301,
        5.059119581561384,
        7.629167694410229,
        5.6413004064134356,
        6.400229929334998,
        8.663923589976102,
        4.713141915708397,
        3.888624034929203,
        8.778005069196675,
        8.085441487830634,
        5.849751957921091,
        1.8149252157849411,
        2.266123292909666,
        7.784116879281762,
        5.801936149223954,
        6.103470199071367,
        4.450084454094474,
        1.0943764386149595,
        4.879461209823811,
        2.144363368754836,
        2.003641550865895,
        6.30979769434782,
        3.6348128898114185,
        10.337484152745347,
        2.6014206987760717,
        6.386843855789081,
        5.454916239241426,
        5.171392488937339,
        3.939916832209736,
        10.703503038447328,
        9.509814992177848,
        6.165761378384016,
        5.1510474149382075,
        10.535815574884483,
        10.920774925458804,
        7.2944052129337305,
        11.450566285612895,
        5.793069087770939,
        1.7178329173255076,
        12.314014448618279,
        5.304647153145047,
        3.9024913473729157,
        6.104090051952259,
        7.966475967043387,
        6.377215346045749,
        3.8564040431766897,
        0.0,
        5.192749811937048,
        3.0373863113751387,
        8.086257765442562,
        2.0268481340669897,
        2.2345219402869363,
        5.808110040784008,
        3.6005268433930304,
        9.320918876267307,
        2.922073218945646,
        0.7903404261764413,
        0.6008320790856603,
        0.0,
        9.504515792775052,
        2.315956635727537,
        3.46658915872107,
        4.920698891666871,
        0.0,
        2.988486611817808,
        10.016556458156128,
        5.423861780875276,
        0.0,
        0.0,
        4.85375474276126,
        3.474744126111385,
        4.211647728609819,
        9.511994658347573,
        2.957001717430045,
        0.0,
        4.680524128090882,
        3.902588639017067,
        4.5818329670781495,
        2.6429018704608644,
        4.863090868696127,
        6.70734981575996,
        9.935678607661348,
        5.065266546204991,
        0.9534555692292024,
        7.819923100181234,
        5.115566712159873,
        6.989047574746558,
        3.9487583699369386,
        2.9341107631450005,
        1.7871609715506436,
        7.937946171231278,
        1.6872151542433835,
        7.584106383147791,
        2.86982697250656,
        3.108929700645369,
        6.241143505164295,
        2.295708870704181,
        3.14236342460253,
        8.753393199727324,
        5.961697809696826,
        6.598390698296045,
        3.337221991671142,
        6.5166421410659545,
        6.6686771601165855,
        0.0,
        8.50096122857775,
        7.308811478136485,
        3.994582613274262,
        4.910073986679875,
        7.012734656341575,
        7.5741770935026205,
        5.933748112974438,
        6.478802463143484,
        4.0939295245239204,
        5.50269008853922,
        4.460411729246989,
        5.766116519125091,
        9.546130141402518,
        8.013344500159114,
        10.988927202073075,
        5.292256315777546,
        1.6646488447765684,
        6.162816005368656,
        7.857420016142703,
        1.9544593359787266,
        6.225052221528827,
        3.067121454525693,
        5.828741494845336,
        6.130377838080817,
        6.3682419743898695,
        5.253229774212292,
        7.427551958756288,
        9.597936591235282,
        1.8436355711239614,
        5.427838312156972,
        9.733597734583483,
        3.2928764158088697,
        2.3587567250497137,
        3.5474259502077023,
        0.0,
        8.464939424006324,
        0.0,
        2.6237857907223594,
        9.425043013780968,
        11.07171048447111,
        5.110453303494804,
        3.3160594635674068,
        3.8462714770886954,
        3.57257554486422,
        6.726298588594159,
        0.6513722770615873,
        5.156663801050144,
        3.90928685596912,
        5.3931077447261355,
        6.1509212706484115,
        3.967189336147237,
        4.729658379597452,
        7.293951827602594,
        3.2623746305938233,
        7.597349372516135,
        7.138493888471016,
        8.348592471195865,
        7.862201141197955,
        5.717357552284641,
        2.7265150361614494,
        5.2402513041206245,
        1.632289210297062,
        7.779319973697965,
        6.6892289672215774,
        5.4810950119275095,
        7.256566339302407,
        7.099146543662851,
        1.7304248513349223,
        10.611558128686767,
        3.028712894835773,
        3.7900394779379116,
        4.8371960749147425,
        0.3438937021582005,
        5.0485519844974185,
        6.5868100296431535,
        5.88516109229007,
        10.90464042704073,
        2.0812186914273454,
        6.123400438112365,
        6.489469781187088,
        6.615249768521444,
        7.065907218198444,
        3.076227314790974,
        3.7547737425202845,
        11.242003467503798,
        1.6993432150150287,
        3.8277154326487453,
        2.681579836652193,
        0.0,
        2.6405052049248914,
        5.243749986104986,
        4.13383884629843,
        11.207457267064363,
        4.821182057415751,
        0.0,
        0.0,
        5.088223371214271,
        5.870883762736642,
        4.675199665815917,
        12.51863435780117,
        8.207557638062347,
        0.0,
        2.2504160478799884,
        8.950503174742801,
        4.13742796068274,
        9.0435917705955,
        3.755282945984809,
        2.845851560549529,
        6.940331595403555,
        4.915326242462295,
        7.675090937074735,
        5.78400718123172,
        7.319085376326184,
        9.954747742243416,
        5.511576756538444,
        3.616388267593451,
        5.43039168277701,
        7.096400342345411,
        3.3197012484074597,
        11.76657346153539,
        0.3475091530346841,
        0.0,
        4.540077634775363,
        2.365972139437416,
        2.2503304772435704,
        2.743978976894794,
        7.01993222047146,
        1.7210553285361674,
