{
    "mean": 5,
    "no_cultures": 384,
    "rand_rs": [
        4.636407334315179,
        0.0,
        0.4837046220433354,
        2.518946861099229,
        5.338548371667684,
        2.563042000485792,
        3.95626606188006,
        3.2385787933826427,
        12.103241620176796,
        7.18118800502169,
        3.9381200279682815,
        2.0167351492341297,
        0.7642608785670983,
        1.2773621488874753,
        7.916274693265883,
        9.577226151322929,
        4.433367364398783,
        3.9523507952686803,
        2.5607680982134475,
        3.148628685286379,
        4.013830002026483,
        0.0,
        3.033485308786184,
        6.0461389405991435,
        11.640797327418984,
        11.786717892978988,
        2.9598817038681466,
        1.8270626307104507,
        2.929284072540108,
        3.9236286105359612,
        5.910410879758607,
        5.450253336566352,
        1.8846582247833061,
        4.587642916555369,
        6.097536914397009,
        13.21089381261893,
        7.517177848708106,
        1.9000873902133795,
        3.6853137080852414,
        7.43042604654697,
        8.858312675669726,
        6.279165226049248,
        4.433888840729548,
        7.932140652271033,
        3.8004651710525286,
        9.319242786039343,
        6.449540917197532,
        4.1625606779555175,
        0.0,
        1.4261348029932406,
        6.687414417210006,
        8.282706170061973,
        5.670134675989632,
        2.3801031633062926,
        6.913663028575515,
        6.08002032026113,
        5.49172407737845,
        9.172541541715146,
        9.922425578755423,
        8.600085934052345,
        4.435860403669577,
        5.997223282436662,
        6.0515706199763555,
        8.948066349854201,
        1.7094003687990424,
        5.293868399162419,
        6.332624265862885,
        1.8819492631547554,
        5.038716417362031,
        1.8566951220381833,
        6.195050133903502,
        5.928730931994571,
        10.580045654880013,
        3.1051833995214118,
        3.1532506183312483,
        8.295078779649316,
        3.8326758144499804,
        8.11198674466284,
        6.334923869386319,
        10.250632891973657,
        5.687157850029012,
        9.79055108606224,
        9.036622447817393,
        3.9342184401125655,
        4.110057584214156,
        6.621285259577336,
        5.300074347602516,
        0.0,
        5.655396852577013,
        3.647043535723764,
        7.752185878231424,
        7.736484801444139,
        3.017591004660811,
        6.752628456813808,
        8.145570738329559,
        6.991135536507287,
        1.6761477866161743,
        5.638861659483336,
        3.61888123280733,
        3.8396346296449475,
        3.659636327093117,
        1.9618098128406984,
        4.786182932995821,
        6.612601362790101,
        4.427384083129002,
        6.665713028321334,
        9.345810102538323,
        2.700852055643331,
        7.025113179240659,
        2.162459945964469,
        6.429537181353215,
        3.002366432860484,
        4.476878445170831,
        0.5007341951222655,
        2.7426963532721516,
        1.4063938305677057,
        11.586551103262465,
        3.1030215405201256,
        3.6600169893888204,
        5.507045333201342,
        6.780901613209815,
        1.3763925582986056,
        0.0,
        5.874186348030928,
        6.3280051866161235,
        3.3280205997052805,
        2.7690265357459327,
        1.7324451826131062,
        4.766967173527828,
        6.747330836823827,
        5.7273133178955655,
        1.1256974007233653,
        3.0400399917003655,
        3.765897567119225,
        4.116783898045234,
        5.099362442833639,
        4.189988814684068,
        5.840465062751292,
        14.532147841337903,
        7.497262535181257,
        6.545055070010271,
        1.2425877826529428,
        5.835150180383329,
        11.205114803069868,
        5.826793596336508,
        2.830098376951274,
        1.196800083456702,
        3.505266378012074,
        1.110639008525104,
        8.335639398855353,
        7.66641411228245,
        4.210748080416524,
        6.674535612262519,
        6.2760342914414045,
        3.254491865805688,
        0.7744906412488222,
        6.557159297846972,
        0.9232605397341196,
        3.837767452232216,
        0.3299233466959617,
        8.375203235001912,
        0.0,
        1.9304358885619424,
        8.137436526907065,
        2.406165137803859,
        6.446330113864893,
        6.752481027511859,
        5.2114201425879925,
        7.003973969918642,
        5.5488731426218205,
        5.508191811790032,
        8.117733931320075,
        1.6409786740227528,
        1.748014777665707,
        4.103094134979601,
        7.165211036483704,
        5.077523417117318,
        5.087692279646295,
        8.18393023236654,
        8.925371928228355,
        6.345663603715187,
        8.75514629645351,
        3.5791762479005422,
        3.3700459518541184,
        8.545018189344598,
        2.7724292364652254,
        1.7035846261615597,
        5.986244604607984,
        6.432717399052002,
        10.893976717442472,
        7.928190014422489,
        3.0692378067895456,
        8.39497065969638,
        8.297185737805364,
        4.082723052129186,
        3.534454200616524,
        9.387884714962157,
        1.882957358110641,
        4.662125047387577,
        5.643546093212435,
        2.0998982873692915,
        3.0198553073023184,
        0.0,
        1.1885686653002692,
        0.0,
        9.306364290439983,
        3.433157042557023,
        1.3401953690484478,
        3.3112223751458125,
        2.83909269139047,
        3.4594618582141243,
        4.5218545524071665,
        3.89428706167502,
        6.4360249747849565,
        4.398257973090045,
        4.5024981697886375,
        0.6142176543206137,
        3.6165541267524564,
        2.583894792064736,
        4.0341232237093765,
        10.346642760780105,
        5.3839363736394334,
        4.806278675730982,
        5.867201009772511,
        6.921511881354341,
        8.232439527656451,
        2.0019668081453377,
        0.15013196777617743,
        4.616139180851823,
        7.816657935957556,
        2.4461866047688265,
        8.774759745736468,
        0.0,
        2.807713352423732,
        4.278819910961619,
        8.378675097200116,
        5.808937733363516,
        3.870133975834392,
        1.8896650034430604,
        11.814835354050313,
        6.2581623589387565,
        3.2556779878281836,
        4.050434127351396,
        3.305574316891135,
        6.644761748868311,
        2.4843976801584446,
        6.439626356348773,
        8.845900094050744,
        9.585477782114628,
        7.14173247948537,
        6.324145574909215,
        8.161002649099697,
        5.698144246547675,
        3.290542457484521,
        4.145358768694563,
        0.47265500864452115,
        4.99104771339662,
        8.012283155325742,
        5.8018803497805616,
        5.32271834570562,
        7.733173581772421,
        3.808752338506201,
        3.950348600910721,
        3.2221804237975764,
        3.248648152962666,
        11.60431821566511,
        2.7065627398208654,
        3.412137649129793,
        0.0,
        1.3080996291469402,
        8.230996810828529,
        9.71542263833701,
        4.382051555776863,
        5.164080747265518,
        0.0,
        5.527326777979688,
        2.6255261021863716,
        6.0974985948736835,
        0.5724355184038856,
        4.859367977344496,
        9.43227966092034,
        2.007850816995469,
        3.4936729218944143,
        7.311734970845124,
        5.201355444195608,
        4.282645133012428,
        4.071555950546043,
        6.070056470447991,
        5.34709350131103,
        4.299954005888951,
        3.339820636316896,
        6.261108792299394,
        2.987530361690061,
        7.715396641141803,
        6.034989249761755,
        9.863984523526582,
