{
    "mean": 5,
    "no_cultures": 384,
    "rand_rs": [
        3.2188897288317766,
        2.4513851669212308,
        10.543391114166482,
        8.005617987863864,
        5.2502635532009885,
        4.496488430831625,
        4.148127213819686,
        11.36640871484607,
        4.4426365910721906,
        2.9413230258080256,
        9.748027997175724,
        9.928367803905786,
        1.1871841319054193,
        5.002375932719847,
        7.202765900786626,
        10.579846033847131,
        8.840138701696555,
        8.455189220632832,
        4.735763747505918,
        6.726683878248135,
        1.9626711192736317,
        8.844644483790418,
        4.982517957563453,
        2.5337445704968617,
        2.6369333906524073,
        7.230530239127492,
        4.737008985945298,
        2.1443907644952116,
        4.404308278677846,
        2.3552845397909703,
        4.326256851596202,
        1.527211886147429,
        4.780120103253753,
        4.057172317992363,
        2.0381594758294144,
        4.5839455793857855,
        6.421115012064247,
        1.2054233163532717,
        3.2480627407789022,
        7.1646973615871765,
        2.6861338655085314,
        6.818672740701997,
        0.0,
        5.36118759171072,
        2.851814843088672,
        0.0,
        1.3072082003838723,
        2.8294984373511167,
        2.425497300339313,
        2.123515273870502,
        5.092555330003763,
        7.026374983022562,
        4.333722357175506,
        0.913231405329678,
        8.045238833026241,
        6.85200837437514,
        3.698346947003296,
        3.9973585955855215,
        0.9777330636326935,
        4.4134318178834375,
        0.0,
        5.74571610087078,
        4.739632331222772,
        10.587211356203962,
        1.8109771699347172,
        0.7363432587849426,
        5.917644340847995,
        6.261881407990782,
        5.016104584379433,
        7.13589743793206,
        10.510805234971969,
        4.997443525519137,
        6.347059655188111,
        3.0802343631998506,
        8.198785556373954,
        4.187486009468815,
        9.508589871550118,
        6.343505106629175,
        4.202597143189476,
        2.1651747077313286,
        9.544631888671322,
        8.088456786644183,
        5.32478964089738,
        7.470307669114606,
        1.640867410876612,
        5.177864447168292,
        7.942141513808914,
        1.3589157533243843,
        7.6941341803189935,
        5.284013541340328,
        5.53407863757231,
        2.372681881831767,
        7.273660133524973,
        3.117183661937636,
        6.284362773372967,
        0.8974740127210117,
        0.04464279737437771,
        9.061968586353029,
        1.5405761108324239,
        1.666465099625161,
        3.2679703143252703,
        3.146529486083555,
        9.598910209102117,
        10.396447523640482,
        0.9825546340266476,
        0.9170461355681248,
        2.2175369483851712,
        9.598731396124183,
        2.1883874781811117,
        4.79716432053965,
        6.211024934763904,
        4.203201919405382,
        4.483052623988533,
        3.071457803614187,
        5.818194257139128,
        0.9834064942720371,
        2.815322763406985,
        8.380878566249383,
        4.370574838684422,
        2.584876874133923,
        6.103817991692732,
        5.094927831046494,
        3.5603854291358985,
        4.878112604905214,
        4.389793400778776,
        5.289778836032312,
        10.078591705160232,
        12.196673401683116,
        7.84092207081248,
        7.388260955024895,
        1.894090658921776,
        3.4706657640565446,
        9.052645356155121,
        3.5887314307665106,
        5.034774384614627,
        3.4175633687521634,
        5.0220398700689035,
        3.131607184609239,
        7.496992251669074,
        1.8652674234740472,
        5.712901495869545,
        0.3276358993632318,
        0.0,
        9.241413170052489,
        8.140940286965893,
        3.5814371290601565,
        0.41592168642667815,
        4.623548716791104,
        5.428138564357829,
        0.0,
        9.160898187100292,
        6.958729101735525,
        3.915667153339075,
        4.686157235794513,
        2.989742566354059,
        10.832589865262202,
        3.924491577463856,
        4.817524629206963,
        5.202720415919507,
        8.091231024227982,
        7.715414041612489,
        6.972760818925572,
        2.8527302882533028,
        4.878748999025928,
        6.3399045805299155,
        7.064490572488967,
        2.796617638234082,
        2.7291578589995673,
        4.960672150169615,
        5.626800554641438,
        1.9984544461648426,
        5.775620809392475,
        0.2907325925792952,
        3.823563209112736,
        4.765972574466327,
        9.179896774237875,
        5.5002076489259935,
        0.0,
        2.621758135065101,
        5.083989920334453,
        1.5413335344870052,
        3.160918307000801,
        11.522186429172182,
        10.46841004384273,
        1.5218184495702385,
        6.60273800780822,
        2.3495366700407443,
        6.14192318537825,
        4.582719468364074,
        6.046675416649861,
        6.355921990404224,
        1.7899016030517707,
        3.4084902659707605,
        6.409786949020237,
        11.989822461162435,
        6.75464566170821,
        2.782839706357472,
        5.486064995495393,
        5.1372093937398065,
        10.481724141330645,
        4.2272586474995935,
        7.672224861783313,
        3.4490086500271637,
        3.218540438293875,
        10.019036479875343,
        0.0,
        5.181794702495401,
        6.12562584360737,
        0.1332904121193783,
        2.9852172640248513,
        7.713938364630182,
        9.184977864443175,
        11.159595041387265,
        5.1818790657178555,
        6.8746356510600055,
        4.9768035222943885,
        5.376352589919844,
        0.6462777146200853,
        6.241272845111123,
        5.675656063524349,
        6.610765922317844,
        1.820865021813308,
        5.268914491999613,
        8.569363284276381,
        6.102136006333527,
        7.993123881106763,
        3.6103961300222673,
        0.0,
        9.709090392321745,
        9.817638025367968,
        8.689268059759925,
        7.352441846466148,
        1.7127626044573585,
        13.107958910679393,
        5.996505570042094,
        6.955475866920643,
        4.787874068515859,
        9.305095961197036,
        6.440377429083213,
        8.65550055774037,
        4.70926454476256,
        6.4948951642123,
        4.058686299904185,
        7.938723353267391,
        3.3923498468597137,
        6.0038171573117385,
        10.64115460362069,
        5.105904256291612,
        6.7604834266860845,
        3.9530438408743196,
        6.6035739130070406,
        8.162530869177298,
        3.572596409296126,
        5.987475670697436,
        0.0,
        7.511595821278789,
        10.976896319645311,
        3.137481853050886,
        10.001221610833985,
        2.9890456883853878,
        9.181404915507375,
        5.861399579908252,
        3.3736022897796434,
        1.33271532793,
        5.108715765959717,
        4.341020412809789,
        3.992765946957101,
        4.3348770020081515,
        0.0,
        1.8784377285189264,
        1.1935884023104784,
        5.421815688461463,
        3.568138403937499,
        1.9502672883490635,
        6.052264572772767,
        5.380712962755731,
        7.883241158017993,
        4.461602853541024,
        6.0983967921989635,
        7.769408451731113,
        9.146036641800304,
        2.772057305099067,
        4.4930351867179645,
        1.8152874514620052,
        5.103772702220998,
        0.19158366522944803,
        3.324587019805259,
        6.139069322149879,
        2.78577876752363,
        6.520479341752911,
        7.581948431892071,
        1.2260733543644111,
        3.048316065694157,
        4.868143490421666,
        9.327501366272028,
        6.397504734316941,
