{
    "mean": 5,
    "no_cultures": 384,
    "rand_rs": [
        4.551490720576908,
        0.043800403816659284,
        3.067525993034136,
        5.33315491483443,
        4.929396394627426,
        8.81041684892315,
        1.3633143794042546,
        4.306803743278961,
        3.9167388664696303,
        5.088296516782175,
        4.2221286019407485,
        5.402396078784848,
        3.474602815137346,
        0.9016354641360351,
        3.7470522241894555,
        4.955092370594677,
        7.052685266763495,
        2.468703201128713,
        0.0,
        6.398506249877382,
        6.57240640395193,
        4.667781034069612,
        4.078421392387086,
        8.813039215320943,
        10.70689712057056,
        1.6269497903766936,
        0.06356139736571986,
        3.3263110988227256,
        3.4419985534609565,
        7.760812303456005,
        4.866652121330734,
        2.198505220364769,
        0.0,
        1.2234457863075852,
        2.4126202640729906,
        5.322716653592634,
        2.7221709481746426,
        4.065892792974835,
        7.683855158195233,
        5.900856527042355,
        3.1080033077845854,
        8.74728171779273,
        6.973326796556231,
        8.861596275128706,
        5.891564299733511,
        8.727472655460108,
        5.3335864714233985,
        5.948014504042502,
        4.881400646053976,
        6.293849140652442,
        4.146341408117217,
        3.3804901091762845,
        6.086725764039471,
        4.158775902072265,
        5.5058485903459164,
        2.892483362886363,
        0.0,
        6.631850399408249,
        1.855304652450243,
        5.650624764255024,
        6.285106477965344,
        2.1255885033239172,
        5.964392601317912,
        6.594680562802216,
        3.791989425049288,
        0.7850415290976231,
        0.0,
        3.3463144994316485,
        11.347917847081405,
        3.4520186837238716,
        7.2318913190433385,
        5.823365609950243,
        1.9186830053088668,
        9.879152965405387,
        6.920223493948655,
        6.76581484618727,
        9.396787764223262,
        4.619378556469918,
        0.0,
        0.0,
        3.896900048534496,
        2.1524271306972076,
        3.974410496126546,
        3.462276532299081,
        10.54496561951418,
        6.145207370047008,
        9.22869440229574,
        10.499503456530288,
        5.932551420899455,
        3.3590162255707448,
        8.941827720769883,
        4.254285690083695,
        0.0,
        2.549591374463781,
        8.258977207451048,
        7.073218396246283,
        0.0,
        5.718559732053119,
        4.333782604554709,
        8.9784155841357,
        5.908259935495402,
        7.4626937929295885,
        7.813097894801709,
        5.068434238613397,
        7.018107012004332,
        3.343217990471318,
        8.661917755870347,
        2.6078990498483394,
        3.1718746002167664,
        1.7366318633479958,
        0.8818331430181194,
        0.0,
        3.152291313754265,
        5.395344398215124,
        6.8445917312677285,
        7.29881902584963,
        2.008414669828393,
        2.3766037836258644,
        2.7557386238975425,
        10.422769284539195,
        8.016119157003207,
        3.8762914777176536,
        9.286750860319156,
        6.173852826090686,
        4.383432680710632,
        1.3563835581519381,
        10.591249683544238,
        5.6788616545557415,
        5.098422052710872,
        7.290277609976708,
        0.0,
        3.4198753954099397,
        5.091723276479245,
        3.0943628181563048,
        2.3932720651092794,
        4.494592922047628,
        5.148637296015337,
        1.4308649865668719,
        6.375178075842792,
        3.783830863525771,
        2.5728154773442586,
        5.869262885909097,
        5.72141510208815,
        11.65618661724804,
        2.862284878353922,
        4.322651296506712,
        6.494061455252732,
        7.617886018258687,
        5.644558317589081,
        4.563646914187091,
        5.940034978911539,
        10.924738333402518,
        0.0,
        2.686115037539089,
        6.400024995869371,
        1.736050783460577,
        8.867270405739948,
        4.8284979514789805,
        2.7123726986715626,
        11.358720084643945,
        3.821147238634241,
        6.296221844184707,
        3.2165983776824207,
        6.973196040861353,
        0.0,
        4.34872015111688,
        3.830084140413882,
        9.050486693071058,
        7.110557687102187,
        5.6186422987647004,
        4.1579413155113025,
        5.449254754579957,
        9.687117144644574,
        5.500654052321201,
        3.8543167388322437,
        5.6854863746888915,
        1.4288378882168415,
        6.52583813910209,
        7.528193888457391,
        2.9967130065813326,
        1.460608223364824,
        6.262760085785279,
        1.7656860199250763,
        5.348115201004862,
        10.460874587166735,
        13.12221131048188,
        5.916466146786086,
        0.0,
        0.0,
        0.0,
        7.946621460097089,
        0.0,
        2.9267395775867717,
        8.181537859822157,
        3.9926064412126623,
        4.6466081748198595,
        10.287193362076987,
        6.034596679709309,
        1.9207710390171826,
        0.0,
        7.688879825330021,
        10.162187141434629,
        10.057155612635698,
        5.749629784698691,
        3.3457302280636725,
        6.02574434981193,
        0.15659496392669148,
        4.4563293616052135,
        6.4237735411209735,
        6.3490982343854565,
        10.113647627075505,
        10.318388534174566,
        6.0208135167077845,
        5.210621181044103,
        5.464744980583817,
        9.653302517503167,
        3.194854496928653,
        4.821774309277309,
        3.19846493897731,
        6.940283821605459,
        8.122663265843482,
        6.76747661711123,
        3.372573902830493,
        4.0680178749823375,
        4.503162937142892,
        3.3033389087709866,
        6.1312710874801795,
        2.2977614865870954,
        0.3826742806103747,
        7.882008559389435,
        4.307657378544501,
        2.096107996535409,
        12.506232292295564,
        0.0,
        7.909981847387041,
        1.2273096685044607,
        6.85975009301157,
        5.187656241204408,
        5.373476553620195,
        0.0,
        4.579252037991941,
        1.2372205430100758,
        11.415325842644112,
        6.029042209763274,
        0.548383167420587,
        3.293447404065968,
        1.2356207997530309,
        8.781952270751354,
        1.8931163683599759,
        0.6513908100524386,
        9.516995506334595,
        7.733726175982964,
        5.255976060814897,
        4.907711993344934,
        7.82328084043996,
        9.836875868878447,
        10.345534550549848,
        5.132399863489748,
        7.839215093031385,
        8.685268018315,
        2.923782780030069,
        10.99609296576089,
        6.461019721754299,
        0.9947137472458873,
        1.9774084177682796,
        6.570410122424104,
        6.5727531226743325,
        9.569428669250772,
        9.232827100321824,
        6.4989345417309075,
        4.082130927200457,
        8.430535803598401,
        11.862592594855464,
        4.630310440898197,
        5.0793258612219,
        6.616850298212488,
        6.270132747954739,
        6.794396171013455,
        3.4592780566163013,
        5.747943869773774,
        9.461300959357658,
        5.391431816436957,
        7.163219483181954,
        3.0925558280520233,
        5.834789576686755,
        7.317519946079041,
        0.20347334836137954,
        3.3592516152978584,
        6.0718337216163745,
        0.9732628342482395,
        5.609885005648717,
        1.300132465645559,
        11.301966374143007,
        6.469433156823475,
        1.99169834464234,
        0.0,
        4.947078112644229,
        10.289786151935822,
        3.1135840910574912,
        6.6279167545184965,
        2.7084473612062077,
