{
    "mean": 5,
    "no_cultures": 384,
    "rand_rs": [
        0.0,
        7.3453242173960245,
        0.0,
        3.682867265251697,
        6.3284071546692475,
        7.2956531906855355,
        6.653572445322709,
        9.408413212225291,
        2.930855054467178,
        4.298462482737235,
        3.045686748662768,
        5.838055069569909,
        2.7753606040759515,
        6.380307360721797,
        4.37970851055396,
        0.0,
        0.0,
        2.6785911308761223,
        4.421738253086236,
        6.145104949214788,
        7.497394665763144,
        0.5147548462976221,
        3.1217392018327397,
        0.13561976899431283,
        5.1845625931389945,
        3.177413081442637,
        8.289422886409927,
        5.48026557969647,
        8.111924713620166,
        0.0,
        2.8332405797869114,
        1.5507703874444934,
        0.0,
        10.437438308373858,
        5.301195266842476,
        11.630842921940067,
        8.652027161965524,
        5.046154702376866,
        0.27083143311708646,
        3.989626624966754,
        4.326065661870176,
        3.457116032418647,
        3.462986431653435,
        3.1724018130523386,
        6.211876995145714,
        4.557224243329651,
        7.873354593058844,
        6.66913920975392,
        0.09857952730094688,
        5.155341685795767,
        4.138290778124297,
        6.507302887755408,
        6.072339903318636,
        7.793837602302512,
        0.0804501539551552,
        0.9913806339328683,
        1.4954906393000837,
        0.0,
        7.547432947827802,
        6.004864458515188,
        9.48649678717679,
        3.9588092896200364,
        4.063914461158242,
        9.058771927674655,
        7.980212347999926,
        0.0,
        3.764936871591829,
        2.914443329962181,
        8.581415294590757,
        4.4577444463879266,
        5.8357036626871555,
        9.707314963126482,
        5.524565826351693,
        0.9623847118870597,
        8.364700936836185,
        2.9367649140247525,
        5.7669697415901195,
        8.074861536184752,
        7.56455258337366,
        14.772908514977637,
        7.263425767750985,
        3.443615337792667,
        2.0330068653512607,
        5.919254419460684,
        7.2900417770940535,
        3.8137042305919056,
        5.62746124568168,
        2.3539546227920374,
        4.740383045217504,
        1.6616627128903647,
        3.531141567163008,
        4.9779376985005515,
        0.725301776079597,
        2.431763376951193,
        4.77899571119133,
        2.0454716759024225,
        2.7283241875462925,
        1.4937508534396926,
        5.847412127219598,
        6.581830753608528,
        7.2841198192262055,
        2.0118991960661377,
        4.481014910438668,
        5.586795818058458,
        5.525604747378095,
        2.1867971616917234,
        0.7153790565325631,
        8.963308889132595,
        5.347658644158167,
        7.604171343852567,
        0.0,
        6.358554727399106,
        7.344153939641284,
        1.906813280719104,
        4.174462624083436,
        4.633661360252533,
        4.171429128508076,
        4.529504871603241,
        3.129216343376367,
        2.1588396966472945,
        2.986511769542881,
        5.119453858492655,
        11.32102827468265,
        2.2518475541898644,
        7.202565283271572,
        4.364469865235543,
        1.558755423277514,
        3.789882692683822,
        4.367145847063757,
        1.4503414488242319,
        8.133920638844799,
        6.580342370208301,
        1.6705633399579645,
        2.0895540842448064,
        2.6147123157641485,
        1.0350271823227564,
        0.0,
        4.477806714294578,
        2.2040124623500676,
        7.8507658453798665,
        7.052342487873046,
        7.51115324227489,
        8.113908756381168,
        5.615853998728686,
        5.359856275266188,
        2.3242181133806934,
        4.990141125659681,
        0.0,
        6.997235634496392,
        2.1898751107144516,
        5.155268111070161,
        8.857735742612665,
        3.018289176084706,
        1.9365224451247278,
        5.687691331330791,
        5.796085464291881,
        4.530745633468861,
        5.935176080204508,
        7.225559010463321,
        5.96949183565973,
        3.6423901978837705,
        6.04937213168226,
        1.2093620185739962,
        6.7352811573188776,
        6.2621047078252206,
        2.3888316461377808,
        4.082419363612654,
        0.14618133001617384,
        6.437923960391334,
        6.24458591897368,
        8.001083114396845,
        5.431200622569207,
        6.887184132673586,
        0.2931287002143428,
        4.319495886270088,
        2.366081193868413,
        5.643777092883153,
        5.496599612625294,
        6.0268990771898565,
        4.7508914403375355,
        5.862218606797381,
        10.75790960738892,
        4.986033461103499,
        6.2781662170533465,
        4.737271820347394,
        0.6389628855146352,
        0.0,
        3.7987890845724026,
        5.080123528124381,
        3.572018602232815,
        8.186275933946142,
        6.836019250255811,
        1.984938345289053,
        1.6849031386242879,
        8.159855536138682,
        5.603722563221444,
        10.80660398262114,
        6.675003401312787,
        3.70115343472363,
        5.405896101180094,
        5.402053058243154,
        3.9733192154999477,
        2.766283079785979,
        2.7225179582079755,
        7.397293739782111,
        0.0,
        3.1567099116918556,
        4.325233689679692,
        0.0,
        0.5279914154133944,
        5.90758985619061,
        5.887605972637333,
        6.358387945300489,
        0.1255417699301562,
        6.8130409293239325,
        4.683246901612521,
        5.7525864390933625,
        3.2085042665047747,
        0.29535192831699586,
        0.18284378821470426,
        0.7795723637706606,
        10.0869146744577,
        9.71422839109196,
        7.134076664667255,
        3.5670257791136226,
        5.492594032406059,
        6.454509369248587,
        10.34120400921195,
        2.617552658591982,
        1.6339943101097036,
        6.133782045864912,
        5.4024610222616545,
        6.417346711959551,
        2.8246952772358505,
        0.0,
        9.283598733391003,
        9.325755194747256,
        3.242053530075417,
        9.83115869441774,
        4.868150231599442,
        6.496185619494146,
        3.071061140249295,
        10.491857990200831,
        5.065746446129829,
        6.727412221045114,
        6.3334221003462705,
        2.958442249938633,
        1.6489093005574045,
        2.407953101655804,
        4.093515330563084,
        11.152173359228073,
        5.890902480558281,
        2.543576984708739,
        0.0,
        0.596364374583854,
        0.18312223787146475,
        2.6182916802375154,
        4.788698465578437,
        2.7107465222920633,
        4.740994521026676,
        9.01557344447158,
        4.130534962265443,
        3.003195721730045,
        5.439723694066998,
        6.314400040396599,
        6.000029617045479,
        9.691625489305098,
        7.13212901756774,
        8.69522381832852,
        1.8214756996322272,
        8.671271045506073,
        0.0,
        7.0720516658375026,
        3.536698891543629,
        0.0,
        6.304308755291206,
        3.312667692460576,
        4.707376030332762,
        3.59308507571405,
        4.274299640273148,
        5.085081225309023,
        6.133565462803714,
        5.286058763056466,
        5.880076506947414,
        2.5312516627563495,
        1.385218626526172,
        2.8055223071395243,
        2.403328081619147,
        3.09952359759294,
        5.0884057924057675,
        4.935511524999396,
        8.99582792283616,
        6.734767768479772,
        2.8411239726239246,
        3.3465503795284204,
        5.47939277829131,
        0.0,
        0.0,
        6.054070069148583,
        5.464677951463175,
        4.016388242720514,
