{
    "mean": 5,
    "no_cultures": 384,
    "rand_rs": [
        0.07012428257143988,
        8.242321024836176,
        6.436549016252307,
        2.202543088882684,
        5.896778265999725,
        1.1504275014696792,
        0.9236194366991057,
        1.3588245655646118,
        4.541358220766931,
        5.63657787231751,
        9.942869339450006,
        0.0,
        8.348278016759574,
        2.9911450807499076,
        7.761894699684368,
        5.365105011584356,
        11.55225596097733,
        8.614303277689281,
        6.92382966244104,
        4.149285187534568,
        3.852087262694896,
        11.372311682962966,
        9.63032925543796,
        5.8981605259283025,
        0.0,
        6.950760479024147,
        3.389405705558185,
        5.341197768205481,
        6.820929949555971,
        8.446498732679952,
        5.946652030508512,
        4.3499229202429035,
        2.564438884753114,
        0.6245076239707021,
        1.9584037957587555,
        8.638594052714389,
        4.129926235867536,
        5.008309691615647,
        0.33870256364593665,
        6.9853148479684,
        7.869678693268943,
        8.560669425238899,
        3.7215973183003244,
        13.493410147410298,
        1.5501974363069757,
        7.066271245910743,
        4.240548488491486,
        8.86861920917062,
        2.672167018887328,
        0.0,
        5.0277181748182835,
        7.124016295113457,
        6.204957428173459,
        6.65743867314022,
        0.800277257748335,
        7.915204773422602,
        4.436740767923161,
        2.326439390521903,
        6.099432177228089,
        5.548518075793243,
        5.1923791210936825,
        3.3617265550661606,
        2.6177742261993453,
        3.4297399676569116,
        4.403056870378514,
        6.6057394495595485,
        6.633042442785381,
        5.038592856567553,
        5.679952500004788,
        5.552956649808106,
        7.444080928304611,
        3.953233786122745,
        0.833882858679539,
        5.936117047985948,
        7.705614393036287,
        8.649801594748974,
        7.695949136692509,
        3.9774823150476237,
        1.577132102898981,
        4.0742410353442,
        3.6452925517973513,
        1.81270207550735,
        5.089931153235768,
        7.573955236123929,
        5.955569620587952,
        2.996015577244122,
        2.225661668248322,
        8.494211140423362,
        5.221465349274083,
        3.4141643873201293,
        7.2450211461211325,
        4.853584521815822,
        1.304175009895539,
        3.0047054353137583,
        0.0,
        2.3958863093943332,
        2.0841320373526417,
        0.7991702547451318,
        7.998562923365823,
        12.86481836240512,
        9.325943038973165,
        3.528090653942305,
        1.2629990610076485,
        5.539617955390542,
        7.259315335407429,
        6.538521615423871,
        6.573773853870662,
        3.456236996355291,
        7.486712790670812,
        7.740684991518087,
        6.641818473698351,
        10.478426244908913,
        6.893034407510185,
        4.310302894156273,
        3.936486850502038,
        4.066866249475827,
        8.396968412236259,
        7.483079039197412,
        7.84990079664863,
        6.030169056620614,
        1.6922470103233582,
        11.476901059521431,
        1.969511238074062,
        6.990711393048387,
        8.995340142220485,
        7.312026313107695,
        3.238424902124706,
        5.265323120603004,
        3.4488684143592794,
        5.583653995714958,
        0.22806137548564287,
        2.541390493808752,
        7.04369479650565,
        1.74900307677287,
        6.543357291191434,
        7.255252956686184,
        6.175188576703039,
        0.6894388656980963,
        4.924049147813915,
        7.894186712571607,
        7.191499988682742,
        7.454265519722848,
        6.7762567348635,
        0.6401824444334894,
        7.234031591738173,
        9.607255714957606,
        0.0,
        10.279884727157999,
        5.316542182077873,
        0.6597075831564476,
        3.6810483096648072,
        2.43507376328687,
        3.7492057589546537,
        6.118190739362238,
        11.73411230578265,
        5.874349343426195,
        0.9236287598549673,
        2.693857142651532,
        7.596975803774235,
        10.544528751448684,
        9.678914854667791,
        4.560580330073899,
        5.661144010058212,
        7.85082314384565,
        5.693017834610531,
        3.7118361662805857,
        0.7727381839390723,
        3.0996118433494715,
        1.4210243966028013,
        1.8663308592702719,
        5.090103802492584,
        9.79343440773804,
        9.424099924147686,
        6.597918971384045,
        2.5870374537625915,
        3.530945282893877,
        1.8522565882089204,
        2.9545840766144003,
        1.6981096723361726,
        3.110851562385247,
        6.358588984744007,
        6.359409384668326,
        6.291045715320925,
        5.780881476008116,
        5.828435222122401,
        3.113832024310154,
        3.400612901131958,
        0.9569515905099086,
        0.0,
        4.170069898556192,
        8.416585148762618,
        9.155392542526304,
        8.152396168317438,
        7.04196034438019,
        2.640031845427698,
        3.1252062432638255,
        4.800981376878394,
        7.305271729346559,
        4.4169044134821815,
        1.1334337071533076,
        3.353355092080929,
        5.806578097223756,
        3.3435993876777346,
        5.400900790842432,
        5.510443248426936,
        1.795634881294939,
        5.825239445681262,
        4.114894190338385,
        1.8929447462647446,
        6.434685541102774,
        4.450321051886164,
        6.78257339815532,
        0.9647621475065637,
        2.7840218223237985,
        6.788986305834735,
        5.927717734633157,
        5.2056469190407295,
        3.3761399095881353,
        9.40654756763779,
        5.8208820519927515,
        4.5195187568450805,
        6.196588702921747,
        5.694108050303793,
        5.990686865673602,
        6.896962755002058,
        9.178858410126946,
        1.9068498886856888,
        6.284190714708923,
        0.0,
        5.575195399309277,
        8.833727959279342,
        5.264519228803323,
        7.348587213742917,
        4.4773389388948335,
        7.042637268196041,
        2.560776536152116,
        3.2037691175611407,
        0.0,
        1.8538399051291217,
        4.916571823255815,
        2.3394542339723503,
        3.787070355266625,
        3.528567349971888,
        6.9243548907868595,
        3.241118795696707,
        4.648052109482375,
        4.283094916213666,
        4.160032840495735,
        0.5752123360475663,
        6.037725319892624,
        9.518317716399261,
        4.007782294405508,
        3.4729755478049205,
        0.6686338663425193,
        7.966314956297535,
        8.922365447025179,
        9.67879722775325,
        5.924212458055614,
        3.2079439586944263,
        4.533639513326304,
        5.38618211570885,
        9.728954409673767,
        12.52742331423709,
        0.6696425507437755,
        0.8600775479486442,
        8.270512907780782,
        6.5184861505408165,
        5.631031117535166,
        6.141580728231398,
        3.596326286375416,
        3.3677446702019633,
        6.289459575029736,
        4.947803092791484,
        4.264106309846316,
        8.99113610444713,
        3.048844600997658,
        3.49085360527272,
        6.309769770354107,
        5.386829406873326,
        3.497103263388932,
        8.26760250287069,
        0.39620099338442927,
        1.5097845814926432,
        13.234196308039902,
        6.629860150733553,
        4.7453510842593,
        9.780075836894401,
        4.7347655952571275,
        9.857408019788323,
        2.3562920869371826,
        5.422504120235641,
        5.402755172734748,
        8.303597364054829,
        2.4420009554621354,
        4.807936818934312,
        5.515500611796025,
