{
    "mean": 5,
    "no_cultures": 384,
    "rand_rs": [
        1.9730813550697937,
        0.6442527543962147,
        8.160747443141247,
        6.445466456468658,
        1.9423844092475449,
        4.821732901497237,
        6.514282139340912,
        5.242990358892765,
        3.990892105641474,
        5.577136744281425,
        5.637902035836897,
        7.8736372081723385,
        6.118564098937757,
        8.732179561526833,
        0.0,
        0.0,
        0.3577808427198166,
        5.83640989268118,
        6.840232230896559,
        5.7390769372844135,
        5.9541442170761485,
        3.479939631494916,
        0.7616283060262017,
        6.364653788812536,
        2.7641476713834225,
        1.6233899009596668,
        8.70054638810473,
        10.186360680512657,
        7.7041134293640265,
        10.203485672672297,
        5.046640542860096,
        3.2911539358838104,
        6.712949559653049,
        9.996620630826698,
        0.03754325406553782,
        5.8399564069202095,
        1.2482654633852235,
        2.5731102589884065,
        0.3281916927592974,
        6.732853183404988,
        3.159635670212826,
        10.662185240451628,
        8.98902521922282,
        4.799765028748355,
        6.921168246815735,
        2.04125986495128,
        6.108739658260091,
        4.737209767132805,
        0.04740694135609935,
        2.407365444219985,
        4.723321770987371,
        7.982399566820434,
        6.383004635691338,
        0.5238070685480851,
        3.9432829556460613,
        9.106211047880443,
        0.0,
        4.951177280480916,
        5.174696260434308,
        0.0,
        7.991846900762205,
        7.376068501289916,
        0.8098901481806537,
        3.0766675225868565,
        0.9448562891833552,
        4.806715929560978,
        2.15095844316959,
        8.349174623077447,
        5.470625046266445,
        7.320438999146059,
        2.6918208729585147,
        7.881339877895073,
        4.746723601673157,
        7.509862130946404,
        0.6654278225486836,
        2.5557867387610513,
        4.366095229687648,
        2.336682940754934,
        5.248416497211101,
        2.678157736928232,
        5.601546934843689,
        8.855504897379262,
        11.163023233265905,
        7.185464642242929,
        5.183131368150663,
        6.113623909475702,
        6.795232828666827,
        6.645612751167611,
        7.190535593375653,
        9.638454571792632,
        9.951690519731962,
        6.399340053895201,
        3.3497260718720208,
        8.929197565446083,
        4.601140305485,
        3.4525833651131186,
        6.736962204031758,
        4.640350969525505,
        4.83309641605039,
        5.25731394262212,
        5.154037771637679,
        8.300125889399292,
        8.456351239368836,
        0.5232450108290783,
        5.739943727555717,
        3.478638963564134,
        0.9303811943912725,
        7.962216674463713,
        0.0,
        1.6059402377593361,
        5.904872706802406,
        6.516278308735798,
        4.543231594054661,
        2.855906634563853,
        3.7999421177288513,
        0.5240683892944791,
        6.183337069707033,
        7.455438828142206,
        7.395395374224874,
        2.4407660545337677,
        5.35995179082723,
        6.9025908618906815,
        7.395891967818805,
        1.8947834126755705,
        4.639316368753952,
        5.057065948377562,
        4.587909237780721,
        5.214683063486263,
        8.352383631240897,
        2.9413342487980216,
        10.487671352487347,
        1.0256094505333366,
        3.5629695010686646,
        4.242181838710518,
        3.260260970156148,
        8.331008703235653,
        3.1313336077502285,
        0.0,
        8.409437056227397,
        6.285342240029143,
        3.008720255511895,
        10.683432336782465,
        9.452168625356379,
        7.9189930058469304,
        3.669019444219734,
        5.624732458880959,
        1.3783779704243226,
        5.964551068954732,
        9.75590929260542,
        3.585367993890788,
        3.564051987976396,
        1.1637876144082062,
        7.612406420573354,
        5.181259896922728,
        3.0442875338679567,
        2.288974600451642,
        0.0,
        2.7239001597362096,
        2.3270820903417735,
        1.319082984453317,
        2.612061833985002,
        3.333727325328145,
        5.610038679754089,
        4.853674206677677,
        7.053004192583699,
        5.832444646568492,
        8.607242017661598,
        6.985189727517875,
        0.9329590988313585,
        5.432893127777132,
        10.194514065503544,
        0.0,
        6.6286555344873195,
        7.644336635468797,
        2.1935915683376974,
        10.543652376359539,
        8.585940547042846,
        0.0,
        1.0828005355188726,
        3.4396118130373337,
        7.672961289943872,
        0.19302093461336156,
        5.396022539980429,
        0.0,
        7.092489094795284,
        4.141896890848315,
        2.883156294248778,
        6.724050814707917,
        6.292340182325685,
        0.0,
        2.3399343043120826,
        12.721062195084258,
        1.432265244771604,
        5.036872849004639,
        11.804378838580979,
        7.47440530032974,
        0.24959267517618855,
        5.369972243552764,
        5.005488031996281,
        5.376451229563012,
        7.28403129869084,
        9.318235367468127,
        7.1143821642457,
        0.29670513334286763,
        1.8457907792685235,
        6.820604874022009,
        5.128005832339904,
        7.197840775916241,
        3.5253784946584625,
        7.777252093516548,
        2.8656161623406913,
        5.144863559399936,
        5.546488593767899,
        3.63794970053961,
        0.6933809579342745,
        5.181626665908114,
        0.0,
        9.094736772602936,
        8.163434346285033,
        1.338776808815271,
        9.250090737677521,
        8.38161100258701,
        1.097315965508841,
        7.803787785988458,
        1.9774079652698768,
        3.0084008899876133,
        6.520038117077208,
        8.796413869167612,
        2.8572743063019863,
        7.744493883931598,
        8.620327366055893,
        4.680150402481185,
        5.764196974161351,
        1.27009049220562,
        7.331476318829436,
        7.295130821474547,
        2.279182001744871,
        1.7360195836881651,
        3.3034940153953167,
        4.258709091206246,
        4.349799076854521,
        5.008099431031505,
        0.0,
        5.6718351344836355,
        5.5695229223320535,
        6.65592771778344,
        3.876892333051634,
        8.416834387082858,
        3.791160502967192,
        4.134987403098097,
        2.440328712930964,
        7.892791006166101,
        8.75377569406184,
        8.076918354397456,
        2.4728965985422082,
        5.800089686291217,
        6.179444825713279,
        5.198116610398795,
        3.992721889632092,
        6.372419893863479,
        5.598216646829583,
        6.772911209013522,
        4.055455840229795,
        7.43392635533321,
        8.99857858824553,
        0.0,
        8.65570688683337,
        6.313177352018108,
        3.186698911638908,
        3.001170550464227,
        3.6235879408152765,
        7.007077752766392,
        6.623027846913919,
        11.389659098194329,
        9.536860021596848,
        5.16535346989399,
        11.689728150246577,
        5.877247189040422,
        5.169168040228669,
        7.467078225278913,
        0.0,
        2.845023294598116,
        6.159593147019208,
        7.449714939379906,
        6.822382521598518,
        9.407647607273567,
        12.123745433333475,
        8.414266155087901,
        8.572577830371737,
        3.7219692229565267,
        6.129712272639607,
        3.934686159989223,
        4.9607153290187895,
        0.5956570628679021,
        3.6306035251422415,
        10.10528768999337,
        11.608695823017044,
        5.241592960532161,
        9.111979349055215,
