{
    "comp_devs": [
        2.1925592612499767e-07,
        3.8592301954132324e-07,
        4.894054306259221e-08,
        8.73408945797067e-06
    ],
    "comp_est": [
        0.009999780744073875,
        1.0000003859230195,
        0.15999995105945694,
        1.1434333087939201,
        2.490727985745745,
        0.22589945268086326,
        1.0592867608802867,
        1.7685758033520902,
        3.138358855364612e-05,
        1.72269114463765e-05,
        1.174224917799498e-10,
        0.48766833313362945
    ],
    "description": "Parameters and estimates are lists of C(t=0), N(t=0), kn, r0, r1,... Mean absolute deviations are take for growth rates r_i.",
    "inde_devs": [
        0.1284333839364153,
        1.3346079500488797,
        NaN,
        0.7148249712687877
    ],
    "inde_est": [
        0.1384333839364153,
        2.3346079500488797,
        NaN,
        0.057787621822741206,
        0.290129884661261,
        0.0,
        0.08465515618461435,
        0.25754548079928125,
        0.0,
        0.0,
        0.0,
        0.0520187635118477
    ],
    "kn": 0.16,
    "true_params": [
        0.01,
        1.0,
        0.16,
        1.1434282299326066,
        2.4907194975678784,
        0.22589661831449326,
        1.0592820273263666,
        1.7685692462953173,
        0.0,
        0.0,
        0.0,
        0.4876660289621736
    ]
}