{
    "comp_devs": [
        2.276301726330393e-07,
        2.983344704610147e-08,
        7.536970040946298e-09,
        1.047752902452489e-05
    ],
    "comp_est": [
        0.009999772369827367,
        1.000000029833447,
        7.536970040946298e-09,
        1.14343430874588,
        2.4907324251834457,
        0.22589795313392155,
        1.059286717238886,
        1.7685778096866258,
        1.940560976998141e-05,
        1.9404253812921285e-05,
        1.9405704336703366e-05,
        0.4876685166033777
    ],
    "description": "Parameters and estimates are lists of C(t=0), N(t=0), kn, r0, r1,... Mean absolute deviations are take for growth rates r_i.",
    "inde_devs": [
        8.878758553723665e-08,
        1.770132129763624e-08,
        NaN,
        1.5521669578674691e-06
    ],
    "inde_est": [
        0.009999911212414463,
        1.0000000177013213,
        NaN,
        1.1434305926929078,
        2.490724054757119,
        0.2258971729894794,
        1.0592840336552087,
        1.7685727224039671,
        1.6425388381421693e-08,
        1.6425388204367078e-08,
        1.6425387728387905e-08,
        0.48766699212661013
    ],
    "kn": 0.0,
    "true_params": [
        0.01,
        1.0,
        0.0,
        1.1434282299326066,
        2.4907194975678784,
        0.22589661831449326,
        1.0592820273263666,
        1.7685692462953173,
        0.0,
        0.0,
        0.0,
        0.4876660289621736
    ]
}