{
    "comp_devs": [
        3.031111230882705e-07,
        1.2311986608004588e-07,
        3.6940393716156095e-08,
        9.539259597286878e-06
    ],
    "comp_est": [
        0.009999696888876912,
        1.000000123119866,
        0.07999996305960629,
        1.1434368297917106,
        2.490735528047873,
        0.22589918158101496,
        1.0592893940264156,
        1.7685832694476225,
        1.3398480445183059e-05,
        1.9949733534379558e-05,
        6.918285943579675e-07,
        0.4876692587980008
    ],
    "description": "Parameters and estimates are lists of C(t=0), N(t=0), kn, r0, r1,... Mean absolute deviations are take for growth rates r_i.",
    "inde_devs": [
        0.0099994926478635,
        0.280358706603381,
        NaN,
        0.8227685412172836
    ],
    "inde_est": [
        5.073521365006291e-07,
        1.280358706603381,
        NaN,
        0.8214903604367979,
        1.3817919194203045,
        0.829920245706204,
        2.0759132694895177,
        1.5509031992802498,
        2.7203307720468744e-07,
        0.6001148977136236,
        1.7989725558445735,
        2.2243088101131394
    ],
    "kn": 0.08,
    "true_params": [
        0.01,
        1.0,
        0.08,
        1.1434282299326066,
        2.4907194975678784,
        0.22589661831449326,
        1.0592820273263666,
        1.7685692462953173,
        0.0,
        0.0,
        0.0,
        0.4876660289621736
    ]
}