{
    "comp_devs": [
        0.009957690927015702,
        0.09667686045386947,
        0.05862129037318197,
        1.3560036576088876
    ],
    "comp_est": [
        4.230907298429737e-05,
        1.0966768604538695,
        0.061378709626818025,
        1.6349585407198954,
        7.442219241664923,
        0.020099910316383637,
        2.2766093094855875,
        5.77204940008547,
        0.00011780052885198533,
        0.514887164682353,
        0.4533021616139465,
        0.8537576217851947
    ],
    "description": "Parameters and estimates are lists of C(t=0), N(t=0), kn, r0, r1,... Mean absolute deviations are take for growth rates r_i.",
    "inde_devs": [
        0.12319054990836871,
        1.0980143558191124,
        NaN,
        0.7029950978343406
    ],
    "inde_est": [
        0.1331905499083687,
        2.0980143558191124,
        NaN,
        0.06933110051190071,
        0.32177272473787044,
        0.0,
        0.10327156591334306,
        0.28666565074667616,
        0.0,
        0.0,
        0.0,
        0.06756472597998066
    ],
    "kn": 0.12,
    "true_params": [
        0.01,
        1.0,
        0.12,
        1.1434282299326066,
        2.4907194975678784,
        0.22589661831449326,
        1.0592820273263666,
        1.7685692462953173,
        0.0,
        0.0,
        0.0,
        0.4876660289621736
    ]
}