{
    "comp_devs": [
        0.007929434253582302,
        0.12798064990586,
        0.13123259372566026,
        1.9865060028400754
    ],
    "comp_est": [
        0.0020705657464176984,
        1.12798064990586,
        0.06876740627433973,
        1.014145444747796,
        4.870927823312515,
        0.0004179839481375949,
        1.2500435633205929,
        16.374788036837582,
        0.002818003882554789,
        0.0006491281275497102,
        0.32061182461305177,
        0.46514103185694333
    ],
    "description": "Parameters and estimates are lists of C(t=0), N(t=0), kn, r0, r1,... Mean absolute deviations are take for growth rates r_i.",
    "inde_devs": [
        0.009999999995283854,
        0.743940801155099,
        NaN,
        2.1195139163392605
    ],
    "inde_est": [
        4.716145887997141e-12,
        1.743940801155099,
        NaN,
        0.2523489887054473,
        5.177905723825968,
        0.0,
        1.2099203510223733,
        15.416499686169896,
        2.809905304380953e-06,
        0.0,
        0.7179960822087367,
        1.2425615345311507
    ],
    "kn": 0.2,
    "true_params": [
        0.01,
        1.0,
        0.2,
        1.1434282299326066,
        2.4907194975678784,
        0.22589661831449326,
        1.0592820273263666,
        1.7685692462953173,
        0.0,
        0.0,
        0.0,
        0.4876660289621736
    ]
}