{
    "comp_devs": [
        0.00985053276042866,
        0.0515472265778556,
        0.005242850050292729,
        0.9244661464457654
    ],
    "comp_est": [
        0.00014946723957133998,
        0.9484527734221444,
        0.02524285005029273,
        2.537976391980499,
        5.005540587602509,
        0.5568276420190681,
        2.2747591611342144,
        3.7909003212507173,
        0.33283924606223164,
        1.200395907827034e-07,
        0.00037833085813092425,
        0.9965351654637629
    ],
    "description": "Parameters and estimates are lists of C(t=0), N(t=0), kn, r0, r1,... Mean absolute deviations are take for growth rates r_i.",
    "inde_devs": [
        0.012186516765328522,
        0.16879831899332776,
        NaN,
        0.2846219645993091
    ],
    "inde_est": [
        0.022186516765328523,
        1.1687983189933278,
        NaN,
        0.6893489845287993,
        1.6288544232902222,
        0.12423283044494993,
        0.6696053017046267,
        1.1665543348919618,
        0.0,
        0.0,
        0.0,
        0.33536809214449353
    ],
    "kn": 0.02,
    "true_params": [
        0.01,
        1.0,
        0.02,
        1.1434282299326066,
        2.4907194975678784,
        0.22589661831449326,
        1.0592820273263666,
        1.7685692462953173,
        0.0,
        0.0,
        0.0,
        0.4876660289621736
    ]
}