{
    "comp_devs": [
        0.009751594404709189,
        0.08161809839269962,
        0.0049387948852175345,
        2.795541902184743
    ],
    "comp_est": [
        0.0002484055952908108,
        0.9183819016073004,
        0.07506120511478247,
        1.877897622908754,
        20.202368200917363,
        0.9910849143383602,
        1.5789168296761251,
        5.749157318928385,
        0.6538734299243959,
        0.0011592324041899092,
        1.2612292905551263e-15,
        1.2809812189639458
    ],
    "description": "Parameters and estimates are lists of C(t=0), N(t=0), kn, r0, r1,... Mean absolute deviations are take for growth rates r_i.",
    "inde_devs": [
        0.009999268539434909,
        0.4387174072851199,
        NaN,
        2.791424576840016
    ],
    "inde_est": [
        7.314605650915081e-07,
        1.4387174072851199,
        NaN,
        1.5100036468086613,
        23.46514878887338,
        0.45058429926980276,
        1.958105121115556,
        3.373677076284622,
        0.3710042575888247,
        0.417117844129528,
        0.008108732305801208,
        0.2306989843415468
    ],
    "kn": 0.08,
    "true_params": [
        0.01,
        1.0,
        0.08,
        1.1434282299326066,
        2.4907194975678784,
        0.22589661831449326,
        1.0592820273263666,
        1.7685692462953173,
        0.0,
        0.0,
        0.0,
        0.4876660289621736
    ]
}