{
    "comp_devs": [
        0.00986818219239355,
        0.06001646802367433,
        0.009019135658349886,
        1.0367585016339713
    ],
    "comp_est": [
        0.00013181780760645039,
        0.9399835319763257,
        0.04901913565834989,
        2.6091649316977077,
        5.537738087364343,
        0.6346759662433348,
        2.355962745593328,
        3.709655859075795,
        0.27669342459972895,
        0.350054406135754,
        0.001574961538377964,
        1.0308677808562063
    ],
    "description": "Parameters and estimates are lists of C(t=0), N(t=0), kn, r0, r1,... Mean absolute deviations are take for growth rates r_i.",
    "inde_devs": [
        0.009977336268059531,
        0.25131656809937075,
        NaN,
        0.7913307875715629
    ],
    "inde_est": [
        2.2663731940469378e-05,
        1.2513165680993708,
        NaN,
        1.6557518552279635,
        5.866068282641587,
        0.3756661513806636,
        2.5063885414179428,
        2.4085665824609443,
        0.34626555910708756,
        0.27176135072252067,
        0.006053432860796147,
        0.8610169807233973
    ],
    "kn": 0.04,
    "true_params": [
        0.01,
        1.0,
        0.04,
        1.1434282299326066,
        2.4907194975678784,
        0.22589661831449326,
        1.0592820273263666,
        1.7685692462953173,
        0.0,
        0.0,
        0.0,
        0.4876660289621736
    ]
}