{
    "comp_devs": [
        0.004169199193818154,
        0.4357922139774587,
        0.033787036076139934,
        3.5508891815528347
    ],
    "comp_est": [
        0.005830800806181846,
        0.5642077860225413,
        0.033787036076139934,
        0.4862334902656406,
        1.4178130911112936,
        0.5068068167653126,
        1.2984568048368104,
        29.0113965992198,
        0.006318938525526541,
        0.3874296463443599,
        1.077471536715922,
        1.481435066342584
    ],
    "description": "Parameters and estimates are lists of C(t=0), N(t=0), kn, r0, r1,... Mean absolute deviations are take for growth rates r_i.",
    "inde_devs": [
        0.0020109626115565812,
        0.03602681050033285,
        NaN,
        23.031513913983662
    ],
    "inde_est": [
        0.007989037388443419,
        0.9639731894996671,
        NaN,
        1.268081992364712,
        2.761987585876715,
        0.2498297055909767,
        1.174998084119405,
        208.46198563801477,
        0.0004911742143447257,
        0.0004911742143447257,
        0.0004911742143447257,
        0.5408303456422261
    ],
    "kn": 0.0,
    "true_params": [
        0.01,
        1.0,
        0.0,
        1.1434282299326066,
        2.4907194975678784,
        0.22589661831449326,
        1.0592820273263666,
        1.7685692462953173,
        0.0,
        0.0,
        0.0,
        0.4876660289621736
    ]
}