{
    "comp_devs": [
        0.009988538380168542,
        0.09204675455819811,
        0.01704548487129602,
        1.4684103698285744
    ],
    "comp_est": [
        1.1461619831457569e-05,
        0.9079532454418019,
        0.05704548487129602,
        3.726749842675711,
        6.124332574722268,
        0.0039401746725252155,
        3.3094851664117386,
        4.720150163960489,
        0.01896300109554117,
        0.009880006778915706,
        0.6424382380317489,
        1.3914029212231318
    ],
    "description": "Parameters and estimates are lists of C(t=0), N(t=0), kn, r0, r1,... Mean absolute deviations are take for growth rates r_i.",
    "inde_devs": [
        0.06578876716166836,
        0.3647374663385343,
        NaN,
        0.556833222020642
    ],
    "inde_est": [
        0.07578876716166835,
        1.3647374663385343,
        NaN,
        0.21671399850319645,
        0.8128584481084125,
        0.029026543483022915,
        0.3113928776426471,
        0.6137662096268691,
        0.0,
        0.0,
        0.0,
        0.1803045728489101
    ],
    "kn": 0.04,
    "true_params": [
        0.01,
        1.0,
        0.04,
        1.1434282299326066,
        2.4907194975678784,
        0.22589661831449326,
        1.0592820273263666,
        1.7685692462953173,
        0.0,
        0.0,
        0.0,
        0.4876660289621736
    ]
}