{
    "comp_devs": [
        0.007901312756149945,
        0.3387205155105547,
        4.56605090754079,
        1.003253940873824
    ],
    "comp_est": [
        0.002098687243850054,
        0.6612794844894453,
        4.68605090754079,
        0.15644772057081963,
        2.9031784140592154,
        1.9073092111356411,
        2.5707201639030752,
        2.9091136833439903,
        1.616526003575706,
        1.0836731147344176,
        0.00661211433355602,
        1.0773056718832557
    ],
    "description": "Parameters and estimates are lists of C(t=0), N(t=0), kn, r0, r1,... Mean absolute deviations are take for growth rates r_i.",
    "inde_devs": [
        0.1231898413878524,
        1.0980052202362325,
        NaN,
        0.7029943388939549
    ],
    "inde_est": [
        0.1331898413878524,
        2.0980052202362325,
        NaN,
        0.06933194446073726,
        0.32177587610071273,
        0.0,
        0.10327302430053152,
        0.28666644910099437,
        0.0,
        0.0,
        0.0,
        0.06756530439026548
    ],
    "kn": 0.12,
    "true_params": [
        0.01,
        1.0,
        0.12,
        1.1434282299326066,
        2.4907194975678784,
        0.22589661831449326,
        1.0592820273263666,
        1.7685692462953173,
        0.0,
        0.0,
        0.0,
        0.4876660289621736
    ]
}