{
    "comp_devs": [
        0.00622688305142405,
        0.40503988487637455,
        1.704484655990192,
        0.8142825936804278
    ],
    "comp_est": [
        0.003773116948575951,
        0.5949601151236255,
        1.724484655990192,
        2.8861354840017475,
        2.9873863585650926,
        0.0012869213901514735,
        2.844774599068845,
        2.8968671919721993,
        1.215101924469545e-06,
        6.45708276032804e-16,
        0.0,
        2.4384338275740407
    ],
    "description": "Parameters and estimates are lists of C(t=0), N(t=0), kn, r0, r1,... Mean absolute deviations are take for growth rates r_i.",
    "inde_devs": [
        0.00724333449186324,
        0.17491524514920964,
        NaN,
        0.510748468429594
    ],
    "inde_est": [
        0.01724333449186324,
        0.8250847548507904,
        NaN,
        3.342595709854013,
        2.519917358846532,
        0.22259244632514014,
        1.294075031336861,
        2.643473491639002,
        0.000912789197976483,
        1.1993959761591797,
        0.0,
        0.5427267169277711
    ],
    "kn": 0.02,
    "true_params": [
        0.01,
        1.0,
        0.02,
        1.1434282299326066,
        2.4907194975678784,
        0.22589661831449326,
        1.0592820273263666,
        1.7685692462953173,
        0.0,
        0.0,
        0.0,
        0.4876660289621736
    ]
}