{
    "argv": 728,
    "bounds": [
        [
            5.848410588726615e-12,
            0.005848410588726615
        ],
        [
            0.05848410588726615,
            0.1169682117745323
        ],
        [
            0.0,
            11.0
        ],
        [
            0.0,
            null
        ],
        [
            0.0,
            null
        ],
        [
            0.0,
            null
        ],
        [
            0.0,
            null
        ],
        [
            0.0,
            null
        ],
        [
            0.0,
            null
        ],
        [
            0.0,
            null
        ],
        [
            0.0,
            null
        ],
        [
            0.0,
            null
        ],
        [
            0.0,
            null
        ],
        [
            0.0,
            null
        ],
        [
            0.0,
            null
        ],
        [
            0.0,
            null
        ],
        [
            0.0,
            null
        ],
        [
            0.0,
            null
        ],
        [
            0.0,
            null
        ],
        [
            0.0,
            null
        ],
        [
            0.0,
            null
        ],
        [
            0.0,
            null
        ],
        [
            0.0,
            null
        ],
        [
            0.0,
            null
        ],
        [
            0.0,
            null
        ],
        [
            0.0,
            null
        ],
        [
            0.0,
            null
        ],
        [
            0.0,
            null
        ]
    ],
    "comp_est": [
        8.19451236027182e-12,
        0.05848410588726615,
        3.377051667050626,
        24.24126205151978,
        143.03213888899862,
        147.0090565348009,
        145.2455720238014,
        16.092191201541223,
        137.35323496673215,
        139.1155172184907,
        141.38944333721903,
        142.39645422613464,
        175.17878230916523,
        147.13300244343444,
        145.73336547544957,
        68.41406569100586,
        173.5133891509302,
        137.09812330507202,
        146.6871056219602,
        145.0363148652225,
        137.7536339377095,
        138.39613605488083,
        141.10640325440957,
        16.561719217951403,
        143.97599909004788,
        176.79750910491063,
        140.56813893114222,
        17.107837609734506
    ],
    "fit_time": 35650.478476285934,
    "init_guess": [
        5.848410588726615e-06,
        0.05848410588726615,
        2.0,
        25.0,
        25.0,
        25.0,
        25.0,
        25.0,
        25.0,
        25.0,
        25.0,
        25.0,
        25.0,
        25.0,
        25.0,
        25.0,
        25.0,
        25.0,
        25.0,
        25.0,
        25.0,
        25.0,
        25.0,
        25.0,
        25.0,
        25.0,
        25.0,
        25.0
    ],
    "model": "Competition Model",
    "model_params": [
        "C_0",
        "N_0",
        "kn",
        "rs"
    ],
    "model_species": [
        "C",
        "N"
    ],
    "obj_fun": 0.28258111166130817,
    "zone_cols": 5,
    "zone_coords": [
        7,
        13
    ],
    "zone_rows": 5
}