{
    "argv": 102,
    "bounds": [
        [
            5.848410588726615e-12,
            0.005848410588726615
        ],
        [
            0.05848410588726615,
            0.1169682117745323
        ],
        [
            0.0,
            11.0
        ],
        [
            0.0,
            null
        ],
        [
            0.0,
            null
        ],
        [
            0.0,
            null
        ],
        [
            0.0,
            null
        ],
        [
            0.0,
            null
        ],
        [
            0.0,
            null
        ],
        [
            0.0,
            null
        ],
        [
            0.0,
            null
        ],
        [
            0.0,
            null
        ],
        [
            0.0,
            null
        ],
        [
            0.0,
            null
        ],
        [
            0.0,
            null
        ],
        [
            0.0,
            null
        ],
        [
            0.0,
            null
        ],
        [
            0.0,
            null
        ],
        [
            0.0,
            null
        ],
        [
            0.0,
            null
        ],
        [
            0.0,
            null
        ],
        [
            0.0,
            null
        ],
        [
            0.0,
            null
        ],
        [
            0.0,
            null
        ],
        [
            0.0,
            null
        ],
        [
            0.0,
            null
        ],
        [
            0.0,
            null
        ],
        [
            0.0,
            null
        ]
    ],
    "comp_est": [
        2.3211044551680673e-06,
        0.05848410588726615,
        3.0000009121313114,
        70.00018095921702,
        70.00036416960049,
        69.99923794561096,
        69.9994500622039,
        69.99867597499603,
        69.99874867449701,
        69.99914779492627,
        69.99795058080721,
        69.99889094033169,
        70.00390694258225,
        69.99995580780276,
        69.99957422038158,
        69.99887001699717,
        70.00328219701412,
        69.99854332759404,
        69.99931368708842,
        70.00009708319581,
        69.99719130727395,
        69.9990109570177,
        69.99830897215034,
        69.99926918456778,
        69.99951727435264,
        70.00370181787126,
        69.9991231244237,
        69.99845260560512
    ],
    "fit_time": 3856.7269492149353,
    "init_guess": [
        5.848410588726615e-12,
        0.05848410588726615,
        3.0,
        70.0,
        70.0,
        70.0,
        70.0,
        70.0,
        70.0,
        70.0,
        70.0,
        70.0,
        70.0,
        70.0,
        70.0,
        70.0,
        70.0,
        70.0,
        70.0,
        70.0,
        70.0,
        70.0,
        70.0,
        70.0,
        70.0,
        70.0,
        70.0,
        70.0
    ],
    "model": "Competition Model",
    "model_params": [
        "C_0",
        "N_0",
        "kn",
        "rs"
    ],
    "model_species": [
        "C",
        "N"
    ],
    "obj_fun": 0.41576354969660734,
    "zone_cols": 5,
    "zone_coords": [
        7,
        13
    ],
    "zone_rows": 5
}