{
    "argv": 1095,
    "bounds": [
        [
            5.848410588726615e-12,
            0.005848410588726615
        ],
        [
            0.05848410588726615,
            0.1169682117745323
        ],
        [
            0.0,
            11.0
        ],
        [
            0.0,
            null
        ],
        [
            0.0,
            null
        ],
        [
            0.0,
            null
        ],
        [
            0.0,
            null
        ],
        [
            0.0,
            null
        ],
        [
            0.0,
            null
        ],
        [
            0.0,
            null
        ],
        [
            0.0,
            null
        ],
        [
            0.0,
            null
        ],
        [
            0.0,
            null
        ],
        [
            0.0,
            null
        ],
        [
            0.0,
            null
        ],
        [
            0.0,
            null
        ],
        [
            0.0,
            null
        ],
        [
            0.0,
            null
        ],
        [
            0.0,
            null
        ],
        [
            0.0,
            null
        ],
        [
            0.0,
            null
        ],
        [
            0.0,
            null
        ],
        [
            0.0,
            null
        ],
        [
            0.0,
            null
        ],
        [
            0.0,
            null
        ],
        [
            0.0,
            null
        ],
        [
            0.0,
            null
        ],
        [
            0.0,
            null
        ]
    ],
    "comp_est": [
        0.0058484105887228405,
        0.05848410588726615,
        5.999999999999967,
        24.999999405474014,
        25.000000355008243,
        25.000000300874262,
        25.000000338178033,
        24.999999782719915,
        25.000000355773118,
        25.00000018255324,
        25.000000262843763,
        25.000000295130807,
        25.000000576362158,
        25.000000293843392,
        25.00000025806981,
        25.000000233624792,
        25.000000302614705,
        24.999999911349935,
        25.000000336829974,
        25.000000295202327,
        25.000000298859494,
        25.00000028964402,
        24.999999434375486,
        24.999999782696857,
        25.000000576703364,
        24.99999991506644,
        24.99999943494547,
        25.00000042486304
    ],
    "fit_time": 12117.36449790001,
    "init_guess": [
        0.005848410588726615,
        0.05848410588726615,
        6.0,
        25.0,
        25.0,
        25.0,
        25.0,
        25.0,
        25.0,
        25.0,
        25.0,
        25.0,
        25.0,
        25.0,
        25.0,
        25.0,
        25.0,
        25.0,
        25.0,
        25.0,
        25.0,
        25.0,
        25.0,
        25.0,
        25.0,
        25.0,
        25.0,
        25.0
    ],
    "model": "Competition Model",
    "model_params": [
        "C_0",
        "N_0",
        "kn",
        "rs"
    ],
    "model_species": [
        "C",
        "N"
    ],
    "obj_fun": 0.5009618099316508,
    "zone_cols": 5,
    "zone_coords": [
        7,
        13
    ],
    "zone_rows": 5
}