{
    "argv": 132,
    "bounds": [
        [
            6.437222058477453e-12,
            0.006437222058477453
        ],
        [
            0.06437222058477453,
            0.12874444116954906
        ],
        [
            0.0,
            11.0
        ],
        [
            0.0,
            null
        ],
        [
            0.0,
            null
        ],
        [
            0.0,
            null
        ],
        [
            0.0,
            null
        ],
        [
            0.0,
            null
        ],
        [
            0.0,
            null
        ],
        [
            0.0,
            null
        ],
        [
            0.0,
            null
        ],
        [
            0.0,
            null
        ],
        [
            0.0,
            null
        ],
        [
            0.0,
            null
        ],
        [
            0.0,
            null
        ],
        [
            0.0,
            null
        ],
        [
            0.0,
            null
        ],
        [
            0.0,
            null
        ],
        [
            0.0,
            null
        ],
        [
            0.0,
            null
        ],
        [
            0.0,
            null
        ],
        [
            0.0,
            null
        ],
        [
            0.0,
            null
        ],
        [
            0.0,
            null
        ],
        [
            0.0,
            null
        ],
        [
            0.0,
            null
        ],
        [
            0.0,
            null
        ],
        [
            0.0,
            null
        ]
    ],
    "comp_est": [
        1.4071908870831017e-05,
        0.10078713770638875,
        1.9094608814708907,
        29.21957674293403,
        32.49856111702589,
        29.24175343615632,
        29.509604312242104,
        29.400721123454154,
        29.031123669758237,
        29.13489785813744,
        29.2379386882154,
        28.84719526062391,
        33.86866522498807,
        33.074773502331546,
        29.28883764276487,
        29.061926312691767,
        31.6634558083839,
        29.03582016997938,
        28.572140747327417,
        31.882919146514546,
        28.7228170226225,
        33.92300058244881,
        29.016374754625012,
        28.965881370673536,
        29.403024931424365,
        29.44927596368361,
        29.37204450109906,
        28.5366187493025
    ],
    "fit_time": 22311.888674020767,
    "init_guess": [
        6.437222058477453e-11,
        0.06437222058477453,
        0.0,
        30.0,
        30.0,
        30.0,
        30.0,
        30.0,
        30.0,
        30.0,
        30.0,
        30.0,
        30.0,
        30.0,
        30.0,
        30.0,
        30.0,
        30.0,
        30.0,
        30.0,
        30.0,
        30.0,
        30.0,
        30.0,
        30.0,
        30.0,
        30.0,
        30.0
    ],
    "model": "Competition Model",
    "model_params": [
        "C_0",
        "N_0",
        "kn",
        "rs"
    ],
    "model_species": [
        "C",
        "N"
    ],
    "obj_fun": 0.3660244321492784,
    "zone_cols": 5,
    "zone_coords": [
        9,
        15
    ],
    "zone_rows": 5
}