{
    "argv": 1077,
    "bounds": [
        [
            5.848410588726615e-12,
            0.005848410588726615
        ],
        [
            0.05848410588726615,
            0.1169682117745323
        ],
        [
            0.0,
            11.0
        ],
        [
            0.0,
            null
        ],
        [
            0.0,
            null
        ],
        [
            0.0,
            null
        ],
        [
            0.0,
            null
        ],
        [
            0.0,
            null
        ],
        [
            0.0,
            null
        ],
        [
            0.0,
            null
        ],
        [
            0.0,
            null
        ],
        [
            0.0,
            null
        ],
        [
            0.0,
            null
        ],
        [
            0.0,
            null
        ],
        [
            0.0,
            null
        ],
        [
            0.0,
            null
        ],
        [
            0.0,
            null
        ],
        [
            0.0,
            null
        ],
        [
            0.0,
            null
        ],
        [
            0.0,
            null
        ],
        [
            0.0,
            null
        ],
        [
            0.0,
            null
        ],
        [
            0.0,
            null
        ],
        [
            0.0,
            null
        ],
        [
            0.0,
            null
        ],
        [
            0.0,
            null
        ],
        [
            0.0,
            null
        ],
        [
            0.0,
            null
        ]
    ],
    "comp_est": [
        0.0005848410588009458,
        0.05848410588726615,
        10.0,
        70.00000005314762,
        69.99999997820002,
        70.00000003224137,
        69.99999998378549,
        70.00000004905007,
        69.99999997827763,
        70.00000002921985,
        70.00000005526363,
        70.00000002905402,
        69.99999997871039,
        70.00000003043945,
        70.00000005523205,
        69.99999998598445,
        70.00000003965586,
        70.00000003720896,
        69.99999998377712,
        70.00000002897605,
        70.00000003961526,
        70.00000002698508,
        69.99999999729869,
        70.00000004916255,
        69.99999997866333,
        70.00000003602108,
        69.99999999723443,
        70.00000005154683
    ],
    "fit_time": 29248.919979333878,
    "init_guess": [
        0.0005848410588726615,
        0.05848410588726615,
        10.0,
        70.0,
        70.0,
        70.0,
        70.0,
        70.0,
        70.0,
        70.0,
        70.0,
        70.0,
        70.0,
        70.0,
        70.0,
        70.0,
        70.0,
        70.0,
        70.0,
        70.0,
        70.0,
        70.0,
        70.0,
        70.0,
        70.0,
        70.0,
        70.0,
        70.0
    ],
    "model": "Competition Model",
    "model_params": [
        "C_0",
        "N_0",
        "kn",
        "rs"
    ],
    "model_species": [
        "C",
        "N"
    ],
    "obj_fun": 0.5540644499915848,
    "zone_cols": 5,
    "zone_coords": [
        7,
        13
    ],
    "zone_rows": 5
}