{
    "argv": 981,
    "bounds": [
        [
            5.848410588726615e-12,
            0.005848410588726615
        ],
        [
            0.05848410588726615,
            0.1169682117745323
        ],
        [
            0.0,
            11.0
        ],
        [
            0.0,
            null
        ],
        [
            0.0,
            null
        ],
        [
            0.0,
            null
        ],
        [
            0.0,
            null
        ],
        [
            0.0,
            null
        ],
        [
            0.0,
            null
        ],
        [
            0.0,
            null
        ],
        [
            0.0,
            null
        ],
        [
            0.0,
            null
        ],
        [
            0.0,
            null
        ],
        [
            0.0,
            null
        ],
        [
            0.0,
            null
        ],
        [
            0.0,
            null
        ],
        [
            0.0,
            null
        ],
        [
            0.0,
            null
        ],
        [
            0.0,
            null
        ],
        [
            0.0,
            null
        ],
        [
            0.0,
            null
        ],
        [
            0.0,
            null
        ],
        [
            0.0,
            null
        ],
        [
            0.0,
            null
        ],
        [
            0.0,
            null
        ],
        [
            0.0,
            null
        ],
        [
            0.0,
            null
        ],
        [
            0.0,
            null
        ]
    ],
    "comp_est": [
        0.00040003062355504316,
        0.06549767283622837,
        9.069529092031322,
        29.777598514513752,
        28.08485424722225,
        30.5992258441862,
        30.251409446974446,
        28.166075743651486,
        25.667329323088467,
        26.93665731881271,
        28.484144799074194,
        29.915116958252703,
        39.226781443512515,
        30.251159652902107,
        30.427872413532416,
        27.996744967699467,
        38.14002949377378,
        27.51468185738042,
        29.431598724698045,
        30.274510526803216,
        27.071518634115556,
        27.67491990776969,
        28.112023843847286,
        27.522833676205885,
        30.00719337118835,
        38.775326618197106,
        28.575006351286337,
        27.715771236016156
    ],
    "fit_time": 17323.44462800026,
    "init_guess": [
        0.0005848410588726615,
        0.05848410588726615,
        2.0,
        30.0,
        30.0,
        30.0,
        30.0,
        30.0,
        30.0,
        30.0,
        30.0,
        30.0,
        30.0,
        30.0,
        30.0,
        30.0,
        30.0,
        30.0,
        30.0,
        30.0,
        30.0,
        30.0,
        30.0,
        30.0,
        30.0,
        30.0,
        30.0,
        30.0
    ],
    "model": "Competition Model",
    "model_params": [
        "C_0",
        "N_0",
        "kn",
        "rs"
    ],
    "model_species": [
        "C",
        "N"
    ],
    "obj_fun": 0.08680896827217373,
    "zone_cols": 5,
    "zone_coords": [
        7,
        13
    ],
    "zone_rows": 5
}