{
    "argv": 167,
    "bounds": [
        [
            6.437222058477453e-12,
            0.006437222058477453
        ],
        [
            0.06437222058477453,
            0.12874444116954906
        ],
        [
            0.0,
            11.0
        ],
        [
            0.0,
            null
        ],
        [
            0.0,
            null
        ],
        [
            0.0,
            null
        ],
        [
            0.0,
            null
        ],
        [
            0.0,
            null
        ],
        [
            0.0,
            null
        ],
        [
            0.0,
            null
        ],
        [
            0.0,
            null
        ],
        [
            0.0,
            null
        ],
        [
            0.0,
            null
        ],
        [
            0.0,
            null
        ],
        [
            0.0,
            null
        ],
        [
            0.0,
            null
        ],
        [
            0.0,
            null
        ],
        [
            0.0,
            null
        ],
        [
            0.0,
            null
        ],
        [
            0.0,
            null
        ],
        [
            0.0,
            null
        ],
        [
            0.0,
            null
        ],
        [
            0.0,
            null
        ],
        [
            0.0,
            null
        ],
        [
            0.0,
            null
        ],
        [
            0.0,
            null
        ],
        [
            0.0,
            null
        ],
        [
            0.0,
            null
        ]
    ],
    "comp_est": [
        3.855191901073847e-05,
        0.06752167217829506,
        1.8676998058166172,
        41.143898990514565,
        55.40549122022627,
        39.90320549168949,
        42.49585018195344,
        43.48909035506539,
        40.24322311758676,
        40.16676065327354,
        40.7061777380027,
        38.41947664835735,
        63.440386286755995,
        58.70714947303131,
        43.473814507086566,
        39.994618333688976,
        55.42912302726467,
        41.103605704610885,
        37.281880468665385,
        52.8906713814322,
        40.25699286455777,
        61.062416439371056,
        40.68845282116505,
        37.554206163173994,
        42.51503448806834,
        43.26313609029105,
        43.23079940529753,
        34.721321582842855
    ],
    "fit_time": 2400.922721862793,
    "init_guess": [
        6.437222058477453e-11,
        0.06437222058477453,
        2.0,
        45.0,
        45.0,
        45.0,
        45.0,
        45.0,
        45.0,
        45.0,
        45.0,
        45.0,
        45.0,
        45.0,
        45.0,
        45.0,
        45.0,
        45.0,
        45.0,
        45.0,
        45.0,
        45.0,
        45.0,
        45.0,
        45.0,
        45.0,
        45.0,
        45.0
    ],
    "model": "Competition Model",
    "model_params": [
        "C_0",
        "N_0",
        "kn",
        "rs"
    ],
    "model_species": [
        "C",
        "N"
    ],
    "obj_fun": 0.06916964926190042,
    "zone_cols": 5,
    "zone_coords": [
        9,
        15
    ],
    "zone_rows": 5
}