{
    "argv": 1082,
    "bounds": [
        [
            5.848410588726615e-12,
            0.005848410588726615
        ],
        [
            0.05848410588726615,
            0.1169682117745323
        ],
        [
            0.0,
            11.0
        ],
        [
            0.0,
            null
        ],
        [
            0.0,
            null
        ],
        [
            0.0,
            null
        ],
        [
            0.0,
            null
        ],
        [
            0.0,
            null
        ],
        [
            0.0,
            null
        ],
        [
            0.0,
            null
        ],
        [
            0.0,
            null
        ],
        [
            0.0,
            null
        ],
        [
            0.0,
            null
        ],
        [
            0.0,
            null
        ],
        [
            0.0,
            null
        ],
        [
            0.0,
            null
        ],
        [
            0.0,
            null
        ],
        [
            0.0,
            null
        ],
        [
            0.0,
            null
        ],
        [
            0.0,
            null
        ],
        [
            0.0,
            null
        ],
        [
            0.0,
            null
        ],
        [
            0.0,
            null
        ],
        [
            0.0,
            null
        ],
        [
            0.0,
            null
        ],
        [
            0.0,
            null
        ],
        [
            0.0,
            null
        ],
        [
            0.0,
            null
        ]
    ],
    "comp_est": [
        0.0005848410588250117,
        0.05848410588726615,
        4.0,
        74.99999998586229,
        74.99999998804822,
        74.99999997400947,
        75.00000000141867,
        75.00000000764244,
        74.99999998802812,
        75.00000000918591,
        74.99999999268334,
        74.99999999609032,
        75.00000000120974,
        74.99999997401864,
        74.99999999269124,
        74.99999998262606,
        74.99999998039736,
        74.99999999298505,
        75.00000000173478,
        74.99999999611339,
        74.99999998019332,
        75.0000000236655,
        75.00000000142529,
        75.00000000769118,
        75.00000000073922,
        74.99999999287097,
        75.00000000140443,
        74.99999998383046
    ],
    "fit_time": 6330.483999013901,
    "init_guess": [
        0.0005848410588726615,
        0.05848410588726615,
        4.0,
        75.0,
        75.0,
        75.0,
        75.0,
        75.0,
        75.0,
        75.0,
        75.0,
        75.0,
        75.0,
        75.0,
        75.0,
        75.0,
        75.0,
        75.0,
        75.0,
        75.0,
        75.0,
        75.0,
        75.0,
        75.0,
        75.0,
        75.0,
        75.0,
        75.0
    ],
    "model": "Competition Model",
    "model_params": [
        "C_0",
        "N_0",
        "kn",
        "rs"
    ],
    "model_species": [
        "C",
        "N"
    ],
    "obj_fun": 0.5702311070521077,
    "zone_cols": 5,
    "zone_coords": [
        7,
        13
    ],
    "zone_rows": 5
}