{
    "argv": 785,
    "bounds": [
        [
            6.437222058477453e-12,
            0.006437222058477453
        ],
        [
            0.06437222058477453,
            0.12874444116954906
        ],
        [
            0.0,
            11.0
        ],
        [
            0.0,
            null
        ],
        [
            0.0,
            null
        ],
        [
            0.0,
            null
        ],
        [
            0.0,
            null
        ],
        [
            0.0,
            null
        ],
        [
            0.0,
            null
        ],
        [
            0.0,
            null
        ],
        [
            0.0,
            null
        ],
        [
            0.0,
            null
        ],
        [
            0.0,
            null
        ],
        [
            0.0,
            null
        ],
        [
            0.0,
            null
        ],
        [
            0.0,
            null
        ],
        [
            0.0,
            null
        ],
        [
            0.0,
            null
        ],
        [
            0.0,
            null
        ],
        [
            0.0,
            null
        ],
        [
            0.0,
            null
        ],
        [
            0.0,
            null
        ],
        [
            0.0,
            null
        ],
        [
            0.0,
            null
        ],
        [
            0.0,
            null
        ],
        [
            0.0,
            null
        ],
        [
            0.0,
            null
        ],
        [
            0.0,
            null
        ]
    ],
    "comp_est": [
        6.437220738413893e-06,
        0.06437223145267615,
        4.000000000000006,
        49.999999874678096,
        49.99999970503393,
        49.99999990225143,
        49.999999838569586,
        49.999999985493005,
        49.999999817965,
        49.99999896843117,
        49.99999535715528,
        49.999999376926446,
        49.999999539784646,
        49.99999975657703,
        49.99999717735368,
        49.999999132409485,
        49.999995067022354,
        49.99999977477007,
        49.99999982479437,
        49.999999131483456,
        49.99999528621284,
        49.99999922100594,
        49.99999953589117,
        49.99999993076069,
        49.99999490683104,
        49.999999134684586,
        49.99999976034803,
        49.99999989960904
    ],
    "fit_time": 40232.26560115814,
    "init_guess": [
        6.437222058477453e-06,
        0.06437222058477453,
        4.0,
        50.0,
        50.0,
        50.0,
        50.0,
        50.0,
        50.0,
        50.0,
        50.0,
        50.0,
        50.0,
        50.0,
        50.0,
        50.0,
        50.0,
        50.0,
        50.0,
        50.0,
        50.0,
        50.0,
        50.0,
        50.0,
        50.0,
        50.0,
        50.0,
        50.0
    ],
    "model": "Competition Model",
    "model_params": [
        "C_0",
        "N_0",
        "kn",
        "rs"
    ],
    "model_species": [
        "C",
        "N"
    ],
    "obj_fun": 0.5896438699897977,
    "zone_cols": 5,
    "zone_coords": [
        9,
        15
    ],
    "zone_rows": 5
}