{
    "argv": 905,
    "bounds": [
        [
            5.848410588726615e-12,
            0.005848410588726615
        ],
        [
            0.05848410588726615,
            0.1169682117745323
        ],
        [
            0.0,
            11.0
        ],
        [
            0.0,
            null
        ],
        [
            0.0,
            null
        ],
        [
            0.0,
            null
        ],
        [
            0.0,
            null
        ],
        [
            0.0,
            null
        ],
        [
            0.0,
            null
        ],
        [
            0.0,
            null
        ],
        [
            0.0,
            null
        ],
        [
            0.0,
            null
        ],
        [
            0.0,
            null
        ],
        [
            0.0,
            null
        ],
        [
            0.0,
            null
        ],
        [
            0.0,
            null
        ],
        [
            0.0,
            null
        ],
        [
            0.0,
            null
        ],
        [
            0.0,
            null
        ],
        [
            0.0,
            null
        ],
        [
            0.0,
            null
        ],
        [
            0.0,
            null
        ],
        [
            0.0,
            null
        ],
        [
            0.0,
            null
        ],
        [
            0.0,
            null
        ],
        [
            0.0,
            null
        ],
        [
            0.0,
            null
        ],
        [
            0.0,
            null
        ]
    ],
    "comp_est": [
        5.8484090768875954e-05,
        0.05848410588726615,
        2.9999999999993983,
        50.00000002186381,
        50.00000020054215,
        50.00000049612667,
        50.00000020038529,
        49.99999995007887,
        50.00000019270611,
        50.000000407153706,
        50.00000057930037,
        50.000000513339984,
        50.00000020032914,
        50.00000049399533,
        50.000000580442354,
        50.00000037845492,
        50.000000453416604,
        50.000000495756076,
        50.00000020555886,
        50.00000052228913,
        50.000000581013026,
        50.00000052698224,
        50.00000020121589,
        49.99999997961731,
        50.000000207677175,
        50.000000504758205,
        50.00000019975663,
        50.00000008359629
    ],
    "fit_time": 1826.0283546447754,
    "init_guess": [
        5.848410588726615e-05,
        0.05848410588726615,
        3.0,
        50.0,
        50.0,
        50.0,
        50.0,
        50.0,
        50.0,
        50.0,
        50.0,
        50.0,
        50.0,
        50.0,
        50.0,
        50.0,
        50.0,
        50.0,
        50.0,
        50.0,
        50.0,
        50.0,
        50.0,
        50.0,
        50.0,
        50.0,
        50.0,
        50.0
    ],
    "model": "Competition Model",
    "model_params": [
        "C_0",
        "N_0",
        "kn",
        "rs"
    ],
    "model_species": [
        "C",
        "N"
    ],
    "obj_fun": 0.41271720069104684,
    "zone_cols": 5,
    "zone_coords": [
        7,
        13
    ],
    "zone_rows": 5
}