{
    "argv": 62,
    "bounds": [
        [
            5.848410588726615e-12,
            0.005848410588726615
        ],
        [
            0.05848410588726615,
            0.1169682117745323
        ],
        [
            0.0,
            11.0
        ],
        [
            0.0,
            null
        ],
        [
            0.0,
            null
        ],
        [
            0.0,
            null
        ],
        [
            0.0,
            null
        ],
        [
            0.0,
            null
        ],
        [
            0.0,
            null
        ],
        [
            0.0,
            null
        ],
        [
            0.0,
            null
        ],
        [
            0.0,
            null
        ],
        [
            0.0,
            null
        ],
        [
            0.0,
            null
        ],
        [
            0.0,
            null
        ],
        [
            0.0,
            null
        ],
        [
            0.0,
            null
        ],
        [
            0.0,
            null
        ],
        [
            0.0,
            null
        ],
        [
            0.0,
            null
        ],
        [
            0.0,
            null
        ],
        [
            0.0,
            null
        ],
        [
            0.0,
            null
        ],
        [
            0.0,
            null
        ],
        [
            0.0,
            null
        ],
        [
            0.0,
            null
        ],
        [
            0.0,
            null
        ],
        [
            0.0,
            null
        ]
    ],
    "comp_est": [
        3.985821142052346e-06,
        0.06993917440542045,
        6.999999621963528,
        50.039612917362,
        50.066055441348816,
        50.06493112049458,
        50.066055921145924,
        50.03953819907436,
        50.06605309956588,
        50.07488036264179,
        50.076302701075456,
        50.07488240784833,
        50.066066056538794,
        50.06493162586929,
        50.076278014345895,
        50.07394819405051,
        50.07605161893378,
        50.06492851888743,
        50.06605642417803,
        50.07488475149289,
        50.07603947077036,
        50.07488097315367,
        50.066054739879206,
        50.03961055578365,
        50.066056244913455,
        50.06494140364273,
        50.06605519844908,
        50.03961132966406
    ],
    "fit_time": 10479.054965734482,
    "init_guess": [
        5.848410588726615e-12,
        0.05848410588726615,
        7.0,
        50.0,
        50.0,
        50.0,
        50.0,
        50.0,
        50.0,
        50.0,
        50.0,
        50.0,
        50.0,
        50.0,
        50.0,
        50.0,
        50.0,
        50.0,
        50.0,
        50.0,
        50.0,
        50.0,
        50.0,
        50.0,
        50.0,
        50.0,
        50.0,
        50.0
    ],
    "model": "Competition Model",
    "model_params": [
        "C_0",
        "N_0",
        "kn",
        "rs"
    ],
    "model_species": [
        "C",
        "N"
    ],
    "obj_fun": 0.42302584282156486,
    "zone_cols": 5,
    "zone_coords": [
        7,
        13
    ],
    "zone_rows": 5
}