{
    "argv": 264,
    "bounds": [
        [
            5.848410588726615e-12,
            0.005848410588726615
        ],
        [
            0.05848410588726615,
            0.1169682117745323
        ],
        [
            0.0,
            11.0
        ],
        [
            0.0,
            null
        ],
        [
            0.0,
            null
        ],
        [
            0.0,
            null
        ],
        [
            0.0,
            null
        ],
        [
            0.0,
            null
        ],
        [
            0.0,
            null
        ],
        [
            0.0,
            null
        ],
        [
            0.0,
            null
        ],
        [
            0.0,
            null
        ],
        [
            0.0,
            null
        ],
        [
            0.0,
            null
        ],
        [
            0.0,
            null
        ],
        [
            0.0,
            null
        ],
        [
            0.0,
            null
        ],
        [
            0.0,
            null
        ],
        [
            0.0,
            null
        ],
        [
            0.0,
            null
        ],
        [
            0.0,
            null
        ],
        [
            0.0,
            null
        ],
        [
            0.0,
            null
        ],
        [
            0.0,
            null
        ],
        [
            0.0,
            null
        ],
        [
            0.0,
            null
        ],
        [
            0.0,
            null
        ],
        [
            0.0,
            null
        ]
    ],
    "comp_est": [
        0.0003111577864372841,
        0.060993021434207394,
        10.992919385279247,
        35.28226885838011,
        33.999703619541705,
        35.499911393683796,
        35.02249622982184,
        30.923852516561702,
        29.562468982209666,
        31.936981094733106,
        33.76078526248203,
        32.03412093759097,
        44.34871438675522,
        35.28341698388979,
        35.13556072650374,
        31.14253461659103,
        44.14357077393659,
        27.414403515969127,
        35.106157151680215,
        34.68455242568109,
        28.66860344734305,
        30.61494184214788,
        33.87002988369405,
        32.41210774269146,
        33.68965556034142,
        44.56098571936664,
        31.870270075363187,
        33.50196588481257
    ],
    "fit_time": 30205.76798081398,
    "init_guess": [
        5.848410588726615e-10,
        0.05848410588726615,
        0.0,
        35.0,
        35.0,
        35.0,
        35.0,
        35.0,
        35.0,
        35.0,
        35.0,
        35.0,
        35.0,
        35.0,
        35.0,
        35.0,
        35.0,
        35.0,
        35.0,
        35.0,
        35.0,
        35.0,
        35.0,
        35.0,
        35.0,
        35.0,
        35.0,
        35.0
    ],
    "model": "Competition Model",
    "model_params": [
        "C_0",
        "N_0",
        "kn",
        "rs"
    ],
    "model_species": [
        "C",
        "N"
    ],
    "obj_fun": 0.10915301646060047,
    "zone_cols": 5,
    "zone_coords": [
        7,
        13
    ],
    "zone_rows": 5
}