{
    "argv": 178,
    "bounds": [
        [
            5.848410588726615e-12,
            0.005848410588726615
        ],
        [
            0.05848410588726615,
            0.1169682117745323
        ],
        [
            0.0,
            11.0
        ],
        [
            0.0,
            null
        ],
        [
            0.0,
            null
        ],
        [
            0.0,
            null
        ],
        [
            0.0,
            null
        ],
        [
            0.0,
            null
        ],
        [
            0.0,
            null
        ],
        [
            0.0,
            null
        ],
        [
            0.0,
            null
        ],
        [
            0.0,
            null
        ],
        [
            0.0,
            null
        ],
        [
            0.0,
            null
        ],
        [
            0.0,
            null
        ],
        [
            0.0,
            null
        ],
        [
            0.0,
            null
        ],
        [
            0.0,
            null
        ],
        [
            0.0,
            null
        ],
        [
            0.0,
            null
        ],
        [
            0.0,
            null
        ],
        [
            0.0,
            null
        ],
        [
            0.0,
            null
        ],
        [
            0.0,
            null
        ],
        [
            0.0,
            null
        ],
        [
            0.0,
            null
        ],
        [
            0.0,
            null
        ],
        [
            0.0,
            null
        ]
    ],
    "comp_est": [
        2.147116214733231e-05,
        0.06296530226810598,
        2.353593859221098,
        52.107429523649664,
        50.392543430178385,
        51.25161456059645,
        48.72441236874018,
        48.33143025001023,
        48.36470738907247,
        53.88391554750149,
        48.8980679682244,
        50.352945318953736,
        57.948126252879725,
        54.03734590447481,
        47.91439561879721,
        49.75022029002449,
        56.653613857981256,
        47.81609468688928,
        49.77435861730267,
        53.45496778945354,
        47.82734364180895,
        49.52800954005017,
        49.846740047073254,
        49.24740288418774,
        48.288198520680915,
        61.31238787743514,
        48.440853928633445,
        49.30107395327587
    ],
    "fit_time": 11525.011091470718,
    "init_guess": [
        5.848410588726616e-11,
        0.05848410588726615,
        2.0,
        50.0,
        50.0,
        50.0,
        50.0,
        50.0,
        50.0,
        50.0,
        50.0,
        50.0,
        50.0,
        50.0,
        50.0,
        50.0,
        50.0,
        50.0,
        50.0,
        50.0,
        50.0,
        50.0,
        50.0,
        50.0,
        50.0,
        50.0,
        50.0,
        50.0
    ],
    "model": "Competition Model",
    "model_params": [
        "C_0",
        "N_0",
        "kn",
        "rs"
    ],
    "model_species": [
        "C",
        "N"
    ],
    "obj_fun": 0.24912168999781237,
    "zone_cols": 5,
    "zone_coords": [
        7,
        13
    ],
    "zone_rows": 5
}