{
    "argv": 1092,
    "bounds": [
        [
            6.437222058477453e-12,
            0.006437222058477453
        ],
        [
            0.06437222058477453,
            0.12874444116954906
        ],
        [
            0.0,
            11.0
        ],
        [
            0.0,
            null
        ],
        [
            0.0,
            null
        ],
        [
            0.0,
            null
        ],
        [
            0.0,
            null
        ],
        [
            0.0,
            null
        ],
        [
            0.0,
            null
        ],
        [
            0.0,
            null
        ],
        [
            0.0,
            null
        ],
        [
            0.0,
            null
        ],
        [
            0.0,
            null
        ],
        [
            0.0,
            null
        ],
        [
            0.0,
            null
        ],
        [
            0.0,
            null
        ],
        [
            0.0,
            null
        ],
        [
            0.0,
            null
        ],
        [
            0.0,
            null
        ],
        [
            0.0,
            null
        ],
        [
            0.0,
            null
        ],
        [
            0.0,
            null
        ],
        [
            0.0,
            null
        ],
        [
            0.0,
            null
        ],
        [
            0.0,
            null
        ],
        [
            0.0,
            null
        ],
        [
            0.0,
            null
        ],
        [
            0.0,
            null
        ]
    ],
    "comp_est": [
        6.3877147661299775e-06,
        0.06788700853727986,
        1.3597934718338047,
        51.848374758044194,
        69.6785482312011,
        51.36858985487347,
        53.66012048422899,
        56.67428802718618,
        50.54458126370396,
        51.44461289238147,
        50.963744885688236,
        50.58946369622681,
        81.14186966447927,
        72.20759114291934,
        54.0130260779737,
        50.97108457455929,
        68.22548524179915,
        54.219721118101894,
        44.18931913620073,
        63.61420719124106,
        46.872127771557686,
        74.09708799854651,
        49.77170609045086,
        44.87230159214212,
        50.23826452975522,
        50.79527254561672,
        51.15849039384019,
        37.41462541912349
    ],
    "fit_time": 87587.56704759598,
    "init_guess": [
        0.006437222058477453,
        0.06437222058477453,
        3.0,
        25.0,
        25.0,
        25.0,
        25.0,
        25.0,
        25.0,
        25.0,
        25.0,
        25.0,
        25.0,
        25.0,
        25.0,
        25.0,
        25.0,
        25.0,
        25.0,
        25.0,
        25.0,
        25.0,
        25.0,
        25.0,
        25.0,
        25.0,
        25.0,
        25.0
    ],
    "model": "Competition Model",
    "model_params": [
        "C_0",
        "N_0",
        "kn",
        "rs"
    ],
    "model_species": [
        "C",
        "N"
    ],
    "obj_fun": 0.05049907573478829,
    "zone_cols": 5,
    "zone_coords": [
        9,
        15
    ],
    "zone_rows": 5
}