{
    "argv": 239,
    "bounds": [
        [
            6.437222058477453e-12,
            0.006437222058477453
        ],
        [
            0.06437222058477453,
            0.12874444116954906
        ],
        [
            0.0,
            11.0
        ],
        [
            0.0,
            null
        ],
        [
            0.0,
            null
        ],
        [
            0.0,
            null
        ],
        [
            0.0,
            null
        ],
        [
            0.0,
            null
        ],
        [
            0.0,
            null
        ],
        [
            0.0,
            null
        ],
        [
            0.0,
            null
        ],
        [
            0.0,
            null
        ],
        [
            0.0,
            null
        ],
        [
            0.0,
            null
        ],
        [
            0.0,
            null
        ],
        [
            0.0,
            null
        ],
        [
            0.0,
            null
        ],
        [
            0.0,
            null
        ],
        [
            0.0,
            null
        ],
        [
            0.0,
            null
        ],
        [
            0.0,
            null
        ],
        [
            0.0,
            null
        ],
        [
            0.0,
            null
        ],
        [
            0.0,
            null
        ],
        [
            0.0,
            null
        ],
        [
            0.0,
            null
        ],
        [
            0.0,
            null
        ],
        [
            0.0,
            null
        ]
    ],
    "comp_est": [
        3.4740323548036204e-09,
        0.06437225469943972,
        8.0,
        74.99996024340248,
        74.99996025729813,
        74.99996025394455,
        74.99996025511284,
        74.99996024352834,
        74.99996025729811,
        74.99996025680831,
        74.99996024982462,
        74.99996025630428,
        74.9999602564756,
        74.99996025394456,
        74.99996024982474,
        74.99996025798433,
        74.99996024981616,
        74.99996025432647,
        74.99996025511284,
        74.9999602563043,
        74.99996024981616,
        74.9999602571079,
        74.99996025612693,
        74.99996024352834,
        74.9999602564756,
        74.99996025432647,
        74.99996025612693,
        74.99996024422416
    ],
    "fit_time": 78841.32143974304,
    "init_guess": [
        6.437222058477453e-11,
        0.06437222058477453,
        8.0,
        75.0,
        75.0,
        75.0,
        75.0,
        75.0,
        75.0,
        75.0,
        75.0,
        75.0,
        75.0,
        75.0,
        75.0,
        75.0,
        75.0,
        75.0,
        75.0,
        75.0,
        75.0,
        75.0,
        75.0,
        75.0,
        75.0,
        75.0,
        75.0,
        75.0
    ],
    "model": "Competition Model",
    "model_params": [
        "C_0",
        "N_0",
        "kn",
        "rs"
    ],
    "model_species": [
        "C",
        "N"
    ],
    "obj_fun": 0.6536441311023338,
    "zone_cols": 5,
    "zone_coords": [
        9,
        15
    ],
    "zone_rows": 5
}