{
    "argv": 259,
    "bounds": [
        [
            5.848410588726615e-12,
            0.005848410588726615
        ],
        [
            0.05848410588726615,
            0.1169682117745323
        ],
        [
            0.0,
            11.0
        ],
        [
            0.0,
            null
        ],
        [
            0.0,
            null
        ],
        [
            0.0,
            null
        ],
        [
            0.0,
            null
        ],
        [
            0.0,
            null
        ],
        [
            0.0,
            null
        ],
        [
            0.0,
            null
        ],
        [
            0.0,
            null
        ],
        [
            0.0,
            null
        ],
        [
            0.0,
            null
        ],
        [
            0.0,
            null
        ],
        [
            0.0,
            null
        ],
        [
            0.0,
            null
        ],
        [
            0.0,
            null
        ],
        [
            0.0,
            null
        ],
        [
            0.0,
            null
        ],
        [
            0.0,
            null
        ],
        [
            0.0,
            null
        ],
        [
            0.0,
            null
        ],
        [
            0.0,
            null
        ],
        [
            0.0,
            null
        ],
        [
            0.0,
            null
        ],
        [
            0.0,
            null
        ],
        [
            0.0,
            null
        ],
        [
            0.0,
            null
        ]
    ],
    "comp_est": [
        5.867030487869628e-10,
        0.058484105911631626,
        6.000000000000001,
        30.00000066363961,
        30.00000105677018,
        30.000001236992492,
        30.00000105627262,
        30.000001110073377,
        30.00000105677018,
        30.00000031459374,
        30.000001017229764,
        30.000001307136813,
        30.00000105675866,
        30.00000123699249,
        30.000001017229764,
        30.0000013625196,
        30.00000101723027,
        30.000001237011816,
        30.00000105627262,
        30.000001307136813,
        30.000001017230268,
        30.000001278370036,
        30.00000105678179,
        30.000001110073377,
        30.000001056758656,
        30.000001237011816,
        30.00000105678179,
        30.00000125142536
    ],
    "fit_time": 27497.085086107254,
    "init_guess": [
        5.848410588726615e-10,
        0.05848410588726615,
        6.0,
        30.0,
        30.0,
        30.0,
        30.0,
        30.0,
        30.0,
        30.0,
        30.0,
        30.0,
        30.0,
        30.0,
        30.0,
        30.0,
        30.0,
        30.0,
        30.0,
        30.0,
        30.0,
        30.0,
        30.0,
        30.0,
        30.0,
        30.0,
        30.0,
        30.0
    ],
    "model": "Competition Model",
    "model_params": [
        "C_0",
        "N_0",
        "kn",
        "rs"
    ],
    "model_species": [
        "C",
        "N"
    ],
    "obj_fun": 0.6702208149600818,
    "zone_cols": 5,
    "zone_coords": [
        7,
        13
    ],
    "zone_rows": 5
}