{
    "argv": 30,
    "bounds": [
        [
            6.437222058477453e-12,
            0.006437222058477453
        ],
        [
            0.06437222058477453,
            0.12874444116954906
        ],
        [
            0.0,
            11.0
        ],
        [
            0.0,
            null
        ],
        [
            0.0,
            null
        ],
        [
            0.0,
            null
        ],
        [
            0.0,
            null
        ],
        [
            0.0,
            null
        ],
        [
            0.0,
            null
        ],
        [
            0.0,
            null
        ],
        [
            0.0,
            null
        ],
        [
            0.0,
            null
        ],
        [
            0.0,
            null
        ],
        [
            0.0,
            null
        ],
        [
            0.0,
            null
        ],
        [
            0.0,
            null
        ],
        [
            0.0,
            null
        ],
        [
            0.0,
            null
        ],
        [
            0.0,
            null
        ],
        [
            0.0,
            null
        ],
        [
            0.0,
            null
        ],
        [
            0.0,
            null
        ],
        [
            0.0,
            null
        ],
        [
            0.0,
            null
        ],
        [
            0.0,
            null
        ],
        [
            0.0,
            null
        ],
        [
            0.0,
            null
        ],
        [
            0.0,
            null
        ]
    ],
    "comp_est": [
        9.583465748368172e-05,
        0.07332745127373401,
        7.993198430564674,
        34.71779345624766,
        34.831646366211295,
        35.45599913587437,
        35.199912361801815,
        35.070472324712505,
        34.67433617483968,
        34.83787155221944,
        35.21557283143346,
        35.44259382960938,
        35.19387922341129,
        34.85648943756684,
        34.833149317026894,
        35.46319074253163,
        35.51155146395754,
        35.450091385569884,
        35.20266340363338,
        35.199122052519016,
        35.20155548587281,
        35.45256659317341,
        35.295029402891466,
        34.71741068065733,
        35.192676517133464,
        34.84687758747777,
        35.00836906940743,
        34.712127056334985
    ],
    "fit_time": 63619.41071844101,
    "init_guess": [
        6.437222058477453e-12,
        0.06437222058477453,
        8.0,
        35.0,
        35.0,
        35.0,
        35.0,
        35.0,
        35.0,
        35.0,
        35.0,
        35.0,
        35.0,
        35.0,
        35.0,
        35.0,
        35.0,
        35.0,
        35.0,
        35.0,
        35.0,
        35.0,
        35.0,
        35.0,
        35.0,
        35.0,
        35.0,
        35.0
    ],
    "model": "Competition Model",
    "model_params": [
        "C_0",
        "N_0",
        "kn",
        "rs"
    ],
    "model_species": [
        "C",
        "N"
    ],
    "obj_fun": 0.5690417837113221,
    "zone_cols": 5,
    "zone_coords": [
        9,
        15
    ],
    "zone_rows": 5
}