{
    "argv": 99,
    "bounds": [
        [
            5.848410588726615e-12,
            0.005848410588726615
        ],
        [
            0.05848410588726615,
            0.1169682117745323
        ],
        [
            0.0,
            11.0
        ],
        [
            0.0,
            null
        ],
        [
            0.0,
            null
        ],
        [
            0.0,
            null
        ],
        [
            0.0,
            null
        ],
        [
            0.0,
            null
        ],
        [
            0.0,
            null
        ],
        [
            0.0,
            null
        ],
        [
            0.0,
            null
        ],
        [
            0.0,
            null
        ],
        [
            0.0,
            null
        ],
        [
            0.0,
            null
        ],
        [
            0.0,
            null
        ],
        [
            0.0,
            null
        ],
        [
            0.0,
            null
        ],
        [
            0.0,
            null
        ],
        [
            0.0,
            null
        ],
        [
            0.0,
            null
        ],
        [
            0.0,
            null
        ],
        [
            0.0,
            null
        ],
        [
            0.0,
            null
        ],
        [
            0.0,
            null
        ],
        [
            0.0,
            null
        ],
        [
            0.0,
            null
        ],
        [
            0.0,
            null
        ],
        [
            0.0,
            null
        ]
    ],
    "comp_est": [
        2.7348497653843476e-06,
        0.05848410588726615,
        2.133804057874242,
        61.58946576829887,
        60.82662946245539,
        68.31550872926182,
        73.25625934080314,
        74.03410466554816,
        52.257700064304785,
        57.5169107082426,
        65.09943067399223,
        75.54222195776566,
        97.41367314982155,
        64.31873673238518,
        65.66184519708638,
        66.02171427800529,
        88.0089650169953,
        72.23325813743945,
        65.92838789025218,
        67.53820893612647,
        65.93315974031867,
        67.23344897283017,
        66.76430848132313,
        61.61520915440141,
        70.19495090933692,
        90.27905261458062,
        68.80815481055716,
        63.72507215901413
    ],
    "fit_time": 44545.608352422714,
    "init_guess": [
        5.848410588726615e-12,
        0.05848410588726615,
        0.0,
        70.0,
        70.0,
        70.0,
        70.0,
        70.0,
        70.0,
        70.0,
        70.0,
        70.0,
        70.0,
        70.0,
        70.0,
        70.0,
        70.0,
        70.0,
        70.0,
        70.0,
        70.0,
        70.0,
        70.0,
        70.0,
        70.0,
        70.0,
        70.0,
        70.0
    ],
    "model": "Competition Model",
    "model_params": [
        "C_0",
        "N_0",
        "kn",
        "rs"
    ],
    "model_species": [
        "C",
        "N"
    ],
    "obj_fun": 0.06749751990828223,
    "zone_cols": 5,
    "zone_coords": [
        7,
        13
    ],
    "zone_rows": 5
}