{
    "argv": 354,
    "bounds": [
        [
            5.848410588726615e-12,
            0.005848410588726615
        ],
        [
            0.05848410588726615,
            0.1169682117745323
        ],
        [
            0.0,
            11.0
        ],
        [
            0.0,
            null
        ],
        [
            0.0,
            null
        ],
        [
            0.0,
            null
        ],
        [
            0.0,
            null
        ],
        [
            0.0,
            null
        ],
        [
            0.0,
            null
        ],
        [
            0.0,
            null
        ],
        [
            0.0,
            null
        ],
        [
            0.0,
            null
        ],
        [
            0.0,
            null
        ],
        [
            0.0,
            null
        ],
        [
            0.0,
            null
        ],
        [
            0.0,
            null
        ],
        [
            0.0,
            null
        ],
        [
            0.0,
            null
        ],
        [
            0.0,
            null
        ],
        [
            0.0,
            null
        ],
        [
            0.0,
            null
        ],
        [
            0.0,
            null
        ],
        [
            0.0,
            null
        ],
        [
            0.0,
            null
        ],
        [
            0.0,
            null
        ],
        [
            0.0,
            null
        ],
        [
            0.0,
            null
        ],
        [
            0.0,
            null
        ]
    ],
    "comp_est": [
        1.150453350686792e-06,
        0.05848410588726615,
        6.084514911093779,
        75.63790795125325,
        73.76585709467388,
        75.59573062978846,
        74.79302041010422,
        71.30790326151578,
        70.95209688038727,
        71.8288799667276,
        73.11776617927079,
        73.32692179145505,
        88.8334828935694,
        75.70643322844398,
        75.24578493242102,
        72.40613643616466,
        85.59549195763087,
        70.13714699405966,
        75.37970207484466,
        74.81348962503337,
        70.92914372805902,
        71.84628814844021,
        72.94090700864766,
        72.00782771542688,
        74.19990586277937,
        88.61838366596213,
        72.57359574278571,
        72.43532933662172
    ],
    "fit_time": 35412.168402671814,
    "init_guess": [
        5.848410588726615e-10,
        0.05848410588726615,
        2.0,
        75.0,
        75.0,
        75.0,
        75.0,
        75.0,
        75.0,
        75.0,
        75.0,
        75.0,
        75.0,
        75.0,
        75.0,
        75.0,
        75.0,
        75.0,
        75.0,
        75.0,
        75.0,
        75.0,
        75.0,
        75.0,
        75.0,
        75.0,
        75.0,
        75.0
    ],
    "model": "Competition Model",
    "model_params": [
        "C_0",
        "N_0",
        "kn",
        "rs"
    ],
    "model_species": [
        "C",
        "N"
    ],
    "obj_fun": 0.12916477622086872,
    "zone_cols": 5,
    "zone_coords": [
        7,
        13
    ],
    "zone_rows": 5
}