{
    "argv": 74,
    "bounds": [
        [
            6.437222058477453e-12,
            0.006437222058477453
        ],
        [
            0.06437222058477453,
            0.12874444116954906
        ],
        [
            0.0,
            11.0
        ],
        [
            0.0,
            null
        ],
        [
            0.0,
            null
        ],
        [
            0.0,
            null
        ],
        [
            0.0,
            null
        ],
        [
            0.0,
            null
        ],
        [
            0.0,
            null
        ],
        [
            0.0,
            null
        ],
        [
            0.0,
            null
        ],
        [
            0.0,
            null
        ],
        [
            0.0,
            null
        ],
        [
            0.0,
            null
        ],
        [
            0.0,
            null
        ],
        [
            0.0,
            null
        ],
        [
            0.0,
            null
        ],
        [
            0.0,
            null
        ],
        [
            0.0,
            null
        ],
        [
            0.0,
            null
        ],
        [
            0.0,
            null
        ],
        [
            0.0,
            null
        ],
        [
            0.0,
            null
        ],
        [
            0.0,
            null
        ],
        [
            0.0,
            null
        ],
        [
            0.0,
            null
        ],
        [
            0.0,
            null
        ],
        [
            0.0,
            null
        ]
    ],
    "comp_est": [
        6.114348651012132e-06,
        0.06754534028481017,
        8.001605780690019,
        54.96017129483631,
        54.972937343881554,
        54.95904202816781,
        54.93672171109225,
        54.95191763291331,
        54.95256325464215,
        55.00486614761461,
        54.95993520398112,
        54.99584549686651,
        54.98132364284582,
        54.97875684230226,
        54.94761615213394,
        54.97708351635812,
        54.99711000383402,
        54.9564285555867,
        54.96018528135475,
        55.017213677745175,
        54.999702072985734,
        55.00676119892264,
        54.96473440014934,
        54.959873830262495,
        54.96142849182134,
        54.96018695643971,
        54.96577121372041,
        54.95644301579319
    ],
    "fit_time": 79123.26395344734,
    "init_guess": [
        6.437222058477453e-12,
        0.06437222058477453,
        8.0,
        55.0,
        55.0,
        55.0,
        55.0,
        55.0,
        55.0,
        55.0,
        55.0,
        55.0,
        55.0,
        55.0,
        55.0,
        55.0,
        55.0,
        55.0,
        55.0,
        55.0,
        55.0,
        55.0,
        55.0,
        55.0,
        55.0,
        55.0,
        55.0,
        55.0
    ],
    "model": "Competition Model",
    "model_params": [
        "C_0",
        "N_0",
        "kn",
        "rs"
    ],
    "model_species": [
        "C",
        "N"
    ],
    "obj_fun": 0.5706029817366851,
    "zone_cols": 5,
    "zone_coords": [
        9,
        15
    ],
    "zone_rows": 5
}