{
    "argv": 282,
    "bounds": [
        [
            5.848410588726615e-12,
            0.005848410588726615
        ],
        [
            0.05848410588726615,
            0.1169682117745323
        ],
        [
            0.0,
            11.0
        ],
        [
            0.0,
            null
        ],
        [
            0.0,
            null
        ],
        [
            0.0,
            null
        ],
        [
            0.0,
            null
        ],
        [
            0.0,
            null
        ],
        [
            0.0,
            null
        ],
        [
            0.0,
            null
        ],
        [
            0.0,
            null
        ],
        [
            0.0,
            null
        ],
        [
            0.0,
            null
        ],
        [
            0.0,
            null
        ],
        [
            0.0,
            null
        ],
        [
            0.0,
            null
        ],
        [
            0.0,
            null
        ],
        [
            0.0,
            null
        ],
        [
            0.0,
            null
        ],
        [
            0.0,
            null
        ],
        [
            0.0,
            null
        ],
        [
            0.0,
            null
        ],
        [
            0.0,
            null
        ],
        [
            0.0,
            null
        ],
        [
            0.0,
            null
        ],
        [
            0.0,
            null
        ],
        [
            0.0,
            null
        ],
        [
            0.0,
            null
        ]
    ],
    "comp_est": [
        2.194921415417156e-08,
        0.11270815085054364,
        6.997682059410784,
        39.99910081076233,
        39.99852333952048,
        39.996820334422516,
        39.997710065658225,
        39.9965249996652,
        39.99798626428218,
        40.00214914583471,
        39.99771122810231,
        39.99806992485231,
        39.99761082233064,
        39.99769918763858,
        39.998295102223025,
        40.037580896885885,
        39.998047013233545,
        40.00464788354323,
        39.9973004321106,
        39.999273363892556,
        40.000421718867145,
        40.02695190316966,
        39.99769837435567,
        39.997212938413625,
        39.99786740564078,
        40.0063708471112,
        39.99897618420168,
        39.99846070230249
    ],
    "fit_time": 511.7574908733368,
    "init_guess": [
        5.848410588726615e-10,
        0.05848410588726615,
        7.0,
        40.0,
        40.0,
        40.0,
        40.0,
        40.0,
        40.0,
        40.0,
        40.0,
        40.0,
        40.0,
        40.0,
        40.0,
        40.0,
        40.0,
        40.0,
        40.0,
        40.0,
        40.0,
        40.0,
        40.0,
        40.0,
        40.0,
        40.0,
        40.0,
        40.0
    ],
    "model": "Competition Model",
    "model_params": [
        "C_0",
        "N_0",
        "kn",
        "rs"
    ],
    "model_species": [
        "C",
        "N"
    ],
    "obj_fun": 0.5330042414032086,
    "zone_cols": 5,
    "zone_coords": [
        7,
        13
    ],
    "zone_rows": 5
}