{
    "argv": 301,
    "bounds": [
        [
            6.437222058477453e-12,
            0.006437222058477453
        ],
        [
            0.06437222058477453,
            0.12874444116954906
        ],
        [
            0.0,
            11.0
        ],
        [
            0.0,
            null
        ],
        [
            0.0,
            null
        ],
        [
            0.0,
            null
        ],
        [
            0.0,
            null
        ],
        [
            0.0,
            null
        ],
        [
            0.0,
            null
        ],
        [
            0.0,
            null
        ],
        [
            0.0,
            null
        ],
        [
            0.0,
            null
        ],
        [
            0.0,
            null
        ],
        [
            0.0,
            null
        ],
        [
            0.0,
            null
        ],
        [
            0.0,
            null
        ],
        [
            0.0,
            null
        ],
        [
            0.0,
            null
        ],
        [
            0.0,
            null
        ],
        [
            0.0,
            null
        ],
        [
            0.0,
            null
        ],
        [
            0.0,
            null
        ],
        [
            0.0,
            null
        ],
        [
            0.0,
            null
        ],
        [
            0.0,
            null
        ],
        [
            0.0,
            null
        ],
        [
            0.0,
            null
        ],
        [
            0.0,
            null
        ]
    ],
    "comp_est": [
        1.0049759193771352e-07,
        0.06437416826941486,
        3.999998580413162,
        49.99936462486661,
        49.99937486084624,
        49.999342742940605,
        49.999359993528905,
        49.999323341089124,
        49.99936015037036,
        49.99921868318746,
        49.99909052164002,
        49.99978657248221,
        49.99938214796569,
        49.9993510265389,
        49.99909588089863,
        49.999278165966125,
        49.999787435313564,
        49.999395150768144,
        49.999354659566684,
        49.999794877591775,
        49.99978513343027,
        49.999358538517974,
        49.99939251717867,
        49.99932383367971,
        49.99937624370049,
        49.99939044160496,
        49.99939059510595,
        49.99931993410028
    ],
    "fit_time": 34011.27281785011,
    "init_guess": [
        6.437222058477453e-10,
        0.06437222058477453,
        4.0,
        50.0,
        50.0,
        50.0,
        50.0,
        50.0,
        50.0,
        50.0,
        50.0,
        50.0,
        50.0,
        50.0,
        50.0,
        50.0,
        50.0,
        50.0,
        50.0,
        50.0,
        50.0,
        50.0,
        50.0,
        50.0,
        50.0,
        50.0,
        50.0,
        50.0
    ],
    "model": "Competition Model",
    "model_params": [
        "C_0",
        "N_0",
        "kn",
        "rs"
    ],
    "model_species": [
        "C",
        "N"
    ],
    "obj_fun": 0.7570001656166115,
    "zone_cols": 5,
    "zone_coords": [
        9,
        15
    ],
    "zone_rows": 5
}