{
    "argv": 1103,
    "bounds": [
        [
            5.848410588726615e-12,
            0.005848410588726615
        ],
        [
            0.05848410588726615,
            0.1169682117745323
        ],
        [
            0.0,
            11.0
        ],
        [
            0.0,
            null
        ],
        [
            0.0,
            null
        ],
        [
            0.0,
            null
        ],
        [
            0.0,
            null
        ],
        [
            0.0,
            null
        ],
        [
            0.0,
            null
        ],
        [
            0.0,
            null
        ],
        [
            0.0,
            null
        ],
        [
            0.0,
            null
        ],
        [
            0.0,
            null
        ],
        [
            0.0,
            null
        ],
        [
            0.0,
            null
        ],
        [
            0.0,
            null
        ],
        [
            0.0,
            null
        ],
        [
            0.0,
            null
        ],
        [
            0.0,
            null
        ],
        [
            0.0,
            null
        ],
        [
            0.0,
            null
        ],
        [
            0.0,
            null
        ],
        [
            0.0,
            null
        ],
        [
            0.0,
            null
        ],
        [
            0.0,
            null
        ],
        [
            0.0,
            null
        ],
        [
            0.0,
            null
        ],
        [
            0.0,
            null
        ]
    ],
    "comp_est": [
        0.005848410580296657,
        0.05848410588726615,
        3.0000000000009033,
        29.999999338471923,
        29.999999735832287,
        30.000000077453937,
        29.999999722594744,
        29.999999116135466,
        29.99999975462488,
        29.999999832469463,
        29.999999352701582,
        30.00000003724908,
        29.9999994870962,
        30.000000083562636,
        29.999999383747113,
        29.999999310275125,
        29.999999792055853,
        30.000000291237296,
        29.99999976572837,
        30.00000004989538,
        29.9999999159961,
        29.999999208506424,
        29.99999906130513,
        29.999999200738444,
        29.99999946729569,
        30.00000022981126,
        29.999999119302487,
        29.999999789993126
    ],
    "fit_time": 5995.071258306503,
    "init_guess": [
        0.005848410588726615,
        0.05848410588726615,
        3.0,
        30.0,
        30.0,
        30.0,
        30.0,
        30.0,
        30.0,
        30.0,
        30.0,
        30.0,
        30.0,
        30.0,
        30.0,
        30.0,
        30.0,
        30.0,
        30.0,
        30.0,
        30.0,
        30.0,
        30.0,
        30.0,
        30.0,
        30.0,
        30.0,
        30.0
    ],
    "model": "Competition Model",
    "model_params": [
        "C_0",
        "N_0",
        "kn",
        "rs"
    ],
    "model_species": [
        "C",
        "N"
    ],
    "obj_fun": 0.543363716924122,
    "zone_cols": 5,
    "zone_coords": [
        7,
        13
    ],
    "zone_rows": 5
}