{
    "argv": 993,
    "bounds": [
        [
            6.437222058477453e-12,
            0.006437222058477453
        ],
        [
            0.06437222058477453,
            0.12874444116954906
        ],
        [
            0.0,
            11.0
        ],
        [
            0.0,
            null
        ],
        [
            0.0,
            null
        ],
        [
            0.0,
            null
        ],
        [
            0.0,
            null
        ],
        [
            0.0,
            null
        ],
        [
            0.0,
            null
        ],
        [
            0.0,
            null
        ],
        [
            0.0,
            null
        ],
        [
            0.0,
            null
        ],
        [
            0.0,
            null
        ],
        [
            0.0,
            null
        ],
        [
            0.0,
            null
        ],
        [
            0.0,
            null
        ],
        [
            0.0,
            null
        ],
        [
            0.0,
            null
        ],
        [
            0.0,
            null
        ],
        [
            0.0,
            null
        ],
        [
            0.0,
            null
        ],
        [
            0.0,
            null
        ],
        [
            0.0,
            null
        ],
        [
            0.0,
            null
        ],
        [
            0.0,
            null
        ],
        [
            0.0,
            null
        ],
        [
            0.0,
            null
        ],
        [
            0.0,
            null
        ]
    ],
    "comp_est": [
        0.0006437222058453163,
        0.06437222058477453,
        3.0,
        35.00000000013839,
        34.99999999801766,
        34.99999999696157,
        34.999999997620414,
        35.000000000079986,
        34.99999999797815,
        34.99999999655393,
        35.0000000003594,
        34.99999999395612,
        34.99999999788605,
        34.99999999700591,
        35.00000000035046,
        34.99999999403209,
        34.99999999760011,
        34.99999999692229,
        34.999999997596966,
        34.99999999399523,
        34.999999997557374,
        34.999999996673886,
        34.999999997417994,
        35.000000000084825,
        34.99999999783459,
        34.999999996937056,
        34.999999997419124,
        35.00000000095506
    ],
    "fit_time": 4044.3479430675507,
    "init_guess": [
        0.0006437222058477453,
        0.06437222058477453,
        3.0,
        35.0,
        35.0,
        35.0,
        35.0,
        35.0,
        35.0,
        35.0,
        35.0,
        35.0,
        35.0,
        35.0,
        35.0,
        35.0,
        35.0,
        35.0,
        35.0,
        35.0,
        35.0,
        35.0,
        35.0,
        35.0,
        35.0,
        35.0,
        35.0,
        35.0
    ],
    "model": "Competition Model",
    "model_params": [
        "C_0",
        "N_0",
        "kn",
        "rs"
    ],
    "model_species": [
        "C",
        "N"
    ],
    "obj_fun": 0.5819833327429416,
    "zone_cols": 5,
    "zone_coords": [
        9,
        15
    ],
    "zone_rows": 5
}