{
    "argv": 209,
    "bounds": [
        [
            5.848410588726615e-12,
            0.005848410588726615
        ],
        [
            0.05848410588726615,
            0.1169682117745323
        ],
        [
            0.0,
            11.0
        ],
        [
            0.0,
            null
        ],
        [
            0.0,
            null
        ],
        [
            0.0,
            null
        ],
        [
            0.0,
            null
        ],
        [
            0.0,
            null
        ],
        [
            0.0,
            null
        ],
        [
            0.0,
            null
        ],
        [
            0.0,
            null
        ],
        [
            0.0,
            null
        ],
        [
            0.0,
            null
        ],
        [
            0.0,
            null
        ],
        [
            0.0,
            null
        ],
        [
            0.0,
            null
        ],
        [
            0.0,
            null
        ],
        [
            0.0,
            null
        ],
        [
            0.0,
            null
        ],
        [
            0.0,
            null
        ],
        [
            0.0,
            null
        ],
        [
            0.0,
            null
        ],
        [
            0.0,
            null
        ],
        [
            0.0,
            null
        ],
        [
            0.0,
            null
        ],
        [
            0.0,
            null
        ],
        [
            0.0,
            null
        ],
        [
            0.0,
            null
        ]
    ],
    "comp_est": [
        8.302163839477756e-07,
        0.05852073748776854,
        1.9517795603550665,
        64.01035261461075,
        62.647319400200644,
        64.97862132648741,
        65.04218364291195,
        62.95311412635393,
        59.9399464608595,
        60.893319763159575,
        62.67336485087958,
        64.36411613459855,
        88.60268855219809,
        63.9674874958521,
        64.03492468397259,
        62.389872281009694,
        83.09600711661363,
        62.53553920492314,
        64.13953308482087,
        63.57470309875147,
        61.454845260953014,
        61.93723565509929,
        62.36604884134241,
        61.424632049312436,
        63.581558649607054,
        88.55236451744778,
        62.78628131530711,
        61.516151471739995
    ],
    "fit_time": 1210.238775730133,
    "init_guess": [
        5.848410588726616e-11,
        0.05848410588726615,
        0.0,
        65.0,
        65.0,
        65.0,
        65.0,
        65.0,
        65.0,
        65.0,
        65.0,
        65.0,
        65.0,
        65.0,
        65.0,
        65.0,
        65.0,
        65.0,
        65.0,
        65.0,
        65.0,
        65.0,
        65.0,
        65.0,
        65.0,
        65.0,
        65.0,
        65.0
    ],
    "model": "Competition Model",
    "model_params": [
        "C_0",
        "N_0",
        "kn",
        "rs"
    ],
    "model_species": [
        "C",
        "N"
    ],
    "obj_fun": 0.17610855406252482,
    "zone_cols": 5,
    "zone_coords": [
        7,
        13
    ],
    "zone_rows": 5
}