{
    "argv": 460,
    "bounds": [
        [
            5.848410588726615e-12,
            0.005848410588726615
        ],
        [
            0.05848410588726615,
            0.1169682117745323
        ],
        [
            0.0,
            11.0
        ],
        [
            0.0,
            null
        ],
        [
            0.0,
            null
        ],
        [
            0.0,
            null
        ],
        [
            0.0,
            null
        ],
        [
            0.0,
            null
        ],
        [
            0.0,
            null
        ],
        [
            0.0,
            null
        ],
        [
            0.0,
            null
        ],
        [
            0.0,
            null
        ],
        [
            0.0,
            null
        ],
        [
            0.0,
            null
        ],
        [
            0.0,
            null
        ],
        [
            0.0,
            null
        ],
        [
            0.0,
            null
        ],
        [
            0.0,
            null
        ],
        [
            0.0,
            null
        ],
        [
            0.0,
            null
        ],
        [
            0.0,
            null
        ],
        [
            0.0,
            null
        ],
        [
            0.0,
            null
        ],
        [
            0.0,
            null
        ],
        [
            0.0,
            null
        ],
        [
            0.0,
            null
        ],
        [
            0.0,
            null
        ],
        [
            0.0,
            null
        ]
    ],
    "comp_est": [
        5.8484175998049645e-09,
        0.05848410588733626,
        9.0,
        64.99999999992208,
        65.00000015220253,
        65.00000015204934,
        65.00000015228409,
        64.99999999992208,
        65.00000015220253,
        65.0000001461783,
        64.99999999992208,
        65.0000001473392,
        65.00000015244763,
        65.00000015204934,
        64.99999999992208,
        65.0000000183285,
        64.99999999992208,
        65.00000015205434,
        65.00000015228409,
        65.0000001473392,
        64.99999999992208,
        65.00000014642919,
        65.00000015247018,
        64.99999999992208,
        65.00000015244763,
        65.00000015205434,
        65.00000015247018,
        64.99999999992208
    ],
    "fit_time": 30020.885390281677,
    "init_guess": [
        5.848410588726615e-09,
        0.05848410588726615,
        9.0,
        65.0,
        65.0,
        65.0,
        65.0,
        65.0,
        65.0,
        65.0,
        65.0,
        65.0,
        65.0,
        65.0,
        65.0,
        65.0,
        65.0,
        65.0,
        65.0,
        65.0,
        65.0,
        65.0,
        65.0,
        65.0,
        65.0,
        65.0,
        65.0,
        65.0
    ],
    "model": "Competition Model",
    "model_params": [
        "C_0",
        "N_0",
        "kn",
        "rs"
    ],
    "model_species": [
        "C",
        "N"
    ],
    "obj_fun": 0.6083559794890827,
    "zone_cols": 5,
    "zone_coords": [
        7,
        13
    ],
    "zone_rows": 5
}