{
    "argv": 426,
    "bounds": [
        [
            6.437222058477453e-12,
            0.006437222058477453
        ],
        [
            0.06437222058477453,
            0.12874444116954906
        ],
        [
            0.0,
            11.0
        ],
        [
            0.0,
            null
        ],
        [
            0.0,
            null
        ],
        [
            0.0,
            null
        ],
        [
            0.0,
            null
        ],
        [
            0.0,
            null
        ],
        [
            0.0,
            null
        ],
        [
            0.0,
            null
        ],
        [
            0.0,
            null
        ],
        [
            0.0,
            null
        ],
        [
            0.0,
            null
        ],
        [
            0.0,
            null
        ],
        [
            0.0,
            null
        ],
        [
            0.0,
            null
        ],
        [
            0.0,
            null
        ],
        [
            0.0,
            null
        ],
        [
            0.0,
            null
        ],
        [
            0.0,
            null
        ],
        [
            0.0,
            null
        ],
        [
            0.0,
            null
        ],
        [
            0.0,
            null
        ],
        [
            0.0,
            null
        ],
        [
            0.0,
            null
        ],
        [
            0.0,
            null
        ],
        [
            0.0,
            null
        ],
        [
            0.0,
            null
        ]
    ],
    "comp_est": [
        6.443513905741207e-09,
        0.06437222058477453,
        7.999999992663768,
        49.99999979856029,
        50.0000142326582,
        50.0000141077562,
        50.000010538603576,
        50.00001439693598,
        50.000014232239415,
        49.99999985780735,
        49.99989854930145,
        49.999999786921244,
        50.00001397037424,
        50.0000141080809,
        49.99989854930095,
        50.000014187888816,
        49.9999899766752,
        50.000016287725614,
        50.000010538114985,
        49.99999978725999,
        49.99998997673961,
        50.000006563633775,
        50.00001276288506,
        50.000014397192,
        50.00001396997026,
        50.00001628787747,
        50.00001276273031,
        49.999999843813626
    ],
    "fit_time": 70002.2404346466,
    "init_guess": [
        6.437222058477453e-09,
        0.06437222058477453,
        8.0,
        50.0,
        50.0,
        50.0,
        50.0,
        50.0,
        50.0,
        50.0,
        50.0,
        50.0,
        50.0,
        50.0,
        50.0,
        50.0,
        50.0,
        50.0,
        50.0,
        50.0,
        50.0,
        50.0,
        50.0,
        50.0,
        50.0,
        50.0,
        50.0,
        50.0
    ],
    "model": "Competition Model",
    "model_params": [
        "C_0",
        "N_0",
        "kn",
        "rs"
    ],
    "model_species": [
        "C",
        "N"
    ],
    "obj_fun": 0.816491465129502,
    "zone_cols": 5,
    "zone_coords": [
        9,
        15
    ],
    "zone_rows": 5
}