{
    "argv": 694,
    "bounds": [
        [
            6.437222058477453e-12,
            0.006437222058477453
        ],
        [
            0.06437222058477453,
            0.12874444116954906
        ],
        [
            0.0,
            11.0
        ],
        [
            0.0,
            null
        ],
        [
            0.0,
            null
        ],
        [
            0.0,
            null
        ],
        [
            0.0,
            null
        ],
        [
            0.0,
            null
        ],
        [
            0.0,
            null
        ],
        [
            0.0,
            null
        ],
        [
            0.0,
            null
        ],
        [
            0.0,
            null
        ],
        [
            0.0,
            null
        ],
        [
            0.0,
            null
        ],
        [
            0.0,
            null
        ],
        [
            0.0,
            null
        ],
        [
            0.0,
            null
        ],
        [
            0.0,
            null
        ],
        [
            0.0,
            null
        ],
        [
            0.0,
            null
        ],
        [
            0.0,
            null
        ],
        [
            0.0,
            null
        ],
        [
            0.0,
            null
        ],
        [
            0.0,
            null
        ],
        [
            0.0,
            null
        ],
        [
            0.0,
            null
        ],
        [
            0.0,
            null
        ],
        [
            0.0,
            null
        ]
    ],
    "comp_est": [
        2.975482523031132e-06,
        0.06456432665896888,
        2.817828818529472,
        61.439842554826114,
        76.51505923348654,
        61.427404701240896,
        62.63371193955566,
        62.44124918410476,
        60.456389588073264,
        61.065773409047424,
        61.26355608058635,
        57.51263446192548,
        82.60971011085766,
        78.16363860759748,
        62.13796091604504,
        60.89887115781491,
        74.94526918056674,
        59.32059376080251,
        57.15701552038439,
        74.45286000735811,
        57.3501971862215,
        81.76486036816593,
        60.94588062603962,
        59.985059723325186,
        63.43319596761442,
        63.25876219064763,
        63.50559715670391,
        57.198946765395874
    ],
    "fit_time": 53581.2090382576,
    "init_guess": [
        6.437222058477454e-07,
        0.06437222058477453,
        1.0,
        65.0,
        65.0,
        65.0,
        65.0,
        65.0,
        65.0,
        65.0,
        65.0,
        65.0,
        65.0,
        65.0,
        65.0,
        65.0,
        65.0,
        65.0,
        65.0,
        65.0,
        65.0,
        65.0,
        65.0,
        65.0,
        65.0,
        65.0,
        65.0,
        65.0
    ],
    "model": "Competition Model",
    "model_params": [
        "C_0",
        "N_0",
        "kn",
        "rs"
    ],
    "model_species": [
        "C",
        "N"
    ],
    "obj_fun": 0.0938801349952951,
    "zone_cols": 5,
    "zone_coords": [
        9,
        15
    ],
    "zone_rows": 5
}