{
    "argv": 814,
    "bounds": [
        [
            5.848410588726615e-12,
            0.005848410588726615
        ],
        [
            0.05848410588726615,
            0.1169682117745323
        ],
        [
            0.0,
            11.0
        ],
        [
            0.0,
            null
        ],
        [
            0.0,
            null
        ],
        [
            0.0,
            null
        ],
        [
            0.0,
            null
        ],
        [
            0.0,
            null
        ],
        [
            0.0,
            null
        ],
        [
            0.0,
            null
        ],
        [
            0.0,
            null
        ],
        [
            0.0,
            null
        ],
        [
            0.0,
            null
        ],
        [
            0.0,
            null
        ],
        [
            0.0,
            null
        ],
        [
            0.0,
            null
        ],
        [
            0.0,
            null
        ],
        [
            0.0,
            null
        ],
        [
            0.0,
            null
        ],
        [
            0.0,
            null
        ],
        [
            0.0,
            null
        ],
        [
            0.0,
            null
        ],
        [
            0.0,
            null
        ],
        [
            0.0,
            null
        ],
        [
            0.0,
            null
        ],
        [
            0.0,
            null
        ],
        [
            0.0,
            null
        ],
        [
            0.0,
            null
        ]
    ],
    "comp_est": [
        6.50977020787802e-06,
        0.05848410588726615,
        7.429048705246697,
        64.1681915226565,
        62.12451856316939,
        64.88359597699234,
        64.9291706153388,
        62.91862527042626,
        55.37608415589514,
        57.770895203866,
        62.12832626111854,
        64.5898440531846,
        76.77252664063907,
        64.158442923381,
        64.1567034700536,
        61.500692006385805,
        73.84265675478879,
        61.86742655225225,
        64.26884556227702,
        63.88862916409623,
        59.11996459742271,
        60.30254867562797,
        61.25740334253669,
        58.994965425475705,
        63.93538640720722,
        76.68491095825696,
        62.38251505312888,
        59.14932638099126
    ],
    "fit_time": 47945.19240832329,
    "init_guess": [
        5.848410588726615e-06,
        0.05848410588726615,
        0.0,
        65.0,
        65.0,
        65.0,
        65.0,
        65.0,
        65.0,
        65.0,
        65.0,
        65.0,
        65.0,
        65.0,
        65.0,
        65.0,
        65.0,
        65.0,
        65.0,
        65.0,
        65.0,
        65.0,
        65.0,
        65.0,
        65.0,
        65.0,
        65.0,
        65.0
    ],
    "model": "Competition Model",
    "model_params": [
        "C_0",
        "N_0",
        "kn",
        "rs"
    ],
    "model_species": [
        "C",
        "N"
    ],
    "obj_fun": 0.09698048533532563,
    "zone_cols": 5,
    "zone_coords": [
        7,
        13
    ],
    "zone_rows": 5
}