{
    "argv": 1097,
    "bounds": [
        [
            5.848410588726615e-12,
            0.005848410588726615
        ],
        [
            0.05848410588726615,
            0.1169682117745323
        ],
        [
            0.0,
            11.0
        ],
        [
            0.0,
            null
        ],
        [
            0.0,
            null
        ],
        [
            0.0,
            null
        ],
        [
            0.0,
            null
        ],
        [
            0.0,
            null
        ],
        [
            0.0,
            null
        ],
        [
            0.0,
            null
        ],
        [
            0.0,
            null
        ],
        [
            0.0,
            null
        ],
        [
            0.0,
            null
        ],
        [
            0.0,
            null
        ],
        [
            0.0,
            null
        ],
        [
            0.0,
            null
        ],
        [
            0.0,
            null
        ],
        [
            0.0,
            null
        ],
        [
            0.0,
            null
        ],
        [
            0.0,
            null
        ],
        [
            0.0,
            null
        ],
        [
            0.0,
            null
        ],
        [
            0.0,
            null
        ],
        [
            0.0,
            null
        ],
        [
            0.0,
            null
        ],
        [
            0.0,
            null
        ],
        [
            0.0,
            null
        ],
        [
            0.0,
            null
        ]
    ],
    "comp_est": [
        0.00584841058642677,
        0.05848410588726615,
        8.000000000899407,
        24.999999725123452,
        25.00000036737636,
        24.999999311882867,
        25.00000039397093,
        24.99999977788113,
        24.999999944020285,
        24.999999529644064,
        25.000000617201536,
        24.99999937783195,
        24.999999981409974,
        24.999999917383473,
        24.999999289961508,
        24.9999996222231,
        25.0000002146089,
        24.999999764397124,
        24.999999923159926,
        25.00000028055578,
        24.99999967841047,
        25.000000323787354,
        24.999999921066845,
        24.999999532333327,
        25.000000133020695,
        25.000000456049634,
        25.00000012131678,
        24.999999632907528
    ],
    "fit_time": 26980.367261886597,
    "init_guess": [
        0.005848410588726615,
        0.05848410588726615,
        8.0,
        25.0,
        25.0,
        25.0,
        25.0,
        25.0,
        25.0,
        25.0,
        25.0,
        25.0,
        25.0,
        25.0,
        25.0,
        25.0,
        25.0,
        25.0,
        25.0,
        25.0,
        25.0,
        25.0,
        25.0,
        25.0,
        25.0,
        25.0,
        25.0,
        25.0
    ],
    "model": "Competition Model",
    "model_params": [
        "C_0",
        "N_0",
        "kn",
        "rs"
    ],
    "model_species": [
        "C",
        "N"
    ],
    "obj_fun": 0.5009612861050795,
    "zone_cols": 5,
    "zone_coords": [
        7,
        13
    ],
    "zone_rows": 5
}