{
    "argv": 1009,
    "bounds": [
        [
            5.848410588726615e-12,
            0.005848410588726615
        ],
        [
            0.05848410588726615,
            0.1169682117745323
        ],
        [
            0.0,
            11.0
        ],
        [
            0.0,
            null
        ],
        [
            0.0,
            null
        ],
        [
            0.0,
            null
        ],
        [
            0.0,
            null
        ],
        [
            0.0,
            null
        ],
        [
            0.0,
            null
        ],
        [
            0.0,
            null
        ],
        [
            0.0,
            null
        ],
        [
            0.0,
            null
        ],
        [
            0.0,
            null
        ],
        [
            0.0,
            null
        ],
        [
            0.0,
            null
        ],
        [
            0.0,
            null
        ],
        [
            0.0,
            null
        ],
        [
            0.0,
            null
        ],
        [
            0.0,
            null
        ],
        [
            0.0,
            null
        ],
        [
            0.0,
            null
        ],
        [
            0.0,
            null
        ],
        [
            0.0,
            null
        ],
        [
            0.0,
            null
        ],
        [
            0.0,
            null
        ],
        [
            0.0,
            null
        ],
        [
            0.0,
            null
        ],
        [
            0.0,
            null
        ]
    ],
    "comp_est": [
        0.000584841058872489,
        0.05848410588726615,
        8.0,
        39.999999987214686,
        39.99999999677819,
        40.00000000158748,
        39.999999996777554,
        39.99999999833124,
        39.99999999677777,
        40.00000000235411,
        40.00000000322615,
        40.000000002469974,
        39.999999996862414,
        40.00000000158746,
        40.000000003226475,
        40.000000000616716,
        40.000000001927184,
        40.000000004430795,
        39.99999999677747,
        40.0000000024701,
        40.000000001925024,
        40.00000000233677,
        39.99999999677685,
        39.99999999833119,
        39.999999996860254,
        40.00000000443322,
        39.99999999677682,
        40.000000002943565
    ],
    "fit_time": 17612.216504096985,
    "init_guess": [
        0.0005848410588726615,
        0.05848410588726615,
        8.0,
        40.0,
        40.0,
        40.0,
        40.0,
        40.0,
        40.0,
        40.0,
        40.0,
        40.0,
        40.0,
        40.0,
        40.0,
        40.0,
        40.0,
        40.0,
        40.0,
        40.0,
        40.0,
        40.0,
        40.0,
        40.0,
        40.0,
        40.0,
        40.0,
        40.0
    ],
    "model": "Competition Model",
    "model_params": [
        "C_0",
        "N_0",
        "kn",
        "rs"
    ],
    "model_species": [
        "C",
        "N"
    ],
    "obj_fun": 0.4276693557399149,
    "zone_cols": 5,
    "zone_coords": [
        7,
        13
    ],
    "zone_rows": 5
}