{
    "argv": 824,
    "bounds": [
        [
            5.848410588726615e-12,
            0.005848410588726615
        ],
        [
            0.05848410588726615,
            0.1169682117745323
        ],
        [
            0.0,
            11.0
        ],
        [
            0.0,
            null
        ],
        [
            0.0,
            null
        ],
        [
            0.0,
            null
        ],
        [
            0.0,
            null
        ],
        [
            0.0,
            null
        ],
        [
            0.0,
            null
        ],
        [
            0.0,
            null
        ],
        [
            0.0,
            null
        ],
        [
            0.0,
            null
        ],
        [
            0.0,
            null
        ],
        [
            0.0,
            null
        ],
        [
            0.0,
            null
        ],
        [
            0.0,
            null
        ],
        [
            0.0,
            null
        ],
        [
            0.0,
            null
        ],
        [
            0.0,
            null
        ],
        [
            0.0,
            null
        ],
        [
            0.0,
            null
        ],
        [
            0.0,
            null
        ],
        [
            0.0,
            null
        ],
        [
            0.0,
            null
        ],
        [
            0.0,
            null
        ],
        [
            0.0,
            null
        ],
        [
            0.0,
            null
        ],
        [
            0.0,
            null
        ]
    ],
    "comp_est": [
        5.848470504639125e-06,
        0.05848437883818466,
        9.99999998955256,
        65.00000013218587,
        65.00000005611363,
        65.00000002076727,
        65.00000008776296,
        65.00000004801716,
        64.99999996850777,
        65.00000002998297,
        65.00000008493687,
        65.00000025060936,
        65.00000001143474,
        64.99999999150106,
        65.00000020707427,
        65.00000010301746,
        65.00000015684532,
        64.99999999202865,
        64.99999994390203,
        65.00000022034789,
        65.00000025521813,
        65.00000060113581,
        64.99999999096092,
        65.00000022589698,
        65.00000013433903,
        64.9999999174193,
        64.999999950001,
        65.0000001124678
    ],
    "fit_time": 34171.17136955261,
    "init_guess": [
        5.848410588726615e-06,
        0.05848410588726615,
        10.0,
        65.0,
        65.0,
        65.0,
        65.0,
        65.0,
        65.0,
        65.0,
        65.0,
        65.0,
        65.0,
        65.0,
        65.0,
        65.0,
        65.0,
        65.0,
        65.0,
        65.0,
        65.0,
        65.0,
        65.0,
        65.0,
        65.0,
        65.0,
        65.0,
        65.0
    ],
    "model": "Competition Model",
    "model_params": [
        "C_0",
        "N_0",
        "kn",
        "rs"
    ],
    "model_species": [
        "C",
        "N"
    ],
    "obj_fun": 0.41508494205514923,
    "zone_cols": 5,
    "zone_coords": [
        7,
        13
    ],
    "zone_rows": 5
}