{
    "argv": 706,
    "bounds": [
        [
            5.848410588726615e-12,
            0.005848410588726615
        ],
        [
            0.05848410588726615,
            0.1169682117745323
        ],
        [
            0.0,
            11.0
        ],
        [
            0.0,
            null
        ],
        [
            0.0,
            null
        ],
        [
            0.0,
            null
        ],
        [
            0.0,
            null
        ],
        [
            0.0,
            null
        ],
        [
            0.0,
            null
        ],
        [
            0.0,
            null
        ],
        [
            0.0,
            null
        ],
        [
            0.0,
            null
        ],
        [
            0.0,
            null
        ],
        [
            0.0,
            null
        ],
        [
            0.0,
            null
        ],
        [
            0.0,
            null
        ],
        [
            0.0,
            null
        ],
        [
            0.0,
            null
        ],
        [
            0.0,
            null
        ],
        [
            0.0,
            null
        ],
        [
            0.0,
            null
        ],
        [
            0.0,
            null
        ],
        [
            0.0,
            null
        ],
        [
            0.0,
            null
        ],
        [
            0.0,
            null
        ],
        [
            0.0,
            null
        ],
        [
            0.0,
            null
        ],
        [
            0.0,
            null
        ]
    ],
    "comp_est": [
        2.8510121627448987e-06,
        0.05848410588726615,
        11.0,
        70.59795008823963,
        68.90895146172085,
        70.68947555420753,
        69.68284023219009,
        66.9361378472604,
        66.58612507348514,
        67.35100350182971,
        68.2252273819933,
        68.31727335587125,
        81.71581032272489,
        70.68312956530573,
        70.22880902407553,
        67.40979271554401,
        79.49414249660168,
        66.19248090996614,
        70.39774907923928,
        69.76350503252966,
        66.504420847583,
        67.11398345547244,
        68.16458608161766,
        67.57118084981397,
        68.9946756753111,
        81.16191074891564,
        67.70302801472782,
        67.99609011894202
    ],
    "fit_time": 48449.508830308914,
    "init_guess": [
        5.848410588726616e-07,
        0.05848410588726615,
        2.0,
        70.0,
        70.0,
        70.0,
        70.0,
        70.0,
        70.0,
        70.0,
        70.0,
        70.0,
        70.0,
        70.0,
        70.0,
        70.0,
        70.0,
        70.0,
        70.0,
        70.0,
        70.0,
        70.0,
        70.0,
        70.0,
        70.0,
        70.0,
        70.0,
        70.0
    ],
    "model": "Competition Model",
    "model_params": [
        "C_0",
        "N_0",
        "kn",
        "rs"
    ],
    "model_species": [
        "C",
        "N"
    ],
    "obj_fun": 0.12148455037473127,
    "zone_cols": 5,
    "zone_coords": [
        7,
        13
    ],
    "zone_rows": 5
}