{
    "argv": 892,
    "bounds": [
        [
            5.848410588726615e-12,
            0.005848410588726615
        ],
        [
            0.05848410588726615,
            0.1169682117745323
        ],
        [
            0.0,
            11.0
        ],
        [
            0.0,
            null
        ],
        [
            0.0,
            null
        ],
        [
            0.0,
            null
        ],
        [
            0.0,
            null
        ],
        [
            0.0,
            null
        ],
        [
            0.0,
            null
        ],
        [
            0.0,
            null
        ],
        [
            0.0,
            null
        ],
        [
            0.0,
            null
        ],
        [
            0.0,
            null
        ],
        [
            0.0,
            null
        ],
        [
            0.0,
            null
        ],
        [
            0.0,
            null
        ],
        [
            0.0,
            null
        ],
        [
            0.0,
            null
        ],
        [
            0.0,
            null
        ],
        [
            0.0,
            null
        ],
        [
            0.0,
            null
        ],
        [
            0.0,
            null
        ],
        [
            0.0,
            null
        ],
        [
            0.0,
            null
        ],
        [
            0.0,
            null
        ],
        [
            0.0,
            null
        ],
        [
            0.0,
            null
        ],
        [
            0.0,
            null
        ]
    ],
    "comp_est": [
        0.00013398343493533643,
        0.058484113433825105,
        9.759038946084157,
        45.471655984319725,
        43.774511291507785,
        45.227828519124614,
        44.05698702359417,
        41.192651231730856,
        41.466539696853864,
        42.151224403427655,
        42.79907509422785,
        42.50002617631103,
        55.85431314243216,
        45.34891576455216,
        44.79535062651693,
        41.87904215698433,
        54.8489535376606,
        40.44461831004412,
        44.94093851964323,
        44.059061540712705,
        40.76368713931131,
        41.379395473607566,
        42.527895742000915,
        42.115564637283676,
        43.09411910489044,
        56.92628619349868,
        41.920824631108836,
        42.45960339484323
    ],
    "fit_time": 18205.243163108826,
    "init_guess": [
        5.848410588726615e-05,
        0.05848410588726615,
        1.0,
        45.0,
        45.0,
        45.0,
        45.0,
        45.0,
        45.0,
        45.0,
        45.0,
        45.0,
        45.0,
        45.0,
        45.0,
        45.0,
        45.0,
        45.0,
        45.0,
        45.0,
        45.0,
        45.0,
        45.0,
        45.0,
        45.0,
        45.0,
        45.0,
        45.0
    ],
    "model": "Competition Model",
    "model_params": [
        "C_0",
        "N_0",
        "kn",
        "rs"
    ],
    "model_species": [
        "C",
        "N"
    ],
    "obj_fun": 0.11051025269080493,
    "zone_cols": 5,
    "zone_coords": [
        7,
        13
    ],
    "zone_rows": 5
}