{
    "argv": 728,
    "bounds": [
        [
            6.437222058477453e-12,
            0.006437222058477453
        ],
        [
            0.06437222058477453,
            0.12874444116954906
        ],
        [
            0.0,
            11.0
        ],
        [
            0.0,
            null
        ],
        [
            0.0,
            null
        ],
        [
            0.0,
            null
        ],
        [
            0.0,
            null
        ],
        [
            0.0,
            null
        ],
        [
            0.0,
            null
        ],
        [
            0.0,
            null
        ],
        [
            0.0,
            null
        ],
        [
            0.0,
            null
        ],
        [
            0.0,
            null
        ],
        [
            0.0,
            null
        ],
        [
            0.0,
            null
        ],
        [
            0.0,
            null
        ],
        [
            0.0,
            null
        ],
        [
            0.0,
            null
        ],
        [
            0.0,
            null
        ],
        [
            0.0,
            null
        ],
        [
            0.0,
            null
        ],
        [
            0.0,
            null
        ],
        [
            0.0,
            null
        ],
        [
            0.0,
            null
        ],
        [
            0.0,
            null
        ],
        [
            0.0,
            null
        ],
        [
            0.0,
            null
        ],
        [
            0.0,
            null
        ]
    ],
    "comp_est": [
        0.00014430675550926135,
        0.07286215914080366,
        1.4780756481936872,
        30.366991364839507,
        42.99989111121479,
        29.898615945275434,
        32.053437206370404,
        33.78110420755238,
        29.493708017744368,
        29.949069691322045,
        29.7366975854206,
        28.569473175358702,
        49.97665594040213,
        44.672586477574626,
        31.769593229946846,
        29.37354308506773,
        41.84539699397992,
        30.203213827848845,
        22.389084535116574,
        39.58143844113065,
        26.601980529356613,
        46.19971397445141,
        29.643907531521137,
        26.550965498685482,
        30.459060578401107,
        30.740040847883257,
        30.943874953041288,
        20.458858318844136
    ],
    "fit_time": 77424.94454622269,
    "init_guess": [
        6.437222058477453e-06,
        0.06437222058477453,
        2.0,
        25.0,
        25.0,
        25.0,
        25.0,
        25.0,
        25.0,
        25.0,
        25.0,
        25.0,
        25.0,
        25.0,
        25.0,
        25.0,
        25.0,
        25.0,
        25.0,
        25.0,
        25.0,
        25.0,
        25.0,
        25.0,
        25.0,
        25.0,
        25.0,
        25.0
    ],
    "model": "Competition Model",
    "model_params": [
        "C_0",
        "N_0",
        "kn",
        "rs"
    ],
    "model_species": [
        "C",
        "N"
    ],
    "obj_fun": 0.07150231916517294,
    "zone_cols": 5,
    "zone_coords": [
        9,
        15
    ],
    "zone_rows": 5
}