{
    "argv": 36,
    "bounds": [
        [
            5.848410588726615e-12,
            0.005848410588726615
        ],
        [
            0.05848410588726615,
            0.1169682117745323
        ],
        [
            0.0,
            11.0
        ],
        [
            0.0,
            null
        ],
        [
            0.0,
            null
        ],
        [
            0.0,
            null
        ],
        [
            0.0,
            null
        ],
        [
            0.0,
            null
        ],
        [
            0.0,
            null
        ],
        [
            0.0,
            null
        ],
        [
            0.0,
            null
        ],
        [
            0.0,
            null
        ],
        [
            0.0,
            null
        ],
        [
            0.0,
            null
        ],
        [
            0.0,
            null
        ],
        [
            0.0,
            null
        ],
        [
            0.0,
            null
        ],
        [
            0.0,
            null
        ],
        [
            0.0,
            null
        ],
        [
            0.0,
            null
        ],
        [
            0.0,
            null
        ],
        [
            0.0,
            null
        ],
        [
            0.0,
            null
        ],
        [
            0.0,
            null
        ],
        [
            0.0,
            null
        ],
        [
            0.0,
            null
        ],
        [
            0.0,
            null
        ],
        [
            0.0,
            null
        ]
    ],
    "comp_est": [
        0.00013029793486854765,
        0.05978256617898474,
        5.525039268201582,
        39.9598218285905,
        38.35119499411027,
        42.74219670277956,
        43.93441699188296,
        40.11535718759533,
        33.62067833716255,
        35.56260326256934,
        39.38765925399057,
        44.1222468162863,
        55.1870988721255,
        41.23560048451381,
        41.50100026627873,
        39.137466408562766,
        52.79568524091098,
        39.22459019355154,
        41.73207314119419,
        42.0890516043893,
        37.9658318790009,
        38.530619091591284,
        38.89769615518058,
        37.13598394593919,
        43.05237916658421,
        53.858150372664674,
        40.14405018113078,
        37.30492651644964
    ],
    "fit_time": 2422.995864391327,
    "init_guess": [
        5.848410588726615e-12,
        0.05848410588726615,
        3.0,
        40.0,
        40.0,
        40.0,
        40.0,
        40.0,
        40.0,
        40.0,
        40.0,
        40.0,
        40.0,
        40.0,
        40.0,
        40.0,
        40.0,
        40.0,
        40.0,
        40.0,
        40.0,
        40.0,
        40.0,
        40.0,
        40.0,
        40.0,
        40.0,
        40.0
    ],
    "model": "Competition Model",
    "model_params": [
        "C_0",
        "N_0",
        "kn",
        "rs"
    ],
    "model_species": [
        "C",
        "N"
    ],
    "obj_fun": 0.06216561438382944,
    "zone_cols": 5,
    "zone_coords": [
        7,
        13
    ],
    "zone_rows": 5
}