{
    "argv": 717,
    "bounds": [
        [
            5.848410588726615e-12,
            0.005848410588726615
        ],
        [
            0.05848410588726615,
            0.1169682117745323
        ],
        [
            0.0,
            11.0
        ],
        [
            0.0,
            null
        ],
        [
            0.0,
            null
        ],
        [
            0.0,
            null
        ],
        [
            0.0,
            null
        ],
        [
            0.0,
            null
        ],
        [
            0.0,
            null
        ],
        [
            0.0,
            null
        ],
        [
            0.0,
            null
        ],
        [
            0.0,
            null
        ],
        [
            0.0,
            null
        ],
        [
            0.0,
            null
        ],
        [
            0.0,
            null
        ],
        [
            0.0,
            null
        ],
        [
            0.0,
            null
        ],
        [
            0.0,
            null
        ],
        [
            0.0,
            null
        ],
        [
            0.0,
            null
        ],
        [
            0.0,
            null
        ],
        [
            0.0,
            null
        ],
        [
            0.0,
            null
        ],
        [
            0.0,
            null
        ],
        [
            0.0,
            null
        ],
        [
            0.0,
            null
        ],
        [
            0.0,
            null
        ],
        [
            0.0,
            null
        ]
    ],
    "comp_est": [
        9.79945540370366e-07,
        0.05848410588726615,
        1.9998982605534317,
        76.54458527777416,
        73.7109896475765,
        76.18726083134094,
        74.36612506503984,
        69.38726188906914,
        70.06184540721904,
        71.34609890571465,
        72.39273520740937,
        71.13003901780674,
        92.82951856608132,
        76.45678489388519,
        75.698989266303,
        70.49352487497285,
        93.13815651713733,
        67.70639224791725,
        75.84141336315086,
        74.59294815426516,
        68.75123932037884,
        69.97193698135436,
        72.47868069429632,
        71.36555402000162,
        72.73552040687268,
        93.99990471679743,
        70.88723473250498,
        72.31134119755357
    ],
    "fit_time": 5691.206483602524,
    "init_guess": [
        5.848410588726616e-07,
        0.05848410588726615,
        2.0,
        75.0,
        75.0,
        75.0,
        75.0,
        75.0,
        75.0,
        75.0,
        75.0,
        75.0,
        75.0,
        75.0,
        75.0,
        75.0,
        75.0,
        75.0,
        75.0,
        75.0,
        75.0,
        75.0,
        75.0,
        75.0,
        75.0,
        75.0,
        75.0,
        75.0
    ],
    "model": "Competition Model",
    "model_params": [
        "C_0",
        "N_0",
        "kn",
        "rs"
    ],
    "model_species": [
        "C",
        "N"
    ],
    "obj_fun": 0.15706707172512768,
    "zone_cols": 5,
    "zone_coords": [
        7,
        13
    ],
    "zone_rows": 5
}