{
    "argv": 506,
    "bounds": [
        [
            6.437222058477453e-12,
            0.006437222058477453
        ],
        [
            0.06437222058477453,
            0.12874444116954906
        ],
        [
            0.0,
            11.0
        ],
        [
            0.0,
            null
        ],
        [
            0.0,
            null
        ],
        [
            0.0,
            null
        ],
        [
            0.0,
            null
        ],
        [
            0.0,
            null
        ],
        [
            0.0,
            null
        ],
        [
            0.0,
            null
        ],
        [
            0.0,
            null
        ],
        [
            0.0,
            null
        ],
        [
            0.0,
            null
        ],
        [
            0.0,
            null
        ],
        [
            0.0,
            null
        ],
        [
            0.0,
            null
        ],
        [
            0.0,
            null
        ],
        [
            0.0,
            null
        ],
        [
            0.0,
            null
        ],
        [
            0.0,
            null
        ],
        [
            0.0,
            null
        ],
        [
            0.0,
            null
        ],
        [
            0.0,
            null
        ],
        [
            0.0,
            null
        ],
        [
            0.0,
            null
        ],
        [
            0.0,
            null
        ],
        [
            0.0,
            null
        ],
        [
            0.0,
            null
        ]
    ],
    "comp_est": [
        8.375745497951102e-05,
        0.0733598971913086,
        1.1251438039602284,
        32.17594817376379,
        46.61889501186575,
        31.934526645313785,
        33.86097225818913,
        35.922211545747686,
        31.433312238454022,
        31.867578207169124,
        31.788420563776636,
        30.66396688074004,
        55.44211703374738,
        48.56640881033406,
        33.8578295488861,
        31.69421286185201,
        45.79884832386325,
        34.252105329454494,
        26.201311235910712,
        42.63453632891802,
        28.682301185221714,
        51.01313505540194,
        31.55893347742802,
        27.8729751474914,
        32.246837801948516,
        32.336776501438784,
        32.854104453269045,
        22.69104273745835
    ],
    "fit_time": 58822.21001601219,
    "init_guess": [
        6.437222058477452e-08,
        0.06437222058477453,
        0.0,
        35.0,
        35.0,
        35.0,
        35.0,
        35.0,
        35.0,
        35.0,
        35.0,
        35.0,
        35.0,
        35.0,
        35.0,
        35.0,
        35.0,
        35.0,
        35.0,
        35.0,
        35.0,
        35.0,
        35.0,
        35.0,
        35.0,
        35.0,
        35.0,
        35.0
    ],
    "model": "Competition Model",
    "model_params": [
        "C_0",
        "N_0",
        "kn",
        "rs"
    ],
    "model_species": [
        "C",
        "N"
    ],
    "obj_fun": 0.06334208795607922,
    "zone_cols": 5,
    "zone_coords": [
        9,
        15
    ],
    "zone_rows": 5
}