{
    "argv": 31,
    "bounds": [
        [
            6.437222058477453e-12,
            0.006437222058477453
        ],
        [
            0.06437222058477453,
            0.12874444116954906
        ],
        [
            0.0,
            11.0
        ],
        [
            0.0,
            null
        ],
        [
            0.0,
            null
        ],
        [
            0.0,
            null
        ],
        [
            0.0,
            null
        ],
        [
            0.0,
            null
        ],
        [
            0.0,
            null
        ],
        [
            0.0,
            null
        ],
        [
            0.0,
            null
        ],
        [
            0.0,
            null
        ],
        [
            0.0,
            null
        ],
        [
            0.0,
            null
        ],
        [
            0.0,
            null
        ],
        [
            0.0,
            null
        ],
        [
            0.0,
            null
        ],
        [
            0.0,
            null
        ],
        [
            0.0,
            null
        ],
        [
            0.0,
            null
        ],
        [
            0.0,
            null
        ],
        [
            0.0,
            null
        ],
        [
            0.0,
            null
        ],
        [
            0.0,
            null
        ],
        [
            0.0,
            null
        ],
        [
            0.0,
            null
        ],
        [
            0.0,
            null
        ],
        [
            0.0,
            null
        ]
    ],
    "comp_est": [
        3.978036624206553e-05,
        0.07889638739676261,
        9.00004732150932,
        35.15362083666886,
        35.20695801523361,
        35.21356641874442,
        35.2074148105306,
        35.1462834077606,
        35.206893725432344,
        35.21635260530786,
        35.24404274394794,
        35.21636446369379,
        35.20726146332724,
        35.21300021013104,
        35.244042869677706,
        35.251247120302864,
        35.24405832602896,
        35.212935293318,
        35.20741903281967,
        35.21641702084028,
        35.243978315143934,
        35.2164602312616,
        35.207838874434046,
        35.14627728067518,
        35.20721015372849,
        35.212889099406475,
        35.20782283504904,
        35.16221920909129
    ],
    "fit_time": 53717.213664770126,
    "init_guess": [
        6.437222058477453e-12,
        0.06437222058477453,
        9.0,
        35.0,
        35.0,
        35.0,
        35.0,
        35.0,
        35.0,
        35.0,
        35.0,
        35.0,
        35.0,
        35.0,
        35.0,
        35.0,
        35.0,
        35.0,
        35.0,
        35.0,
        35.0,
        35.0,
        35.0,
        35.0,
        35.0,
        35.0,
        35.0,
        35.0
    ],
    "model": "Competition Model",
    "model_params": [
        "C_0",
        "N_0",
        "kn",
        "rs"
    ],
    "model_species": [
        "C",
        "N"
    ],
    "obj_fun": 0.5759670781880296,
    "zone_cols": 5,
    "zone_coords": [
        9,
        15
    ],
    "zone_rows": 5
}