{
    "argv": 253,
    "bounds": [
        [
            5.848410588726615e-12,
            0.005848410588726615
        ],
        [
            0.05848410588726615,
            0.1169682117745323
        ],
        [
            0.0,
            11.0
        ],
        [
            0.0,
            null
        ],
        [
            0.0,
            null
        ],
        [
            0.0,
            null
        ],
        [
            0.0,
            null
        ],
        [
            0.0,
            null
        ],
        [
            0.0,
            null
        ],
        [
            0.0,
            null
        ],
        [
            0.0,
            null
        ],
        [
            0.0,
            null
        ],
        [
            0.0,
            null
        ],
        [
            0.0,
            null
        ],
        [
            0.0,
            null
        ],
        [
            0.0,
            null
        ],
        [
            0.0,
            null
        ],
        [
            0.0,
            null
        ],
        [
            0.0,
            null
        ],
        [
            0.0,
            null
        ],
        [
            0.0,
            null
        ],
        [
            0.0,
            null
        ],
        [
            0.0,
            null
        ],
        [
            0.0,
            null
        ],
        [
            0.0,
            null
        ],
        [
            0.0,
            null
        ],
        [
            0.0,
            null
        ],
        [
            0.0,
            null
        ]
    ],
    "comp_est": [
        0.00025101440034893286,
        0.06733022737554,
        1.7392695599956356,
        27.981374014453962,
        26.972669990311275,
        31.326910179161427,
        33.16515098099982,
        32.05998466687247,
        21.845728494252025,
        24.207678236778325,
        28.899215438412227,
        34.028334154015226,
        47.44444021561147,
        29.40234459692017,
        29.9039825703193,
        29.044033224863774,
        43.05254585244174,
        31.08299927496191,
        30.16206448874437,
        30.574270786563797,
        28.380783757749235,
        29.061260841073505,
        28.913112814716886,
        26.428124871370382,
        31.810072896910736,
        44.50362276692073,
        30.317929995726782,
        27.144314900203067
    ],
    "fit_time": 24891.383593320847,
    "init_guess": [
        5.848410588726615e-10,
        0.05848410588726615,
        0.0,
        30.0,
        30.0,
        30.0,
        30.0,
        30.0,
        30.0,
        30.0,
        30.0,
        30.0,
        30.0,
        30.0,
        30.0,
        30.0,
        30.0,
        30.0,
        30.0,
        30.0,
        30.0,
        30.0,
        30.0,
        30.0,
        30.0,
        30.0,
        30.0,
        30.0
    ],
    "model": "Competition Model",
    "model_params": [
        "C_0",
        "N_0",
        "kn",
        "rs"
    ],
    "model_species": [
        "C",
        "N"
    ],
    "obj_fun": 0.05747926606482833,
    "zone_cols": 5,
    "zone_coords": [
        7,
        13
    ],
    "zone_rows": 5
}