{
    "argv": 78,
    "bounds": [
        [
            6.437222058477453e-12,
            0.006437222058477453
        ],
        [
            0.06437222058477453,
            0.12874444116954906
        ],
        [
            0.0,
            11.0
        ],
        [
            0.0,
            null
        ],
        [
            0.0,
            null
        ],
        [
            0.0,
            null
        ],
        [
            0.0,
            null
        ],
        [
            0.0,
            null
        ],
        [
            0.0,
            null
        ],
        [
            0.0,
            null
        ],
        [
            0.0,
            null
        ],
        [
            0.0,
            null
        ],
        [
            0.0,
            null
        ],
        [
            0.0,
            null
        ],
        [
            0.0,
            null
        ],
        [
            0.0,
            null
        ],
        [
            0.0,
            null
        ],
        [
            0.0,
            null
        ],
        [
            0.0,
            null
        ],
        [
            0.0,
            null
        ],
        [
            0.0,
            null
        ],
        [
            0.0,
            null
        ],
        [
            0.0,
            null
        ],
        [
            0.0,
            null
        ],
        [
            0.0,
            null
        ],
        [
            0.0,
            null
        ],
        [
            0.0,
            null
        ],
        [
            0.0,
            null
        ]
    ],
    "comp_est": [
        6.204170379335331e-06,
        0.06472422484404604,
        4.494824511158656,
        56.83906283808625,
        69.88204616463445,
        56.98227081434637,
        59.061531845732894,
        56.76508104950985,
        56.08287460114448,
        56.58201353999351,
        58.37541664478658,
        53.97025862466584,
        72.97945502924247,
        71.22272212994237,
        56.19047464999415,
        56.655508504186365,
        66.13926987809481,
        54.62267135739709,
        53.75896556032123,
        68.83261859465463,
        53.640026929712654,
        74.47247326898854,
        56.30374497325481,
        58.11543664291784,
        58.608878402923224,
        59.25309285130767,
        57.73343203762581,
        56.60644423950708
    ],
    "fit_time": 2288.6744499206543,
    "init_guess": [
        6.437222058477453e-12,
        0.06437222058477453,
        1.0,
        60.0,
        60.0,
        60.0,
        60.0,
        60.0,
        60.0,
        60.0,
        60.0,
        60.0,
        60.0,
        60.0,
        60.0,
        60.0,
        60.0,
        60.0,
        60.0,
        60.0,
        60.0,
        60.0,
        60.0,
        60.0,
        60.0,
        60.0,
        60.0,
        60.0
    ],
    "model": "Competition Model",
    "model_params": [
        "C_0",
        "N_0",
        "kn",
        "rs"
    ],
    "model_species": [
        "C",
        "N"
    ],
    "obj_fun": 0.13714722252391462,
    "zone_cols": 5,
    "zone_coords": [
        9,
        15
    ],
    "zone_rows": 5
}