{
    "argv": 237,
    "bounds": [
        [
            6.437222058477453e-12,
            0.006437222058477453
        ],
        [
            0.06437222058477453,
            0.12874444116954906
        ],
        [
            0.0,
            11.0
        ],
        [
            0.0,
            null
        ],
        [
            0.0,
            null
        ],
        [
            0.0,
            null
        ],
        [
            0.0,
            null
        ],
        [
            0.0,
            null
        ],
        [
            0.0,
            null
        ],
        [
            0.0,
            null
        ],
        [
            0.0,
            null
        ],
        [
            0.0,
            null
        ],
        [
            0.0,
            null
        ],
        [
            0.0,
            null
        ],
        [
            0.0,
            null
        ],
        [
            0.0,
            null
        ],
        [
            0.0,
            null
        ],
        [
            0.0,
            null
        ],
        [
            0.0,
            null
        ],
        [
            0.0,
            null
        ],
        [
            0.0,
            null
        ],
        [
            0.0,
            null
        ],
        [
            0.0,
            null
        ],
        [
            0.0,
            null
        ],
        [
            0.0,
            null
        ],
        [
            0.0,
            null
        ],
        [
            0.0,
            null
        ],
        [
            0.0,
            null
        ]
    ],
    "comp_est": [
        4.50465641464279e-09,
        0.06437226286555778,
        5.99999999999997,
        74.999948278562,
        74.99994827527273,
        74.9999482733221,
        74.99994827480211,
        74.9999482772087,
        74.99994827527273,
        74.99994827257834,
        74.99994827216948,
        74.99994827304701,
        74.99994827482782,
        74.9999482733221,
        74.99994827216948,
        74.99994827260413,
        74.9999482722221,
        74.9999482733053,
        74.99994827480211,
        74.99994827304701,
        74.9999482722221,
        74.99994827254882,
        74.99994827460168,
        74.9999482772087,
        74.99994827482782,
        74.9999482733053,
        74.99994827460168,
        74.99994827753864
    ],
    "fit_time": 64222.70027303696,
    "init_guess": [
        6.437222058477453e-11,
        0.06437222058477453,
        6.0,
        75.0,
        75.0,
        75.0,
        75.0,
        75.0,
        75.0,
        75.0,
        75.0,
        75.0,
        75.0,
        75.0,
        75.0,
        75.0,
        75.0,
        75.0,
        75.0,
        75.0,
        75.0,
        75.0,
        75.0,
        75.0,
        75.0,
        75.0,
        75.0,
        75.0
    ],
    "model": "Competition Model",
    "model_params": [
        "C_0",
        "N_0",
        "kn",
        "rs"
    ],
    "model_species": [
        "C",
        "N"
    ],
    "obj_fun": 0.6396946308633468,
    "zone_cols": 5,
    "zone_coords": [
        9,
        15
    ],
    "zone_rows": 5
}