{
    "argv": 971,
    "bounds": [
        [
            5.848410588726615e-12,
            0.005848410588726615
        ],
        [
            0.05848410588726615,
            0.1169682117745323
        ],
        [
            0.0,
            11.0
        ],
        [
            0.0,
            null
        ],
        [
            0.0,
            null
        ],
        [
            0.0,
            null
        ],
        [
            0.0,
            null
        ],
        [
            0.0,
            null
        ],
        [
            0.0,
            null
        ],
        [
            0.0,
            null
        ],
        [
            0.0,
            null
        ],
        [
            0.0,
            null
        ],
        [
            0.0,
            null
        ],
        [
            0.0,
            null
        ],
        [
            0.0,
            null
        ],
        [
            0.0,
            null
        ],
        [
            0.0,
            null
        ],
        [
            0.0,
            null
        ],
        [
            0.0,
            null
        ],
        [
            0.0,
            null
        ],
        [
            0.0,
            null
        ],
        [
            0.0,
            null
        ],
        [
            0.0,
            null
        ],
        [
            0.0,
            null
        ],
        [
            0.0,
            null
        ],
        [
            0.0,
            null
        ],
        [
            0.0,
            null
        ],
        [
            0.0,
            null
        ]
    ],
    "comp_est": [
        0.00044837447294320036,
        0.07114453466522061,
        1.4125072440453008,
        23.221850274562325,
        22.182790317535105,
        25.88757282344089,
        27.447599186067134,
        26.27688769856604,
        16.13670246365418,
        19.4506948462603,
        23.497731953821397,
        28.213892363242838,
        40.5968472666258,
        24.34050200530134,
        24.62169233261684,
        23.57747820349745,
        36.60506267536643,
        25.30370072842863,
        24.81383440993066,
        25.230436708356734,
        22.803672894619204,
        23.56847868497118,
        23.550629118486594,
        21.4296685025515,
        26.208756794189945,
        38.131101972361606,
        24.55552336030096,
        22.11487862630347
    ],
    "fit_time": 3263.9071130752563,
    "init_guess": [
        0.0005848410588726615,
        0.05848410588726615,
        3.0,
        25.0,
        25.0,
        25.0,
        25.0,
        25.0,
        25.0,
        25.0,
        25.0,
        25.0,
        25.0,
        25.0,
        25.0,
        25.0,
        25.0,
        25.0,
        25.0,
        25.0,
        25.0,
        25.0,
        25.0,
        25.0,
        25.0,
        25.0,
        25.0,
        25.0
    ],
    "model": "Competition Model",
    "model_params": [
        "C_0",
        "N_0",
        "kn",
        "rs"
    ],
    "model_species": [
        "C",
        "N"
    ],
    "obj_fun": 0.06517104621430915,
    "zone_cols": 5,
    "zone_coords": [
        7,
        13
    ],
    "zone_rows": 5
}