{
    "argv": 925,
    "bounds": [
        [
            6.437222058477453e-12,
            0.006437222058477453
        ],
        [
            0.06437222058477453,
            0.12874444116954906
        ],
        [
            0.0,
            11.0
        ],
        [
            0.0,
            null
        ],
        [
            0.0,
            null
        ],
        [
            0.0,
            null
        ],
        [
            0.0,
            null
        ],
        [
            0.0,
            null
        ],
        [
            0.0,
            null
        ],
        [
            0.0,
            null
        ],
        [
            0.0,
            null
        ],
        [
            0.0,
            null
        ],
        [
            0.0,
            null
        ],
        [
            0.0,
            null
        ],
        [
            0.0,
            null
        ],
        [
            0.0,
            null
        ],
        [
            0.0,
            null
        ],
        [
            0.0,
            null
        ],
        [
            0.0,
            null
        ],
        [
            0.0,
            null
        ],
        [
            0.0,
            null
        ],
        [
            0.0,
            null
        ],
        [
            0.0,
            null
        ],
        [
            0.0,
            null
        ],
        [
            0.0,
            null
        ],
        [
            0.0,
            null
        ],
        [
            0.0,
            null
        ],
        [
            0.0,
            null
        ]
    ],
    "comp_est": [
        4.63552900309732e-06,
        0.06437222058477453,
        4.171542697123658,
        60.08911640491478,
        74.50539864050926,
        59.93675601973361,
        59.914743023948716,
        60.59969499729874,
        60.0249588188687,
        60.1146377057638,
        59.614647576980474,
        57.519854787363975,
        78.88365031032329,
        76.71693566028154,
        60.95719637060096,
        60.33319816457092,
        73.76765082408795,
        59.075294322001064,
        57.252775331210174,
        72.11937095168219,
        57.246366046593415,
        77.87644434564157,
        60.76711295915074,
        59.00503226531438,
        60.89987782083616,
        60.42324966494663,
        61.277075074370906,
        58.36926486057309
    ],
    "fit_time": 37347.15261030197,
    "init_guess": [
        6.437222058477453e-05,
        0.06437222058477453,
        1.0,
        60.0,
        60.0,
        60.0,
        60.0,
        60.0,
        60.0,
        60.0,
        60.0,
        60.0,
        60.0,
        60.0,
        60.0,
        60.0,
        60.0,
        60.0,
        60.0,
        60.0,
        60.0,
        60.0,
        60.0,
        60.0,
        60.0,
        60.0,
        60.0,
        60.0
    ],
    "model": "Competition Model",
    "model_params": [
        "C_0",
        "N_0",
        "kn",
        "rs"
    ],
    "model_species": [
        "C",
        "N"
    ],
    "obj_fun": 0.10211748770964162,
    "zone_cols": 5,
    "zone_coords": [
        9,
        15
    ],
    "zone_rows": 5
}