{
    "argv": 121,
    "bounds": [
        [
            5.848410588726615e-12,
            0.005848410588726615
        ],
        [
            0.05848410588726615,
            0.1169682117745323
        ],
        [
            0.0,
            11.0
        ],
        [
            0.0,
            null
        ],
        [
            0.0,
            null
        ],
        [
            0.0,
            null
        ],
        [
            0.0,
            null
        ],
        [
            0.0,
            null
        ],
        [
            0.0,
            null
        ],
        [
            0.0,
            null
        ],
        [
            0.0,
            null
        ],
        [
            0.0,
            null
        ],
        [
            0.0,
            null
        ],
        [
            0.0,
            null
        ],
        [
            0.0,
            null
        ],
        [
            0.0,
            null
        ],
        [
            0.0,
            null
        ],
        [
            0.0,
            null
        ],
        [
            0.0,
            null
        ],
        [
            0.0,
            null
        ],
        [
            0.0,
            null
        ],
        [
            0.0,
            null
        ],
        [
            0.0,
            null
        ],
        [
            0.0,
            null
        ],
        [
            0.0,
            null
        ],
        [
            0.0,
            null
        ],
        [
            0.0,
            null
        ],
        [
            0.0,
            null
        ]
    ],
    "comp_est": [
        0.00047505615178687144,
        0.07205502032521974,
        1.2717662834042438,
        22.474185927255668,
        21.343038182674704,
        25.00842322940037,
        26.533412062997915,
        25.57238407291506,
        16.362544542786,
        18.899421099850297,
        22.754592791349435,
        27.39551935635308,
        40.176794838892576,
        23.551879111298224,
        23.80582368241109,
        22.82485861475094,
        35.897725293890986,
        24.588291903439444,
        24.005521659515686,
        24.414950415085276,
        22.23758852004183,
        22.76602620610131,
        22.652648236746867,
        20.728935558885812,
        25.463678155013643,
        37.550283588356464,
        23.90045160571569,
        21.228142013969563
    ],
    "fit_time": 32062.742923259735,
    "init_guess": [
        5.848410588726616e-11,
        0.05848410588726615,
        0.0,
        25.0,
        25.0,
        25.0,
        25.0,
        25.0,
        25.0,
        25.0,
        25.0,
        25.0,
        25.0,
        25.0,
        25.0,
        25.0,
        25.0,
        25.0,
        25.0,
        25.0,
        25.0,
        25.0,
        25.0,
        25.0,
        25.0,
        25.0,
        25.0,
        25.0
    ],
    "model": "Competition Model",
    "model_params": [
        "C_0",
        "N_0",
        "kn",
        "rs"
    ],
    "model_species": [
        "C",
        "N"
    ],
    "obj_fun": 0.06675998415364483,
    "zone_cols": 5,
    "zone_coords": [
        7,
        13
    ],
    "zone_rows": 5
}