{
    "argv": 934,
    "bounds": [
        [
            5.848410588726615e-12,
            0.005848410588726615
        ],
        [
            0.05848410588726615,
            0.1169682117745323
        ],
        [
            0.0,
            11.0
        ],
        [
            0.0,
            null
        ],
        [
            0.0,
            null
        ],
        [
            0.0,
            null
        ],
        [
            0.0,
            null
        ],
        [
            0.0,
            null
        ],
        [
            0.0,
            null
        ],
        [
            0.0,
            null
        ],
        [
            0.0,
            null
        ],
        [
            0.0,
            null
        ],
        [
            0.0,
            null
        ],
        [
            0.0,
            null
        ],
        [
            0.0,
            null
        ],
        [
            0.0,
            null
        ],
        [
            0.0,
            null
        ],
        [
            0.0,
            null
        ],
        [
            0.0,
            null
        ],
        [
            0.0,
            null
        ],
        [
            0.0,
            null
        ],
        [
            0.0,
            null
        ],
        [
            0.0,
            null
        ],
        [
            0.0,
            null
        ],
        [
            0.0,
            null
        ],
        [
            0.0,
            null
        ],
        [
            0.0,
            null
        ],
        [
            0.0,
            null
        ]
    ],
    "comp_est": [
        5.8484106559561865e-05,
        0.05848410588726615,
        9.999999999742926,
        60.000000061468526,
        59.999999923611384,
        60.000000117614,
        59.99999994698509,
        60.00000005072025,
        59.999999923384394,
        59.99999998644983,
        59.99999998440674,
        59.99999997394125,
        59.99999996975879,
        60.00000011504455,
        59.99999999233804,
        60.00000005042835,
        59.999999973701954,
        60.000000114101475,
        59.999999946769535,
        59.9999999756415,
        59.99999998290946,
        59.999999987903344,
        59.99999997506766,
        60.00000005412695,
        59.999999968259544,
        60.000000108402865,
        59.999999975959554,
        60.00000006119198
    ],
    "fit_time": 37698.15297603607,
    "init_guess": [
        5.848410588726615e-05,
        0.05848410588726615,
        10.0,
        60.0,
        60.0,
        60.0,
        60.0,
        60.0,
        60.0,
        60.0,
        60.0,
        60.0,
        60.0,
        60.0,
        60.0,
        60.0,
        60.0,
        60.0,
        60.0,
        60.0,
        60.0,
        60.0,
        60.0,
        60.0,
        60.0,
        60.0,
        60.0,
        60.0
    ],
    "model": "Competition Model",
    "model_params": [
        "C_0",
        "N_0",
        "kn",
        "rs"
    ],
    "model_species": [
        "C",
        "N"
    ],
    "obj_fun": 0.42634960621896717,
    "zone_cols": 5,
    "zone_coords": [
        7,
        13
    ],
    "zone_rows": 5
}