{
    "argv": 322,
    "bounds": [
        [
            5.848410588726615e-12,
            0.005848410588726615
        ],
        [
            0.05848410588726615,
            0.1169682117745323
        ],
        [
            0.0,
            11.0
        ],
        [
            0.0,
            null
        ],
        [
            0.0,
            null
        ],
        [
            0.0,
            null
        ],
        [
            0.0,
            null
        ],
        [
            0.0,
            null
        ],
        [
            0.0,
            null
        ],
        [
            0.0,
            null
        ],
        [
            0.0,
            null
        ],
        [
            0.0,
            null
        ],
        [
            0.0,
            null
        ],
        [
            0.0,
            null
        ],
        [
            0.0,
            null
        ],
        [
            0.0,
            null
        ],
        [
            0.0,
            null
        ],
        [
            0.0,
            null
        ],
        [
            0.0,
            null
        ],
        [
            0.0,
            null
        ],
        [
            0.0,
            null
        ],
        [
            0.0,
            null
        ],
        [
            0.0,
            null
        ],
        [
            0.0,
            null
        ],
        [
            0.0,
            null
        ],
        [
            0.0,
            null
        ],
        [
            0.0,
            null
        ],
        [
            0.0,
            null
        ]
    ],
    "comp_est": [
        9.810854902501429e-06,
        0.05848410588726615,
        2.923250683762056,
        61.52249388163439,
        58.69499534403782,
        61.261394266181036,
        59.02656786421943,
        56.04251437531672,
        55.18194264561011,
        58.06038973280838,
        56.18176137830707,
        59.799205112257646,
        74.85307974520262,
        61.437203611754505,
        59.16581170053849,
        58.391738001190255,
        75.17163518066309,
        55.81615650908059,
        60.785778927802134,
        61.35982963498102,
        53.664702671122846,
        57.64567765502773,
        57.27711947358916,
        57.06488818063964,
        58.514761282449854,
        75.94994201887556,
        56.68630843254069,
        57.943268746231816
    ],
    "fit_time": 23988.114488601685,
    "init_guess": [
        5.848410588726615e-10,
        0.05848410588726615,
        3.0,
        60.0,
        60.0,
        60.0,
        60.0,
        60.0,
        60.0,
        60.0,
        60.0,
        60.0,
        60.0,
        60.0,
        60.0,
        60.0,
        60.0,
        60.0,
        60.0,
        60.0,
        60.0,
        60.0,
        60.0,
        60.0,
        60.0,
        60.0,
        60.0,
        60.0
    ],
    "model": "Competition Model",
    "model_params": [
        "C_0",
        "N_0",
        "kn",
        "rs"
    ],
    "model_species": [
        "C",
        "N"
    ],
    "obj_fun": 0.13384043392776948,
    "zone_cols": 5,
    "zone_coords": [
        7,
        13
    ],
    "zone_rows": 5
}