{
    "argv": 998,
    "bounds": [
        [
            6.437222058477453e-12,
            0.006437222058477453
        ],
        [
            0.06437222058477453,
            0.12874444116954906
        ],
        [
            0.0,
            11.0
        ],
        [
            0.0,
            null
        ],
        [
            0.0,
            null
        ],
        [
            0.0,
            null
        ],
        [
            0.0,
            null
        ],
        [
            0.0,
            null
        ],
        [
            0.0,
            null
        ],
        [
            0.0,
            null
        ],
        [
            0.0,
            null
        ],
        [
            0.0,
            null
        ],
        [
            0.0,
            null
        ],
        [
            0.0,
            null
        ],
        [
            0.0,
            null
        ],
        [
            0.0,
            null
        ],
        [
            0.0,
            null
        ],
        [
            0.0,
            null
        ],
        [
            0.0,
            null
        ],
        [
            0.0,
            null
        ],
        [
            0.0,
            null
        ],
        [
            0.0,
            null
        ],
        [
            0.0,
            null
        ],
        [
            0.0,
            null
        ],
        [
            0.0,
            null
        ],
        [
            0.0,
            null
        ],
        [
            0.0,
            null
        ],
        [
            0.0,
            null
        ]
    ],
    "comp_est": [
        0.0006437222058832963,
        0.06437222058477453,
        7.999999999991023,
        34.999999967471226,
        34.99999993903156,
        34.99999997457287,
        34.99999993162508,
        34.999999928213995,
        34.99999993899406,
        34.9999999634756,
        34.999999923966016,
        34.999999966578955,
        34.99999993861769,
        34.99999997462214,
        34.99999992396397,
        34.999999949037104,
        34.99999992533733,
        35.00000001123539,
        34.99999993153101,
        34.99999996662081,
        34.999999925304884,
        34.99999996600136,
        34.999999938244976,
        34.999999928195805,
        34.99999993855305,
        35.000000011231634,
        34.999999938239604,
        34.99999991777607
    ],
    "fit_time": 36466.524221897125,
    "init_guess": [
        0.0006437222058477453,
        0.06437222058477453,
        8.0,
        35.0,
        35.0,
        35.0,
        35.0,
        35.0,
        35.0,
        35.0,
        35.0,
        35.0,
        35.0,
        35.0,
        35.0,
        35.0,
        35.0,
        35.0,
        35.0,
        35.0,
        35.0,
        35.0,
        35.0,
        35.0,
        35.0,
        35.0,
        35.0,
        35.0
    ],
    "model": "Competition Model",
    "model_params": [
        "C_0",
        "N_0",
        "kn",
        "rs"
    ],
    "model_species": [
        "C",
        "N"
    ],
    "obj_fun": 0.5819831349203726,
    "zone_cols": 5,
    "zone_coords": [
        9,
        15
    ],
    "zone_rows": 5
}