{
    "argv": 398,
    "bounds": [
        [
            6.437222058477453e-12,
            0.006437222058477453
        ],
        [
            0.06437222058477453,
            0.12874444116954906
        ],
        [
            0.0,
            11.0
        ],
        [
            0.0,
            null
        ],
        [
            0.0,
            null
        ],
        [
            0.0,
            null
        ],
        [
            0.0,
            null
        ],
        [
            0.0,
            null
        ],
        [
            0.0,
            null
        ],
        [
            0.0,
            null
        ],
        [
            0.0,
            null
        ],
        [
            0.0,
            null
        ],
        [
            0.0,
            null
        ],
        [
            0.0,
            null
        ],
        [
            0.0,
            null
        ],
        [
            0.0,
            null
        ],
        [
            0.0,
            null
        ],
        [
            0.0,
            null
        ],
        [
            0.0,
            null
        ],
        [
            0.0,
            null
        ],
        [
            0.0,
            null
        ],
        [
            0.0,
            null
        ],
        [
            0.0,
            null
        ],
        [
            0.0,
            null
        ],
        [
            0.0,
            null
        ],
        [
            0.0,
            null
        ],
        [
            0.0,
            null
        ],
        [
            0.0,
            null
        ]
    ],
    "comp_est": [
        7.699256866740509e-05,
        0.06774828958893485,
        2.1776693354828667,
        36.33117219119439,
        50.847320845165605,
        36.426824187081834,
        38.369932452378066,
        37.25079943482199,
        35.89972532242349,
        35.960137055100084,
        37.74121731703785,
        33.1192810673974,
        55.92656662387682,
        52.89399315852253,
        37.49487263982614,
        36.01860586718537,
        49.91705165815242,
        34.51350497800813,
        32.78910182974583,
        48.468908963025584,
        34.131425670929595,
        54.12203045329612,
        36.46226837534975,
        36.005531154535724,
        38.56059774993345,
        38.66791664071784,
        38.4278953483105,
        34.259300739443454
    ],
    "fit_time": 31058.690799474716,
    "init_guess": [
        6.437222058477453e-09,
        0.06437222058477453,
        2.0,
        40.0,
        40.0,
        40.0,
        40.0,
        40.0,
        40.0,
        40.0,
        40.0,
        40.0,
        40.0,
        40.0,
        40.0,
        40.0,
        40.0,
        40.0,
        40.0,
        40.0,
        40.0,
        40.0,
        40.0,
        40.0,
        40.0,
        40.0,
        40.0,
        40.0
    ],
    "model": "Competition Model",
    "model_params": [
        "C_0",
        "N_0",
        "kn",
        "rs"
    ],
    "model_species": [
        "C",
        "N"
    ],
    "obj_fun": 0.08743593050990377,
    "zone_cols": 5,
    "zone_coords": [
        9,
        15
    ],
    "zone_rows": 5
}