{
    "argv": 850,
    "bounds": [
        [
            5.848410588726615e-12,
            0.005848410588726615
        ],
        [
            0.05848410588726615,
            0.1169682117745323
        ],
        [
            0.0,
            11.0
        ],
        [
            0.0,
            null
        ],
        [
            0.0,
            null
        ],
        [
            0.0,
            null
        ],
        [
            0.0,
            null
        ],
        [
            0.0,
            null
        ],
        [
            0.0,
            null
        ],
        [
            0.0,
            null
        ],
        [
            0.0,
            null
        ],
        [
            0.0,
            null
        ],
        [
            0.0,
            null
        ],
        [
            0.0,
            null
        ],
        [
            0.0,
            null
        ],
        [
            0.0,
            null
        ],
        [
            0.0,
            null
        ],
        [
            0.0,
            null
        ],
        [
            0.0,
            null
        ],
        [
            0.0,
            null
        ],
        [
            0.0,
            null
        ],
        [
            0.0,
            null
        ],
        [
            0.0,
            null
        ],
        [
            0.0,
            null
        ],
        [
            0.0,
            null
        ],
        [
            0.0,
            null
        ],
        [
            0.0,
            null
        ],
        [
            0.0,
            null
        ]
    ],
    "comp_est": [
        5.848410589669599e-05,
        0.05848410595134439,
        3.0,
        25.000000156514073,
        25.000000072439846,
        25.0000000935022,
        25.0000000722034,
        25.00000015642386,
        25.000000072439637,
        25.000000098789336,
        25.000000122103586,
        25.000000098640275,
        25.0000000723791,
        25.000000093502177,
        25.000000122103756,
        25.000000107379762,
        25.000000123639623,
        25.00000009202703,
        25.000000072203633,
        25.00000009863939,
        25.00000012363804,
        25.00000011524212,
        25.00000007237333,
        25.000000156423553,
        25.000000072377627,
        25.000000092029655,
        25.00000007237339,
        25.00000015653302
    ],
    "fit_time": 14804.72314119339,
    "init_guess": [
        5.848410588726615e-05,
        0.05848410588726615,
        3.0,
        25.0,
        25.0,
        25.0,
        25.0,
        25.0,
        25.0,
        25.0,
        25.0,
        25.0,
        25.0,
        25.0,
        25.0,
        25.0,
        25.0,
        25.0,
        25.0,
        25.0,
        25.0,
        25.0,
        25.0,
        25.0,
        25.0,
        25.0,
        25.0,
        25.0
    ],
    "model": "Competition Model",
    "model_params": [
        "C_0",
        "N_0",
        "kn",
        "rs"
    ],
    "model_species": [
        "C",
        "N"
    ],
    "obj_fun": 0.6026997407415561,
    "zone_cols": 5,
    "zone_coords": [
        7,
        13
    ],
    "zone_rows": 5
}