{
    "argv": 1016,
    "bounds": [
        [
            6.437222058477453e-12,
            0.006437222058477453
        ],
        [
            0.06437222058477453,
            0.12874444116954906
        ],
        [
            0.0,
            11.0
        ],
        [
            0.0,
            null
        ],
        [
            0.0,
            null
        ],
        [
            0.0,
            null
        ],
        [
            0.0,
            null
        ],
        [
            0.0,
            null
        ],
        [
            0.0,
            null
        ],
        [
            0.0,
            null
        ],
        [
            0.0,
            null
        ],
        [
            0.0,
            null
        ],
        [
            0.0,
            null
        ],
        [
            0.0,
            null
        ],
        [
            0.0,
            null
        ],
        [
            0.0,
            null
        ],
        [
            0.0,
            null
        ],
        [
            0.0,
            null
        ],
        [
            0.0,
            null
        ],
        [
            0.0,
            null
        ],
        [
            0.0,
            null
        ],
        [
            0.0,
            null
        ],
        [
            0.0,
            null
        ],
        [
            0.0,
            null
        ],
        [
            0.0,
            null
        ],
        [
            0.0,
            null
        ],
        [
            0.0,
            null
        ],
        [
            0.0,
            null
        ]
    ],
    "comp_est": [
        0.0006437222058465092,
        0.06437222058477453,
        4.0,
        45.000000002207486,
        45.0000000046508,
        45.000000007926104,
        45.000000003804395,
        45.00000000217412,
        45.000000004643645,
        45.000000001260815,
        45.00000000502498,
        45.00000000658967,
        45.000000006674725,
        45.00000000793326,
        45.000000005024134,
        44.99999999995753,
        45.00000000516485,
        45.00000000117973,
        45.00000000380206,
        45.00000000659582,
        45.00000000515827,
        45.00000000640323,
        45.00000000703963,
        45.0000000021749,
        45.000000006666305,
        45.00000000118081,
        45.000000007040654,
        45.000000002266496
    ],
    "fit_time": 14221.740041017532,
    "init_guess": [
        0.0006437222058477453,
        0.06437222058477453,
        4.0,
        45.0,
        45.0,
        45.0,
        45.0,
        45.0,
        45.0,
        45.0,
        45.0,
        45.0,
        45.0,
        45.0,
        45.0,
        45.0,
        45.0,
        45.0,
        45.0,
        45.0,
        45.0,
        45.0,
        45.0,
        45.0,
        45.0,
        45.0,
        45.0,
        45.0
    ],
    "model": "Competition Model",
    "model_params": [
        "C_0",
        "N_0",
        "kn",
        "rs"
    ],
    "model_species": [
        "C",
        "N"
    ],
    "obj_fun": 0.623807111642718,
    "zone_cols": 5,
    "zone_coords": [
        9,
        15
    ],
    "zone_rows": 5
}