{
    "argv": 968,
    "bounds": [
        [
            6.437222058477453e-12,
            0.006437222058477453
        ],
        [
            0.06437222058477453,
            0.12874444116954906
        ],
        [
            0.0,
            11.0
        ],
        [
            0.0,
            null
        ],
        [
            0.0,
            null
        ],
        [
            0.0,
            null
        ],
        [
            0.0,
            null
        ],
        [
            0.0,
            null
        ],
        [
            0.0,
            null
        ],
        [
            0.0,
            null
        ],
        [
            0.0,
            null
        ],
        [
            0.0,
            null
        ],
        [
            0.0,
            null
        ],
        [
            0.0,
            null
        ],
        [
            0.0,
            null
        ],
        [
            0.0,
            null
        ],
        [
            0.0,
            null
        ],
        [
            0.0,
            null
        ],
        [
            0.0,
            null
        ],
        [
            0.0,
            null
        ],
        [
            0.0,
            null
        ],
        [
            0.0,
            null
        ],
        [
            0.0,
            null
        ],
        [
            0.0,
            null
        ],
        [
            0.0,
            null
        ],
        [
            0.0,
            null
        ],
        [
            0.0,
            null
        ],
        [
            0.0,
            null
        ]
    ],
    "comp_est": [
        6.3597254693282035e-06,
        0.06823661882912788,
        1.2325322827828906,
        50.07518274151168,
        68.7021979351119,
        50.12683763364837,
        52.58570930298353,
        56.33557651578308,
        49.27618396532257,
        49.92174178213453,
        49.69829794694265,
        49.90433460041565,
        81.98178926448017,
        71.78016011832621,
        52.88746737131875,
        49.982817867096024,
        68.49876979491872,
        54.186027299547334,
        43.40057149971228,
        63.275283292282914,
        46.54853013341954,
        75.02942836636035,
        49.82198183180441,
        44.19624392963068,
        49.66755364410588,
        50.15363350941838,
        51.031169531227896,
        30.377751850729318
    ],
    "fit_time": 82824.9692223072,
    "init_guess": [
        0.0006437222058477453,
        0.06437222058477453,
        0.0,
        25.0,
        25.0,
        25.0,
        25.0,
        25.0,
        25.0,
        25.0,
        25.0,
        25.0,
        25.0,
        25.0,
        25.0,
        25.0,
        25.0,
        25.0,
        25.0,
        25.0,
        25.0,
        25.0,
        25.0,
        25.0,
        25.0,
        25.0,
        25.0,
        25.0
    ],
    "model": "Competition Model",
    "model_params": [
        "C_0",
        "N_0",
        "kn",
        "rs"
    ],
    "model_species": [
        "C",
        "N"
    ],
    "obj_fun": 0.05102551856385273,
    "zone_cols": 5,
    "zone_coords": [
        9,
        15
    ],
    "zone_rows": 5
}