{
    "argv": 129,
    "bounds": [
        [
            6.437222058477453e-12,
            0.006437222058477453
        ],
        [
            0.06437222058477453,
            0.12874444116954906
        ],
        [
            0.0,
            11.0
        ],
        [
            0.0,
            null
        ],
        [
            0.0,
            null
        ],
        [
            0.0,
            null
        ],
        [
            0.0,
            null
        ],
        [
            0.0,
            null
        ],
        [
            0.0,
            null
        ],
        [
            0.0,
            null
        ],
        [
            0.0,
            null
        ],
        [
            0.0,
            null
        ],
        [
            0.0,
            null
        ],
        [
            0.0,
            null
        ],
        [
            0.0,
            null
        ],
        [
            0.0,
            null
        ],
        [
            0.0,
            null
        ],
        [
            0.0,
            null
        ],
        [
            0.0,
            null
        ],
        [
            0.0,
            null
        ],
        [
            0.0,
            null
        ],
        [
            0.0,
            null
        ],
        [
            0.0,
            null
        ],
        [
            0.0,
            null
        ],
        [
            0.0,
            null
        ],
        [
            0.0,
            null
        ],
        [
            0.0,
            null
        ],
        [
            0.0,
            null
        ]
    ],
    "comp_est": [
        6.651986034958558e-05,
        0.09164703393813055,
        8.312820772448276,
        25.502878808231323,
        25.170636988540824,
        25.447377270477286,
        25.34720411247745,
        25.52487187622114,
        25.679096437359895,
        25.571941849986985,
        26.012390079746876,
        25.485859210409494,
        25.712726562972417,
        25.533129846888407,
        25.89191550529194,
        25.322229077326476,
        23.712695503777947,
        25.713290251519055,
        25.55651954163022,
        25.73090376637427,
        25.75846611101557,
        26.128157202523298,
        25.220677627106475,
        25.34585946745776,
        25.5692973261229,
        27.647316112977798,
        25.198561244133934,
        25.19940655605045
    ],
    "fit_time": 73361.91073775291,
    "init_guess": [
        6.437222058477453e-11,
        0.06437222058477453,
        8.0,
        25.0,
        25.0,
        25.0,
        25.0,
        25.0,
        25.0,
        25.0,
        25.0,
        25.0,
        25.0,
        25.0,
        25.0,
        25.0,
        25.0,
        25.0,
        25.0,
        25.0,
        25.0,
        25.0,
        25.0,
        25.0,
        25.0,
        25.0,
        25.0,
        25.0
    ],
    "model": "Competition Model",
    "model_params": [
        "C_0",
        "N_0",
        "kn",
        "rs"
    ],
    "model_species": [
        "C",
        "N"
    ],
    "obj_fun": 0.6018424794193492,
    "zone_cols": 5,
    "zone_coords": [
        9,
        15
    ],
    "zone_rows": 5
}