{
    "argv": 171,
    "bounds": [
        [
            5.848410588726615e-12,
            0.005848410588726615
        ],
        [
            0.05848410588726615,
            0.1169682117745323
        ],
        [
            0.0,
            11.0
        ],
        [
            0.0,
            null
        ],
        [
            0.0,
            null
        ],
        [
            0.0,
            null
        ],
        [
            0.0,
            null
        ],
        [
            0.0,
            null
        ],
        [
            0.0,
            null
        ],
        [
            0.0,
            null
        ],
        [
            0.0,
            null
        ],
        [
            0.0,
            null
        ],
        [
            0.0,
            null
        ],
        [
            0.0,
            null
        ],
        [
            0.0,
            null
        ],
        [
            0.0,
            null
        ],
        [
            0.0,
            null
        ],
        [
            0.0,
            null
        ],
        [
            0.0,
            null
        ],
        [
            0.0,
            null
        ],
        [
            0.0,
            null
        ],
        [
            0.0,
            null
        ],
        [
            0.0,
            null
        ],
        [
            0.0,
            null
        ],
        [
            0.0,
            null
        ],
        [
            0.0,
            null
        ],
        [
            0.0,
            null
        ],
        [
            0.0,
            null
        ]
    ],
    "comp_est": [
        2.092971544917802e-06,
        0.07720857613909504,
        6.000115464469234,
        45.0090963464947,
        45.009867032068605,
        44.996779124257536,
        45.010237550143486,
        45.00052357093899,
        45.00982282285833,
        45.03235397285059,
        45.04024956736327,
        45.03367234457233,
        45.00990164493618,
        44.99670668311666,
        45.04028887628759,
        45.00026235080283,
        45.040244683655196,
        44.99667670622876,
        45.01030490036909,
        45.03363739122234,
        45.040233042239066,
        45.039545953352324,
        45.00984601618261,
        45.00058254315096,
        45.00840749208074,
        44.99667490818623,
        45.00988834956897,
        44.9983520228737
    ],
    "fit_time": 27060.64008617401,
    "init_guess": [
        5.848410588726616e-11,
        0.05848410588726615,
        6.0,
        45.0,
        45.0,
        45.0,
        45.0,
        45.0,
        45.0,
        45.0,
        45.0,
        45.0,
        45.0,
        45.0,
        45.0,
        45.0,
        45.0,
        45.0,
        45.0,
        45.0,
        45.0,
        45.0,
        45.0,
        45.0,
        45.0,
        45.0,
        45.0,
        45.0
    ],
    "model": "Competition Model",
    "model_params": [
        "C_0",
        "N_0",
        "kn",
        "rs"
    ],
    "model_species": [
        "C",
        "N"
    ],
    "obj_fun": 0.43845117394431127,
    "zone_cols": 5,
    "zone_coords": [
        7,
        13
    ],
    "zone_rows": 5
}