{
    "argv": 466,
    "bounds": [
        [
            6.437222058477453e-12,
            0.006437222058477453
        ],
        [
            0.06437222058477453,
            0.12874444116954906
        ],
        [
            0.0,
            11.0
        ],
        [
            0.0,
            null
        ],
        [
            0.0,
            null
        ],
        [
            0.0,
            null
        ],
        [
            0.0,
            null
        ],
        [
            0.0,
            null
        ],
        [
            0.0,
            null
        ],
        [
            0.0,
            null
        ],
        [
            0.0,
            null
        ],
        [
            0.0,
            null
        ],
        [
            0.0,
            null
        ],
        [
            0.0,
            null
        ],
        [
            0.0,
            null
        ],
        [
            0.0,
            null
        ],
        [
            0.0,
            null
        ],
        [
            0.0,
            null
        ],
        [
            0.0,
            null
        ],
        [
            0.0,
            null
        ],
        [
            0.0,
            null
        ],
        [
            0.0,
            null
        ],
        [
            0.0,
            null
        ],
        [
            0.0,
            null
        ],
        [
            0.0,
            null
        ],
        [
            0.0,
            null
        ],
        [
            0.0,
            null
        ],
        [
            0.0,
            null
        ]
    ],
    "comp_est": [
        6.4374615971812215e-09,
        0.06437222058716992,
        4.0,
        70.00000000663617,
        69.9999999973952,
        69.9999999973952,
        69.9999999973952,
        69.99999999975365,
        69.9999999973952,
        69.9999999973952,
        69.9999999973952,
        69.9999999973952,
        69.9999999973952,
        69.9999999973952,
        69.9999999973952,
        69.9999999973952,
        69.9999999973952,
        69.9999999973952,
        69.9999999973952,
        69.9999999973952,
        69.9999999973952,
        69.9999999973952,
        69.9999999973952,
        69.99999999975378,
        69.9999999973952,
        69.9999999973952,
        69.9999999973952,
        70.00000001560446
    ],
    "fit_time": 9309.132513284683,
    "init_guess": [
        6.437222058477453e-09,
        0.06437222058477453,
        4.0,
        70.0,
        70.0,
        70.0,
        70.0,
        70.0,
        70.0,
        70.0,
        70.0,
        70.0,
        70.0,
        70.0,
        70.0,
        70.0,
        70.0,
        70.0,
        70.0,
        70.0,
        70.0,
        70.0,
        70.0,
        70.0,
        70.0,
        70.0,
        70.0,
        70.0
    ],
    "model": "Competition Model",
    "model_params": [
        "C_0",
        "N_0",
        "kn",
        "rs"
    ],
    "model_species": [
        "C",
        "N"
    ],
    "obj_fun": 0.6785776494000354,
    "zone_cols": 5,
    "zone_coords": [
        9,
        15
    ],
    "zone_rows": 5
}