{
    "argv": 537,
    "bounds": [
        [
            6.437222058477453e-12,
            0.006437222058477453
        ],
        [
            0.06437222058477453,
            0.12874444116954906
        ],
        [
            0.0,
            11.0
        ],
        [
            0.0,
            null
        ],
        [
            0.0,
            null
        ],
        [
            0.0,
            null
        ],
        [
            0.0,
            null
        ],
        [
            0.0,
            null
        ],
        [
            0.0,
            null
        ],
        [
            0.0,
            null
        ],
        [
            0.0,
            null
        ],
        [
            0.0,
            null
        ],
        [
            0.0,
            null
        ],
        [
            0.0,
            null
        ],
        [
            0.0,
            null
        ],
        [
            0.0,
            null
        ],
        [
            0.0,
            null
        ],
        [
            0.0,
            null
        ],
        [
            0.0,
            null
        ],
        [
            0.0,
            null
        ],
        [
            0.0,
            null
        ],
        [
            0.0,
            null
        ],
        [
            0.0,
            null
        ],
        [
            0.0,
            null
        ],
        [
            0.0,
            null
        ],
        [
            0.0,
            null
        ],
        [
            0.0,
            null
        ],
        [
            0.0,
            null
        ]
    ],
    "comp_est": [
        6.437266335748873e-08,
        0.06437223093684145,
        8.999999999997202,
        44.99999998146872,
        45.000000020694856,
        45.00000006136253,
        45.00000002801207,
        45.000000098457654,
        45.00000002069485,
        45.00000020285186,
        45.0000000683173,
        45.00000020869282,
        45.000000026572906,
        45.00000006136256,
        45.0000000683173,
        44.99999992018635,
        45.00000007096507,
        45.000000053264685,
        45.00000002801207,
        45.000000208692825,
        45.00000007025161,
        45.00000020987959,
        45.00000002133284,
        45.000000098457654,
        45.000000026573375,
        45.00000005326469,
        45.00000002133282,
        44.99999999097013
    ],
    "fit_time": 5946.379922628403,
    "init_guess": [
        6.437222058477452e-08,
        0.06437222058477453,
        9.0,
        45.0,
        45.0,
        45.0,
        45.0,
        45.0,
        45.0,
        45.0,
        45.0,
        45.0,
        45.0,
        45.0,
        45.0,
        45.0,
        45.0,
        45.0,
        45.0,
        45.0,
        45.0,
        45.0,
        45.0,
        45.0,
        45.0,
        45.0,
        45.0,
        45.0
    ],
    "model": "Competition Model",
    "model_params": [
        "C_0",
        "N_0",
        "kn",
        "rs"
    ],
    "model_species": [
        "C",
        "N"
    ],
    "obj_fun": 0.8058901870210688,
    "zone_cols": 5,
    "zone_coords": [
        9,
        15
    ],
    "zone_rows": 5
}