{
    "argv": 161,
    "bounds": [
        [
            6.437222058477453e-12,
            0.006437222058477453
        ],
        [
            0.06437222058477453,
            0.12874444116954906
        ],
        [
            0.0,
            11.0
        ],
        [
            0.0,
            null
        ],
        [
            0.0,
            null
        ],
        [
            0.0,
            null
        ],
        [
            0.0,
            null
        ],
        [
            0.0,
            null
        ],
        [
            0.0,
            null
        ],
        [
            0.0,
            null
        ],
        [
            0.0,
            null
        ],
        [
            0.0,
            null
        ],
        [
            0.0,
            null
        ],
        [
            0.0,
            null
        ],
        [
            0.0,
            null
        ],
        [
            0.0,
            null
        ],
        [
            0.0,
            null
        ],
        [
            0.0,
            null
        ],
        [
            0.0,
            null
        ],
        [
            0.0,
            null
        ],
        [
            0.0,
            null
        ],
        [
            0.0,
            null
        ],
        [
            0.0,
            null
        ],
        [
            0.0,
            null
        ],
        [
            0.0,
            null
        ],
        [
            0.0,
            null
        ],
        [
            0.0,
            null
        ],
        [
            0.0,
            null
        ]
    ],
    "comp_est": [
        2.737734985928689e-05,
        0.07469563662859245,
        6.9999979621746,
        39.84017323905312,
        40.00678491499569,
        40.018594398783186,
        40.00648316795301,
        39.83985365932687,
        40.00642638485729,
        39.93037683742619,
        40.044194165509424,
        39.93037043751552,
        40.00687314279551,
        40.019015431590006,
        40.04419189701122,
        40.8884275515119,
        40.04447889140523,
        40.01905307647058,
        40.00638895586857,
        39.93070015363084,
        40.04470947669218,
        39.93087317552115,
        40.006468742273746,
        39.839838439126495,
        40.006528851010636,
        40.019120279380466,
        40.00647145123614,
        39.83859906321339
    ],
    "fit_time": 68774.07167816162,
    "init_guess": [
        6.437222058477453e-11,
        0.06437222058477453,
        7.0,
        40.0,
        40.0,
        40.0,
        40.0,
        40.0,
        40.0,
        40.0,
        40.0,
        40.0,
        40.0,
        40.0,
        40.0,
        40.0,
        40.0,
        40.0,
        40.0,
        40.0,
        40.0,
        40.0,
        40.0,
        40.0,
        40.0,
        40.0,
        40.0,
        40.0
    ],
    "model": "Competition Model",
    "model_params": [
        "C_0",
        "N_0",
        "kn",
        "rs"
    ],
    "model_species": [
        "C",
        "N"
    ],
    "obj_fun": 0.5755278827007196,
    "zone_cols": 5,
    "zone_coords": [
        9,
        15
    ],
    "zone_rows": 5
}