{
    "argv": 420,
    "bounds": [
        [
            6.437222058477453e-12,
            0.006437222058477453
        ],
        [
            0.06437222058477453,
            0.12874444116954906
        ],
        [
            0.0,
            11.0
        ],
        [
            0.0,
            null
        ],
        [
            0.0,
            null
        ],
        [
            0.0,
            null
        ],
        [
            0.0,
            null
        ],
        [
            0.0,
            null
        ],
        [
            0.0,
            null
        ],
        [
            0.0,
            null
        ],
        [
            0.0,
            null
        ],
        [
            0.0,
            null
        ],
        [
            0.0,
            null
        ],
        [
            0.0,
            null
        ],
        [
            0.0,
            null
        ],
        [
            0.0,
            null
        ],
        [
            0.0,
            null
        ],
        [
            0.0,
            null
        ],
        [
            0.0,
            null
        ],
        [
            0.0,
            null
        ],
        [
            0.0,
            null
        ],
        [
            0.0,
            null
        ],
        [
            0.0,
            null
        ],
        [
            0.0,
            null
        ],
        [
            0.0,
            null
        ],
        [
            0.0,
            null
        ],
        [
            0.0,
            null
        ],
        [
            0.0,
            null
        ]
    ],
    "comp_est": [
        2.6208097741581942e-05,
        0.06480348924207176,
        2.4767162296241123,
        45.99519415153054,
        61.570233430084876,
        46.02657015776707,
        47.45496196357316,
        46.3837738439439,
        44.96232846947875,
        45.618171586212526,
        46.33291147721827,
        42.78047618954135,
        67.17043010636284,
        64.26946044341527,
        46.25512725189405,
        45.33638301892295,
        60.426066836394185,
        43.923069899540785,
        42.465541783648646,
        58.699211106612296,
        42.77517686074408,
        65.41790447330696,
        45.513786974253655,
        45.75270946207694,
        48.35551635007528,
        48.340811760885366,
        47.96040616846505,
        43.441884340696795
    ],
    "fit_time": 34697.934163331985,
    "init_guess": [
        6.437222058477453e-09,
        0.06437222058477453,
        2.0,
        50.0,
        50.0,
        50.0,
        50.0,
        50.0,
        50.0,
        50.0,
        50.0,
        50.0,
        50.0,
        50.0,
        50.0,
        50.0,
        50.0,
        50.0,
        50.0,
        50.0,
        50.0,
        50.0,
        50.0,
        50.0,
        50.0,
        50.0,
        50.0,
        50.0
    ],
    "model": "Competition Model",
    "model_params": [
        "C_0",
        "N_0",
        "kn",
        "rs"
    ],
    "model_species": [
        "C",
        "N"
    ],
    "obj_fun": 0.08809626466714963,
    "zone_cols": 5,
    "zone_coords": [
        9,
        15
    ],
    "zone_rows": 5
}