{
    "argv": 817,
    "bounds": [
        [
            6.437222058477453e-12,
            0.006437222058477453
        ],
        [
            0.06437222058477453,
            0.12874444116954906
        ],
        [
            0.0,
            11.0
        ],
        [
            0.0,
            null
        ],
        [
            0.0,
            null
        ],
        [
            0.0,
            null
        ],
        [
            0.0,
            null
        ],
        [
            0.0,
            null
        ],
        [
            0.0,
            null
        ],
        [
            0.0,
            null
        ],
        [
            0.0,
            null
        ],
        [
            0.0,
            null
        ],
        [
            0.0,
            null
        ],
        [
            0.0,
            null
        ],
        [
            0.0,
            null
        ],
        [
            0.0,
            null
        ],
        [
            0.0,
            null
        ],
        [
            0.0,
            null
        ],
        [
            0.0,
            null
        ],
        [
            0.0,
            null
        ],
        [
            0.0,
            null
        ],
        [
            0.0,
            null
        ],
        [
            0.0,
            null
        ],
        [
            0.0,
            null
        ],
        [
            0.0,
            null
        ],
        [
            0.0,
            null
        ],
        [
            0.0,
            null
        ],
        [
            0.0,
            null
        ]
    ],
    "comp_est": [
        9.272829740173266e-06,
        0.06715914920801315,
        3.1983792259436816,
        45.13989123613925,
        62.94279071493232,
        54.098243984129574,
        54.22121397963312,
        44.58239366372746,
        50.51659006560676,
        56.9453246467068,
        56.380036499437416,
        56.019298699148386,
        70.26740021484096,
        59.77834120007873,
        56.074500780428096,
        57.10967186588707,
        58.99898273581368,
        54.649724007509676,
        59.80487540332653,
        60.310959343029566,
        55.01318350267392,
        57.69138217167003,
        53.920217346125874,
        44.67213004981089,
        54.142359011784016,
        55.32083736206321,
        51.805699093149556,
        54.09552677712992
    ],
    "fit_time": 76049.02983880043,
    "init_guess": [
        6.437222058477453e-06,
        0.06437222058477453,
        3.0,
        65.0,
        65.0,
        65.0,
        65.0,
        65.0,
        65.0,
        65.0,
        65.0,
        65.0,
        65.0,
        65.0,
        65.0,
        65.0,
        65.0,
        65.0,
        65.0,
        65.0,
        65.0,
        65.0,
        65.0,
        65.0,
        65.0,
        65.0,
        65.0,
        65.0
    ],
    "model": "Competition Model",
    "model_params": [
        "C_0",
        "N_0",
        "kn",
        "rs"
    ],
    "model_species": [
        "C",
        "N"
    ],
    "obj_fun": 0.40007406875106705,
    "zone_cols": 5,
    "zone_coords": [
        9,
        15
    ],
    "zone_rows": 5
}