{
    "argv": 354,
    "bounds": [
        [
            6.437222058477453e-12,
            0.006437222058477453
        ],
        [
            0.06437222058477453,
            0.12874444116954906
        ],
        [
            0.0,
            11.0
        ],
        [
            0.0,
            null
        ],
        [
            0.0,
            null
        ],
        [
            0.0,
            null
        ],
        [
            0.0,
            null
        ],
        [
            0.0,
            null
        ],
        [
            0.0,
            null
        ],
        [
            0.0,
            null
        ],
        [
            0.0,
            null
        ],
        [
            0.0,
            null
        ],
        [
            0.0,
            null
        ],
        [
            0.0,
            null
        ],
        [
            0.0,
            null
        ],
        [
            0.0,
            null
        ],
        [
            0.0,
            null
        ],
        [
            0.0,
            null
        ],
        [
            0.0,
            null
        ],
        [
            0.0,
            null
        ],
        [
            0.0,
            null
        ],
        [
            0.0,
            null
        ],
        [
            0.0,
            null
        ],
        [
            0.0,
            null
        ],
        [
            0.0,
            null
        ],
        [
            0.0,
            null
        ],
        [
            0.0,
            null
        ],
        [
            0.0,
            null
        ]
    ],
    "comp_est": [
        7.770942019340657e-07,
        0.06437222058477453,
        2.6283270503446174,
        70.67641969998316,
        87.89499950168857,
        70.88483366243348,
        71.96847841518779,
        70.88029882100813,
        69.46324155163998,
        70.36666879503355,
        70.87158782593505,
        66.7165202704674,
        93.97253989650463,
        91.32903223798509,
        70.87702677363276,
        70.07517203037155,
        86.37790931578705,
        67.81105539275661,
        66.61953188865529,
        83.94701522083987,
        66.7317036654581,
        92.69283886031951,
        70.1697373099223,
        70.7262679540934,
        73.98464372631717,
        73.39940764135504,
        73.0517079583155,
        67.80302886430611
    ],
    "fit_time": 1038.3372211456299,
    "init_guess": [
        6.437222058477453e-10,
        0.06437222058477453,
        2.0,
        75.0,
        75.0,
        75.0,
        75.0,
        75.0,
        75.0,
        75.0,
        75.0,
        75.0,
        75.0,
        75.0,
        75.0,
        75.0,
        75.0,
        75.0,
        75.0,
        75.0,
        75.0,
        75.0,
        75.0,
        75.0,
        75.0,
        75.0,
        75.0,
        75.0
    ],
    "model": "Competition Model",
    "model_params": [
        "C_0",
        "N_0",
        "kn",
        "rs"
    ],
    "model_species": [
        "C",
        "N"
    ],
    "obj_fun": 0.10909187585111246,
    "zone_cols": 5,
    "zone_coords": [
        9,
        15
    ],
    "zone_rows": 5
}