{
    "argv": 85,
    "bounds": [
        [
            5.848410588726615e-12,
            0.005848410588726615
        ],
        [
            0.05848410588726615,
            0.1169682117745323
        ],
        [
            0.0,
            11.0
        ],
        [
            0.0,
            null
        ],
        [
            0.0,
            null
        ],
        [
            0.0,
            null
        ],
        [
            0.0,
            null
        ],
        [
            0.0,
            null
        ],
        [
            0.0,
            null
        ],
        [
            0.0,
            null
        ],
        [
            0.0,
            null
        ],
        [
            0.0,
            null
        ],
        [
            0.0,
            null
        ],
        [
            0.0,
            null
        ],
        [
            0.0,
            null
        ],
        [
            0.0,
            null
        ],
        [
            0.0,
            null
        ],
        [
            0.0,
            null
        ],
        [
            0.0,
            null
        ],
        [
            0.0,
            null
        ],
        [
            0.0,
            null
        ],
        [
            0.0,
            null
        ],
        [
            0.0,
            null
        ],
        [
            0.0,
            null
        ],
        [
            0.0,
            null
        ],
        [
            0.0,
            null
        ],
        [
            0.0,
            null
        ],
        [
            0.0,
            null
        ]
    ],
    "comp_est": [
        4.520076568268941e-06,
        0.05933734501496949,
        7.999999127368809,
        60.00051013943457,
        60.003130484698275,
        60.00469295476014,
        60.00312681392608,
        60.000509197572605,
        60.00313389260764,
        60.001610290669156,
        60.00057674352513,
        60.001609012645396,
        60.00314539806967,
        60.00466910341246,
        60.00061440304226,
        60.000735073623886,
        60.00061475676266,
        60.0046644413724,
        60.003152286688895,
        60.00150145789253,
        60.000614288846315,
        60.001565180030056,
        60.003146248232845,
        60.00050219436209,
        60.00315304582833,
        60.00466062223218,
        60.00314553150025,
        60.00050421750291
    ],
    "fit_time": 37494.81775140762,
    "init_guess": [
        5.848410588726615e-12,
        0.05848410588726615,
        8.0,
        60.0,
        60.0,
        60.0,
        60.0,
        60.0,
        60.0,
        60.0,
        60.0,
        60.0,
        60.0,
        60.0,
        60.0,
        60.0,
        60.0,
        60.0,
        60.0,
        60.0,
        60.0,
        60.0,
        60.0,
        60.0,
        60.0,
        60.0,
        60.0,
        60.0
    ],
    "model": "Competition Model",
    "model_params": [
        "C_0",
        "N_0",
        "kn",
        "rs"
    ],
    "model_species": [
        "C",
        "N"
    ],
    "obj_fun": 0.41757294135091466,
    "zone_cols": 5,
    "zone_coords": [
        7,
        13
    ],
    "zone_rows": 5
}