{
    "argv": 518,
    "bounds": [
        [
            6.437222058477453e-12,
            0.006437222058477453
        ],
        [
            0.06437222058477453,
            0.12874444116954906
        ],
        [
            0.0,
            11.0
        ],
        [
            0.0,
            null
        ],
        [
            0.0,
            null
        ],
        [
            0.0,
            null
        ],
        [
            0.0,
            null
        ],
        [
            0.0,
            null
        ],
        [
            0.0,
            null
        ],
        [
            0.0,
            null
        ],
        [
            0.0,
            null
        ],
        [
            0.0,
            null
        ],
        [
            0.0,
            null
        ],
        [
            0.0,
            null
        ],
        [
            0.0,
            null
        ],
        [
            0.0,
            null
        ],
        [
            0.0,
            null
        ],
        [
            0.0,
            null
        ],
        [
            0.0,
            null
        ],
        [
            0.0,
            null
        ],
        [
            0.0,
            null
        ],
        [
            0.0,
            null
        ],
        [
            0.0,
            null
        ],
        [
            0.0,
            null
        ],
        [
            0.0,
            null
        ],
        [
            0.0,
            null
        ],
        [
            0.0,
            null
        ],
        [
            0.0,
            null
        ]
    ],
    "comp_est": [
        9.582201316905935e-05,
        0.06650114045579544,
        1.9507960468079402,
        36.76698671342695,
        51.998852769704975,
        36.91580801917268,
        38.779063710226666,
        36.83836282871566,
        36.01495575467303,
        36.506139153278134,
        38.01664086427568,
        34.14965888244048,
        55.838495929143335,
        53.59860118310341,
        36.33905149689957,
        36.500219414315204,
        47.50301505113977,
        34.813451340918434,
        33.829027422671146,
        50.33507477579083,
        33.83790950359545,
        57.43733681700626,
        36.23007671967539,
        37.71576771724312,
        38.530307365343155,
        39.00429223962835,
        37.732636481073506,
        36.1319924539385
    ],
    "fit_time": 1676.553601026535,
    "init_guess": [
        6.437222058477452e-08,
        0.06437222058477453,
        1.0,
        40.0,
        40.0,
        40.0,
        40.0,
        40.0,
        40.0,
        40.0,
        40.0,
        40.0,
        40.0,
        40.0,
        40.0,
        40.0,
        40.0,
        40.0,
        40.0,
        40.0,
        40.0,
        40.0,
        40.0,
        40.0,
        40.0,
        40.0,
        40.0,
        40.0
    ],
    "model": "Competition Model",
    "model_params": [
        "C_0",
        "N_0",
        "kn",
        "rs"
    ],
    "model_species": [
        "C",
        "N"
    ],
    "obj_fun": 0.12619075264891594,
    "zone_cols": 5,
    "zone_coords": [
        9,
        15
    ],
    "zone_rows": 5
}