{
    "argv": 251,
    "bounds": [
        [
            5.848410588726615e-12,
            0.005848410588726615
        ],
        [
            0.05848410588726615,
            0.1169682117745323
        ],
        [
            0.0,
            11.0
        ],
        [
            0.0,
            null
        ],
        [
            0.0,
            null
        ],
        [
            0.0,
            null
        ],
        [
            0.0,
            null
        ],
        [
            0.0,
            null
        ],
        [
            0.0,
            null
        ],
        [
            0.0,
            null
        ],
        [
            0.0,
            null
        ],
        [
            0.0,
            null
        ],
        [
            0.0,
            null
        ],
        [
            0.0,
            null
        ],
        [
            0.0,
            null
        ],
        [
            0.0,
            null
        ],
        [
            0.0,
            null
        ],
        [
            0.0,
            null
        ],
        [
            0.0,
            null
        ],
        [
            0.0,
            null
        ],
        [
            0.0,
            null
        ],
        [
            0.0,
            null
        ],
        [
            0.0,
            null
        ],
        [
            0.0,
            null
        ],
        [
            0.0,
            null
        ],
        [
            0.0,
            null
        ],
        [
            0.0,
            null
        ],
        [
            0.0,
            null
        ]
    ],
    "comp_est": [
        5.876959249698753e-10,
        0.05848410590688976,
        9.000000000000002,
        25.000000822178365,
        25.00000086786558,
        25.000000884051577,
        25.00000086786933,
        25.00000082218248,
        25.00000086786558,
        25.000001467768108,
        25.000001446510375,
        25.00000146774282,
        25.000000867869296,
        25.000000884051573,
        25.000001446510378,
        25.000001425097686,
        25.000001446510403,
        25.00000088405172,
        25.000000867869332,
        25.00000146774282,
        25.000001446510396,
        25.000001467741654,
        25.000000867865307,
        25.00000082218248,
        25.00000086786929,
        25.000000884051722,
        25.00000086786531,
        25.000000822178656
    ],
    "fit_time": 27399.354575157166,
    "init_guess": [
        5.848410588726615e-10,
        0.05848410588726615,
        9.0,
        25.0,
        25.0,
        25.0,
        25.0,
        25.0,
        25.0,
        25.0,
        25.0,
        25.0,
        25.0,
        25.0,
        25.0,
        25.0,
        25.0,
        25.0,
        25.0,
        25.0,
        25.0,
        25.0,
        25.0,
        25.0,
        25.0,
        25.0,
        25.0,
        25.0
    ],
    "model": "Competition Model",
    "model_params": [
        "C_0",
        "N_0",
        "kn",
        "rs"
    ],
    "model_species": [
        "C",
        "N"
    ],
    "obj_fun": 0.6702256846753346,
    "zone_cols": 5,
    "zone_coords": [
        7,
        13
    ],
    "zone_rows": 5
}