{
    "argv": 976,
    "bounds": [
        [
            5.848410588726615e-12,
            0.005848410588726615
        ],
        [
            0.05848410588726615,
            0.1169682117745323
        ],
        [
            0.0,
            11.0
        ],
        [
            0.0,
            null
        ],
        [
            0.0,
            null
        ],
        [
            0.0,
            null
        ],
        [
            0.0,
            null
        ],
        [
            0.0,
            null
        ],
        [
            0.0,
            null
        ],
        [
            0.0,
            null
        ],
        [
            0.0,
            null
        ],
        [
            0.0,
            null
        ],
        [
            0.0,
            null
        ],
        [
            0.0,
            null
        ],
        [
            0.0,
            null
        ],
        [
            0.0,
            null
        ],
        [
            0.0,
            null
        ],
        [
            0.0,
            null
        ],
        [
            0.0,
            null
        ],
        [
            0.0,
            null
        ],
        [
            0.0,
            null
        ],
        [
            0.0,
            null
        ],
        [
            0.0,
            null
        ],
        [
            0.0,
            null
        ],
        [
            0.0,
            null
        ],
        [
            0.0,
            null
        ],
        [
            0.0,
            null
        ],
        [
            0.0,
            null
        ]
    ],
    "comp_est": [
        0.0005848410588486776,
        0.05848410599578676,
        8.000000000009312,
        25.000000106311443,
        25.000000005958864,
        25.00000008590731,
        25.000000001585278,
        25.000000020146047,
        25.00000000444389,
        25.000000137189925,
        25.00000012108506,
        25.00000012480767,
        25.00000000430964,
        25.000000085072845,
        25.00000012108674,
        25.000000082040067,
        25.000000089087635,
        25.000000050632266,
        25.00000000158554,
        25.00000012456034,
        25.000000089074945,
        25.00000012486334,
        25.00000000441899,
        25.000000020062355,
        25.000000004180958,
        25.000000052162353,
        25.00000000456028,
        24.999999961654932
    ],
    "fit_time": 27704.58708333969,
    "init_guess": [
        0.0005848410588726615,
        0.05848410588726615,
        8.0,
        25.0,
        25.0,
        25.0,
        25.0,
        25.0,
        25.0,
        25.0,
        25.0,
        25.0,
        25.0,
        25.0,
        25.0,
        25.0,
        25.0,
        25.0,
        25.0,
        25.0,
        25.0,
        25.0,
        25.0,
        25.0,
        25.0,
        25.0,
        25.0,
        25.0
    ],
    "model": "Competition Model",
    "model_params": [
        "C_0",
        "N_0",
        "kn",
        "rs"
    ],
    "model_species": [
        "C",
        "N"
    ],
    "obj_fun": 0.4494287078934168,
    "zone_cols": 5,
    "zone_coords": [
        7,
        13
    ],
    "zone_rows": 5
}