{
    "argv": 938,
    "bounds": [
        [
            6.437222058477453e-12,
            0.006437222058477453
        ],
        [
            0.06437222058477453,
            0.12874444116954906
        ],
        [
            0.0,
            11.0
        ],
        [
            0.0,
            null
        ],
        [
            0.0,
            null
        ],
        [
            0.0,
            null
        ],
        [
            0.0,
            null
        ],
        [
            0.0,
            null
        ],
        [
            0.0,
            null
        ],
        [
            0.0,
            null
        ],
        [
            0.0,
            null
        ],
        [
            0.0,
            null
        ],
        [
            0.0,
            null
        ],
        [
            0.0,
            null
        ],
        [
            0.0,
            null
        ],
        [
            0.0,
            null
        ],
        [
            0.0,
            null
        ],
        [
            0.0,
            null
        ],
        [
            0.0,
            null
        ],
        [
            0.0,
            null
        ],
        [
            0.0,
            null
        ],
        [
            0.0,
            null
        ],
        [
            0.0,
            null
        ],
        [
            0.0,
            null
        ],
        [
            0.0,
            null
        ],
        [
            0.0,
            null
        ],
        [
            0.0,
            null
        ],
        [
            0.0,
            null
        ]
    ],
    "comp_est": [
        2.5680522703707238e-06,
        0.06437222058477453,
        3.000447291368686,
        64.71879852047516,
        64.58689818935395,
        64.48849300283783,
        64.75523411470895,
        64.91986765987505,
        64.44541685890307,
        64.14031958070146,
        64.73162298996233,
        64.72279575271929,
        64.71540162176011,
        64.65877517807252,
        64.7162181516608,
        67.76804009035091,
        65.02527454302948,
        64.71601676762543,
        64.72268959428298,
        65.84486703205933,
        64.69273018613005,
        77.69060009667118,
        64.74118603508668,
        64.76427038830748,
        64.53277632444421,
        65.24489410378284,
        64.75252750105136,
        64.72817036682389
    ],
    "fit_time": 32944.85592556,
    "init_guess": [
        6.437222058477453e-05,
        0.06437222058477453,
        3.0,
        65.0,
        65.0,
        65.0,
        65.0,
        65.0,
        65.0,
        65.0,
        65.0,
        65.0,
        65.0,
        65.0,
        65.0,
        65.0,
        65.0,
        65.0,
        65.0,
        65.0,
        65.0,
        65.0,
        65.0,
        65.0,
        65.0,
        65.0,
        65.0,
        65.0
    ],
    "model": "Competition Model",
    "model_params": [
        "C_0",
        "N_0",
        "kn",
        "rs"
    ],
    "model_species": [
        "C",
        "N"
    ],
    "obj_fun": 0.5052531274173425,
    "zone_cols": 5,
    "zone_coords": [
        9,
        15
    ],
    "zone_rows": 5
}