{
    "argv": 270,
    "bounds": [
        [
            6.437222058477453e-12,
            0.006437222058477453
        ],
        [
            0.06437222058477453,
            0.12874444116954906
        ],
        [
            0.0,
            11.0
        ],
        [
            0.0,
            null
        ],
        [
            0.0,
            null
        ],
        [
            0.0,
            null
        ],
        [
            0.0,
            null
        ],
        [
            0.0,
            null
        ],
        [
            0.0,
            null
        ],
        [
            0.0,
            null
        ],
        [
            0.0,
            null
        ],
        [
            0.0,
            null
        ],
        [
            0.0,
            null
        ],
        [
            0.0,
            null
        ],
        [
            0.0,
            null
        ],
        [
            0.0,
            null
        ],
        [
            0.0,
            null
        ],
        [
            0.0,
            null
        ],
        [
            0.0,
            null
        ],
        [
            0.0,
            null
        ],
        [
            0.0,
            null
        ],
        [
            0.0,
            null
        ],
        [
            0.0,
            null
        ],
        [
            0.0,
            null
        ],
        [
            0.0,
            null
        ],
        [
            0.0,
            null
        ],
        [
            0.0,
            null
        ],
        [
            0.0,
            null
        ]
    ],
    "comp_est": [
        6.441001985712018e-10,
        0.06437222116016673,
        5.999999999999998,
        35.00000006569424,
        35.00000011398536,
        35.000000105172425,
        35.000000116441896,
        35.00000006536804,
        35.00000011398536,
        35.00000056518332,
        35.00000066057429,
        35.00000056514526,
        35.00000011362891,
        35.000000105172425,
        35.00000066057429,
        35.00000063006547,
        35.000000660548615,
        35.00000010517106,
        35.000000116441896,
        35.00000056514526,
        35.000000660548615,
        35.000000565262994,
        35.00000011418403,
        35.00000006536804,
        35.0000001136289,
        35.00000010517106,
        35.00000011418403,
        35.00000006570561
    ],
    "fit_time": 46072.703397750854,
    "init_guess": [
        6.437222058477453e-10,
        0.06437222058477453,
        6.0,
        35.0,
        35.0,
        35.0,
        35.0,
        35.0,
        35.0,
        35.0,
        35.0,
        35.0,
        35.0,
        35.0,
        35.0,
        35.0,
        35.0,
        35.0,
        35.0,
        35.0,
        35.0,
        35.0,
        35.0,
        35.0,
        35.0,
        35.0,
        35.0,
        35.0
    ],
    "model": "Competition Model",
    "model_params": [
        "C_0",
        "N_0",
        "kn",
        "rs"
    ],
    "model_species": [
        "C",
        "N"
    ],
    "obj_fun": 0.8275893817496917,
    "zone_cols": 5,
    "zone_coords": [
        9,
        15
    ],
    "zone_rows": 5
}