{
    "argv": 1115,
    "bounds": [
        [
            6.437222058477453e-12,
            0.006437222058477453
        ],
        [
            0.06437222058477453,
            0.12874444116954906
        ],
        [
            0.0,
            11.0
        ],
        [
            0.0,
            null
        ],
        [
            0.0,
            null
        ],
        [
            0.0,
            null
        ],
        [
            0.0,
            null
        ],
        [
            0.0,
            null
        ],
        [
            0.0,
            null
        ],
        [
            0.0,
            null
        ],
        [
            0.0,
            null
        ],
        [
            0.0,
            null
        ],
        [
            0.0,
            null
        ],
        [
            0.0,
            null
        ],
        [
            0.0,
            null
        ],
        [
            0.0,
            null
        ],
        [
            0.0,
            null
        ],
        [
            0.0,
            null
        ],
        [
            0.0,
            null
        ],
        [
            0.0,
            null
        ],
        [
            0.0,
            null
        ],
        [
            0.0,
            null
        ],
        [
            0.0,
            null
        ],
        [
            0.0,
            null
        ],
        [
            0.0,
            null
        ],
        [
            0.0,
            null
        ],
        [
            0.0,
            null
        ],
        [
            0.0,
            null
        ]
    ],
    "comp_est": [
        0.006437222058477454,
        0.06437222058477453,
        3.999999999999367,
        34.99999981606328,
        35.00000006609675,
        35.000000188649466,
        34.99999979916008,
        34.999999737737696,
        35.00000001928738,
        34.999999836216965,
        34.99999990137581,
        34.99999990297935,
        34.999998783370344,
        35.000000311329096,
        34.999999826423014,
        34.999999934711816,
        34.999999730496896,
        34.9999999183471,
        34.99999987096774,
        34.99999986341265,
        34.99999977362165,
        34.999999906307735,
        35.000000024720364,
        34.99999976664152,
        34.9999987842968,
        34.99999987806517,
        34.99999998734539,
        35.00000000930323
    ],
    "fit_time": 6532.592895269394,
    "init_guess": [
        0.006437222058477453,
        0.06437222058477453,
        4.0,
        35.0,
        35.0,
        35.0,
        35.0,
        35.0,
        35.0,
        35.0,
        35.0,
        35.0,
        35.0,
        35.0,
        35.0,
        35.0,
        35.0,
        35.0,
        35.0,
        35.0,
        35.0,
        35.0,
        35.0,
        35.0,
        35.0,
        35.0,
        35.0,
        35.0
    ],
    "model": "Competition Model",
    "model_params": [
        "C_0",
        "N_0",
        "kn",
        "rs"
    ],
    "model_species": [
        "C",
        "N"
    ],
    "obj_fun": 0.7580320131042632,
    "zone_cols": 5,
    "zone_coords": [
        9,
        15
    ],
    "zone_rows": 5
}