{
    "argv": 494,
    "bounds": [
        [
            6.437222058477453e-12,
            0.006437222058477453
        ],
        [
            0.06437222058477453,
            0.12874444116954906
        ],
        [
            0.0,
            11.0
        ],
        [
            0.0,
            null
        ],
        [
            0.0,
            null
        ],
        [
            0.0,
            null
        ],
        [
            0.0,
            null
        ],
        [
            0.0,
            null
        ],
        [
            0.0,
            null
        ],
        [
            0.0,
            null
        ],
        [
            0.0,
            null
        ],
        [
            0.0,
            null
        ],
        [
            0.0,
            null
        ],
        [
            0.0,
            null
        ],
        [
            0.0,
            null
        ],
        [
            0.0,
            null
        ],
        [
            0.0,
            null
        ],
        [
            0.0,
            null
        ],
        [
            0.0,
            null
        ],
        [
            0.0,
            null
        ],
        [
            0.0,
            null
        ],
        [
            0.0,
            null
        ],
        [
            0.0,
            null
        ],
        [
            0.0,
            null
        ],
        [
            0.0,
            null
        ],
        [
            0.0,
            null
        ],
        [
            0.0,
            null
        ],
        [
            0.0,
            null
        ]
    ],
    "comp_est": [
        6.437249056261204e-08,
        0.06437222074783629,
        10.0,
        25.000002073025048,
        24.999999746751516,
        24.99999974675151,
        24.999999746751506,
        24.999999746751513,
        24.999999746751516,
        25.000002194772406,
        24.999999746751506,
        25.000002195306923,
        24.999999746751502,
        24.99999974675151,
        24.999999746751506,
        25.000002478141095,
        24.999999746751488,
        24.999999746751516,
        24.999999746751506,
        25.000002195306934,
        24.999999746751488,
        25.00000219889163,
        24.999999746751502,
        24.999999746751513,
        24.999999746751502,
        24.999999746751516,
        24.999999746751502,
        24.99999974675152
    ],
    "fit_time": 31091.3959338665,
    "init_guess": [
        6.437222058477452e-08,
        0.06437222058477453,
        10.0,
        25.0,
        25.0,
        25.0,
        25.0,
        25.0,
        25.0,
        25.0,
        25.0,
        25.0,
        25.0,
        25.0,
        25.0,
        25.0,
        25.0,
        25.0,
        25.0,
        25.0,
        25.0,
        25.0,
        25.0,
        25.0,
        25.0,
        25.0,
        25.0,
        25.0
    ],
    "model": "Competition Model",
    "model_params": [
        "C_0",
        "N_0",
        "kn",
        "rs"
    ],
    "model_species": [
        "C",
        "N"
    ],
    "obj_fun": 0.8274646278607647,
    "zone_cols": 5,
    "zone_coords": [
        9,
        15
    ],
    "zone_rows": 5
}