{
    "argv": 93,
    "bounds": [
        [
            5.848410588726615e-12,
            0.005848410588726615
        ],
        [
            0.05848410588726615,
            0.1169682117745323
        ],
        [
            0.0,
            11.0
        ],
        [
            0.0,
            null
        ],
        [
            0.0,
            null
        ],
        [
            0.0,
            null
        ],
        [
            0.0,
            null
        ],
        [
            0.0,
            null
        ],
        [
            0.0,
            null
        ],
        [
            0.0,
            null
        ],
        [
            0.0,
            null
        ],
        [
            0.0,
            null
        ],
        [
            0.0,
            null
        ],
        [
            0.0,
            null
        ],
        [
            0.0,
            null
        ],
        [
            0.0,
            null
        ],
        [
            0.0,
            null
        ],
        [
            0.0,
            null
        ],
        [
            0.0,
            null
        ],
        [
            0.0,
            null
        ],
        [
            0.0,
            null
        ],
        [
            0.0,
            null
        ],
        [
            0.0,
            null
        ],
        [
            0.0,
            null
        ],
        [
            0.0,
            null
        ],
        [
            0.0,
            null
        ],
        [
            0.0,
            null
        ],
        [
            0.0,
            null
        ]
    ],
    "comp_est": [
        6.532972389674033e-07,
        0.05849063880117825,
        5.0,
        64.99273923405609,
        64.99273923405609,
        64.99273923405609,
        64.99273923405609,
        64.99273923405609,
        64.99273923405609,
        64.99273923405609,
        64.99273923405609,
        64.99273923405609,
        64.99273923405609,
        64.99273923405609,
        64.99273923405609,
        64.99273923405609,
        64.99273923405609,
        64.99273923405609,
        64.99273923405609,
        64.99273923405609,
        64.99273923405609,
        64.99273923405609,
        64.99273923405609,
        64.99273923405609,
        64.99273923405609,
        64.99273923405609,
        64.99273923405609,
        64.99273923405609
    ],
    "fit_time": 15951.894150733948,
    "init_guess": [
        5.848410588726615e-12,
        0.05848410588726615,
        5.0,
        65.0,
        65.0,
        65.0,
        65.0,
        65.0,
        65.0,
        65.0,
        65.0,
        65.0,
        65.0,
        65.0,
        65.0,
        65.0,
        65.0,
        65.0,
        65.0,
        65.0,
        65.0,
        65.0,
        65.0,
        65.0,
        65.0,
        65.0,
        65.0,
        65.0
    ],
    "model": "Competition Model",
    "model_params": [
        "C_0",
        "N_0",
        "kn",
        "rs"
    ],
    "model_species": [
        "C",
        "N"
    ],
    "obj_fun": 0.4413764027979357,
    "zone_cols": 5,
    "zone_coords": [
        7,
        13
    ],
    "zone_rows": 5
}