{
    "argv": 833,
    "bounds": [
        [
            5.848410588726615e-12,
            0.005848410588726615
        ],
        [
            0.05848410588726615,
            0.1169682117745323
        ],
        [
            0.0,
            11.0
        ],
        [
            0.0,
            null
        ],
        [
            0.0,
            null
        ],
        [
            0.0,
            null
        ],
        [
            0.0,
            null
        ],
        [
            0.0,
            null
        ],
        [
            0.0,
            null
        ],
        [
            0.0,
            null
        ],
        [
            0.0,
            null
        ],
        [
            0.0,
            null
        ],
        [
            0.0,
            null
        ],
        [
            0.0,
            null
        ],
        [
            0.0,
            null
        ],
        [
            0.0,
            null
        ],
        [
            0.0,
            null
        ],
        [
            0.0,
            null
        ],
        [
            0.0,
            null
        ],
        [
            0.0,
            null
        ],
        [
            0.0,
            null
        ],
        [
            0.0,
            null
        ],
        [
            0.0,
            null
        ],
        [
            0.0,
            null
        ],
        [
            0.0,
            null
        ],
        [
            0.0,
            null
        ],
        [
            0.0,
            null
        ],
        [
            0.0,
            null
        ]
    ],
    "comp_est": [
        5.8484063984274835e-06,
        0.058484107054491384,
        8.000000003572483,
        69.99999923514876,
        70.00000013162227,
        69.99999469381703,
        69.99999955120725,
        70.00000202343794,
        70.0000000851944,
        69.99999448407735,
        70.00000076992528,
        69.99999508690215,
        69.9999988849013,
        69.99999469358858,
        69.99999972068528,
        69.99999413662594,
        70.00000250386479,
        69.99999467976315,
        69.99999956257035,
        69.99999522259836,
        70.0000025717809,
        69.99999509157058,
        69.99999930104939,
        69.99999832590589,
        69.9999988925924,
        69.99999468521594,
        69.99999925437136,
        70.00000950907847
    ],
    "fit_time": 46902.757727861404,
    "init_guess": [
        5.848410588726615e-06,
        0.05848410588726615,
        8.0,
        70.0,
        70.0,
        70.0,
        70.0,
        70.0,
        70.0,
        70.0,
        70.0,
        70.0,
        70.0,
        70.0,
        70.0,
        70.0,
        70.0,
        70.0,
        70.0,
        70.0,
        70.0,
        70.0,
        70.0,
        70.0,
        70.0,
        70.0,
        70.0,
        70.0
    ],
    "model": "Competition Model",
    "model_params": [
        "C_0",
        "N_0",
        "kn",
        "rs"
    ],
    "model_species": [
        "C",
        "N"
    ],
    "obj_fun": 0.418337502397238,
    "zone_cols": 5,
    "zone_coords": [
        7,
        13
    ],
    "zone_rows": 5
}