{
    "argv": 356,
    "bounds": [
        [
            6.437222058477453e-12,
            0.006437222058477453
        ],
        [
            0.06437222058477453,
            0.12874444116954906
        ],
        [
            0.0,
            11.0
        ],
        [
            0.0,
            null
        ],
        [
            0.0,
            null
        ],
        [
            0.0,
            null
        ],
        [
            0.0,
            null
        ],
        [
            0.0,
            null
        ],
        [
            0.0,
            null
        ],
        [
            0.0,
            null
        ],
        [
            0.0,
            null
        ],
        [
            0.0,
            null
        ],
        [
            0.0,
            null
        ],
        [
            0.0,
            null
        ],
        [
            0.0,
            null
        ],
        [
            0.0,
            null
        ],
        [
            0.0,
            null
        ],
        [
            0.0,
            null
        ],
        [
            0.0,
            null
        ],
        [
            0.0,
            null
        ],
        [
            0.0,
            null
        ],
        [
            0.0,
            null
        ],
        [
            0.0,
            null
        ],
        [
            0.0,
            null
        ],
        [
            0.0,
            null
        ],
        [
            0.0,
            null
        ],
        [
            0.0,
            null
        ],
        [
            0.0,
            null
        ]
    ],
    "comp_est": [
        2.856732924866304e-07,
        0.06479626284397395,
        3.9999506128833078,
        74.94554053148546,
        75.16497484074954,
        74.94821212545098,
        74.97108688819365,
        77.14886200758555,
        74.93290842978317,
        78.31817117086374,
        77.77240625561336,
        79.03698593050262,
        75.21892808078215,
        75.18898722468809,
        77.75662954247687,
        77.00512366402295,
        77.83995186459903,
        74.91714894326013,
        74.9016049819038,
        79.26854648703139,
        77.64124444101732,
        79.5300383984379,
        74.90692607390312,
        77.15957545711878,
        74.97565785923501,
        74.98004856817892,
        74.93516788822345,
        77.05172674448774
    ],
    "fit_time": 22776.38046836853,
    "init_guess": [
        6.437222058477453e-10,
        0.06437222058477453,
        4.0,
        75.0,
        75.0,
        75.0,
        75.0,
        75.0,
        75.0,
        75.0,
        75.0,
        75.0,
        75.0,
        75.0,
        75.0,
        75.0,
        75.0,
        75.0,
        75.0,
        75.0,
        75.0,
        75.0,
        75.0,
        75.0,
        75.0,
        75.0,
        75.0,
        75.0
    ],
    "model": "Competition Model",
    "model_params": [
        "C_0",
        "N_0",
        "kn",
        "rs"
    ],
    "model_species": [
        "C",
        "N"
    ],
    "obj_fun": 0.5644689696234065,
    "zone_cols": 5,
    "zone_coords": [
        9,
        15
    ],
    "zone_rows": 5
}