{
    "argv": 1022,
    "bounds": [
        [
            6.437222058477453e-12,
            0.006437222058477453
        ],
        [
            0.06437222058477453,
            0.12874444116954906
        ],
        [
            0.0,
            11.0
        ],
        [
            0.0,
            null
        ],
        [
            0.0,
            null
        ],
        [
            0.0,
            null
        ],
        [
            0.0,
            null
        ],
        [
            0.0,
            null
        ],
        [
            0.0,
            null
        ],
        [
            0.0,
            null
        ],
        [
            0.0,
            null
        ],
        [
            0.0,
            null
        ],
        [
            0.0,
            null
        ],
        [
            0.0,
            null
        ],
        [
            0.0,
            null
        ],
        [
            0.0,
            null
        ],
        [
            0.0,
            null
        ],
        [
            0.0,
            null
        ],
        [
            0.0,
            null
        ],
        [
            0.0,
            null
        ],
        [
            0.0,
            null
        ],
        [
            0.0,
            null
        ],
        [
            0.0,
            null
        ],
        [
            0.0,
            null
        ],
        [
            0.0,
            null
        ],
        [
            0.0,
            null
        ],
        [
            0.0,
            null
        ],
        [
            0.0,
            null
        ]
    ],
    "comp_est": [
        0.0006437222058475331,
        0.06437222058477453,
        10.0,
        44.99999999009368,
        44.99999999209791,
        44.99999999492583,
        44.99999999334069,
        44.99999998981495,
        44.99999999209679,
        44.99999999955921,
        44.999999999112475,
        44.99999999762317,
        45.000000002169095,
        44.99999999492697,
        44.9999999991125,
        45.0000000010287,
        45.000000000241464,
        44.99999998893887,
        44.99999999334051,
        44.99999999762439,
        45.00000000024041,
        44.99999999757701,
        45.00000000222284,
        44.99999998981461,
        45.00000000216778,
        44.999999988938896,
        45.00000000222305,
        44.999999990302015
    ],
    "fit_time": 49167.18790888786,
    "init_guess": [
        0.0006437222058477453,
        0.06437222058477453,
        10.0,
        45.0,
        45.0,
        45.0,
        45.0,
        45.0,
        45.0,
        45.0,
        45.0,
        45.0,
        45.0,
        45.0,
        45.0,
        45.0,
        45.0,
        45.0,
        45.0,
        45.0,
        45.0,
        45.0,
        45.0,
        45.0,
        45.0,
        45.0,
        45.0,
        45.0
    ],
    "model": "Competition Model",
    "model_params": [
        "C_0",
        "N_0",
        "kn",
        "rs"
    ],
    "model_species": [
        "C",
        "N"
    ],
    "obj_fun": 0.6238070689569597,
    "zone_cols": 5,
    "zone_coords": [
        9,
        15
    ],
    "zone_rows": 5
}