{
    "argv": 1168,
    "bounds": [
        [
            5.848410588726615e-12,
            0.005848410588726615
        ],
        [
            0.05848410588726615,
            0.1169682117745323
        ],
        [
            0.0,
            11.0
        ],
        [
            0.0,
            null
        ],
        [
            0.0,
            null
        ],
        [
            0.0,
            null
        ],
        [
            0.0,
            null
        ],
        [
            0.0,
            null
        ],
        [
            0.0,
            null
        ],
        [
            0.0,
            null
        ],
        [
            0.0,
            null
        ],
        [
            0.0,
            null
        ],
        [
            0.0,
            null
        ],
        [
            0.0,
            null
        ],
        [
            0.0,
            null
        ],
        [
            0.0,
            null
        ],
        [
            0.0,
            null
        ],
        [
            0.0,
            null
        ],
        [
            0.0,
            null
        ],
        [
            0.0,
            null
        ],
        [
            0.0,
            null
        ],
        [
            0.0,
            null
        ],
        [
            0.0,
            null
        ],
        [
            0.0,
            null
        ],
        [
            0.0,
            null
        ],
        [
            0.0,
            null
        ],
        [
            0.0,
            null
        ],
        [
            0.0,
            null
        ]
    ],
    "comp_est": [
        1.8025215881961458e-05,
        0.05925499601097932,
        3.2815248538992687,
        51.22655468364425,
        49.739404886816274,
        56.10445147019231,
        58.29487888765987,
        57.39043426495288,
        43.470858098014965,
        47.02974284905566,
        53.174890169624454,
        59.60967824453696,
        74.44448898008147,
        53.641425828174825,
        54.66326974295058,
        53.283263166188654,
        69.57837361088053,
        54.94729303516601,
        54.67922827564146,
        55.22817598000124,
        53.09527272393345,
        53.49848817891574,
        52.64799349839396,
        50.78689075931229,
        55.981369112376335,
        70.52964829392985,
        54.82480385433604,
        50.25101270480229
    ],
    "fit_time": 27636.830614566803,
    "init_guess": [
        0.005848410588726615,
        0.05848410588726615,
        2.0,
        60.0,
        60.0,
        60.0,
        60.0,
        60.0,
        60.0,
        60.0,
        60.0,
        60.0,
        60.0,
        60.0,
        60.0,
        60.0,
        60.0,
        60.0,
        60.0,
        60.0,
        60.0,
        60.0,
        60.0,
        60.0,
        60.0,
        60.0,
        60.0,
        60.0
    ],
    "model": "Competition Model",
    "model_params": [
        "C_0",
        "N_0",
        "kn",
        "rs"
    ],
    "model_species": [
        "C",
        "N"
    ],
    "obj_fun": 0.06277418623566819,
    "zone_cols": 5,
    "zone_coords": [
        7,
        13
    ],
    "zone_rows": 5
}