{
    "argv": 562,
    "bounds": [
        [
            6.437222058477453e-12,
            0.006437222058477453
        ],
        [
            0.06437222058477453,
            0.12874444116954906
        ],
        [
            0.0,
            11.0
        ],
        [
            0.0,
            null
        ],
        [
            0.0,
            null
        ],
        [
            0.0,
            null
        ],
        [
            0.0,
            null
        ],
        [
            0.0,
            null
        ],
        [
            0.0,
            null
        ],
        [
            0.0,
            null
        ],
        [
            0.0,
            null
        ],
        [
            0.0,
            null
        ],
        [
            0.0,
            null
        ],
        [
            0.0,
            null
        ],
        [
            0.0,
            null
        ],
        [
            0.0,
            null
        ],
        [
            0.0,
            null
        ],
        [
            0.0,
            null
        ],
        [
            0.0,
            null
        ],
        [
            0.0,
            null
        ],
        [
            0.0,
            null
        ],
        [
            0.0,
            null
        ],
        [
            0.0,
            null
        ],
        [
            0.0,
            null
        ],
        [
            0.0,
            null
        ],
        [
            0.0,
            null
        ],
        [
            0.0,
            null
        ],
        [
            0.0,
            null
        ]
    ],
    "comp_est": [
        7.615614961128826e-06,
        0.06437222058477453,
        3.8747474948030325,
        55.915113358171254,
        69.94281422455474,
        56.1002952167461,
        57.278563460560065,
        56.105212099253166,
        54.92537253079527,
        55.5829483871206,
        56.23181989315028,
        52.49497912104952,
        74.92733345842754,
        72.45950553617105,
        55.749002336535,
        55.41009526575013,
        69.26568760445676,
        53.3435455602761,
        52.49036631212722,
        66.98446076272445,
        52.457349268607885,
        72.85641503519294,
        55.5539595394473,
        55.99536568615842,
        58.316923853226236,
        58.185784186843044,
        57.70580491716784,
        54.042346652251304
    ],
    "fit_time": 48872.61424994469,
    "init_guess": [
        6.437222058477452e-08,
        0.06437222058477453,
        1.0,
        60.0,
        60.0,
        60.0,
        60.0,
        60.0,
        60.0,
        60.0,
        60.0,
        60.0,
        60.0,
        60.0,
        60.0,
        60.0,
        60.0,
        60.0,
        60.0,
        60.0,
        60.0,
        60.0,
        60.0,
        60.0,
        60.0,
        60.0,
        60.0,
        60.0
    ],
    "model": "Competition Model",
    "model_params": [
        "C_0",
        "N_0",
        "kn",
        "rs"
    ],
    "model_species": [
        "C",
        "N"
    ],
    "obj_fun": 0.10301594119746753,
    "zone_cols": 5,
    "zone_coords": [
        9,
        15
    ],
    "zone_rows": 5
}