{
    "argv": 564,
    "bounds": [
        [
            5.848410588726615e-12,
            0.005848410588726615
        ],
        [
            0.05848410588726615,
            0.1169682117745323
        ],
        [
            0.0,
            11.0
        ],
        [
            0.0,
            null
        ],
        [
            0.0,
            null
        ],
        [
            0.0,
            null
        ],
        [
            0.0,
            null
        ],
        [
            0.0,
            null
        ],
        [
            0.0,
            null
        ],
        [
            0.0,
            null
        ],
        [
            0.0,
            null
        ],
        [
            0.0,
            null
        ],
        [
            0.0,
            null
        ],
        [
            0.0,
            null
        ],
        [
            0.0,
            null
        ],
        [
            0.0,
            null
        ],
        [
            0.0,
            null
        ],
        [
            0.0,
            null
        ],
        [
            0.0,
            null
        ],
        [
            0.0,
            null
        ],
        [
            0.0,
            null
        ],
        [
            0.0,
            null
        ],
        [
            0.0,
            null
        ],
        [
            0.0,
            null
        ],
        [
            0.0,
            null
        ],
        [
            0.0,
            null
        ],
        [
            0.0,
            null
        ],
        [
            0.0,
            null
        ]
    ],
    "comp_est": [
        1.1292683899816798e-05,
        0.05848410588726615,
        5.710565880543244,
        59.44995213094354,
        58.66303544575551,
        60.88677665166977,
        60.26220445715482,
        58.27436782400744,
        55.34520367818842,
        56.48150668427873,
        59.100204518683285,
        60.633528635614404,
        74.15545547789922,
        59.28655570602266,
        59.0818113304226,
        57.11550207595281,
        71.77423138429029,
        57.28051679762114,
        59.19166459478376,
        59.10147942934169,
        58.03809691306975,
        57.14963415861698,
        57.135767026581455,
        57.19796425423352,
        59.75421947624511,
        72.78036179797712,
        58.387879698278915,
        56.861279833877994
    ],
    "fit_time": 24175.961804389954,
    "init_guess": [
        5.8484105887266145e-08,
        0.05848410588726615,
        3.0,
        60.0,
        60.0,
        60.0,
        60.0,
        60.0,
        60.0,
        60.0,
        60.0,
        60.0,
        60.0,
        60.0,
        60.0,
        60.0,
        60.0,
        60.0,
        60.0,
        60.0,
        60.0,
        60.0,
        60.0,
        60.0,
        60.0,
        60.0,
        60.0,
        60.0
    ],
    "model": "Competition Model",
    "model_params": [
        "C_0",
        "N_0",
        "kn",
        "rs"
    ],
    "model_species": [
        "C",
        "N"
    ],
    "obj_fun": 0.09963675427288786,
    "zone_cols": 5,
    "zone_coords": [
        7,
        13
    ],
    "zone_rows": 5
}