{
    "argv": 283,
    "bounds": [
        [
            6.437222058477453e-12,
            0.006437222058477453
        ],
        [
            0.06437222058477453,
            0.12874444116954906
        ],
        [
            0.0,
            11.0
        ],
        [
            0.0,
            null
        ],
        [
            0.0,
            null
        ],
        [
            0.0,
            null
        ],
        [
            0.0,
            null
        ],
        [
            0.0,
            null
        ],
        [
            0.0,
            null
        ],
        [
            0.0,
            null
        ],
        [
            0.0,
            null
        ],
        [
            0.0,
            null
        ],
        [
            0.0,
            null
        ],
        [
            0.0,
            null
        ],
        [
            0.0,
            null
        ],
        [
            0.0,
            null
        ],
        [
            0.0,
            null
        ],
        [
            0.0,
            null
        ],
        [
            0.0,
            null
        ],
        [
            0.0,
            null
        ],
        [
            0.0,
            null
        ],
        [
            0.0,
            null
        ],
        [
            0.0,
            null
        ],
        [
            0.0,
            null
        ],
        [
            0.0,
            null
        ],
        [
            0.0,
            null
        ],
        [
            0.0,
            null
        ],
        [
            0.0,
            null
        ]
    ],
    "comp_est": [
        9.30847705332359e-07,
        0.06437222058477453,
        8.00000790262208,
        40.000006119652696,
        39.99998479675086,
        39.998446544276796,
        40.0013394296871,
        39.999979334401026,
        39.99999671298359,
        39.9969926763485,
        39.999738922932394,
        40.00000793510842,
        39.99999749734302,
        39.998444312968104,
        39.99974196003745,
        39.999897338640636,
        39.99976864715318,
        39.999983558280995,
        40.00133920029925,
        40.00002115190009,
        39.99976813448153,
        40.000014291263625,
        40.00008257629107,
        39.99997418568949,
        39.999995987607925,
        40.000005922280415,
        40.00008265384338,
        39.999991799381164
    ],
    "fit_time": 62878.73858809471,
    "init_guess": [
        6.437222058477453e-10,
        0.06437222058477453,
        8.0,
        40.0,
        40.0,
        40.0,
        40.0,
        40.0,
        40.0,
        40.0,
        40.0,
        40.0,
        40.0,
        40.0,
        40.0,
        40.0,
        40.0,
        40.0,
        40.0,
        40.0,
        40.0,
        40.0,
        40.0,
        40.0,
        40.0,
        40.0,
        40.0,
        40.0
    ],
    "model": "Competition Model",
    "model_params": [
        "C_0",
        "N_0",
        "kn",
        "rs"
    ],
    "model_species": [
        "C",
        "N"
    ],
    "obj_fun": 0.7667079384333769,
    "zone_cols": 5,
    "zone_coords": [
        9,
        15
    ],
    "zone_rows": 5
}