{
    "argv": 842,
    "bounds": [
        [
            5.848410588726615e-12,
            0.005848410588726615
        ],
        [
            0.05848410588726615,
            0.1169682117745323
        ],
        [
            0.0,
            11.0
        ],
        [
            0.0,
            null
        ],
        [
            0.0,
            null
        ],
        [
            0.0,
            null
        ],
        [
            0.0,
            null
        ],
        [
            0.0,
            null
        ],
        [
            0.0,
            null
        ],
        [
            0.0,
            null
        ],
        [
            0.0,
            null
        ],
        [
            0.0,
            null
        ],
        [
            0.0,
            null
        ],
        [
            0.0,
            null
        ],
        [
            0.0,
            null
        ],
        [
            0.0,
            null
        ],
        [
            0.0,
            null
        ],
        [
            0.0,
            null
        ],
        [
            0.0,
            null
        ],
        [
            0.0,
            null
        ],
        [
            0.0,
            null
        ],
        [
            0.0,
            null
        ],
        [
            0.0,
            null
        ],
        [
            0.0,
            null
        ],
        [
            0.0,
            null
        ],
        [
            0.0,
            null
        ],
        [
            0.0,
            null
        ],
        [
            0.0,
            null
        ]
    ],
    "comp_est": [
        5.846110111343432e-06,
        0.05848411706521271,
        5.999999999663908,
        75.00000431294296,
        74.99997778349427,
        74.99998798202982,
        74.99997721858016,
        75.0000108404199,
        74.99997768886875,
        74.99998324927108,
        74.99999213985664,
        74.99999843792648,
        74.99999715248954,
        74.99998798889555,
        74.99999214700375,
        74.9999841163369,
        74.99999166454839,
        74.99999956329131,
        74.99997722253786,
        74.9999984378717,
        74.99999163010862,
        74.99999597978159,
        74.99998109599727,
        75.0000108403929,
        74.99999707864642,
        74.9999996185808,
        74.99998132124094,
        75.00001507142623
    ],
    "fit_time": 42885.693104982376,
    "init_guess": [
        5.848410588726615e-06,
        0.05848410588726615,
        6.0,
        75.0,
        75.0,
        75.0,
        75.0,
        75.0,
        75.0,
        75.0,
        75.0,
        75.0,
        75.0,
        75.0,
        75.0,
        75.0,
        75.0,
        75.0,
        75.0,
        75.0,
        75.0,
        75.0,
        75.0,
        75.0,
        75.0,
        75.0,
        75.0,
        75.0
    ],
    "model": "Competition Model",
    "model_params": [
        "C_0",
        "N_0",
        "kn",
        "rs"
    ],
    "model_species": [
        "C",
        "N"
    ],
    "obj_fun": 0.42249509032520277,
    "zone_cols": 5,
    "zone_coords": [
        7,
        13
    ],
    "zone_rows": 5
}