{
    "argv": 1160,
    "bounds": [
        [
            5.848410588726615e-12,
            0.005848410588726615
        ],
        [
            0.05848410588726615,
            0.1169682117745323
        ],
        [
            0.0,
            11.0
        ],
        [
            0.0,
            null
        ],
        [
            0.0,
            null
        ],
        [
            0.0,
            null
        ],
        [
            0.0,
            null
        ],
        [
            0.0,
            null
        ],
        [
            0.0,
            null
        ],
        [
            0.0,
            null
        ],
        [
            0.0,
            null
        ],
        [
            0.0,
            null
        ],
        [
            0.0,
            null
        ],
        [
            0.0,
            null
        ],
        [
            0.0,
            null
        ],
        [
            0.0,
            null
        ],
        [
            0.0,
            null
        ],
        [
            0.0,
            null
        ],
        [
            0.0,
            null
        ],
        [
            0.0,
            null
        ],
        [
            0.0,
            null
        ],
        [
            0.0,
            null
        ],
        [
            0.0,
            null
        ],
        [
            0.0,
            null
        ],
        [
            0.0,
            null
        ],
        [
            0.0,
            null
        ],
        [
            0.0,
            null
        ],
        [
            0.0,
            null
        ]
    ],
    "comp_est": [
        0.005848410587914632,
        0.05848410588726615,
        4.999999999999816,
        54.999998781681576,
        54.99999885190505,
        54.999999142565535,
        54.9999990436909,
        54.99999904429642,
        54.999998868178615,
        54.999998855887554,
        54.99999887445902,
        54.99999834429066,
        54.99999904227352,
        54.999999144573955,
        54.99999886538112,
        54.99999911865371,
        54.99999958671517,
        54.9999987569243,
        54.999999055438686,
        54.99999835606385,
        54.999999578555766,
        54.9999991973692,
        54.99999890621474,
        54.99999904339888,
        54.999999048752265,
        54.999998756446374,
        54.99999891464429,
        54.99999898216363
    ],
    "fit_time": 7051.6924929618835,
    "init_guess": [
        0.005848410588726615,
        0.05848410588726615,
        5.0,
        55.0,
        55.0,
        55.0,
        55.0,
        55.0,
        55.0,
        55.0,
        55.0,
        55.0,
        55.0,
        55.0,
        55.0,
        55.0,
        55.0,
        55.0,
        55.0,
        55.0,
        55.0,
        55.0,
        55.0,
        55.0,
        55.0,
        55.0,
        55.0,
        55.0
    ],
    "model": "Competition Model",
    "model_params": [
        "C_0",
        "N_0",
        "kn",
        "rs"
    ],
    "model_species": [
        "C",
        "N"
    ],
    "obj_fun": 0.6845709542812982,
    "zone_cols": 5,
    "zone_coords": [
        7,
        13
    ],
    "zone_rows": 5
}