{
    "argv": 1207,
    "bounds": [
        [
            5.848410588726615e-12,
            0.005848410588726615
        ],
        [
            0.05848410588726615,
            0.1169682117745323
        ],
        [
            0.0,
            11.0
        ],
        [
            0.0,
            null
        ],
        [
            0.0,
            null
        ],
        [
            0.0,
            null
        ],
        [
            0.0,
            null
        ],
        [
            0.0,
            null
        ],
        [
            0.0,
            null
        ],
        [
            0.0,
            null
        ],
        [
            0.0,
            null
        ],
        [
            0.0,
            null
        ],
        [
            0.0,
            null
        ],
        [
            0.0,
            null
        ],
        [
            0.0,
            null
        ],
        [
            0.0,
            null
        ],
        [
            0.0,
            null
        ],
        [
            0.0,
            null
        ],
        [
            0.0,
            null
        ],
        [
            0.0,
            null
        ],
        [
            0.0,
            null
        ],
        [
            0.0,
            null
        ],
        [
            0.0,
            null
        ],
        [
            0.0,
            null
        ],
        [
            0.0,
            null
        ],
        [
            0.0,
            null
        ],
        [
            0.0,
            null
        ],
        [
            0.0,
            null
        ]
    ],
    "comp_est": [
        0.005848410588584162,
        0.05848410588726615,
        8.000000000001084,
        75.00000062554362,
        74.99999787317441,
        74.99999891674122,
        74.9999993045922,
        74.99999771718699,
        74.99999791451773,
        74.99999991545099,
        75.00000088743077,
        74.9999982023523,
        75.00000021045747,
        74.999998919868,
        75.00000087612216,
        75.00000019672814,
        74.99999830156011,
        74.99999844004661,
        74.99999926575997,
        74.99999816997156,
        74.99999826837676,
        74.99999717146127,
        74.99999841032545,
        74.9999977021432,
        75.00000020693824,
        74.99999843868794,
        74.99999839881723,
        74.99999955238465
    ],
    "fit_time": 25516.10839319229,
    "init_guess": [
        0.005848410588726615,
        0.05848410588726615,
        8.0,
        75.0,
        75.0,
        75.0,
        75.0,
        75.0,
        75.0,
        75.0,
        75.0,
        75.0,
        75.0,
        75.0,
        75.0,
        75.0,
        75.0,
        75.0,
        75.0,
        75.0,
        75.0,
        75.0,
        75.0,
        75.0,
        75.0,
        75.0,
        75.0,
        75.0
    ],
    "model": "Competition Model",
    "model_params": [
        "C_0",
        "N_0",
        "kn",
        "rs"
    ],
    "model_species": [
        "C",
        "N"
    ],
    "obj_fun": 0.739748532721775,
    "zone_cols": 5,
    "zone_coords": [
        7,
        13
    ],
    "zone_rows": 5
}