{
    "argv": 918,
    "bounds": [
        [
            5.848410588726615e-12,
            0.005848410588726615
        ],
        [
            0.05848410588726615,
            0.1169682117745323
        ],
        [
            0.0,
            11.0
        ],
        [
            0.0,
            null
        ],
        [
            0.0,
            null
        ],
        [
            0.0,
            null
        ],
        [
            0.0,
            null
        ],
        [
            0.0,
            null
        ],
        [
            0.0,
            null
        ],
        [
            0.0,
            null
        ],
        [
            0.0,
            null
        ],
        [
            0.0,
            null
        ],
        [
            0.0,
            null
        ],
        [
            0.0,
            null
        ],
        [
            0.0,
            null
        ],
        [
            0.0,
            null
        ],
        [
            0.0,
            null
        ],
        [
            0.0,
            null
        ],
        [
            0.0,
            null
        ],
        [
            0.0,
            null
        ],
        [
            0.0,
            null
        ],
        [
            0.0,
            null
        ],
        [
            0.0,
            null
        ],
        [
            0.0,
            null
        ],
        [
            0.0,
            null
        ],
        [
            0.0,
            null
        ],
        [
            0.0,
            null
        ],
        [
            0.0,
            null
        ]
    ],
    "comp_est": [
        5.8484105859816496e-05,
        0.05848410588726615,
        5.0,
        55.00000020488622,
        55.00000015068652,
        55.00000018006963,
        55.000000151019144,
        55.000000156743546,
        55.000000150642315,
        55.000000087410946,
        55.000000036268425,
        55.00000008623969,
        55.00000014311801,
        55.00000018009279,
        55.00000003629674,
        55.000000069682095,
        55.00000013199586,
        55.000000022984786,
        55.000000151018426,
        55.00000008746244,
        55.00000013190576,
        55.000000046639,
        55.00000014305292,
        55.00000015690938,
        55.000000142887686,
        55.00000002351747,
        55.00000014306317,
        55.00000016901311
    ],
    "fit_time": 15587.834661960602,
    "init_guess": [
        5.848410588726615e-05,
        0.05848410588726615,
        5.0,
        55.0,
        55.0,
        55.0,
        55.0,
        55.0,
        55.0,
        55.0,
        55.0,
        55.0,
        55.0,
        55.0,
        55.0,
        55.0,
        55.0,
        55.0,
        55.0,
        55.0,
        55.0,
        55.0,
        55.0,
        55.0,
        55.0,
        55.0,
        55.0,
        55.0
    ],
    "model": "Competition Model",
    "model_params": [
        "C_0",
        "N_0",
        "kn",
        "rs"
    ],
    "model_species": [
        "C",
        "N"
    ],
    "obj_fun": 0.4176792855675607,
    "zone_cols": 5,
    "zone_coords": [
        7,
        13
    ],
    "zone_rows": 5
}