{
    "argv": 985,
    "bounds": [
        [
            6.437222058477453e-12,
            0.006437222058477453
        ],
        [
            0.06437222058477453,
            0.12874444116954906
        ],
        [
            0.0,
            11.0
        ],
        [
            0.0,
            null
        ],
        [
            0.0,
            null
        ],
        [
            0.0,
            null
        ],
        [
            0.0,
            null
        ],
        [
            0.0,
            null
        ],
        [
            0.0,
            null
        ],
        [
            0.0,
            null
        ],
        [
            0.0,
            null
        ],
        [
            0.0,
            null
        ],
        [
            0.0,
            null
        ],
        [
            0.0,
            null
        ],
        [
            0.0,
            null
        ],
        [
            0.0,
            null
        ],
        [
            0.0,
            null
        ],
        [
            0.0,
            null
        ],
        [
            0.0,
            null
        ],
        [
            0.0,
            null
        ],
        [
            0.0,
            null
        ],
        [
            0.0,
            null
        ],
        [
            0.0,
            null
        ],
        [
            0.0,
            null
        ],
        [
            0.0,
            null
        ],
        [
            0.0,
            null
        ],
        [
            0.0,
            null
        ],
        [
            0.0,
            null
        ]
    ],
    "comp_est": [
        0.0006437222058478001,
        0.06437222205931474,
        5.999999999999999,
        29.99999999944908,
        29.999999981058842,
        30.000000004693703,
        29.99999999139509,
        29.999999981047942,
        29.999999980913554,
        29.999999997845855,
        29.999999979001956,
        29.999999997623732,
        29.999999907750205,
        30.00000000484384,
        29.999999979013285,
        29.99999996950794,
        29.999999983047697,
        30.00000000469532,
        29.99999999138922,
        29.999999997727922,
        29.99999998296315,
        29.999999992204053,
        29.999999953340097,
        29.999999981075977,
        29.999999907617443,
        30.000000004747502,
        29.999999953350045,
        29.999999981218576
    ],
    "fit_time": 19838.086016893387,
    "init_guess": [
        0.0006437222058477453,
        0.06437222058477453,
        6.0,
        30.0,
        30.0,
        30.0,
        30.0,
        30.0,
        30.0,
        30.0,
        30.0,
        30.0,
        30.0,
        30.0,
        30.0,
        30.0,
        30.0,
        30.0,
        30.0,
        30.0,
        30.0,
        30.0,
        30.0,
        30.0,
        30.0,
        30.0,
        30.0,
        30.0
    ],
    "model": "Competition Model",
    "model_params": [
        "C_0",
        "N_0",
        "kn",
        "rs"
    ],
    "model_species": [
        "C",
        "N"
    ],
    "obj_fun": 0.5753883506073738,
    "zone_cols": 5,
    "zone_coords": [
        9,
        15
    ],
    "zone_rows": 5
}