{
    "argv": 234,
    "bounds": [
        [
            5.848410588726615e-12,
            0.005848410588726615
        ],
        [
            0.05848410588726615,
            0.1169682117745323
        ],
        [
            0.0,
            11.0
        ],
        [
            0.0,
            null
        ],
        [
            0.0,
            null
        ],
        [
            0.0,
            null
        ],
        [
            0.0,
            null
        ],
        [
            0.0,
            null
        ],
        [
            0.0,
            null
        ],
        [
            0.0,
            null
        ],
        [
            0.0,
            null
        ],
        [
            0.0,
            null
        ],
        [
            0.0,
            null
        ],
        [
            0.0,
            null
        ],
        [
            0.0,
            null
        ],
        [
            0.0,
            null
        ],
        [
            0.0,
            null
        ],
        [
            0.0,
            null
        ],
        [
            0.0,
            null
        ],
        [
            0.0,
            null
        ],
        [
            0.0,
            null
        ],
        [
            0.0,
            null
        ],
        [
            0.0,
            null
        ],
        [
            0.0,
            null
        ],
        [
            0.0,
            null
        ],
        [
            0.0,
            null
        ],
        [
            0.0,
            null
        ],
        [
            0.0,
            null
        ]
    ],
    "comp_est": [
        1.1355930377563253e-06,
        0.05848410588726615,
        7.618138158954526,
        73.85355030130908,
        72.24043866932041,
        75.57000945998399,
        76.41415971351098,
        73.62583747844924,
        68.87736164694275,
        70.00762525610799,
        72.95805181293042,
        77.1861220700599,
        89.9307401852975,
        74.7565581846819,
        74.84213424775004,
        73.54364486410934,
        87.08761069951628,
        73.48358290315713,
        75.15371415899565,
        75.60945368069869,
        72.80299878959065,
        73.1087173804588,
        72.58052096540781,
        71.26272437952069,
        76.99600045870416,
        87.30105231710591,
        74.50492592389361,
        71.20334911086155
    ],
    "fit_time": 49160.03057050705,
    "init_guess": [
        5.848410588726616e-11,
        0.05848410588726615,
        3.0,
        75.0,
        75.0,
        75.0,
        75.0,
        75.0,
        75.0,
        75.0,
        75.0,
        75.0,
        75.0,
        75.0,
        75.0,
        75.0,
        75.0,
        75.0,
        75.0,
        75.0,
        75.0,
        75.0,
        75.0,
        75.0,
        75.0,
        75.0,
        75.0,
        75.0
    ],
    "model": "Competition Model",
    "model_params": [
        "C_0",
        "N_0",
        "kn",
        "rs"
    ],
    "model_species": [
        "C",
        "N"
    ],
    "obj_fun": 0.10200613805920489,
    "zone_cols": 5,
    "zone_coords": [
        7,
        13
    ],
    "zone_rows": 5
}