{
    "argv": 364,
    "bounds": [
        [
            5.848410588726615e-12,
            0.005848410588726615
        ],
        [
            0.05848410588726615,
            0.1169682117745323
        ],
        [
            0.0,
            11.0
        ],
        [
            0.0,
            null
        ],
        [
            0.0,
            null
        ],
        [
            0.0,
            null
        ],
        [
            0.0,
            null
        ],
        [
            0.0,
            null
        ],
        [
            0.0,
            null
        ],
        [
            0.0,
            null
        ],
        [
            0.0,
            null
        ],
        [
            0.0,
            null
        ],
        [
            0.0,
            null
        ],
        [
            0.0,
            null
        ],
        [
            0.0,
            null
        ],
        [
            0.0,
            null
        ],
        [
            0.0,
            null
        ],
        [
            0.0,
            null
        ],
        [
            0.0,
            null
        ],
        [
            0.0,
            null
        ],
        [
            0.0,
            null
        ],
        [
            0.0,
            null
        ],
        [
            0.0,
            null
        ],
        [
            0.0,
            null
        ],
        [
            0.0,
            null
        ],
        [
            0.0,
            null
        ],
        [
            0.0,
            null
        ],
        [
            0.0,
            null
        ]
    ],
    "comp_est": [
        0.0004211143578833707,
        0.07187642118698677,
        1.2724218281507897,
        23.126429810865794,
        22.005287408725223,
        25.794853390007873,
        27.37369300013371,
        26.17908951139735,
        16.72291480465695,
        19.333544659743623,
        23.44677846803566,
        28.16339037314781,
        40.96596422300969,
        24.259643827984366,
        24.548957831172263,
        23.47552643749668,
        36.68013940788937,
        25.037857568072013,
        24.74372850474066,
        25.182805075119088,
        22.758815418005238,
        23.31980473753949,
        23.265856538844513,
        21.37311583280486,
        26.192162267747392,
        38.343494491364204,
        24.453019834099806,
        21.694076709861832
    ],
    "fit_time": 31478.871136426926,
    "init_guess": [
        5.848410588726615e-09,
        0.05848410588726615,
        1.0,
        25.0,
        25.0,
        25.0,
        25.0,
        25.0,
        25.0,
        25.0,
        25.0,
        25.0,
        25.0,
        25.0,
        25.0,
        25.0,
        25.0,
        25.0,
        25.0,
        25.0,
        25.0,
        25.0,
        25.0,
        25.0,
        25.0,
        25.0,
        25.0,
        25.0
    ],
    "model": "Competition Model",
    "model_params": [
        "C_0",
        "N_0",
        "kn",
        "rs"
    ],
    "model_species": [
        "C",
        "N"
    ],
    "obj_fun": 0.06554395900635074,
    "zone_cols": 5,
    "zone_coords": [
        7,
        13
    ],
    "zone_rows": 5
}