{
    "argv": 849,
    "bounds": [
        [
            6.437222058477453e-12,
            0.006437222058477453
        ],
        [
            0.06437222058477453,
            0.12874444116954906
        ],
        [
            0.0,
            11.0
        ],
        [
            0.0,
            null
        ],
        [
            0.0,
            null
        ],
        [
            0.0,
            null
        ],
        [
            0.0,
            null
        ],
        [
            0.0,
            null
        ],
        [
            0.0,
            null
        ],
        [
            0.0,
            null
        ],
        [
            0.0,
            null
        ],
        [
            0.0,
            null
        ],
        [
            0.0,
            null
        ],
        [
            0.0,
            null
        ],
        [
            0.0,
            null
        ],
        [
            0.0,
            null
        ],
        [
            0.0,
            null
        ],
        [
            0.0,
            null
        ],
        [
            0.0,
            null
        ],
        [
            0.0,
            null
        ],
        [
            0.0,
            null
        ],
        [
            0.0,
            null
        ],
        [
            0.0,
            null
        ],
        [
            0.0,
            null
        ],
        [
            0.0,
            null
        ],
        [
            0.0,
            null
        ],
        [
            0.0,
            null
        ],
        [
            0.0,
            null
        ]
    ],
    "comp_est": [
        0.001676091894497329,
        0.06917958089424743,
        10.856563613710188,
        22.950696945294474,
        30.232843230544525,
        22.967292021219382,
        23.523256767862794,
        23.103355664548328,
        22.569315199671962,
        22.805778271929505,
        23.07697212496784,
        21.99025369327173,
        32.429709586232654,
        31.13693275409969,
        23.016827659261605,
        22.67872559808578,
        28.004116091187072,
        22.349619704710207,
        21.748998321403377,
        28.903865938758372,
        21.88151459438409,
        32.94933074290488,
        22.56039357890015,
        22.85324196250219,
        23.7185934668968,
        23.72368204759972,
        23.37067128804929,
        21.896857408895634
    ],
    "fit_time": 36596.39893960953,
    "init_guess": [
        6.437222058477453e-05,
        0.06437222058477453,
        2.0,
        25.0,
        25.0,
        25.0,
        25.0,
        25.0,
        25.0,
        25.0,
        25.0,
        25.0,
        25.0,
        25.0,
        25.0,
        25.0,
        25.0,
        25.0,
        25.0,
        25.0,
        25.0,
        25.0,
        25.0,
        25.0,
        25.0,
        25.0,
        25.0,
        25.0
    ],
    "model": "Competition Model",
    "model_params": [
        "C_0",
        "N_0",
        "kn",
        "rs"
    ],
    "model_species": [
        "C",
        "N"
    ],
    "obj_fun": 0.2536460588345388,
    "zone_cols": 5,
    "zone_coords": [
        9,
        15
    ],
    "zone_rows": 5
}