{
    "argv": 211,
    "bounds": [
        [
            6.437222058477453e-12,
            0.006437222058477453
        ],
        [
            0.06437222058477453,
            0.12874444116954906
        ],
        [
            0.0,
            11.0
        ],
        [
            0.0,
            null
        ],
        [
            0.0,
            null
        ],
        [
            0.0,
            null
        ],
        [
            0.0,
            null
        ],
        [
            0.0,
            null
        ],
        [
            0.0,
            null
        ],
        [
            0.0,
            null
        ],
        [
            0.0,
            null
        ],
        [
            0.0,
            null
        ],
        [
            0.0,
            null
        ],
        [
            0.0,
            null
        ],
        [
            0.0,
            null
        ],
        [
            0.0,
            null
        ],
        [
            0.0,
            null
        ],
        [
            0.0,
            null
        ],
        [
            0.0,
            null
        ],
        [
            0.0,
            null
        ],
        [
            0.0,
            null
        ],
        [
            0.0,
            null
        ],
        [
            0.0,
            null
        ],
        [
            0.0,
            null
        ],
        [
            0.0,
            null
        ],
        [
            0.0,
            null
        ],
        [
            0.0,
            null
        ],
        [
            0.0,
            null
        ]
    ],
    "comp_est": [
        1.3466886256807662e-06,
        0.06768270260162221,
        1.1116462806737175,
        59.79092026495264,
        80.89327020482075,
        58.833542932359805,
        61.22781684416244,
        65.31169611857679,
        59.36770856496138,
        59.54199191651625,
        58.480930064103326,
        58.14601094936836,
        96.21136635990146,
        85.67764140857459,
        62.97700142703673,
        59.318609082828715,
        80.4178094461944,
        64.16583862623365,
        53.05356888238977,
        74.33591693598657,
        56.51734750587157,
        88.75050205490113,
        59.03460733070479,
        52.54447082345915,
        59.01046474007012,
        59.069345262002834,
        60.19738535998172,
        46.73371664722014
    ],
    "fit_time": 69302.6409547329,
    "init_guess": [
        6.437222058477453e-11,
        0.06437222058477453,
        2.0,
        65.0,
        65.0,
        65.0,
        65.0,
        65.0,
        65.0,
        65.0,
        65.0,
        65.0,
        65.0,
        65.0,
        65.0,
        65.0,
        65.0,
        65.0,
        65.0,
        65.0,
        65.0,
        65.0,
        65.0,
        65.0,
        65.0,
        65.0,
        65.0,
        65.0
    ],
    "model": "Competition Model",
    "model_params": [
        "C_0",
        "N_0",
        "kn",
        "rs"
    ],
    "model_species": [
        "C",
        "N"
    ],
    "obj_fun": 0.05086117795032795,
    "zone_cols": 5,
    "zone_coords": [
        9,
        15
    ],
    "zone_rows": 5
}