{
    "argv": 381,
    "bounds": [
        [
            6.437222058477453e-12,
            0.006437222058477453
        ],
        [
            0.06437222058477453,
            0.12874444116954906
        ],
        [
            0.0,
            11.0
        ],
        [
            0.0,
            null
        ],
        [
            0.0,
            null
        ],
        [
            0.0,
            null
        ],
        [
            0.0,
            null
        ],
        [
            0.0,
            null
        ],
        [
            0.0,
            null
        ],
        [
            0.0,
            null
        ],
        [
            0.0,
            null
        ],
        [
            0.0,
            null
        ],
        [
            0.0,
            null
        ],
        [
            0.0,
            null
        ],
        [
            0.0,
            null
        ],
        [
            0.0,
            null
        ],
        [
            0.0,
            null
        ],
        [
            0.0,
            null
        ],
        [
            0.0,
            null
        ],
        [
            0.0,
            null
        ],
        [
            0.0,
            null
        ],
        [
            0.0,
            null
        ],
        [
            0.0,
            null
        ],
        [
            0.0,
            null
        ],
        [
            0.0,
            null
        ],
        [
            0.0,
            null
        ],
        [
            0.0,
            null
        ],
        [
            0.0,
            null
        ]
    ],
    "comp_est": [
        6.1325521303445845e-09,
        0.06772788362442583,
        6.99988168151441,
        29.999997762907203,
        29.99984627431538,
        29.999996750347243,
        29.999968876860937,
        29.999985146372843,
        29.999846186345742,
        30.000026087779425,
        29.99993411966199,
        29.99995438322246,
        29.999781847991322,
        29.999996882301833,
        29.999933963400572,
        30.000097631228517,
        29.999915480618903,
        29.999369696499972,
        29.99996890290443,
        29.999954411002687,
        29.99991534229818,
        30.000004062035366,
        29.99886630794874,
        29.999985108754434,
        29.999781786064858,
        29.999369615475945,
        29.998866235605544,
        29.999931431362146
    ],
    "fit_time": 71794.06261062622,
    "init_guess": [
        6.437222058477453e-09,
        0.06437222058477453,
        7.0,
        30.0,
        30.0,
        30.0,
        30.0,
        30.0,
        30.0,
        30.0,
        30.0,
        30.0,
        30.0,
        30.0,
        30.0,
        30.0,
        30.0,
        30.0,
        30.0,
        30.0,
        30.0,
        30.0,
        30.0,
        30.0,
        30.0,
        30.0,
        30.0,
        30.0
    ],
    "model": "Competition Model",
    "model_params": [
        "C_0",
        "N_0",
        "kn",
        "rs"
    ],
    "model_species": [
        "C",
        "N"
    ],
    "obj_fun": 0.8275233616464608,
    "zone_cols": 5,
    "zone_coords": [
        9,
        15
    ],
    "zone_rows": 5
}