{
    "argv": 157,
    "bounds": [
        [
            6.437222058477453e-12,
            0.006437222058477453
        ],
        [
            0.06437222058477453,
            0.12874444116954906
        ],
        [
            0.0,
            11.0
        ],
        [
            0.0,
            null
        ],
        [
            0.0,
            null
        ],
        [
            0.0,
            null
        ],
        [
            0.0,
            null
        ],
        [
            0.0,
            null
        ],
        [
            0.0,
            null
        ],
        [
            0.0,
            null
        ],
        [
            0.0,
            null
        ],
        [
            0.0,
            null
        ],
        [
            0.0,
            null
        ],
        [
            0.0,
            null
        ],
        [
            0.0,
            null
        ],
        [
            0.0,
            null
        ],
        [
            0.0,
            null
        ],
        [
            0.0,
            null
        ],
        [
            0.0,
            null
        ],
        [
            0.0,
            null
        ],
        [
            0.0,
            null
        ],
        [
            0.0,
            null
        ],
        [
            0.0,
            null
        ],
        [
            0.0,
            null
        ],
        [
            0.0,
            null
        ],
        [
            0.0,
            null
        ],
        [
            0.0,
            null
        ],
        [
            0.0,
            null
        ]
    ],
    "comp_est": [
        6.233459303417765e-05,
        0.06595866486202721,
        4.178674486956982,
        37.75294614561829,
        53.2088730814096,
        41.01005014256711,
        42.21948202914199,
        38.71985537102661,
        40.25109451482145,
        40.77404234977834,
        42.472996640371356,
        38.7832978133944,
        56.43020405353352,
        54.80659882103669,
        41.682202867016436,
        39.79434288324169,
        51.13792019454352,
        39.55390238694427,
        38.25585190460508,
        51.68239097654299,
        39.066550385299266,
        57.00810590354752,
        40.80449830363872,
        38.827466665990904,
        42.32165276236608,
        43.005611667713204,
        42.16233934374935,
        37.149328738020095
    ],
    "fit_time": 1216.7842235565186,
    "init_guess": [
        6.437222058477453e-11,
        0.06437222058477453,
        3.0,
        40.0,
        40.0,
        40.0,
        40.0,
        40.0,
        40.0,
        40.0,
        40.0,
        40.0,
        40.0,
        40.0,
        40.0,
        40.0,
        40.0,
        40.0,
        40.0,
        40.0,
        40.0,
        40.0,
        40.0,
        40.0,
        40.0,
        40.0,
        40.0,
        40.0
    ],
    "model": "Competition Model",
    "model_params": [
        "C_0",
        "N_0",
        "kn",
        "rs"
    ],
    "model_species": [
        "C",
        "N"
    ],
    "obj_fun": 0.10248990240158086,
    "zone_cols": 5,
    "zone_coords": [
        9,
        15
    ],
    "zone_rows": 5
}