{
    "argv": 396,
    "bounds": [
        [
            6.437222058477453e-12,
            0.006437222058477453
        ],
        [
            0.06437222058477453,
            0.12874444116954906
        ],
        [
            0.0,
            11.0
        ],
        [
            0.0,
            null
        ],
        [
            0.0,
            null
        ],
        [
            0.0,
            null
        ],
        [
            0.0,
            null
        ],
        [
            0.0,
            null
        ],
        [
            0.0,
            null
        ],
        [
            0.0,
            null
        ],
        [
            0.0,
            null
        ],
        [
            0.0,
            null
        ],
        [
            0.0,
            null
        ],
        [
            0.0,
            null
        ],
        [
            0.0,
            null
        ],
        [
            0.0,
            null
        ],
        [
            0.0,
            null
        ],
        [
            0.0,
            null
        ],
        [
            0.0,
            null
        ],
        [
            0.0,
            null
        ],
        [
            0.0,
            null
        ],
        [
            0.0,
            null
        ],
        [
            0.0,
            null
        ],
        [
            0.0,
            null
        ],
        [
            0.0,
            null
        ],
        [
            0.0,
            null
        ],
        [
            0.0,
            null
        ],
        [
            0.0,
            null
        ]
    ],
    "comp_est": [
        4.983493052612991e-05,
        0.07201462166852164,
        1.1758319455661717,
        35.77472872594427,
        50.92695870854288,
        35.4002163109078,
        37.57170685561145,
        39.80213428854413,
        35.137808996332836,
        35.57279088227493,
        35.42597185665948,
        34.228109250515345,
        60.43822990753813,
        53.20730852757808,
        37.65042356807406,
        35.51026960340518,
        50.19101633000976,
        38.27270162442135,
        29.861126468925757,
        46.75357454796791,
        32.28910351543714,
        55.67165033951305,
        35.286006343144,
        31.244532828104873,
        35.77395891373253,
        36.070761204508834,
        36.516335885681954,
        26.175696530537504
    ],
    "fit_time": 53328.26447939873,
    "init_guess": [
        6.437222058477453e-09,
        0.06437222058477453,
        0.0,
        40.0,
        40.0,
        40.0,
        40.0,
        40.0,
        40.0,
        40.0,
        40.0,
        40.0,
        40.0,
        40.0,
        40.0,
        40.0,
        40.0,
        40.0,
        40.0,
        40.0,
        40.0,
        40.0,
        40.0,
        40.0,
        40.0,
        40.0,
        40.0,
        40.0
    ],
    "model": "Competition Model",
    "model_params": [
        "C_0",
        "N_0",
        "kn",
        "rs"
    ],
    "model_species": [
        "C",
        "N"
    ],
    "obj_fun": 0.057798759811933505,
    "zone_cols": 5,
    "zone_coords": [
        9,
        15
    ],
    "zone_rows": 5
}