{
    "argv": 302,
    "bounds": [
        [
            6.437222058477453e-12,
            0.006437222058477453
        ],
        [
            0.06437222058477453,
            0.12874444116954906
        ],
        [
            0.0,
            11.0
        ],
        [
            0.0,
            null
        ],
        [
            0.0,
            null
        ],
        [
            0.0,
            null
        ],
        [
            0.0,
            null
        ],
        [
            0.0,
            null
        ],
        [
            0.0,
            null
        ],
        [
            0.0,
            null
        ],
        [
            0.0,
            null
        ],
        [
            0.0,
            null
        ],
        [
            0.0,
            null
        ],
        [
            0.0,
            null
        ],
        [
            0.0,
            null
        ],
        [
            0.0,
            null
        ],
        [
            0.0,
            null
        ],
        [
            0.0,
            null
        ],
        [
            0.0,
            null
        ],
        [
            0.0,
            null
        ],
        [
            0.0,
            null
        ],
        [
            0.0,
            null
        ],
        [
            0.0,
            null
        ],
        [
            0.0,
            null
        ],
        [
            0.0,
            null
        ],
        [
            0.0,
            null
        ],
        [
            0.0,
            null
        ],
        [
            0.0,
            null
        ]
    ],
    "comp_est": [
        2.6928357620956854e-09,
        0.06437224107591213,
        5.0,
        49.999984083866124,
        49.999984083866124,
        49.999984083866124,
        49.999984083866124,
        49.999984083866124,
        49.999984083866124,
        49.999984083866124,
        49.999984083866124,
        49.999984083866124,
        49.999984083866124,
        49.999984083866124,
        49.999984083866124,
        49.999984083866124,
        49.999984083866124,
        49.999984083866124,
        49.999984083866124,
        49.999984083866124,
        49.999984083866124,
        49.999984083866124,
        49.999984083866124,
        49.999984083866124,
        49.999984083866124,
        49.999984083866124,
        49.999984083866124,
        49.999984083866124
    ],
    "fit_time": 19897.461151361465,
    "init_guess": [
        6.437222058477453e-10,
        0.06437222058477453,
        5.0,
        50.0,
        50.0,
        50.0,
        50.0,
        50.0,
        50.0,
        50.0,
        50.0,
        50.0,
        50.0,
        50.0,
        50.0,
        50.0,
        50.0,
        50.0,
        50.0,
        50.0,
        50.0,
        50.0,
        50.0,
        50.0,
        50.0,
        50.0,
        50.0,
        50.0
    ],
    "model": "Competition Model",
    "model_params": [
        "C_0",
        "N_0",
        "kn",
        "rs"
    ],
    "model_species": [
        "C",
        "N"
    ],
    "obj_fun": 0.8195922211864062,
    "zone_cols": 5,
    "zone_coords": [
        9,
        15
    ],
    "zone_rows": 5
}