{
    "argv": 61,
    "bounds": [
        [
            5.848410588726615e-12,
            0.005848410588726615
        ],
        [
            0.05848410588726615,
            0.1169682117745323
        ],
        [
            0.0,
            11.0
        ],
        [
            0.0,
            null
        ],
        [
            0.0,
            null
        ],
        [
            0.0,
            null
        ],
        [
            0.0,
            null
        ],
        [
            0.0,
            null
        ],
        [
            0.0,
            null
        ],
        [
            0.0,
            null
        ],
        [
            0.0,
            null
        ],
        [
            0.0,
            null
        ],
        [
            0.0,
            null
        ],
        [
            0.0,
            null
        ],
        [
            0.0,
            null
        ],
        [
            0.0,
            null
        ],
        [
            0.0,
            null
        ],
        [
            0.0,
            null
        ],
        [
            0.0,
            null
        ],
        [
            0.0,
            null
        ],
        [
            0.0,
            null
        ],
        [
            0.0,
            null
        ],
        [
            0.0,
            null
        ],
        [
            0.0,
            null
        ],
        [
            0.0,
            null
        ],
        [
            0.0,
            null
        ],
        [
            0.0,
            null
        ],
        [
            0.0,
            null
        ]
    ],
    "comp_est": [
        7.95155242661975e-06,
        0.06667450337367699,
        6.000002141113767,
        50.041295558674825,
        50.1048271305049,
        50.02806055168047,
        50.1053036295872,
        50.040082377353656,
        50.10481959449168,
        50.02511632505727,
        50.02216153540704,
        50.02514062367389,
        50.10506368508397,
        50.02806830093627,
        50.02219461712556,
        50.03394633373179,
        50.022190283263896,
        50.02876064415949,
        50.10528110303077,
        50.025138016070656,
        50.02215790477292,
        50.02511506413745,
        50.105332158128384,
        50.040080704717774,
        50.1050024566079,
        50.02880206400133,
        50.105333887923656,
        50.04115596400501
    ],
    "fit_time": 3195.752718925476,
    "init_guess": [
        5.848410588726615e-12,
        0.05848410588726615,
        6.0,
        50.0,
        50.0,
        50.0,
        50.0,
        50.0,
        50.0,
        50.0,
        50.0,
        50.0,
        50.0,
        50.0,
        50.0,
        50.0,
        50.0,
        50.0,
        50.0,
        50.0,
        50.0,
        50.0,
        50.0,
        50.0,
        50.0,
        50.0,
        50.0,
        50.0
    ],
    "model": "Competition Model",
    "model_params": [
        "C_0",
        "N_0",
        "kn",
        "rs"
    ],
    "model_species": [
        "C",
        "N"
    ],
    "obj_fun": 0.41826344025544354,
    "zone_cols": 5,
    "zone_coords": [
        7,
        13
    ],
    "zone_rows": 5
}