{
    "argv": 1138,
    "bounds": [
        [
            6.437222058477453e-12,
            0.006437222058477453
        ],
        [
            0.06437222058477453,
            0.12874444116954906
        ],
        [
            0.0,
            11.0
        ],
        [
            0.0,
            null
        ],
        [
            0.0,
            null
        ],
        [
            0.0,
            null
        ],
        [
            0.0,
            null
        ],
        [
            0.0,
            null
        ],
        [
            0.0,
            null
        ],
        [
            0.0,
            null
        ],
        [
            0.0,
            null
        ],
        [
            0.0,
            null
        ],
        [
            0.0,
            null
        ],
        [
            0.0,
            null
        ],
        [
            0.0,
            null
        ],
        [
            0.0,
            null
        ],
        [
            0.0,
            null
        ],
        [
            0.0,
            null
        ],
        [
            0.0,
            null
        ],
        [
            0.0,
            null
        ],
        [
            0.0,
            null
        ],
        [
            0.0,
            null
        ],
        [
            0.0,
            null
        ],
        [
            0.0,
            null
        ],
        [
            0.0,
            null
        ],
        [
            0.0,
            null
        ],
        [
            0.0,
            null
        ],
        [
            0.0,
            null
        ]
    ],
    "comp_est": [
        0.006437222057054082,
        0.06437222058477453,
        5.000000000001259,
        44.999998331277105,
        44.99999892430298,
        45.00000097618105,
        44.999998939596736,
        44.99999906667367,
        44.99999884038266,
        44.999998715813085,
        45.00000040740143,
        44.99999922230935,
        44.9999994010302,
        45.000001066580914,
        45.00000039938069,
        44.99999905247092,
        44.999998722063445,
        44.999999382077554,
        44.999998933063345,
        44.999999113247476,
        44.99999875981964,
        44.99999867739577,
        44.99999853233421,
        44.99999913071646,
        44.999999307569034,
        44.99999936667905,
        44.99999860713375,
        44.999998373282736
    ],
    "fit_time": 34685.43812417984,
    "init_guess": [
        0.006437222058477453,
        0.06437222058477453,
        5.0,
        45.0,
        45.0,
        45.0,
        45.0,
        45.0,
        45.0,
        45.0,
        45.0,
        45.0,
        45.0,
        45.0,
        45.0,
        45.0,
        45.0,
        45.0,
        45.0,
        45.0,
        45.0,
        45.0,
        45.0,
        45.0,
        45.0,
        45.0,
        45.0,
        45.0
    ],
    "model": "Competition Model",
    "model_params": [
        "C_0",
        "N_0",
        "kn",
        "rs"
    ],
    "model_species": [
        "C",
        "N"
    ],
    "obj_fun": 0.8160779101778595,
    "zone_cols": 5,
    "zone_coords": [
        9,
        15
    ],
    "zone_rows": 5
}