{
    "argv": 912,
    "bounds": [
        [
            5.848410588726615e-12,
            0.005848410588726615
        ],
        [
            0.05848410588726615,
            0.1169682117745323
        ],
        [
            0.0,
            11.0
        ],
        [
            0.0,
            null
        ],
        [
            0.0,
            null
        ],
        [
            0.0,
            null
        ],
        [
            0.0,
            null
        ],
        [
            0.0,
            null
        ],
        [
            0.0,
            null
        ],
        [
            0.0,
            null
        ],
        [
            0.0,
            null
        ],
        [
            0.0,
            null
        ],
        [
            0.0,
            null
        ],
        [
            0.0,
            null
        ],
        [
            0.0,
            null
        ],
        [
            0.0,
            null
        ],
        [
            0.0,
            null
        ],
        [
            0.0,
            null
        ],
        [
            0.0,
            null
        ],
        [
            0.0,
            null
        ],
        [
            0.0,
            null
        ],
        [
            0.0,
            null
        ],
        [
            0.0,
            null
        ],
        [
            0.0,
            null
        ],
        [
            0.0,
            null
        ],
        [
            0.0,
            null
        ],
        [
            0.0,
            null
        ],
        [
            0.0,
            null
        ]
    ],
    "comp_est": [
        5.848410588711957e-05,
        0.05848410588726615,
        10.000000000000053,
        50.00000000052142,
        49.99999999749874,
        49.99999998970816,
        49.9999999978064,
        50.00000000162668,
        49.99999999749819,
        49.99999999510497,
        49.999999997515104,
        49.99999999504291,
        49.999999997784165,
        49.999999989707895,
        49.999999997515715,
        49.99999999788514,
        49.999999997613386,
        49.99999998968984,
        49.999999997806,
        49.99999999504289,
        49.99999999761104,
        49.999999995139824,
        49.999999997777536,
        50.000000001624876,
        49.99999999778185,
        49.999999989692554,
        49.999999997777465,
        50.00000000050036
    ],
    "fit_time": 41206.95172405243,
    "init_guess": [
        5.848410588726615e-05,
        0.05848410588726615,
        10.0,
        50.0,
        50.0,
        50.0,
        50.0,
        50.0,
        50.0,
        50.0,
        50.0,
        50.0,
        50.0,
        50.0,
        50.0,
        50.0,
        50.0,
        50.0,
        50.0,
        50.0,
        50.0,
        50.0,
        50.0,
        50.0,
        50.0,
        50.0,
        50.0,
        50.0
    ],
    "model": "Competition Model",
    "model_params": [
        "C_0",
        "N_0",
        "kn",
        "rs"
    ],
    "model_species": [
        "C",
        "N"
    ],
    "obj_fun": 0.41271728598311724,
    "zone_cols": 5,
    "zone_coords": [
        7,
        13
    ],
    "zone_rows": 5
}