{
    "argv": 1166,
    "bounds": [
        [
            5.848410588726615e-12,
            0.005848410588726615
        ],
        [
            0.05848410588726615,
            0.1169682117745323
        ],
        [
            0.0,
            11.0
        ],
        [
            0.0,
            null
        ],
        [
            0.0,
            null
        ],
        [
            0.0,
            null
        ],
        [
            0.0,
            null
        ],
        [
            0.0,
            null
        ],
        [
            0.0,
            null
        ],
        [
            0.0,
            null
        ],
        [
            0.0,
            null
        ],
        [
            0.0,
            null
        ],
        [
            0.0,
            null
        ],
        [
            0.0,
            null
        ],
        [
            0.0,
            null
        ],
        [
            0.0,
            null
        ],
        [
            0.0,
            null
        ],
        [
            0.0,
            null
        ],
        [
            0.0,
            null
        ],
        [
            0.0,
            null
        ],
        [
            0.0,
            null
        ],
        [
            0.0,
            null
        ],
        [
            0.0,
            null
        ],
        [
            0.0,
            null
        ],
        [
            0.0,
            null
        ],
        [
            0.0,
            null
        ],
        [
            0.0,
            null
        ],
        [
            0.0,
            null
        ]
    ],
    "comp_est": [
        0.00014566762254638403,
        0.05848410588726615,
        11.0,
        53.82875956063222,
        53.11858003019462,
        53.81754533383559,
        53.76279358828321,
        52.82917054490106,
        51.65604239517476,
        51.84049364659884,
        52.544129747723765,
        52.97705890919988,
        59.586820273164555,
        52.92125413864165,
        52.88396888960979,
        52.233257207423726,
        56.0688161998315,
        52.26109096013159,
        52.49066235245682,
        52.21249595289448,
        51.30321477371579,
        51.44481800042629,
        51.656718886512934,
        51.2547101945776,
        51.762826581853936,
        59.013957878945,
        51.64445708051996,
        51.050039599820586
    ],
    "fit_time": 11739.234634637833,
    "init_guess": [
        0.005848410588726615,
        0.05848410588726615,
        0.0,
        60.0,
        60.0,
        60.0,
        60.0,
        60.0,
        60.0,
        60.0,
        60.0,
        60.0,
        60.0,
        60.0,
        60.0,
        60.0,
        60.0,
        60.0,
        60.0,
        60.0,
        60.0,
        60.0,
        60.0,
        60.0,
        60.0,
        60.0,
        60.0,
        60.0
    ],
    "model": "Competition Model",
    "model_params": [
        "C_0",
        "N_0",
        "kn",
        "rs"
    ],
    "model_species": [
        "C",
        "N"
    ],
    "obj_fun": 0.30196582961475243,
    "zone_cols": 5,
    "zone_coords": [
        7,
        13
    ],
    "zone_rows": 5
}