{
    "argv": 340,
    "bounds": [
        [
            6.437222058477453e-12,
            0.006437222058477453
        ],
        [
            0.06437222058477453,
            0.12874444116954906
        ],
        [
            0.0,
            11.0
        ],
        [
            0.0,
            null
        ],
        [
            0.0,
            null
        ],
        [
            0.0,
            null
        ],
        [
            0.0,
            null
        ],
        [
            0.0,
            null
        ],
        [
            0.0,
            null
        ],
        [
            0.0,
            null
        ],
        [
            0.0,
            null
        ],
        [
            0.0,
            null
        ],
        [
            0.0,
            null
        ],
        [
            0.0,
            null
        ],
        [
            0.0,
            null
        ],
        [
            0.0,
            null
        ],
        [
            0.0,
            null
        ],
        [
            0.0,
            null
        ],
        [
            0.0,
            null
        ],
        [
            0.0,
            null
        ],
        [
            0.0,
            null
        ],
        [
            0.0,
            null
        ],
        [
            0.0,
            null
        ],
        [
            0.0,
            null
        ],
        [
            0.0,
            null
        ],
        [
            0.0,
            null
        ],
        [
            0.0,
            null
        ],
        [
            0.0,
            null
        ]
    ],
    "comp_est": [
        6.437769104849297e-10,
        0.06437222213393726,
        10.0,
        65.00000022651723,
        65.0000001083994,
        65.000000053831,
        65.00000010838579,
        65.0000003021208,
        65.00000010839939,
        65.0000001030644,
        65.00000010005864,
        65.00000010320547,
        65.00000010826238,
        65.000000053831,
        65.00000010005864,
        65.00000010357557,
        65.00000010005877,
        65.00000005384176,
        65.00000010838579,
        65.00000010320547,
        65.00000010005877,
        65.00000010318243,
        65.00000010828585,
        65.0000003021208,
        65.00000010826238,
        65.00000005384176,
        65.00000010828583,
        65.00000002401342
    ],
    "fit_time": 69088.20743656158,
    "init_guess": [
        6.437222058477453e-10,
        0.06437222058477453,
        10.0,
        65.0,
        65.0,
        65.0,
        65.0,
        65.0,
        65.0,
        65.0,
        65.0,
        65.0,
        65.0,
        65.0,
        65.0,
        65.0,
        65.0,
        65.0,
        65.0,
        65.0,
        65.0,
        65.0,
        65.0,
        65.0,
        65.0,
        65.0,
        65.0,
        65.0
    ],
    "model": "Competition Model",
    "model_params": [
        "C_0",
        "N_0",
        "kn",
        "rs"
    ],
    "model_species": [
        "C",
        "N"
    ],
    "obj_fun": 0.7600514101440489,
    "zone_cols": 5,
    "zone_coords": [
        9,
        15
    ],
    "zone_rows": 5
}