{
    "argv": 293,
    "bounds": [
        [
            5.848410588726615e-12,
            0.005848410588726615
        ],
        [
            0.05848410588726615,
            0.1169682117745323
        ],
        [
            0.0,
            11.0
        ],
        [
            0.0,
            null
        ],
        [
            0.0,
            null
        ],
        [
            0.0,
            null
        ],
        [
            0.0,
            null
        ],
        [
            0.0,
            null
        ],
        [
            0.0,
            null
        ],
        [
            0.0,
            null
        ],
        [
            0.0,
            null
        ],
        [
            0.0,
            null
        ],
        [
            0.0,
            null
        ],
        [
            0.0,
            null
        ],
        [
            0.0,
            null
        ],
        [
            0.0,
            null
        ],
        [
            0.0,
            null
        ],
        [
            0.0,
            null
        ],
        [
            0.0,
            null
        ],
        [
            0.0,
            null
        ],
        [
            0.0,
            null
        ],
        [
            0.0,
            null
        ],
        [
            0.0,
            null
        ],
        [
            0.0,
            null
        ],
        [
            0.0,
            null
        ],
        [
            0.0,
            null
        ],
        [
            0.0,
            null
        ],
        [
            0.0,
            null
        ]
    ],
    "comp_est": [
        1.9465330297617033e-09,
        0.05848559985296474,
        7.000001358518347,
        44.99999919695678,
        44.99907306140655,
        45.00000363330509,
        44.999997755263145,
        45.000003099660994,
        44.99907306527305,
        45.00000537390077,
        45.00000104598058,
        45.00000247066358,
        45.000004008393965,
        45.000003629529886,
        45.00000104415646,
        44.99983227172754,
        45.0000030679664,
        45.00000260873991,
        44.99999776676245,
        45.00000247237221,
        45.000003060151,
        45.00000023105061,
        45.00000398717012,
        45.00000310142508,
        45.000004011639426,
        45.000002622630824,
        45.00000399513762,
        45.00001958337192
    ],
    "fit_time": 52469.57048511505,
    "init_guess": [
        5.848410588726615e-10,
        0.05848410588726615,
        7.0,
        45.0,
        45.0,
        45.0,
        45.0,
        45.0,
        45.0,
        45.0,
        45.0,
        45.0,
        45.0,
        45.0,
        45.0,
        45.0,
        45.0,
        45.0,
        45.0,
        45.0,
        45.0,
        45.0,
        45.0,
        45.0,
        45.0,
        45.0,
        45.0,
        45.0
    ],
    "model": "Competition Model",
    "model_params": [
        "C_0",
        "N_0",
        "kn",
        "rs"
    ],
    "model_species": [
        "C",
        "N"
    ],
    "obj_fun": 0.6696093649223183,
    "zone_cols": 5,
    "zone_coords": [
        7,
        13
    ],
    "zone_rows": 5
}