{
    "argv": 150,
    "bounds": [
        [
            6.437222058477453e-12,
            0.006437222058477453
        ],
        [
            0.06437222058477453,
            0.12874444116954906
        ],
        [
            0.0,
            11.0
        ],
        [
            0.0,
            null
        ],
        [
            0.0,
            null
        ],
        [
            0.0,
            null
        ],
        [
            0.0,
            null
        ],
        [
            0.0,
            null
        ],
        [
            0.0,
            null
        ],
        [
            0.0,
            null
        ],
        [
            0.0,
            null
        ],
        [
            0.0,
            null
        ],
        [
            0.0,
            null
        ],
        [
            0.0,
            null
        ],
        [
            0.0,
            null
        ],
        [
            0.0,
            null
        ],
        [
            0.0,
            null
        ],
        [
            0.0,
            null
        ],
        [
            0.0,
            null
        ],
        [
            0.0,
            null
        ],
        [
            0.0,
            null
        ],
        [
            0.0,
            null
        ],
        [
            0.0,
            null
        ],
        [
            0.0,
            null
        ],
        [
            0.0,
            null
        ],
        [
            0.0,
            null
        ],
        [
            0.0,
            null
        ],
        [
            0.0,
            null
        ]
    ],
    "comp_est": [
        1.8995612306569366e-05,
        0.06439026111669725,
        7.0,
        35.094349515624344,
        34.92317480315615,
        34.92209446011563,
        34.92317388481879,
        35.0943442179459,
        34.923174800625716,
        35.30756736015245,
        35.307486698290546,
        35.30760278288122,
        34.92317673240266,
        34.92209446285693,
        35.30748669934489,
        35.31609732716569,
        35.30748779797582,
        34.92207800764311,
        34.923173884397045,
        35.30760278414643,
        35.30748779713234,
        35.308004768561865,
        34.92318328728601,
        35.09434421604808,
        34.92317673008309,
        34.92207800827571,
        34.923183287496876,
        35.09435315312596
    ],
    "fit_time": 62217.99034452438,
    "init_guess": [
        6.437222058477453e-11,
        0.06437222058477453,
        7.0,
        35.0,
        35.0,
        35.0,
        35.0,
        35.0,
        35.0,
        35.0,
        35.0,
        35.0,
        35.0,
        35.0,
        35.0,
        35.0,
        35.0,
        35.0,
        35.0,
        35.0,
        35.0,
        35.0,
        35.0,
        35.0,
        35.0,
        35.0,
        35.0,
        35.0
    ],
    "model": "Competition Model",
    "model_params": [
        "C_0",
        "N_0",
        "kn",
        "rs"
    ],
    "model_species": [
        "C",
        "N"
    ],
    "obj_fun": 0.6691743744210158,
    "zone_cols": 5,
    "zone_coords": [
        9,
        15
    ],
    "zone_rows": 5
}