{
    "argv": 162,
    "bounds": [
        [
            6.437222058477453e-12,
            0.006437222058477453
        ],
        [
            0.06437222058477453,
            0.12874444116954906
        ],
        [
            0.0,
            11.0
        ],
        [
            0.0,
            null
        ],
        [
            0.0,
            null
        ],
        [
            0.0,
            null
        ],
        [
            0.0,
            null
        ],
        [
            0.0,
            null
        ],
        [
            0.0,
            null
        ],
        [
            0.0,
            null
        ],
        [
            0.0,
            null
        ],
        [
            0.0,
            null
        ],
        [
            0.0,
            null
        ],
        [
            0.0,
            null
        ],
        [
            0.0,
            null
        ],
        [
            0.0,
            null
        ],
        [
            0.0,
            null
        ],
        [
            0.0,
            null
        ],
        [
            0.0,
            null
        ],
        [
            0.0,
            null
        ],
        [
            0.0,
            null
        ],
        [
            0.0,
            null
        ],
        [
            0.0,
            null
        ],
        [
            0.0,
            null
        ],
        [
            0.0,
            null
        ],
        [
            0.0,
            null
        ],
        [
            0.0,
            null
        ],
        [
            0.0,
            null
        ]
    ],
    "comp_est": [
        4.3574685618485186e-07,
        0.06438430904537921,
        7.999963831429366,
        39.9980833625429,
        40.0020274515661,
        40.00090889803277,
        40.0021566124741,
        39.99784071733859,
        40.002200326158395,
        40.01759651961666,
        40.01790937266586,
        40.017453623050535,
        39.98795428825508,
        40.00063591268521,
        40.0179575816242,
        40.01849493369369,
        40.01787261107955,
        40.00096148564062,
        40.00194211220375,
        40.01765080033963,
        40.017820656735125,
        40.01788609219158,
        40.00224854892072,
        39.99775244866681,
        39.98790876818566,
        40.00075337858288,
        40.002116128140145,
        39.99799947378527
    ],
    "fit_time": 71436.76130533218,
    "init_guess": [
        6.437222058477453e-11,
        0.06437222058477453,
        8.0,
        40.0,
        40.0,
        40.0,
        40.0,
        40.0,
        40.0,
        40.0,
        40.0,
        40.0,
        40.0,
        40.0,
        40.0,
        40.0,
        40.0,
        40.0,
        40.0,
        40.0,
        40.0,
        40.0,
        40.0,
        40.0,
        40.0,
        40.0,
        40.0,
        40.0
    ],
    "model": "Competition Model",
    "model_params": [
        "C_0",
        "N_0",
        "kn",
        "rs"
    ],
    "model_species": [
        "C",
        "N"
    ],
    "obj_fun": 0.7918851545183946,
    "zone_cols": 5,
    "zone_coords": [
        9,
        15
    ],
    "zone_rows": 5
}