{
    "argv": 909,
    "bounds": [
        [
            5.848410588726615e-12,
            0.005848410588726615
        ],
        [
            0.05848410588726615,
            0.1169682117745323
        ],
        [
            0.0,
            11.0
        ],
        [
            0.0,
            null
        ],
        [
            0.0,
            null
        ],
        [
            0.0,
            null
        ],
        [
            0.0,
            null
        ],
        [
            0.0,
            null
        ],
        [
            0.0,
            null
        ],
        [
            0.0,
            null
        ],
        [
            0.0,
            null
        ],
        [
            0.0,
            null
        ],
        [
            0.0,
            null
        ],
        [
            0.0,
            null
        ],
        [
            0.0,
            null
        ],
        [
            0.0,
            null
        ],
        [
            0.0,
            null
        ],
        [
            0.0,
            null
        ],
        [
            0.0,
            null
        ],
        [
            0.0,
            null
        ],
        [
            0.0,
            null
        ],
        [
            0.0,
            null
        ],
        [
            0.0,
            null
        ],
        [
            0.0,
            null
        ],
        [
            0.0,
            null
        ],
        [
            0.0,
            null
        ],
        [
            0.0,
            null
        ],
        [
            0.0,
            null
        ]
    ],
    "comp_est": [
        5.84841078698536e-05,
        0.05848412589051822,
        7.000000000000104,
        49.99999986562335,
        49.99999985106896,
        49.99999985534714,
        49.999999881152,
        49.999999857258835,
        49.9999998509138,
        49.999999909690864,
        49.999999947561435,
        49.99999984652851,
        49.999999904621575,
        49.99999985559332,
        49.9999999470466,
        49.999999870460094,
        49.99999986969435,
        49.99999984085981,
        49.99999988093286,
        49.999999848270214,
        49.99999986857181,
        49.999999866721545,
        49.99999984542952,
        49.99999985710525,
        49.99999990426506,
        49.9999998347432,
        49.99999984532517,
        49.9999998578747
    ],
    "fit_time": 25397.855946540833,
    "init_guess": [
        5.848410588726615e-05,
        0.05848410588726615,
        7.0,
        50.0,
        50.0,
        50.0,
        50.0,
        50.0,
        50.0,
        50.0,
        50.0,
        50.0,
        50.0,
        50.0,
        50.0,
        50.0,
        50.0,
        50.0,
        50.0,
        50.0,
        50.0,
        50.0,
        50.0,
        50.0,
        50.0,
        50.0,
        50.0,
        50.0
    ],
    "model": "Competition Model",
    "model_params": [
        "C_0",
        "N_0",
        "kn",
        "rs"
    ],
    "model_species": [
        "C",
        "N"
    ],
    "obj_fun": 0.4127171581544998,
    "zone_cols": 5,
    "zone_coords": [
        7,
        13
    ],
    "zone_rows": 5
}