{
    "argv": 834,
    "bounds": [
        [
            6.437222058477453e-12,
            0.006437222058477453
        ],
        [
            0.06437222058477453,
            0.12874444116954906
        ],
        [
            0.0,
            11.0
        ],
        [
            0.0,
            null
        ],
        [
            0.0,
            null
        ],
        [
            0.0,
            null
        ],
        [
            0.0,
            null
        ],
        [
            0.0,
            null
        ],
        [
            0.0,
            null
        ],
        [
            0.0,
            null
        ],
        [
            0.0,
            null
        ],
        [
            0.0,
            null
        ],
        [
            0.0,
            null
        ],
        [
            0.0,
            null
        ],
        [
            0.0,
            null
        ],
        [
            0.0,
            null
        ],
        [
            0.0,
            null
        ],
        [
            0.0,
            null
        ],
        [
            0.0,
            null
        ],
        [
            0.0,
            null
        ],
        [
            0.0,
            null
        ],
        [
            0.0,
            null
        ],
        [
            0.0,
            null
        ],
        [
            0.0,
            null
        ],
        [
            0.0,
            null
        ],
        [
            0.0,
            null
        ],
        [
            0.0,
            null
        ],
        [
            0.0,
            null
        ]
    ],
    "comp_est": [
        6.4372291496524124e-06,
        0.06437228881446293,
        9.000000000000018,
        70.00000006607841,
        70.00000048875674,
        70.00000039872798,
        70.00000048878542,
        70.00000022149896,
        70.00000048873167,
        70.00000033110713,
        70.00000023277741,
        70.00000034376816,
        70.00000048737824,
        70.00000039875002,
        70.0000002326349,
        69.99999999081373,
        70.00000024161788,
        70.00000043268113,
        70.00000048877227,
        70.00000034379401,
        70.00000024161075,
        70.00000018270113,
        70.0000004914554,
        70.0000002214947,
        70.0000004872965,
        70.00000043267922,
        70.00000049144573,
        70.00000022164919
    ],
    "fit_time": 48552.610624313354,
    "init_guess": [
        6.437222058477453e-06,
        0.06437222058477453,
        9.0,
        70.0,
        70.0,
        70.0,
        70.0,
        70.0,
        70.0,
        70.0,
        70.0,
        70.0,
        70.0,
        70.0,
        70.0,
        70.0,
        70.0,
        70.0,
        70.0,
        70.0,
        70.0,
        70.0,
        70.0,
        70.0,
        70.0,
        70.0,
        70.0,
        70.0
    ],
    "model": "Competition Model",
    "model_params": [
        "C_0",
        "N_0",
        "kn",
        "rs"
    ],
    "model_species": [
        "C",
        "N"
    ],
    "obj_fun": 0.5780488932238498,
    "zone_cols": 5,
    "zone_coords": [
        9,
        15
    ],
    "zone_rows": 5
}