{
    "argv": 852,
    "bounds": [
        [
            6.437222058477453e-12,
            0.006437222058477453
        ],
        [
            0.06437222058477453,
            0.12874444116954906
        ],
        [
            0.0,
            11.0
        ],
        [
            0.0,
            null
        ],
        [
            0.0,
            null
        ],
        [
            0.0,
            null
        ],
        [
            0.0,
            null
        ],
        [
            0.0,
            null
        ],
        [
            0.0,
            null
        ],
        [
            0.0,
            null
        ],
        [
            0.0,
            null
        ],
        [
            0.0,
            null
        ],
        [
            0.0,
            null
        ],
        [
            0.0,
            null
        ],
        [
            0.0,
            null
        ],
        [
            0.0,
            null
        ],
        [
            0.0,
            null
        ],
        [
            0.0,
            null
        ],
        [
            0.0,
            null
        ],
        [
            0.0,
            null
        ],
        [
            0.0,
            null
        ],
        [
            0.0,
            null
        ],
        [
            0.0,
            null
        ],
        [
            0.0,
            null
        ],
        [
            0.0,
            null
        ],
        [
            0.0,
            null
        ],
        [
            0.0,
            null
        ],
        [
            0.0,
            null
        ]
    ],
    "comp_est": [
        6.437222325629983e-05,
        0.06437223495122402,
        4.999999999999919,
        24.999999654993058,
        25.00000028242855,
        25.00000018240165,
        24.999999654268482,
        24.99999964963545,
        25.000000282516908,
        25.000000531924954,
        24.99999989523087,
        25.000000745501005,
        24.999999814129897,
        25.000000182448044,
        24.999999895165292,
        24.999999675254998,
        24.999999773192183,
        25.000000191598488,
        24.999999654463707,
        25.000000746298458,
        24.999999770126664,
        25.000000481667126,
        25.00000027630142,
        24.999999649651578,
        24.99999981418288,
        25.00000019160264,
        25.0000002763319,
        24.999999758384213
    ],
    "fit_time": 44054.22256708145,
    "init_guess": [
        6.437222058477453e-05,
        0.06437222058477453,
        5.0,
        25.0,
        25.0,
        25.0,
        25.0,
        25.0,
        25.0,
        25.0,
        25.0,
        25.0,
        25.0,
        25.0,
        25.0,
        25.0,
        25.0,
        25.0,
        25.0,
        25.0,
        25.0,
        25.0,
        25.0,
        25.0,
        25.0,
        25.0,
        25.0,
        25.0
    ],
    "model": "Competition Model",
    "model_params": [
        "C_0",
        "N_0",
        "kn",
        "rs"
    ],
    "model_species": [
        "C",
        "N"
    ],
    "obj_fun": 0.7316024213833113,
    "zone_cols": 5,
    "zone_coords": [
        9,
        15
    ],
    "zone_rows": 5
}