{
    "argv": 1179,
    "bounds": [
        [
            6.437222058477453e-12,
            0.006437222058477453
        ],
        [
            0.06437222058477453,
            0.12874444116954906
        ],
        [
            0.0,
            11.0
        ],
        [
            0.0,
            null
        ],
        [
            0.0,
            null
        ],
        [
            0.0,
            null
        ],
        [
            0.0,
            null
        ],
        [
            0.0,
            null
        ],
        [
            0.0,
            null
        ],
        [
            0.0,
            null
        ],
        [
            0.0,
            null
        ],
        [
            0.0,
            null
        ],
        [
            0.0,
            null
        ],
        [
            0.0,
            null
        ],
        [
            0.0,
            null
        ],
        [
            0.0,
            null
        ],
        [
            0.0,
            null
        ],
        [
            0.0,
            null
        ],
        [
            0.0,
            null
        ],
        [
            0.0,
            null
        ],
        [
            0.0,
            null
        ],
        [
            0.0,
            null
        ],
        [
            0.0,
            null
        ],
        [
            0.0,
            null
        ],
        [
            0.0,
            null
        ],
        [
            0.0,
            null
        ],
        [
            0.0,
            null
        ],
        [
            0.0,
            null
        ]
    ],
    "comp_est": [
        2.114103637468478e-06,
        0.06798817886544886,
        1.1145395721372406,
        56.95383611672039,
        77.3433507048126,
        55.92560832534582,
        58.38890206321253,
        62.360938391767746,
        55.9518901229886,
        56.45842802316133,
        55.673569981318124,
        56.456456802481945,
        92.10803861381757,
        81.51761968437711,
        59.76723015077874,
        56.275423677191704,
        76.85695823105213,
        61.108644395062626,
        49.52371606973071,
        70.91791150500823,
        53.177002863050284,
        84.79213019872525,
        56.22035911372055,
        49.55528571497318,
        55.87850022049968,
        56.21743276975963,
        57.35967448496107,
        43.06290306639819
    ],
    "fit_time": 77624.49368166924,
    "init_guess": [
        0.006437222058477453,
        0.06437222058477453,
        2.0,
        65.0,
        65.0,
        65.0,
        65.0,
        65.0,
        65.0,
        65.0,
        65.0,
        65.0,
        65.0,
        65.0,
        65.0,
        65.0,
        65.0,
        65.0,
        65.0,
        65.0,
        65.0,
        65.0,
        65.0,
        65.0,
        65.0,
        65.0,
        65.0,
        65.0
    ],
    "model": "Competition Model",
    "model_params": [
        "C_0",
        "N_0",
        "kn",
        "rs"
    ],
    "model_species": [
        "C",
        "N"
    ],
    "obj_fun": 0.04983713058567924,
    "zone_cols": 5,
    "zone_coords": [
        9,
        15
    ],
    "zone_rows": 5
}