{
    "argv": 1203,
    "bounds": [
        [
            6.437222058477453e-12,
            0.006437222058477453
        ],
        [
            0.06437222058477453,
            0.12874444116954906
        ],
        [
            0.0,
            11.0
        ],
        [
            0.0,
            null
        ],
        [
            0.0,
            null
        ],
        [
            0.0,
            null
        ],
        [
            0.0,
            null
        ],
        [
            0.0,
            null
        ],
        [
            0.0,
            null
        ],
        [
            0.0,
            null
        ],
        [
            0.0,
            null
        ],
        [
            0.0,
            null
        ],
        [
            0.0,
            null
        ],
        [
            0.0,
            null
        ],
        [
            0.0,
            null
        ],
        [
            0.0,
            null
        ],
        [
            0.0,
            null
        ],
        [
            0.0,
            null
        ],
        [
            0.0,
            null
        ],
        [
            0.0,
            null
        ],
        [
            0.0,
            null
        ],
        [
            0.0,
            null
        ],
        [
            0.0,
            null
        ],
        [
            0.0,
            null
        ],
        [
            0.0,
            null
        ],
        [
            0.0,
            null
        ],
        [
            0.0,
            null
        ],
        [
            0.0,
            null
        ]
    ],
    "comp_est": [
        0.006437222058474893,
        0.06437222058477453,
        4.0,
        74.99999999293114,
        75.00000000075711,
        74.99999998616751,
        74.99999998560301,
        74.99999998836185,
        75.00000000074289,
        74.99999999194306,
        74.99999999530358,
        74.9999999866504,
        74.99999998885278,
        74.99999998617986,
        74.99999999530179,
        74.9999999835521,
        74.99999999524628,
        74.99999997729942,
        74.99999998560239,
        74.99999998666793,
        74.99999999523496,
        74.99999999531676,
        74.99999996892988,
        74.99999998836286,
        74.99999998883975,
        74.99999997730441,
        74.9999999689302,
        74.99999998731856
    ],
    "fit_time": 49773.05882358551,
    "init_guess": [
        0.006437222058477453,
        0.06437222058477453,
        4.0,
        75.0,
        75.0,
        75.0,
        75.0,
        75.0,
        75.0,
        75.0,
        75.0,
        75.0,
        75.0,
        75.0,
        75.0,
        75.0,
        75.0,
        75.0,
        75.0,
        75.0,
        75.0,
        75.0,
        75.0,
        75.0,
        75.0,
        75.0,
        75.0,
        75.0
    ],
    "model": "Competition Model",
    "model_params": [
        "C_0",
        "N_0",
        "kn",
        "rs"
    ],
    "model_species": [
        "C",
        "N"
    ],
    "obj_fun": 0.9080368398556766,
    "zone_cols": 5,
    "zone_coords": [
        9,
        15
    ],
    "zone_rows": 5
}