{
    "argv": 584,
    "bounds": [
        [
            5.848410588726615e-12,
            0.005848410588726615
        ],
        [
            0.05848410588726615,
            0.1169682117745323
        ],
        [
            0.0,
            11.0
        ],
        [
            0.0,
            null
        ],
        [
            0.0,
            null
        ],
        [
            0.0,
            null
        ],
        [
            0.0,
            null
        ],
        [
            0.0,
            null
        ],
        [
            0.0,
            null
        ],
        [
            0.0,
            null
        ],
        [
            0.0,
            null
        ],
        [
            0.0,
            null
        ],
        [
            0.0,
            null
        ],
        [
            0.0,
            null
        ],
        [
            0.0,
            null
        ],
        [
            0.0,
            null
        ],
        [
            0.0,
            null
        ],
        [
            0.0,
            null
        ],
        [
            0.0,
            null
        ],
        [
            0.0,
            null
        ],
        [
            0.0,
            null
        ],
        [
            0.0,
            null
        ],
        [
            0.0,
            null
        ],
        [
            0.0,
            null
        ],
        [
            0.0,
            null
        ],
        [
            0.0,
            null
        ],
        [
            0.0,
            null
        ],
        [
            0.0,
            null
        ]
    ],
    "comp_est": [
        2.6002861179956985e-06,
        0.05848410588726615,
        10.999999999705299,
        70.56218274951154,
        69.03060188391743,
        70.31088499537334,
        69.44508647933665,
        66.38970038080919,
        66.80396168775444,
        67.45002090293407,
        68.2359735968976,
        67.29161606393713,
        80.56156426729075,
        70.44635148091241,
        69.92169358820374,
        67.29526539716313,
        79.14737466394446,
        65.08033699960228,
        70.03746650467885,
        69.33934776276853,
        65.8673534814381,
        66.84006613427417,
        68.11201653868997,
        67.3355984984491,
        68.36673172351281,
        80.83462892324792,
        67.28507170933139,
        67.77568548821904
    ],
    "fit_time": 18389.44298195839,
    "init_guess": [
        5.8484105887266145e-08,
        0.05848410588726615,
        1.0,
        70.0,
        70.0,
        70.0,
        70.0,
        70.0,
        70.0,
        70.0,
        70.0,
        70.0,
        70.0,
        70.0,
        70.0,
        70.0,
        70.0,
        70.0,
        70.0,
        70.0,
        70.0,
        70.0,
        70.0,
        70.0,
        70.0,
        70.0,
        70.0,
        70.0
    ],
    "model": "Competition Model",
    "model_params": [
        "C_0",
        "N_0",
        "kn",
        "rs"
    ],
    "model_species": [
        "C",
        "N"
    ],
    "obj_fun": 0.12869662302622095,
    "zone_cols": 5,
    "zone_coords": [
        7,
        13
    ],
    "zone_rows": 5
}