{
    "argv": 215,
    "bounds": [
        [
            5.848410588726615e-12,
            0.005848410588726615
        ],
        [
            0.05848410588726615,
            0.1169682117745323
        ],
        [
            0.0,
            11.0
        ],
        [
            0.0,
            null
        ],
        [
            0.0,
            null
        ],
        [
            0.0,
            null
        ],
        [
            0.0,
            null
        ],
        [
            0.0,
            null
        ],
        [
            0.0,
            null
        ],
        [
            0.0,
            null
        ],
        [
            0.0,
            null
        ],
        [
            0.0,
            null
        ],
        [
            0.0,
            null
        ],
        [
            0.0,
            null
        ],
        [
            0.0,
            null
        ],
        [
            0.0,
            null
        ],
        [
            0.0,
            null
        ],
        [
            0.0,
            null
        ],
        [
            0.0,
            null
        ],
        [
            0.0,
            null
        ],
        [
            0.0,
            null
        ],
        [
            0.0,
            null
        ],
        [
            0.0,
            null
        ],
        [
            0.0,
            null
        ],
        [
            0.0,
            null
        ],
        [
            0.0,
            null
        ],
        [
            0.0,
            null
        ],
        [
            0.0,
            null
        ]
    ],
    "comp_est": [
        9.968737080466567e-09,
        0.05855058187057021,
        6.0000000389609625,
        64.9999709549414,
        65.00118651763083,
        65.00115734146988,
        65.00118678202591,
        64.99997089808934,
        65.001186517606,
        64.99997115806906,
        64.9999710855623,
        64.99997104206008,
        65.0011856093869,
        65.00115734144897,
        64.99997109041202,
        64.99997105195105,
        64.99997113374992,
        65.00115738442216,
        65.00118678190353,
        64.99997104207418,
        64.99997113368494,
        64.99997102342591,
        65.00118637010992,
        64.99997089810462,
        65.00118560930615,
        65.00115738450069,
        65.00118637011941,
        64.99997090369138
    ],
    "fit_time": 42830.9344086647,
    "init_guess": [
        5.848410588726616e-11,
        0.05848410588726615,
        6.0,
        65.0,
        65.0,
        65.0,
        65.0,
        65.0,
        65.0,
        65.0,
        65.0,
        65.0,
        65.0,
        65.0,
        65.0,
        65.0,
        65.0,
        65.0,
        65.0,
        65.0,
        65.0,
        65.0,
        65.0,
        65.0,
        65.0,
        65.0,
        65.0,
        65.0
    ],
    "model": "Competition Model",
    "model_params": [
        "C_0",
        "N_0",
        "kn",
        "rs"
    ],
    "model_species": [
        "C",
        "N"
    ],
    "obj_fun": 0.5948391356740376,
    "zone_cols": 5,
    "zone_coords": [
        7,
        13
    ],
    "zone_rows": 5
}