{
    "argv": 143,
    "bounds": [
        [
            6.437222058477453e-12,
            0.006437222058477453
        ],
        [
            0.06437222058477453,
            0.12874444116954906
        ],
        [
            0.0,
            11.0
        ],
        [
            0.0,
            null
        ],
        [
            0.0,
            null
        ],
        [
            0.0,
            null
        ],
        [
            0.0,
            null
        ],
        [
            0.0,
            null
        ],
        [
            0.0,
            null
        ],
        [
            0.0,
            null
        ],
        [
            0.0,
            null
        ],
        [
            0.0,
            null
        ],
        [
            0.0,
            null
        ],
        [
            0.0,
            null
        ],
        [
            0.0,
            null
        ],
        [
            0.0,
            null
        ],
        [
            0.0,
            null
        ],
        [
            0.0,
            null
        ],
        [
            0.0,
            null
        ],
        [
            0.0,
            null
        ],
        [
            0.0,
            null
        ],
        [
            0.0,
            null
        ],
        [
            0.0,
            null
        ],
        [
            0.0,
            null
        ],
        [
            0.0,
            null
        ],
        [
            0.0,
            null
        ],
        [
            0.0,
            null
        ],
        [
            0.0,
            null
        ]
    ],
    "comp_est": [
        1.5284366967629218e-05,
        0.06871745920981116,
        1.357297453465404,
        45.488665644125525,
        62.14423628512029,
        44.936390587836165,
        47.49069445293355,
        50.46042140893041,
        44.328925420582756,
        45.03394167534008,
        44.8151709844441,
        43.831186759190295,
        72.74361584783536,
        64.1227058370846,
        47.667975237143466,
        44.8363797367888,
        61.13031393142503,
        47.930694041069174,
        35.25135109670616,
        56.95847246884438,
        41.2152409720577,
        67.29798769400078,
        44.55456463881392,
        39.449521137386874,
        44.79440321731088,
        45.359786641955196,
        46.194874938997216,
        33.28701662566605
    ],
    "fit_time": 83765.83219504356,
    "init_guess": [
        6.437222058477453e-11,
        0.06437222058477453,
        0.0,
        35.0,
        35.0,
        35.0,
        35.0,
        35.0,
        35.0,
        35.0,
        35.0,
        35.0,
        35.0,
        35.0,
        35.0,
        35.0,
        35.0,
        35.0,
        35.0,
        35.0,
        35.0,
        35.0,
        35.0,
        35.0,
        35.0,
        35.0,
        35.0,
        35.0
    ],
    "model": "Competition Model",
    "model_params": [
        "C_0",
        "N_0",
        "kn",
        "rs"
    ],
    "model_species": [
        "C",
        "N"
    ],
    "obj_fun": 0.05140021988326745,
    "zone_cols": 5,
    "zone_coords": [
        9,
        15
    ],
    "zone_rows": 5
}