{
    "argv": 27,
    "bounds": [
        [
            6.437222058477453e-12,
            0.006437222058477453
        ],
        [
            0.06437222058477453,
            0.12874444116954906
        ],
        [
            0.0,
            11.0
        ],
        [
            0.0,
            null
        ],
        [
            0.0,
            null
        ],
        [
            0.0,
            null
        ],
        [
            0.0,
            null
        ],
        [
            0.0,
            null
        ],
        [
            0.0,
            null
        ],
        [
            0.0,
            null
        ],
        [
            0.0,
            null
        ],
        [
            0.0,
            null
        ],
        [
            0.0,
            null
        ],
        [
            0.0,
            null
        ],
        [
            0.0,
            null
        ],
        [
            0.0,
            null
        ],
        [
            0.0,
            null
        ],
        [
            0.0,
            null
        ],
        [
            0.0,
            null
        ],
        [
            0.0,
            null
        ],
        [
            0.0,
            null
        ],
        [
            0.0,
            null
        ],
        [
            0.0,
            null
        ],
        [
            0.0,
            null
        ],
        [
            0.0,
            null
        ],
        [
            0.0,
            null
        ],
        [
            0.0,
            null
        ],
        [
            0.0,
            null
        ]
    ],
    "comp_est": [
        9.23117985605361e-05,
        0.07387866028285847,
        5.000078369910684,
        34.98550524712347,
        35.08612133462414,
        35.093194425614,
        35.08036421259155,
        34.985605934064886,
        35.08620275370477,
        35.097853335582336,
        35.124534617714865,
        35.09798617647002,
        35.08263031192916,
        35.093434403662,
        35.12399943750646,
        35.0515892842354,
        35.124069581697384,
        35.09308429075147,
        35.08029083308748,
        35.09812675612542,
        35.124066809912726,
        35.09849769282521,
        35.07644153505711,
        34.98576592533714,
        35.082595841103355,
        35.09344247842677,
        35.076419592251064,
        34.98537365007434
    ],
    "fit_time": 16117.92323422432,
    "init_guess": [
        6.437222058477453e-12,
        0.06437222058477453,
        5.0,
        35.0,
        35.0,
        35.0,
        35.0,
        35.0,
        35.0,
        35.0,
        35.0,
        35.0,
        35.0,
        35.0,
        35.0,
        35.0,
        35.0,
        35.0,
        35.0,
        35.0,
        35.0,
        35.0,
        35.0,
        35.0,
        35.0,
        35.0,
        35.0,
        35.0
    ],
    "model": "Competition Model",
    "model_params": [
        "C_0",
        "N_0",
        "kn",
        "rs"
    ],
    "model_species": [
        "C",
        "N"
    ],
    "obj_fun": 0.5707839895693595,
    "zone_cols": 5,
    "zone_coords": [
        9,
        15
    ],
    "zone_rows": 5
}