{
    "argv": 476,
    "bounds": [
        [
            5.848410588726615e-12,
            0.005848410588726615
        ],
        [
            0.05848410588726615,
            0.1169682117745323
        ],
        [
            0.0,
            11.0
        ],
        [
            0.0,
            null
        ],
        [
            0.0,
            null
        ],
        [
            0.0,
            null
        ],
        [
            0.0,
            null
        ],
        [
            0.0,
            null
        ],
        [
            0.0,
            null
        ],
        [
            0.0,
            null
        ],
        [
            0.0,
            null
        ],
        [
            0.0,
            null
        ],
        [
            0.0,
            null
        ],
        [
            0.0,
            null
        ],
        [
            0.0,
            null
        ],
        [
            0.0,
            null
        ],
        [
            0.0,
            null
        ],
        [
            0.0,
            null
        ],
        [
            0.0,
            null
        ],
        [
            0.0,
            null
        ],
        [
            0.0,
            null
        ],
        [
            0.0,
            null
        ],
        [
            0.0,
            null
        ],
        [
            0.0,
            null
        ],
        [
            0.0,
            null
        ],
        [
            0.0,
            null
        ],
        [
            0.0,
            null
        ],
        [
            0.0,
            null
        ]
    ],
    "comp_est": [
        1.0306602644086561e-06,
        0.05848410588726615,
        3.004154516629764,
        76.17311304214132,
        73.82158808830265,
        76.07195997962174,
        74.17137186457212,
        69.92172408984632,
        70.67563002986148,
        73.26868897616836,
        72.4769118014968,
        73.2647882404339,
        90.27118413973024,
        76.3398788477695,
        75.29820221737097,
        71.38238849245974,
        89.79799633104861,
        69.10697642172944,
        75.48328871661515,
        75.83225900334153,
        69.46689830916776,
        72.10738191413144,
        72.31932472483095,
        71.50970873099685,
        72.86973835912967,
        91.64581967863113,
        71.25974681136663,
        72.12592266557138
    ],
    "fit_time": 6819.032264947891,
    "init_guess": [
        5.848410588726615e-09,
        0.05848410588726615,
        3.0,
        75.0,
        75.0,
        75.0,
        75.0,
        75.0,
        75.0,
        75.0,
        75.0,
        75.0,
        75.0,
        75.0,
        75.0,
        75.0,
        75.0,
        75.0,
        75.0,
        75.0,
        75.0,
        75.0,
        75.0,
        75.0,
        75.0,
        75.0,
        75.0,
        75.0
    ],
    "model": "Competition Model",
    "model_params": [
        "C_0",
        "N_0",
        "kn",
        "rs"
    ],
    "model_species": [
        "C",
        "N"
    ],
    "obj_fun": 0.1473040165948086,
    "zone_cols": 5,
    "zone_coords": [
        7,
        13
    ],
    "zone_rows": 5
}