{
    "argv": 407,
    "bounds": [
        [
            6.437222058477453e-12,
            0.006437222058477453
        ],
        [
            0.06437222058477453,
            0.12874444116954906
        ],
        [
            0.0,
            11.0
        ],
        [
            0.0,
            null
        ],
        [
            0.0,
            null
        ],
        [
            0.0,
            null
        ],
        [
            0.0,
            null
        ],
        [
            0.0,
            null
        ],
        [
            0.0,
            null
        ],
        [
            0.0,
            null
        ],
        [
            0.0,
            null
        ],
        [
            0.0,
            null
        ],
        [
            0.0,
            null
        ],
        [
            0.0,
            null
        ],
        [
            0.0,
            null
        ],
        [
            0.0,
            null
        ],
        [
            0.0,
            null
        ],
        [
            0.0,
            null
        ],
        [
            0.0,
            null
        ],
        [
            0.0,
            null
        ],
        [
            0.0,
            null
        ],
        [
            0.0,
            null
        ],
        [
            0.0,
            null
        ],
        [
            0.0,
            null
        ],
        [
            0.0,
            null
        ],
        [
            0.0,
            null
        ],
        [
            0.0,
            null
        ],
        [
            0.0,
            null
        ]
    ],
    "comp_est": [
        4.01849122532916e-05,
        0.06766716714928056,
        2.0887320781189858,
        41.65678122588822,
        55.5412054458235,
        41.7742587567185,
        42.93801079651519,
        42.49853043834901,
        40.71423637382116,
        41.16864085957876,
        41.57833746919125,
        39.17200838638986,
        59.669484932026386,
        57.41389503833785,
        41.94098508950826,
        40.75076548962185,
        52.88051701671745,
        40.81171980591001,
        35.88553709749565,
        53.652219157995795,
        37.31273438272584,
        59.51031973762008,
        40.62175883766105,
        39.458212649873566,
        41.93110034110415,
        42.31814743279209,
        41.984495103006864,
        35.298236204074264
    ],
    "fit_time": 31681.03658080101,
    "init_guess": [
        6.437222058477453e-09,
        0.06437222058477453,
        0.0,
        45.0,
        45.0,
        45.0,
        45.0,
        45.0,
        45.0,
        45.0,
        45.0,
        45.0,
        45.0,
        45.0,
        45.0,
        45.0,
        45.0,
        45.0,
        45.0,
        45.0,
        45.0,
        45.0,
        45.0,
        45.0,
        45.0,
        45.0,
        45.0,
        45.0
    ],
    "model": "Competition Model",
    "model_params": [
        "C_0",
        "N_0",
        "kn",
        "rs"
    ],
    "model_species": [
        "C",
        "N"
    ],
    "obj_fun": 0.08518078071364914,
    "zone_cols": 5,
    "zone_coords": [
        9,
        15
    ],
    "zone_rows": 5
}