{
    "argv": 1042,
    "bounds": [
        [
            6.437222058477453e-12,
            0.006437222058477453
        ],
        [
            0.06437222058477453,
            0.12874444116954906
        ],
        [
            0.0,
            11.0
        ],
        [
            0.0,
            null
        ],
        [
            0.0,
            null
        ],
        [
            0.0,
            null
        ],
        [
            0.0,
            null
        ],
        [
            0.0,
            null
        ],
        [
            0.0,
            null
        ],
        [
            0.0,
            null
        ],
        [
            0.0,
            null
        ],
        [
            0.0,
            null
        ],
        [
            0.0,
            null
        ],
        [
            0.0,
            null
        ],
        [
            0.0,
            null
        ],
        [
            0.0,
            null
        ],
        [
            0.0,
            null
        ],
        [
            0.0,
            null
        ],
        [
            0.0,
            null
        ],
        [
            0.0,
            null
        ],
        [
            0.0,
            null
        ],
        [
            0.0,
            null
        ],
        [
            0.0,
            null
        ],
        [
            0.0,
            null
        ],
        [
            0.0,
            null
        ],
        [
            0.0,
            null
        ],
        [
            0.0,
            null
        ],
        [
            0.0,
            null
        ]
    ],
    "comp_est": [
        0.0006437222068757118,
        0.06437222058477453,
        8.00000000001757,
        55.00000002522228,
        54.99999997179891,
        55.00000006106751,
        55.0000000306988,
        55.00000005382776,
        54.99999997171414,
        55.00000010034546,
        54.999999975977474,
        54.99999997047085,
        55.00000004067796,
        55.00000005778972,
        54.99999997554514,
        55.00000001622256,
        54.99999997739143,
        55.00000006143392,
        55.00000003339099,
        54.999999970578905,
        54.999999981110236,
        54.999999988816064,
        54.99999997825494,
        55.000000054034395,
        55.000000034094654,
        55.00000006177406,
        54.99999998266063,
        55.00000001931134
    ],
    "fit_time": 26792.893988370895,
    "init_guess": [
        0.0006437222058477453,
        0.06437222058477453,
        8.0,
        55.0,
        55.0,
        55.0,
        55.0,
        55.0,
        55.0,
        55.0,
        55.0,
        55.0,
        55.0,
        55.0,
        55.0,
        55.0,
        55.0,
        55.0,
        55.0,
        55.0,
        55.0,
        55.0,
        55.0,
        55.0,
        55.0,
        55.0,
        55.0,
        55.0
    ],
    "model": "Competition Model",
    "model_params": [
        "C_0",
        "N_0",
        "kn",
        "rs"
    ],
    "model_species": [
        "C",
        "N"
    ],
    "obj_fun": 0.6737659340404614,
    "zone_cols": 5,
    "zone_coords": [
        9,
        15
    ],
    "zone_rows": 5
}