{
    "argv": 68,
    "bounds": [
        [
            6.437222058477453e-12,
            0.006437222058477453
        ],
        [
            0.06437222058477453,
            0.12874444116954906
        ],
        [
            0.0,
            11.0
        ],
        [
            0.0,
            null
        ],
        [
            0.0,
            null
        ],
        [
            0.0,
            null
        ],
        [
            0.0,
            null
        ],
        [
            0.0,
            null
        ],
        [
            0.0,
            null
        ],
        [
            0.0,
            null
        ],
        [
            0.0,
            null
        ],
        [
            0.0,
            null
        ],
        [
            0.0,
            null
        ],
        [
            0.0,
            null
        ],
        [
            0.0,
            null
        ],
        [
            0.0,
            null
        ],
        [
            0.0,
            null
        ],
        [
            0.0,
            null
        ],
        [
            0.0,
            null
        ],
        [
            0.0,
            null
        ],
        [
            0.0,
            null
        ],
        [
            0.0,
            null
        ],
        [
            0.0,
            null
        ],
        [
            0.0,
            null
        ],
        [
            0.0,
            null
        ],
        [
            0.0,
            null
        ],
        [
            0.0,
            null
        ],
        [
            0.0,
            null
        ]
    ],
    "comp_est": [
        1.1515639182253467e-05,
        0.06555054945945643,
        2.113158550188618,
        51.51340715556767,
        66.49640319884395,
        51.042522496435986,
        52.42537996938434,
        52.9318036088989,
        50.37853410074765,
        51.03692576502714,
        50.78720805202512,
        47.89753069447034,
        74.70072588217567,
        69.09218563002189,
        53.00531856330574,
        50.62869515326758,
        66.37939960801526,
        49.80401261652534,
        46.8820395022623,
        64.00191845968742,
        47.54008529840823,
        72.16669383011094,
        50.85609460611481,
        48.70803710258587,
        53.35334471539285,
        52.922420157422835,
        53.766343067801266,
        45.34636809041112
    ],
    "fit_time": 32254.376680612564,
    "init_guess": [
        6.437222058477453e-12,
        0.06437222058477453,
        2.0,
        55.0,
        55.0,
        55.0,
        55.0,
        55.0,
        55.0,
        55.0,
        55.0,
        55.0,
        55.0,
        55.0,
        55.0,
        55.0,
        55.0,
        55.0,
        55.0,
        55.0,
        55.0,
        55.0,
        55.0,
        55.0,
        55.0,
        55.0,
        55.0,
        55.0
    ],
    "model": "Competition Model",
    "model_params": [
        "C_0",
        "N_0",
        "kn",
        "rs"
    ],
    "model_species": [
        "C",
        "N"
    ],
    "obj_fun": 0.07410119698972319,
    "zone_cols": 5,
    "zone_coords": [
        9,
        15
    ],
    "zone_rows": 5
}