{
    "argv": 563,
    "bounds": [
        [
            5.848410588726615e-12,
            0.005848410588726615
        ],
        [
            0.05848410588726615,
            0.1169682117745323
        ],
        [
            0.0,
            11.0
        ],
        [
            0.0,
            null
        ],
        [
            0.0,
            null
        ],
        [
            0.0,
            null
        ],
        [
            0.0,
            null
        ],
        [
            0.0,
            null
        ],
        [
            0.0,
            null
        ],
        [
            0.0,
            null
        ],
        [
            0.0,
            null
        ],
        [
            0.0,
            null
        ],
        [
            0.0,
            null
        ],
        [
            0.0,
            null
        ],
        [
            0.0,
            null
        ],
        [
            0.0,
            null
        ],
        [
            0.0,
            null
        ],
        [
            0.0,
            null
        ],
        [
            0.0,
            null
        ],
        [
            0.0,
            null
        ],
        [
            0.0,
            null
        ],
        [
            0.0,
            null
        ],
        [
            0.0,
            null
        ],
        [
            0.0,
            null
        ],
        [
            0.0,
            null
        ],
        [
            0.0,
            null
        ],
        [
            0.0,
            null
        ],
        [
            0.0,
            null
        ]
    ],
    "comp_est": [
        9.645705775786938e-06,
        0.05848410592254615,
        2.099281501257719,
        61.01573392695203,
        58.63552911739601,
        60.727837975394735,
        59.10650116485896,
        54.5553918384629,
        55.49034618139245,
        56.423392763053144,
        57.54130596989536,
        56.3700896900598,
        75.38247370570498,
        61.07245751497804,
        60.315239203222845,
        55.9685920803395,
        74.81073160635216,
        53.28038379579839,
        60.28426444034522,
        59.34643679121428,
        53.978321524141066,
        55.149791075992894,
        57.33153566601657,
        56.463607190914765,
        57.09132352064524,
        76.80897767310722,
        55.8925624658377,
        56.54366975779577
    ],
    "fit_time": 4630.832659006119,
    "init_guess": [
        5.8484105887266145e-08,
        0.05848410588726615,
        2.0,
        60.0,
        60.0,
        60.0,
        60.0,
        60.0,
        60.0,
        60.0,
        60.0,
        60.0,
        60.0,
        60.0,
        60.0,
        60.0,
        60.0,
        60.0,
        60.0,
        60.0,
        60.0,
        60.0,
        60.0,
        60.0,
        60.0,
        60.0,
        60.0,
        60.0
    ],
    "model": "Competition Model",
    "model_params": [
        "C_0",
        "N_0",
        "kn",
        "rs"
    ],
    "model_species": [
        "C",
        "N"
    ],
    "obj_fun": 0.1407788518879214,
    "zone_cols": 5,
    "zone_coords": [
        7,
        13
    ],
    "zone_rows": 5
}