{
    "argv": 50,
    "bounds": [
        [
            5.848410588726615e-12,
            0.005848410588726615
        ],
        [
            0.05848410588726615,
            0.1169682117745323
        ],
        [
            0.0,
            11.0
        ],
        [
            0.0,
            null
        ],
        [
            0.0,
            null
        ],
        [
            0.0,
            null
        ],
        [
            0.0,
            null
        ],
        [
            0.0,
            null
        ],
        [
            0.0,
            null
        ],
        [
            0.0,
            null
        ],
        [
            0.0,
            null
        ],
        [
            0.0,
            null
        ],
        [
            0.0,
            null
        ],
        [
            0.0,
            null
        ],
        [
            0.0,
            null
        ],
        [
            0.0,
            null
        ],
        [
            0.0,
            null
        ],
        [
            0.0,
            null
        ],
        [
            0.0,
            null
        ],
        [
            0.0,
            null
        ],
        [
            0.0,
            null
        ],
        [
            0.0,
            null
        ],
        [
            0.0,
            null
        ],
        [
            0.0,
            null
        ],
        [
            0.0,
            null
        ],
        [
            0.0,
            null
        ],
        [
            0.0,
            null
        ],
        [
            0.0,
            null
        ]
    ],
    "comp_est": [
        9.009053227085073e-05,
        0.06026488002061114,
        6.000000005011137,
        45.03407451326244,
        44.884468642306324,
        45.097439438298935,
        44.88732290507067,
        45.03406646157054,
        44.884465208025276,
        45.088541656411785,
        45.044729998948,
        45.08854436085152,
        44.884535295517324,
        45.09743953707991,
        45.04473264684789,
        44.97281929863999,
        45.044773644213585,
        45.09742962468141,
        44.887323665483635,
        45.08854537184105,
        45.044753235807086,
        45.088540290090684,
        44.88396831989825,
        45.03406663827426,
        44.884517658294136,
        45.09745196201055,
        44.88396825343081,
        45.034066747968424
    ],
    "fit_time": 5114.495614290237,
    "init_guess": [
        5.848410588726615e-12,
        0.05848410588726615,
        6.0,
        45.0,
        45.0,
        45.0,
        45.0,
        45.0,
        45.0,
        45.0,
        45.0,
        45.0,
        45.0,
        45.0,
        45.0,
        45.0,
        45.0,
        45.0,
        45.0,
        45.0,
        45.0,
        45.0,
        45.0,
        45.0,
        45.0,
        45.0,
        45.0,
        45.0
    ],
    "model": "Competition Model",
    "model_params": [
        "C_0",
        "N_0",
        "kn",
        "rs"
    ],
    "model_species": [
        "C",
        "N"
    ],
    "obj_fun": 0.41213456401094933,
    "zone_cols": 5,
    "zone_coords": [
        7,
        13
    ],
    "zone_rows": 5
}