{
    "argv": 325,
    "bounds": [
        [
            6.437222058477453e-12,
            0.006437222058477453
        ],
        [
            0.06437222058477453,
            0.12874444116954906
        ],
        [
            0.0,
            11.0
        ],
        [
            0.0,
            null
        ],
        [
            0.0,
            null
        ],
        [
            0.0,
            null
        ],
        [
            0.0,
            null
        ],
        [
            0.0,
            null
        ],
        [
            0.0,
            null
        ],
        [
            0.0,
            null
        ],
        [
            0.0,
            null
        ],
        [
            0.0,
            null
        ],
        [
            0.0,
            null
        ],
        [
            0.0,
            null
        ],
        [
            0.0,
            null
        ],
        [
            0.0,
            null
        ],
        [
            0.0,
            null
        ],
        [
            0.0,
            null
        ],
        [
            0.0,
            null
        ],
        [
            0.0,
            null
        ],
        [
            0.0,
            null
        ],
        [
            0.0,
            null
        ],
        [
            0.0,
            null
        ],
        [
            0.0,
            null
        ],
        [
            0.0,
            null
        ],
        [
            0.0,
            null
        ],
        [
            0.0,
            null
        ],
        [
            0.0,
            null
        ]
    ],
    "comp_est": [
        6.438397542824406e-10,
        0.06437222106898598,
        5.999999999999998,
        60.00000000030418,
        59.99999999829276,
        60.00000000050762,
        59.999999998243396,
        60.00000000020508,
        59.99999999829276,
        60.000000023449495,
        60.00000002332029,
        60.00000002346376,
        59.999999998467835,
        60.00000000050762,
        60.00000002332029,
        60.0000000100688,
        60.000000023328674,
        60.000000000588024,
        59.999999998243396,
        60.00000002346376,
        60.000000023328674,
        60.00000002348656,
        59.99999999879609,
        60.00000000020508,
        59.999999998467835,
        60.000000000588024,
        59.99999999879609,
        60.00000000003861
    ],
    "fit_time": 48683.70322847366,
    "init_guess": [
        6.437222058477453e-10,
        0.06437222058477453,
        6.0,
        60.0,
        60.0,
        60.0,
        60.0,
        60.0,
        60.0,
        60.0,
        60.0,
        60.0,
        60.0,
        60.0,
        60.0,
        60.0,
        60.0,
        60.0,
        60.0,
        60.0,
        60.0,
        60.0,
        60.0,
        60.0,
        60.0,
        60.0,
        60.0,
        60.0
    ],
    "model": "Competition Model",
    "model_params": [
        "C_0",
        "N_0",
        "kn",
        "rs"
    ],
    "model_species": [
        "C",
        "N"
    ],
    "obj_fun": 0.8045186267070786,
    "zone_cols": 5,
    "zone_coords": [
        9,
        15
    ],
    "zone_rows": 5
}