{
    "argv": 916,
    "bounds": [
        [
            5.848410588726615e-12,
            0.005848410588726615
        ],
        [
            0.05848410588726615,
            0.1169682117745323
        ],
        [
            0.0,
            11.0
        ],
        [
            0.0,
            null
        ],
        [
            0.0,
            null
        ],
        [
            0.0,
            null
        ],
        [
            0.0,
            null
        ],
        [
            0.0,
            null
        ],
        [
            0.0,
            null
        ],
        [
            0.0,
            null
        ],
        [
            0.0,
            null
        ],
        [
            0.0,
            null
        ],
        [
            0.0,
            null
        ],
        [
            0.0,
            null
        ],
        [
            0.0,
            null
        ],
        [
            0.0,
            null
        ],
        [
            0.0,
            null
        ],
        [
            0.0,
            null
        ],
        [
            0.0,
            null
        ],
        [
            0.0,
            null
        ],
        [
            0.0,
            null
        ],
        [
            0.0,
            null
        ],
        [
            0.0,
            null
        ],
        [
            0.0,
            null
        ],
        [
            0.0,
            null
        ],
        [
            0.0,
            null
        ],
        [
            0.0,
            null
        ],
        [
            0.0,
            null
        ]
    ],
    "comp_est": [
        1.5642826687959448e-05,
        0.05848410592423958,
        3.0031914622253195,
        55.78642015568972,
        53.952871134382505,
        55.063337312200346,
        54.3674116542673,
        51.50400840179687,
        51.592653227814935,
        52.85188909644277,
        53.6134146425478,
        52.48534386492445,
        66.33310880635277,
        55.86825744007131,
        55.31859682439683,
        53.004440493897015,
        66.23877299113667,
        50.527472313458425,
        55.63661803392316,
        54.85230852843388,
        51.687189270208385,
        51.20355057376936,
        52.322473047805566,
        52.30322983824788,
        53.42954918040414,
        66.96001237003948,
        52.23938210618073,
        52.672634931138454
    ],
    "fit_time": 11374.768756389618,
    "init_guess": [
        5.848410588726615e-05,
        0.05848410588726615,
        3.0,
        55.0,
        55.0,
        55.0,
        55.0,
        55.0,
        55.0,
        55.0,
        55.0,
        55.0,
        55.0,
        55.0,
        55.0,
        55.0,
        55.0,
        55.0,
        55.0,
        55.0,
        55.0,
        55.0,
        55.0,
        55.0,
        55.0,
        55.0,
        55.0,
        55.0
    ],
    "model": "Competition Model",
    "model_params": [
        "C_0",
        "N_0",
        "kn",
        "rs"
    ],
    "model_species": [
        "C",
        "N"
    ],
    "obj_fun": 0.15229323103554476,
    "zone_cols": 5,
    "zone_coords": [
        7,
        13
    ],
    "zone_rows": 5
}