{
    "argv": 331,
    "bounds": [
        [
            6.437222058477453e-12,
            0.006437222058477453
        ],
        [
            0.06437222058477453,
            0.12874444116954906
        ],
        [
            0.0,
            11.0
        ],
        [
            0.0,
            null
        ],
        [
            0.0,
            null
        ],
        [
            0.0,
            null
        ],
        [
            0.0,
            null
        ],
        [
            0.0,
            null
        ],
        [
            0.0,
            null
        ],
        [
            0.0,
            null
        ],
        [
            0.0,
            null
        ],
        [
            0.0,
            null
        ],
        [
            0.0,
            null
        ],
        [
            0.0,
            null
        ],
        [
            0.0,
            null
        ],
        [
            0.0,
            null
        ],
        [
            0.0,
            null
        ],
        [
            0.0,
            null
        ],
        [
            0.0,
            null
        ],
        [
            0.0,
            null
        ],
        [
            0.0,
            null
        ],
        [
            0.0,
            null
        ],
        [
            0.0,
            null
        ],
        [
            0.0,
            null
        ],
        [
            0.0,
            null
        ],
        [
            0.0,
            null
        ],
        [
            0.0,
            null
        ],
        [
            0.0,
            null
        ]
    ],
    "comp_est": [
        1.377776040784807e-06,
        0.06764455351937462,
        1.1070873979693134,
        59.718583993669185,
        80.9224911321755,
        58.563948674626204,
        61.126138720582276,
        65.35915809749952,
        59.35945043995789,
        59.471272264000774,
        58.34476674005564,
        58.07676609736015,
        96.15232848141683,
        85.83133157021476,
        62.81192715868699,
        59.278128770283494,
        80.30415272869712,
        64.15712279624483,
        53.04425194739643,
        74.36931241913733,
        56.43350574648698,
        88.68015454064434,
        58.87682356593354,
        52.180131043729176,
        58.7683093121004,
        58.849637858008315,
        60.02763692048395,
        46.43565203112314
    ],
    "fit_time": 69962.48822188377,
    "init_guess": [
        6.437222058477453e-10,
        0.06437222058477453,
        1.0,
        65.0,
        65.0,
        65.0,
        65.0,
        65.0,
        65.0,
        65.0,
        65.0,
        65.0,
        65.0,
        65.0,
        65.0,
        65.0,
        65.0,
        65.0,
        65.0,
        65.0,
        65.0,
        65.0,
        65.0,
        65.0,
        65.0,
        65.0,
        65.0,
        65.0
    ],
    "model": "Competition Model",
    "model_params": [
        "C_0",
        "N_0",
        "kn",
        "rs"
    ],
    "model_species": [
        "C",
        "N"
    ],
    "obj_fun": 0.050936316208123625,
    "zone_cols": 5,
    "zone_coords": [
        9,
        15
    ],
    "zone_rows": 5
}