{
    "argv": 805,
    "bounds": [
        [
            6.437222058477453e-12,
            0.006437222058477453
        ],
        [
            0.06437222058477453,
            0.12874444116954906
        ],
        [
            0.0,
            11.0
        ],
        [
            0.0,
            null
        ],
        [
            0.0,
            null
        ],
        [
            0.0,
            null
        ],
        [
            0.0,
            null
        ],
        [
            0.0,
            null
        ],
        [
            0.0,
            null
        ],
        [
            0.0,
            null
        ],
        [
            0.0,
            null
        ],
        [
            0.0,
            null
        ],
        [
            0.0,
            null
        ],
        [
            0.0,
            null
        ],
        [
            0.0,
            null
        ],
        [
            0.0,
            null
        ],
        [
            0.0,
            null
        ],
        [
            0.0,
            null
        ],
        [
            0.0,
            null
        ],
        [
            0.0,
            null
        ],
        [
            0.0,
            null
        ],
        [
            0.0,
            null
        ],
        [
            0.0,
            null
        ],
        [
            0.0,
            null
        ],
        [
            0.0,
            null
        ],
        [
            0.0,
            null
        ],
        [
            0.0,
            null
        ],
        [
            0.0,
            null
        ]
    ],
    "comp_est": [
        6.175577793172964e-06,
        0.06437222058477453,
        2.0145720995751977,
        55.65354996025163,
        73.64554461876999,
        55.88034464310764,
        58.150880996020106,
        55.710275718617424,
        54.64196199843833,
        55.31967496135629,
        57.14996393235298,
        52.63246476815778,
        77.8436183535373,
        75.42156140772136,
        55.23861459000157,
        55.2415299032151,
        68.50656044423403,
        53.08222236532978,
        52.682872197020444,
        71.66201575658853,
        52.675581646007856,
        79.7617589222515,
        54.974153202562285,
        56.93751883569357,
        58.19709194486934,
        58.66712987850873,
        57.15013173246527,
        54.71405161290041
    ],
    "fit_time": 17235.71148133278,
    "init_guess": [
        6.437222058477453e-06,
        0.06437222058477453,
        2.0,
        60.0,
        60.0,
        60.0,
        60.0,
        60.0,
        60.0,
        60.0,
        60.0,
        60.0,
        60.0,
        60.0,
        60.0,
        60.0,
        60.0,
        60.0,
        60.0,
        60.0,
        60.0,
        60.0,
        60.0,
        60.0,
        60.0,
        60.0,
        60.0,
        60.0
    ],
    "model": "Competition Model",
    "model_params": [
        "C_0",
        "N_0",
        "kn",
        "rs"
    ],
    "model_species": [
        "C",
        "N"
    ],
    "obj_fun": 0.12540030246458517,
    "zone_cols": 5,
    "zone_coords": [
        9,
        15
    ],
    "zone_rows": 5
}