{
    "argv": 536,
    "bounds": [
        [
            6.437222058477453e-12,
            0.006437222058477453
        ],
        [
            0.06437222058477453,
            0.12874444116954906
        ],
        [
            0.0,
            11.0
        ],
        [
            0.0,
            null
        ],
        [
            0.0,
            null
        ],
        [
            0.0,
            null
        ],
        [
            0.0,
            null
        ],
        [
            0.0,
            null
        ],
        [
            0.0,
            null
        ],
        [
            0.0,
            null
        ],
        [
            0.0,
            null
        ],
        [
            0.0,
            null
        ],
        [
            0.0,
            null
        ],
        [
            0.0,
            null
        ],
        [
            0.0,
            null
        ],
        [
            0.0,
            null
        ],
        [
            0.0,
            null
        ],
        [
            0.0,
            null
        ],
        [
            0.0,
            null
        ],
        [
            0.0,
            null
        ],
        [
            0.0,
            null
        ],
        [
            0.0,
            null
        ],
        [
            0.0,
            null
        ],
        [
            0.0,
            null
        ],
        [
            0.0,
            null
        ],
        [
            0.0,
            null
        ],
        [
            0.0,
            null
        ],
        [
            0.0,
            null
        ]
    ],
    "comp_est": [
        6.437938129090132e-08,
        0.06437222075595295,
        8.0,
        44.999999880336134,
        44.999999880336134,
        45.000008286968125,
        44.999999880336134,
        44.999999880336134,
        44.999999880336134,
        44.999999880336134,
        44.999999880336134,
        44.999999880336134,
        44.999999880336134,
        45.00000828696915,
        44.999999880336134,
        44.999999880336134,
        44.999999880336134,
        45.00000828245281,
        44.999999880336134,
        44.999999880336134,
        44.999999880336134,
        44.999999880336134,
        44.999999880336134,
        44.999999880336134,
        44.999999880336134,
        45.00000828245265,
        44.999999880336134,
        44.999999880336134
    ],
    "fit_time": 42019.175419807434,
    "init_guess": [
        6.437222058477452e-08,
        0.06437222058477453,
        8.0,
        45.0,
        45.0,
        45.0,
        45.0,
        45.0,
        45.0,
        45.0,
        45.0,
        45.0,
        45.0,
        45.0,
        45.0,
        45.0,
        45.0,
        45.0,
        45.0,
        45.0,
        45.0,
        45.0,
        45.0,
        45.0,
        45.0,
        45.0,
        45.0,
        45.0
    ],
    "model": "Competition Model",
    "model_params": [
        "C_0",
        "N_0",
        "kn",
        "rs"
    ],
    "model_species": [
        "C",
        "N"
    ],
    "obj_fun": 0.8058719297776296,
    "zone_cols": 5,
    "zone_coords": [
        9,
        15
    ],
    "zone_rows": 5
}