{
    "argv": 1047,
    "bounds": [
        [
            6.437222058477453e-12,
            0.006437222058477453
        ],
        [
            0.06437222058477453,
            0.12874444116954906
        ],
        [
            0.0,
            11.0
        ],
        [
            0.0,
            null
        ],
        [
            0.0,
            null
        ],
        [
            0.0,
            null
        ],
        [
            0.0,
            null
        ],
        [
            0.0,
            null
        ],
        [
            0.0,
            null
        ],
        [
            0.0,
            null
        ],
        [
            0.0,
            null
        ],
        [
            0.0,
            null
        ],
        [
            0.0,
            null
        ],
        [
            0.0,
            null
        ],
        [
            0.0,
            null
        ],
        [
            0.0,
            null
        ],
        [
            0.0,
            null
        ],
        [
            0.0,
            null
        ],
        [
            0.0,
            null
        ],
        [
            0.0,
            null
        ],
        [
            0.0,
            null
        ],
        [
            0.0,
            null
        ],
        [
            0.0,
            null
        ],
        [
            0.0,
            null
        ],
        [
            0.0,
            null
        ],
        [
            0.0,
            null
        ],
        [
            0.0,
            null
        ],
        [
            0.0,
            null
        ]
    ],
    "comp_est": [
        9.926173626646222e-06,
        0.06587773521356154,
        2.22531944829012,
        51.202239556455396,
        66.47519255501001,
        51.35351369078549,
        52.82174054749411,
        51.957920963378214,
        49.25119794403039,
        50.93997556442388,
        51.33448082925227,
        47.59967521285305,
        72.91216832531121,
        69.47410540103805,
        52.28894878491626,
        50.46460383850934,
        66.11052376833251,
        48.605558206112505,
        46.82187380005067,
        64.36320372016637,
        47.57482599531321,
        70.47948380891485,
        50.451393912260755,
        50.936282132993874,
        54.23221168598253,
        54.508454858789584,
        54.15923010361903,
        47.51567213749381
    ],
    "fit_time": 6080.6224892139435,
    "init_guess": [
        0.0006437222058477453,
        0.06437222058477453,
        2.0,
        60.0,
        60.0,
        60.0,
        60.0,
        60.0,
        60.0,
        60.0,
        60.0,
        60.0,
        60.0,
        60.0,
        60.0,
        60.0,
        60.0,
        60.0,
        60.0,
        60.0,
        60.0,
        60.0,
        60.0,
        60.0,
        60.0,
        60.0,
        60.0,
        60.0
    ],
    "model": "Competition Model",
    "model_params": [
        "C_0",
        "N_0",
        "kn",
        "rs"
    ],
    "model_species": [
        "C",
        "N"
    ],
    "obj_fun": 0.09109750742540329,
    "zone_cols": 5,
    "zone_coords": [
        9,
        15
    ],
    "zone_rows": 5
}