{
    "argv": 149,
    "bounds": [
        [
            6.437222058477453e-12,
            0.006437222058477453
        ],
        [
            0.06437222058477453,
            0.12874444116954906
        ],
        [
            0.0,
            11.0
        ],
        [
            0.0,
            null
        ],
        [
            0.0,
            null
        ],
        [
            0.0,
            null
        ],
        [
            0.0,
            null
        ],
        [
            0.0,
            null
        ],
        [
            0.0,
            null
        ],
        [
            0.0,
            null
        ],
        [
            0.0,
            null
        ],
        [
            0.0,
            null
        ],
        [
            0.0,
            null
        ],
        [
            0.0,
            null
        ],
        [
            0.0,
            null
        ],
        [
            0.0,
            null
        ],
        [
            0.0,
            null
        ],
        [
            0.0,
            null
        ],
        [
            0.0,
            null
        ],
        [
            0.0,
            null
        ],
        [
            0.0,
            null
        ],
        [
            0.0,
            null
        ],
        [
            0.0,
            null
        ],
        [
            0.0,
            null
        ],
        [
            0.0,
            null
        ],
        [
            0.0,
            null
        ],
        [
            0.0,
            null
        ],
        [
            0.0,
            null
        ]
    ],
    "comp_est": [
        4.554989553826166e-05,
        0.07818099609470885,
        5.999997744624321,
        34.871043330490245,
        34.966040922446524,
        34.944380633095776,
        34.965866924328225,
        34.871047144979364,
        34.965827656583066,
        34.89660605509118,
        35.454628716425084,
        34.89525285438699,
        34.96606242468956,
        34.94457075093465,
        35.454614403907115,
        35.09805079804094,
        35.454749629430005,
        34.94449242360021,
        34.96582924084345,
        34.895284644783324,
        35.4545778543987,
        34.89672936452213,
        34.965704045064605,
        34.87104320397146,
        34.96585230016459,
        34.94437751015258,
        34.96573770008686,
        34.871018502636154
    ],
    "fit_time": 59623.592975854874,
    "init_guess": [
        6.437222058477453e-11,
        0.06437222058477453,
        6.0,
        35.0,
        35.0,
        35.0,
        35.0,
        35.0,
        35.0,
        35.0,
        35.0,
        35.0,
        35.0,
        35.0,
        35.0,
        35.0,
        35.0,
        35.0,
        35.0,
        35.0,
        35.0,
        35.0,
        35.0,
        35.0,
        35.0,
        35.0,
        35.0,
        35.0
    ],
    "model": "Competition Model",
    "model_params": [
        "C_0",
        "N_0",
        "kn",
        "rs"
    ],
    "model_species": [
        "C",
        "N"
    ],
    "obj_fun": 0.5777105419472941,
    "zone_cols": 5,
    "zone_coords": [
        9,
        15
    ],
    "zone_rows": 5
}