{
    "argv": 864,
    "bounds": [
        [
            6.437222058477453e-12,
            0.006437222058477453
        ],
        [
            0.06437222058477453,
            0.12874444116954906
        ],
        [
            0.0,
            11.0
        ],
        [
            0.0,
            null
        ],
        [
            0.0,
            null
        ],
        [
            0.0,
            null
        ],
        [
            0.0,
            null
        ],
        [
            0.0,
            null
        ],
        [
            0.0,
            null
        ],
        [
            0.0,
            null
        ],
        [
            0.0,
            null
        ],
        [
            0.0,
            null
        ],
        [
            0.0,
            null
        ],
        [
            0.0,
            null
        ],
        [
            0.0,
            null
        ],
        [
            0.0,
            null
        ],
        [
            0.0,
            null
        ],
        [
            0.0,
            null
        ],
        [
            0.0,
            null
        ],
        [
            0.0,
            null
        ],
        [
            0.0,
            null
        ],
        [
            0.0,
            null
        ],
        [
            0.0,
            null
        ],
        [
            0.0,
            null
        ],
        [
            0.0,
            null
        ],
        [
            0.0,
            null
        ],
        [
            0.0,
            null
        ],
        [
            0.0,
            null
        ]
    ],
    "comp_est": [
        6.437222047298556e-05,
        0.06437222058477453,
        5.999999999999961,
        29.999998657380424,
        29.99999864801653,
        29.999998675350323,
        29.999998654423166,
        29.999998673449777,
        29.999998647971935,
        30.00000076688936,
        30.000000101907915,
        30.000000768187597,
        29.999998654557658,
        29.999998675382102,
        30.000000101882858,
        30.00000076432047,
        29.999999077063084,
        30.000001074917716,
        29.999998654415847,
        30.000000768371315,
        29.999999076894486,
        30.00000076757059,
        29.999998654340303,
        29.999998673479006,
        29.99999865454062,
        30.00000107494605,
        29.999998654369538,
        29.999998658225678
    ],
    "fit_time": 42583.385615587234,
    "init_guess": [
        6.437222058477453e-05,
        0.06437222058477453,
        6.0,
        30.0,
        30.0,
        30.0,
        30.0,
        30.0,
        30.0,
        30.0,
        30.0,
        30.0,
        30.0,
        30.0,
        30.0,
        30.0,
        30.0,
        30.0,
        30.0,
        30.0,
        30.0,
        30.0,
        30.0,
        30.0,
        30.0,
        30.0,
        30.0,
        30.0
    ],
    "model": "Competition Model",
    "model_params": [
        "C_0",
        "N_0",
        "kn",
        "rs"
    ],
    "model_species": [
        "C",
        "N"
    ],
    "obj_fun": 0.661248660790594,
    "zone_cols": 5,
    "zone_coords": [
        9,
        15
    ],
    "zone_rows": 5
}