{
    "argv": 207,
    "bounds": [
        [
            5.848410588726615e-12,
            0.005848410588726615
        ],
        [
            0.05848410588726615,
            0.1169682117745323
        ],
        [
            0.0,
            11.0
        ],
        [
            0.0,
            null
        ],
        [
            0.0,
            null
        ],
        [
            0.0,
            null
        ],
        [
            0.0,
            null
        ],
        [
            0.0,
            null
        ],
        [
            0.0,
            null
        ],
        [
            0.0,
            null
        ],
        [
            0.0,
            null
        ],
        [
            0.0,
            null
        ],
        [
            0.0,
            null
        ],
        [
            0.0,
            null
        ],
        [
            0.0,
            null
        ],
        [
            0.0,
            null
        ],
        [
            0.0,
            null
        ],
        [
            0.0,
            null
        ],
        [
            0.0,
            null
        ],
        [
            0.0,
            null
        ],
        [
            0.0,
            null
        ],
        [
            0.0,
            null
        ],
        [
            0.0,
            null
        ],
        [
            0.0,
            null
        ],
        [
            0.0,
            null
        ],
        [
            0.0,
            null
        ],
        [
            0.0,
            null
        ],
        [
            0.0,
            null
        ]
    ],
    "comp_est": [
        4.55361724477117e-09,
        0.05848461284414837,
        9.00000102487019,
        60.000009833020904,
        60.0000071013712,
        60.0000052680907,
        60.00000491893307,
        60.0000077103115,
        60.00000710147668,
        60.00000887665132,
        60.000002967570694,
        60.00001111746947,
        60.00000521820132,
        60.000005267940324,
        60.00000296769005,
        60.00001012954913,
        60.00000330538728,
        60.00000604652149,
        60.00000491896557,
        60.000011117555935,
        60.00000330505843,
        60.00000854705418,
        59.99997447239868,
        60.00000771028017,
        60.000005217879774,
        60.00000604686047,
        59.99997447239871,
        60.00000178344761
    ],
    "fit_time": 49208.13287639618,
    "init_guess": [
        5.848410588726616e-11,
        0.05848410588726615,
        9.0,
        60.0,
        60.0,
        60.0,
        60.0,
        60.0,
        60.0,
        60.0,
        60.0,
        60.0,
        60.0,
        60.0,
        60.0,
        60.0,
        60.0,
        60.0,
        60.0,
        60.0,
        60.0,
        60.0,
        60.0,
        60.0,
        60.0,
        60.0,
        60.0,
        60.0
    ],
    "model": "Competition Model",
    "model_params": [
        "C_0",
        "N_0",
        "kn",
        "rs"
    ],
    "model_species": [
        "C",
        "N"
    ],
    "obj_fun": 0.640462604798128,
    "zone_cols": 5,
    "zone_coords": [
        7,
        13
    ],
    "zone_rows": 5
}