{
    "argv": 830,
    "bounds": [
        [
            5.848410588726615e-12,
            0.005848410588726615
        ],
        [
            0.05848410588726615,
            0.1169682117745323
        ],
        [
            0.0,
            11.0
        ],
        [
            0.0,
            null
        ],
        [
            0.0,
            null
        ],
        [
            0.0,
            null
        ],
        [
            0.0,
            null
        ],
        [
            0.0,
            null
        ],
        [
            0.0,
            null
        ],
        [
            0.0,
            null
        ],
        [
            0.0,
            null
        ],
        [
            0.0,
            null
        ],
        [
            0.0,
            null
        ],
        [
            0.0,
            null
        ],
        [
            0.0,
            null
        ],
        [
            0.0,
            null
        ],
        [
            0.0,
            null
        ],
        [
            0.0,
            null
        ],
        [
            0.0,
            null
        ],
        [
            0.0,
            null
        ],
        [
            0.0,
            null
        ],
        [
            0.0,
            null
        ],
        [
            0.0,
            null
        ],
        [
            0.0,
            null
        ],
        [
            0.0,
            null
        ],
        [
            0.0,
            null
        ],
        [
            0.0,
            null
        ],
        [
            0.0,
            null
        ]
    ],
    "comp_est": [
        5.848408412190518e-06,
        0.05848410588726615,
        5.0,
        70.00000002219484,
        70.0000000301488,
        70.00000008348054,
        70.00000003005191,
        69.99999999249633,
        70.00000002537062,
        70.0000000691614,
        70.00000001821991,
        70.00000007052017,
        70.00000004045951,
        70.0000000801256,
        70.00000001858788,
        70.0000000711729,
        70.00000004450668,
        70.00000004735878,
        70.00000002133389,
        70.000000074897,
        70.00000004550907,
        70.00000001162185,
        70.0000000084888,
        69.99999998278223,
        70.00000004602289,
        70.0000000542132,
        70.0000000160927,
        70.00000002650151
    ],
    "fit_time": 5007.571149349213,
    "init_guess": [
        5.848410588726615e-06,
        0.05848410588726615,
        5.0,
        70.0,
        70.0,
        70.0,
        70.0,
        70.0,
        70.0,
        70.0,
        70.0,
        70.0,
        70.0,
        70.0,
        70.0,
        70.0,
        70.0,
        70.0,
        70.0,
        70.0,
        70.0,
        70.0,
        70.0,
        70.0,
        70.0,
        70.0,
        70.0,
        70.0
    ],
    "model": "Competition Model",
    "model_params": [
        "C_0",
        "N_0",
        "kn",
        "rs"
    ],
    "model_species": [
        "C",
        "N"
    ],
    "obj_fun": 0.41834177595412747,
    "zone_cols": 5,
    "zone_coords": [
        7,
        13
    ],
    "zone_rows": 5
}