{
    "argv": 451,
    "bounds": [
        [
            6.437222058477453e-12,
            0.006437222058477453
        ],
        [
            0.06437222058477453,
            0.12874444116954906
        ],
        [
            0.0,
            11.0
        ],
        [
            0.0,
            null
        ],
        [
            0.0,
            null
        ],
        [
            0.0,
            null
        ],
        [
            0.0,
            null
        ],
        [
            0.0,
            null
        ],
        [
            0.0,
            null
        ],
        [
            0.0,
            null
        ],
        [
            0.0,
            null
        ],
        [
            0.0,
            null
        ],
        [
            0.0,
            null
        ],
        [
            0.0,
            null
        ],
        [
            0.0,
            null
        ],
        [
            0.0,
            null
        ],
        [
            0.0,
            null
        ],
        [
            0.0,
            null
        ],
        [
            0.0,
            null
        ],
        [
            0.0,
            null
        ],
        [
            0.0,
            null
        ],
        [
            0.0,
            null
        ],
        [
            0.0,
            null
        ],
        [
            0.0,
            null
        ],
        [
            0.0,
            null
        ],
        [
            0.0,
            null
        ],
        [
            0.0,
            null
        ],
        [
            0.0,
            null
        ]
    ],
    "comp_est": [
        2.6071780004277538e-06,
        0.06774674124189704,
        1.1797813106806336,
        56.31488915378647,
        76.13990969888255,
        55.058592912862416,
        57.439399579407564,
        61.54483159538777,
        55.71555495333538,
        56.1490814750993,
        55.00450574479944,
        55.44588199159763,
        89.81241147622151,
        79.84617387046501,
        59.25146994314606,
        55.88013666385108,
        75.36212308625262,
        59.682800100993866,
        48.27304331743625,
        69.94024709801698,
        51.58104438865899,
        83.1034653232838,
        55.480812459785334,
        49.02188741877185,
        55.27937244180885,
        55.65649466454352,
        56.58137691224503,
        44.17773613396764
    ],
    "fit_time": 65106.57645511627,
    "init_guess": [
        6.437222058477453e-09,
        0.06437222058477453,
        0.0,
        65.0,
        65.0,
        65.0,
        65.0,
        65.0,
        65.0,
        65.0,
        65.0,
        65.0,
        65.0,
        65.0,
        65.0,
        65.0,
        65.0,
        65.0,
        65.0,
        65.0,
        65.0,
        65.0,
        65.0,
        65.0,
        65.0,
        65.0,
        65.0,
        65.0
    ],
    "model": "Competition Model",
    "model_params": [
        "C_0",
        "N_0",
        "kn",
        "rs"
    ],
    "model_species": [
        "C",
        "N"
    ],
    "obj_fun": 0.05005944826269527,
    "zone_cols": 5,
    "zone_coords": [
        9,
        15
    ],
    "zone_rows": 5
}