{
    "argv": 490,
    "bounds": [
        [
            5.848410588726615e-12,
            0.005848410588726615
        ],
        [
            0.05848410588726615,
            0.1169682117745323
        ],
        [
            0.0,
            11.0
        ],
        [
            0.0,
            null
        ],
        [
            0.0,
            null
        ],
        [
            0.0,
            null
        ],
        [
            0.0,
            null
        ],
        [
            0.0,
            null
        ],
        [
            0.0,
            null
        ],
        [
            0.0,
            null
        ],
        [
            0.0,
            null
        ],
        [
            0.0,
            null
        ],
        [
            0.0,
            null
        ],
        [
            0.0,
            null
        ],
        [
            0.0,
            null
        ],
        [
            0.0,
            null
        ],
        [
            0.0,
            null
        ],
        [
            0.0,
            null
        ],
        [
            0.0,
            null
        ],
        [
            0.0,
            null
        ],
        [
            0.0,
            null
        ],
        [
            0.0,
            null
        ],
        [
            0.0,
            null
        ],
        [
            0.0,
            null
        ],
        [
            0.0,
            null
        ],
        [
            0.0,
            null
        ],
        [
            0.0,
            null
        ],
        [
            0.0,
            null
        ]
    ],
    "comp_est": [
        5.8464866755159206e-08,
        0.05848411336798315,
        6.000002651649252,
        25.00000043705825,
        25.000002476013695,
        25.000002838450733,
        24.999997348937004,
        25.00000168349066,
        25.000002513365207,
        25.000006211351167,
        24.999995744953967,
        25.000012154552497,
        24.99999259360482,
        25.0000028386397,
        24.999995745039904,
        25.00003645842978,
        24.999967138371805,
        25.00000992022994,
        24.999997348886954,
        25.000012154552564,
        24.99996713957089,
        25.000054261876247,
        24.99998157901116,
        25.00000168340786,
        24.99999262453164,
        25.00000992068735,
        24.999981627310554,
        25.000020064190597
    ],
    "fit_time": 32511.30762910843,
    "init_guess": [
        5.8484105887266145e-08,
        0.05848410588726615,
        6.0,
        25.0,
        25.0,
        25.0,
        25.0,
        25.0,
        25.0,
        25.0,
        25.0,
        25.0,
        25.0,
        25.0,
        25.0,
        25.0,
        25.0,
        25.0,
        25.0,
        25.0,
        25.0,
        25.0,
        25.0,
        25.0,
        25.0,
        25.0,
        25.0,
        25.0
    ],
    "model": "Competition Model",
    "model_params": [
        "C_0",
        "N_0",
        "kn",
        "rs"
    ],
    "model_species": [
        "C",
        "N"
    ],
    "obj_fun": 0.6701265247202101,
    "zone_cols": 5,
    "zone_coords": [
        7,
        13
    ],
    "zone_rows": 5
}