{
    "argv": 1061,
    "bounds": [
        [
            5.848410588726615e-12,
            0.005848410588726615
        ],
        [
            0.05848410588726615,
            0.1169682117745323
        ],
        [
            0.0,
            11.0
        ],
        [
            0.0,
            null
        ],
        [
            0.0,
            null
        ],
        [
            0.0,
            null
        ],
        [
            0.0,
            null
        ],
        [
            0.0,
            null
        ],
        [
            0.0,
            null
        ],
        [
            0.0,
            null
        ],
        [
            0.0,
            null
        ],
        [
            0.0,
            null
        ],
        [
            0.0,
            null
        ],
        [
            0.0,
            null
        ],
        [
            0.0,
            null
        ],
        [
            0.0,
            null
        ],
        [
            0.0,
            null
        ],
        [
            0.0,
            null
        ],
        [
            0.0,
            null
        ],
        [
            0.0,
            null
        ],
        [
            0.0,
            null
        ],
        [
            0.0,
            null
        ],
        [
            0.0,
            null
        ],
        [
            0.0,
            null
        ],
        [
            0.0,
            null
        ],
        [
            0.0,
            null
        ],
        [
            0.0,
            null
        ],
        [
            0.0,
            null
        ]
    ],
    "comp_est": [
        0.0005848410588246845,
        0.05848410588726615,
        4.999999999999998,
        64.99999999386033,
        65.00000003077538,
        65.00000005605865,
        65.0000000538066,
        64.99999999243319,
        65.00000003051213,
        65.00000003234449,
        64.99999998112669,
        65.00000002884909,
        65.00000007208077,
        65.00000005607161,
        64.99999998124945,
        65.00000005263244,
        65.00000003007082,
        65.00000006392204,
        65.00000005378688,
        65.0000000288621,
        65.00000003096388,
        65.00000003976842,
        65.00000002972449,
        64.99999999244176,
        65.00000007201591,
        65.00000006402352,
        65.00000002978092,
        64.99999999628653
    ],
    "fit_time": 4813.8929438591,
    "init_guess": [
        0.0005848410588726615,
        0.05848410588726615,
        5.0,
        65.0,
        65.0,
        65.0,
        65.0,
        65.0,
        65.0,
        65.0,
        65.0,
        65.0,
        65.0,
        65.0,
        65.0,
        65.0,
        65.0,
        65.0,
        65.0,
        65.0,
        65.0,
        65.0,
        65.0,
        65.0,
        65.0,
        65.0,
        65.0,
        65.0
    ],
    "model": "Competition Model",
    "model_params": [
        "C_0",
        "N_0",
        "kn",
        "rs"
    ],
    "model_species": [
        "C",
        "N"
    ],
    "obj_fun": 0.5361004482926562,
    "zone_cols": 5,
    "zone_coords": [
        7,
        13
    ],
    "zone_rows": 5
}