{
    "argv": 1101,
    "bounds": [
        [
            5.848410588726615e-12,
            0.005848410588726615
        ],
        [
            0.05848410588726615,
            0.1169682117745323
        ],
        [
            0.0,
            11.0
        ],
        [
            0.0,
            null
        ],
        [
            0.0,
            null
        ],
        [
            0.0,
            null
        ],
        [
            0.0,
            null
        ],
        [
            0.0,
            null
        ],
        [
            0.0,
            null
        ],
        [
            0.0,
            null
        ],
        [
            0.0,
            null
        ],
        [
            0.0,
            null
        ],
        [
            0.0,
            null
        ],
        [
            0.0,
            null
        ],
        [
            0.0,
            null
        ],
        [
            0.0,
            null
        ],
        [
            0.0,
            null
        ],
        [
            0.0,
            null
        ],
        [
            0.0,
            null
        ],
        [
            0.0,
            null
        ],
        [
            0.0,
            null
        ],
        [
            0.0,
            null
        ],
        [
            0.0,
            null
        ],
        [
            0.0,
            null
        ],
        [
            0.0,
            null
        ],
        [
            0.0,
            null
        ],
        [
            0.0,
            null
        ],
        [
            0.0,
            null
        ]
    ],
    "comp_est": [
        0.00043496713205874905,
        0.06757072484361057,
        2.095581675842571,
        25.812583817687436,
        24.033799069877666,
        28.322902027593372,
        29.696661829127645,
        27.365660010091013,
        19.421234517962553,
        21.647283412061093,
        25.540155193811813,
        30.415907409114002,
        41.69687632845791,
        27.27508785456055,
        27.46524715826816,
        25.701373489829663,
        38.30425664534828,
        25.879802771389972,
        27.730862916656385,
        28.086036860748447,
        25.085006348109044,
        25.677832544747492,
        25.36064549584683,
        23.776566307252637,
        28.43249638664144,
        39.90038610802862,
        27.033045227412604,
        23.96630454279083
    ],
    "fit_time": 27379.604929447174,
    "init_guess": [
        0.005848410588726615,
        0.05848410588726615,
        1.0,
        30.0,
        30.0,
        30.0,
        30.0,
        30.0,
        30.0,
        30.0,
        30.0,
        30.0,
        30.0,
        30.0,
        30.0,
        30.0,
        30.0,
        30.0,
        30.0,
        30.0,
        30.0,
        30.0,
        30.0,
        30.0,
        30.0,
        30.0,
        30.0,
        30.0
    ],
    "model": "Competition Model",
    "model_params": [
        "C_0",
        "N_0",
        "kn",
        "rs"
    ],
    "model_species": [
        "C",
        "N"
    ],
    "obj_fun": 0.06584217448728744,
    "zone_cols": 5,
    "zone_coords": [
        7,
        13
    ],
    "zone_rows": 5
}