{
    "argv": 5,
    "bounds": [
        [
            6.437222058477453e-12,
            0.006437222058477453
        ],
        [
            0.06437222058477453,
            0.12874444116954906
        ],
        [
            0.0,
            11.0
        ],
        [
            0.0,
            null
        ],
        [
            0.0,
            null
        ],
        [
            0.0,
            null
        ],
        [
            0.0,
            null
        ],
        [
            0.0,
            null
        ],
        [
            0.0,
            null
        ],
        [
            0.0,
            null
        ],
        [
            0.0,
            null
        ],
        [
            0.0,
            null
        ],
        [
            0.0,
            null
        ],
        [
            0.0,
            null
        ],
        [
            0.0,
            null
        ],
        [
            0.0,
            null
        ],
        [
            0.0,
            null
        ],
        [
            0.0,
            null
        ],
        [
            0.0,
            null
        ],
        [
            0.0,
            null
        ],
        [
            0.0,
            null
        ],
        [
            0.0,
            null
        ],
        [
            0.0,
            null
        ],
        [
            0.0,
            null
        ],
        [
            0.0,
            null
        ],
        [
            0.0,
            null
        ],
        [
            0.0,
            null
        ],
        [
            0.0,
            null
        ]
    ],
    "comp_est": [
        0.0007234418719842717,
        0.07340327298032034,
        6.101196503500043,
        23.285389993837466,
        31.970971686909024,
        23.30056635372524,
        23.281490789519545,
        23.357490395076212,
        21.619015019979383,
        20.155610476387206,
        22.11042115685709,
        21.77905120867905,
        33.7879690500621,
        32.050509687423215,
        20.14979867449363,
        19.83362375466962,
        29.987133079215138,
        22.87482607012561,
        21.170345721996046,
        30.35161552155162,
        21.476603123205656,
        33.589007763084304,
        21.779819824040658,
        22.517033869078954,
        23.04213357218156,
        24.073072929583574,
        22.614937463047923,
        21.453549648465916
    ],
    "fit_time": 60699.83526349068,
    "init_guess": [
        6.437222058477453e-12,
        0.06437222058477453,
        5.0,
        25.0,
        25.0,
        25.0,
        25.0,
        25.0,
        25.0,
        25.0,
        25.0,
        25.0,
        25.0,
        25.0,
        25.0,
        25.0,
        25.0,
        25.0,
        25.0,
        25.0,
        25.0,
        25.0,
        25.0,
        25.0,
        25.0,
        25.0,
        25.0,
        25.0
    ],
    "model": "Competition Model",
    "model_params": [
        "C_0",
        "N_0",
        "kn",
        "rs"
    ],
    "model_species": [
        "C",
        "N"
    ],
    "obj_fun": 0.14082188679221067,
    "zone_cols": 5,
    "zone_coords": [
        9,
        15
    ],
    "zone_rows": 5
}