{
    "argv": 736,
    "bounds": [
        [
            5.848410588726615e-12,
            0.005848410588726615
        ],
        [
            0.05848410588726615,
            0.1169682117745323
        ],
        [
            0.0,
            11.0
        ],
        [
            0.0,
            null
        ],
        [
            0.0,
            null
        ],
        [
            0.0,
            null
        ],
        [
            0.0,
            null
        ],
        [
            0.0,
            null
        ],
        [
            0.0,
            null
        ],
        [
            0.0,
            null
        ],
        [
            0.0,
            null
        ],
        [
            0.0,
            null
        ],
        [
            0.0,
            null
        ],
        [
            0.0,
            null
        ],
        [
            0.0,
            null
        ],
        [
            0.0,
            null
        ],
        [
            0.0,
            null
        ],
        [
            0.0,
            null
        ],
        [
            0.0,
            null
        ],
        [
            0.0,
            null
        ],
        [
            0.0,
            null
        ],
        [
            0.0,
            null
        ],
        [
            0.0,
            null
        ],
        [
            0.0,
            null
        ],
        [
            0.0,
            null
        ],
        [
            0.0,
            null
        ],
        [
            0.0,
            null
        ],
        [
            0.0,
            null
        ]
    ],
    "comp_est": [
        5.848415992364328e-06,
        0.0584842193447412,
        9.999999999997252,
        25.000000167240994,
        25.00000024530054,
        25.00000010543919,
        25.000000246031302,
        25.000000165408807,
        25.000000245298278,
        25.000000752088862,
        25.00000031625891,
        25.00000075217247,
        25.000000245290536,
        25.000000105439046,
        25.000000316262973,
        25.000000327036922,
        25.000000316206464,
        25.000000105469177,
        25.00000024603488,
        25.000000752159952,
        25.00000031620407,
        25.000000752102235,
        25.00000024518908,
        25.000000165409606,
        25.000000245293148,
        25.00000010546858,
        25.000000245186545,
        25.000000165201996
    ],
    "fit_time": 45185.12715625763,
    "init_guess": [
        5.848410588726615e-06,
        0.05848410588726615,
        10.0,
        25.0,
        25.0,
        25.0,
        25.0,
        25.0,
        25.0,
        25.0,
        25.0,
        25.0,
        25.0,
        25.0,
        25.0,
        25.0,
        25.0,
        25.0,
        25.0,
        25.0,
        25.0,
        25.0,
        25.0,
        25.0,
        25.0,
        25.0,
        25.0,
        25.0
    ],
    "model": "Competition Model",
    "model_params": [
        "C_0",
        "N_0",
        "kn",
        "rs"
    ],
    "model_species": [
        "C",
        "N"
    ],
    "obj_fun": 0.6614267307215554,
    "zone_cols": 5,
    "zone_coords": [
        7,
        13
    ],
    "zone_rows": 5
}