{
    "argv": 8,
    "bounds": [
        [
            5.848410588726615e-12,
            0.005848410588726615
        ],
        [
            0.05848410588726615,
            0.1169682117745323
        ],
        [
            0.0,
            11.0
        ],
        [
            0.0,
            null
        ],
        [
            0.0,
            null
        ],
        [
            0.0,
            null
        ],
        [
            0.0,
            null
        ],
        [
            0.0,
            null
        ],
        [
            0.0,
            null
        ],
        [
            0.0,
            null
        ],
        [
            0.0,
            null
        ],
        [
            0.0,
            null
        ],
        [
            0.0,
            null
        ],
        [
            0.0,
            null
        ],
        [
            0.0,
            null
        ],
        [
            0.0,
            null
        ],
        [
            0.0,
            null
        ],
        [
            0.0,
            null
        ],
        [
            0.0,
            null
        ],
        [
            0.0,
            null
        ],
        [
            0.0,
            null
        ],
        [
            0.0,
            null
        ],
        [
            0.0,
            null
        ],
        [
            0.0,
            null
        ],
        [
            0.0,
            null
        ],
        [
            0.0,
            null
        ],
        [
            0.0,
            null
        ],
        [
            0.0,
            null
        ]
    ],
    "comp_est": [
        0.0002707724692887482,
        0.0781880623258788,
        8.000191474490943,
        24.668819660611394,
        24.394009361572827,
        24.436257449516038,
        24.39482685400673,
        24.669103636649407,
        24.393396354503047,
        23.99494926603793,
        25.346536609887117,
        23.999967624608892,
        24.398172096026105,
        24.392636128524124,
        25.345630058894894,
        25.48678600238784,
        25.351607150165094,
        24.39534167645932,
        24.394824594361854,
        23.959401898694182,
        25.346016260863085,
        23.961761660008555,
        24.393205217317387,
        24.66928594380973,
        24.393994029115404,
        24.527437321092002,
        24.392490019585715,
        24.666632064331935
    ],
    "fit_time": 40859.31415939331,
    "init_guess": [
        5.848410588726615e-12,
        0.05848410588726615,
        8.0,
        25.0,
        25.0,
        25.0,
        25.0,
        25.0,
        25.0,
        25.0,
        25.0,
        25.0,
        25.0,
        25.0,
        25.0,
        25.0,
        25.0,
        25.0,
        25.0,
        25.0,
        25.0,
        25.0,
        25.0,
        25.0,
        25.0,
        25.0,
        25.0,
        25.0
    ],
    "model": "Competition Model",
    "model_params": [
        "C_0",
        "N_0",
        "kn",
        "rs"
    ],
    "model_species": [
        "C",
        "N"
    ],
    "obj_fun": 0.4165472456660074,
    "zone_cols": 5,
    "zone_coords": [
        7,
        13
    ],
    "zone_rows": 5
}