{
    "argv": 1113,
    "bounds": [
        [
            5.848410588726615e-12,
            0.005848410588726615
        ],
        [
            0.05848410588726615,
            0.1169682117745323
        ],
        [
            0.0,
            11.0
        ],
        [
            0.0,
            null
        ],
        [
            0.0,
            null
        ],
        [
            0.0,
            null
        ],
        [
            0.0,
            null
        ],
        [
            0.0,
            null
        ],
        [
            0.0,
            null
        ],
        [
            0.0,
            null
        ],
        [
            0.0,
            null
        ],
        [
            0.0,
            null
        ],
        [
            0.0,
            null
        ],
        [
            0.0,
            null
        ],
        [
            0.0,
            null
        ],
        [
            0.0,
            null
        ],
        [
            0.0,
            null
        ],
        [
            0.0,
            null
        ],
        [
            0.0,
            null
        ],
        [
            0.0,
            null
        ],
        [
            0.0,
            null
        ],
        [
            0.0,
            null
        ],
        [
            0.0,
            null
        ],
        [
            0.0,
            null
        ],
        [
            0.0,
            null
        ],
        [
            0.0,
            null
        ],
        [
            0.0,
            null
        ],
        [
            0.0,
            null
        ]
    ],
    "comp_est": [
        0.0006873911443780232,
        0.07085405507232372,
        1.6946709709582275,
        21.836124210934177,
        20.455171397124875,
        23.982890211242154,
        25.28600548081992,
        23.78478252872435,
        13.57898992010409,
        18.313900612771757,
        21.71146139060252,
        25.32007791548859,
        36.76754471681353,
        22.562462475176076,
        22.909174216834998,
        21.624025362006325,
        33.3710737451714,
        22.192553672960187,
        23.026447614204486,
        23.434423684158237,
        19.879162761314088,
        21.35610101378825,
        21.794661091133317,
        20.10366984220716,
        23.98048584293827,
        35.11487240971238,
        22.401998131448202,
        20.747217491262813
    ],
    "fit_time": 40500.84927368164,
    "init_guess": [
        0.005848410588726615,
        0.05848410588726615,
        2.0,
        35.0,
        35.0,
        35.0,
        35.0,
        35.0,
        35.0,
        35.0,
        35.0,
        35.0,
        35.0,
        35.0,
        35.0,
        35.0,
        35.0,
        35.0,
        35.0,
        35.0,
        35.0,
        35.0,
        35.0,
        35.0,
        35.0,
        35.0,
        35.0,
        35.0
    ],
    "model": "Competition Model",
    "model_params": [
        "C_0",
        "N_0",
        "kn",
        "rs"
    ],
    "model_species": [
        "C",
        "N"
    ],
    "obj_fun": 0.07304616481865962,
    "zone_cols": 5,
    "zone_coords": [
        7,
        13
    ],
    "zone_rows": 5
}