{
    "argv": 845,
    "bounds": [
        [
            5.848410588726615e-12,
            0.005848410588726615
        ],
        [
            0.05848410588726615,
            0.1169682117745323
        ],
        [
            0.0,
            11.0
        ],
        [
            0.0,
            null
        ],
        [
            0.0,
            null
        ],
        [
            0.0,
            null
        ],
        [
            0.0,
            null
        ],
        [
            0.0,
            null
        ],
        [
            0.0,
            null
        ],
        [
            0.0,
            null
        ],
        [
            0.0,
            null
        ],
        [
            0.0,
            null
        ],
        [
            0.0,
            null
        ],
        [
            0.0,
            null
        ],
        [
            0.0,
            null
        ],
        [
            0.0,
            null
        ],
        [
            0.0,
            null
        ],
        [
            0.0,
            null
        ],
        [
            0.0,
            null
        ],
        [
            0.0,
            null
        ],
        [
            0.0,
            null
        ],
        [
            0.0,
            null
        ],
        [
            0.0,
            null
        ],
        [
            0.0,
            null
        ],
        [
            0.0,
            null
        ],
        [
            0.0,
            null
        ],
        [
            0.0,
            null
        ],
        [
            0.0,
            null
        ]
    ],
    "comp_est": [
        5.848376170669986e-06,
        0.05848410588726615,
        8.99999999334774,
        74.99999884819158,
        74.99999996754876,
        74.99999850035117,
        74.99999920928265,
        74.99999936237347,
        75.0000003080817,
        74.99999411789302,
        74.99999914500167,
        74.99999337576226,
        74.9999995676264,
        74.99999851226042,
        74.9999991186283,
        74.99999192393003,
        74.99999912838219,
        74.99999848075191,
        75.00000006185103,
        74.99999334924034,
        74.99999920485611,
        74.99999320991402,
        74.9999992444323,
        74.99999895113673,
        75.00000000975254,
        74.99999890766979,
        75.00000008627208,
        74.999998782221
    ],
    "fit_time": 44613.488656282425,
    "init_guess": [
        5.848410588726615e-06,
        0.05848410588726615,
        9.0,
        75.0,
        75.0,
        75.0,
        75.0,
        75.0,
        75.0,
        75.0,
        75.0,
        75.0,
        75.0,
        75.0,
        75.0,
        75.0,
        75.0,
        75.0,
        75.0,
        75.0,
        75.0,
        75.0,
        75.0,
        75.0,
        75.0,
        75.0,
        75.0,
        75.0
    ],
    "model": "Competition Model",
    "model_params": [
        "C_0",
        "N_0",
        "kn",
        "rs"
    ],
    "model_species": [
        "C",
        "N"
    ],
    "obj_fun": 0.4224928563230618,
    "zone_cols": 5,
    "zone_coords": [
        7,
        13
    ],
    "zone_rows": 5
}