{
    "argv": 52,
    "bounds": [
        [
            6.437222058477453e-12,
            0.006437222058477453
        ],
        [
            0.06437222058477453,
            0.12874444116954906
        ],
        [
            0.0,
            11.0
        ],
        [
            0.0,
            null
        ],
        [
            0.0,
            null
        ],
        [
            0.0,
            null
        ],
        [
            0.0,
            null
        ],
        [
            0.0,
            null
        ],
        [
            0.0,
            null
        ],
        [
            0.0,
            null
        ],
        [
            0.0,
            null
        ],
        [
            0.0,
            null
        ],
        [
            0.0,
            null
        ],
        [
            0.0,
            null
        ],
        [
            0.0,
            null
        ],
        [
            0.0,
            null
        ],
        [
            0.0,
            null
        ],
        [
            0.0,
            null
        ],
        [
            0.0,
            null
        ],
        [
            0.0,
            null
        ],
        [
            0.0,
            null
        ],
        [
            0.0,
            null
        ],
        [
            0.0,
            null
        ],
        [
            0.0,
            null
        ],
        [
            0.0,
            null
        ],
        [
            0.0,
            null
        ],
        [
            0.0,
            null
        ],
        [
            0.0,
            null
        ]
    ],
    "comp_est": [
        9.50443918049082e-06,
        0.07479915944705982,
        7.9999867702048935,
        45.05529783195988,
        45.06276814972126,
        45.061292217710154,
        45.06261336035534,
        44.9979811011407,
        45.062728681827146,
        45.07836228008222,
        45.077382358439124,
        45.07717819342678,
        45.06274605033073,
        45.06129014933799,
        45.07749645866198,
        45.08055834516198,
        45.077293147180185,
        45.060550179385515,
        45.06261194487191,
        45.07827452982003,
        45.07737404718558,
        45.07709912165258,
        45.062691474802264,
        44.99797175629895,
        45.062826277929474,
        45.06111812564787,
        45.06206339833946,
        44.997141962010396
    ],
    "fit_time": 40059.625356435776,
    "init_guess": [
        6.437222058477453e-12,
        0.06437222058477453,
        8.0,
        45.0,
        45.0,
        45.0,
        45.0,
        45.0,
        45.0,
        45.0,
        45.0,
        45.0,
        45.0,
        45.0,
        45.0,
        45.0,
        45.0,
        45.0,
        45.0,
        45.0,
        45.0,
        45.0,
        45.0,
        45.0,
        45.0,
        45.0,
        45.0,
        45.0
    ],
    "model": "Competition Model",
    "model_params": [
        "C_0",
        "N_0",
        "kn",
        "rs"
    ],
    "model_species": [
        "C",
        "N"
    ],
    "obj_fun": 0.5745495114873155,
    "zone_cols": 5,
    "zone_coords": [
        9,
        15
    ],
    "zone_rows": 5
}