{
    "argv": 953,
    "bounds": [
        [
            5.848410588726615e-12,
            0.005848410588726615
        ],
        [
            0.05848410588726615,
            0.1169682117745323
        ],
        [
            0.0,
            11.0
        ],
        [
            0.0,
            null
        ],
        [
            0.0,
            null
        ],
        [
            0.0,
            null
        ],
        [
            0.0,
            null
        ],
        [
            0.0,
            null
        ],
        [
            0.0,
            null
        ],
        [
            0.0,
            null
        ],
        [
            0.0,
            null
        ],
        [
            0.0,
            null
        ],
        [
            0.0,
            null
        ],
        [
            0.0,
            null
        ],
        [
            0.0,
            null
        ],
        [
            0.0,
            null
        ],
        [
            0.0,
            null
        ],
        [
            0.0,
            null
        ],
        [
            0.0,
            null
        ],
        [
            0.0,
            null
        ],
        [
            0.0,
            null
        ],
        [
            0.0,
            null
        ],
        [
            0.0,
            null
        ],
        [
            0.0,
            null
        ],
        [
            0.0,
            null
        ],
        [
            0.0,
            null
        ],
        [
            0.0,
            null
        ],
        [
            0.0,
            null
        ]
    ],
    "comp_est": [
        5.8484105571682734e-05,
        0.05848410588726615,
        6.999999999999997,
        70.00000008598799,
        69.99999988466628,
        69.99999984104782,
        69.99999988683142,
        70.00000008623776,
        69.99999988452939,
        69.99999986560852,
        69.99999987642747,
        69.9999998643074,
        69.99999988633417,
        69.99999984105038,
        69.99999987644466,
        70.00000001159584,
        69.99999987609674,
        69.99999983904506,
        69.9999998868357,
        69.9999998643109,
        69.99999987658968,
        69.99999987124333,
        69.99999988472048,
        70.00000008626517,
        69.99999988631593,
        69.99999984024628,
        69.99999988470063,
        70.00000007822129
    ],
    "fit_time": 2826.839683532715,
    "init_guess": [
        5.848410588726615e-05,
        0.05848410588726615,
        7.0,
        70.0,
        70.0,
        70.0,
        70.0,
        70.0,
        70.0,
        70.0,
        70.0,
        70.0,
        70.0,
        70.0,
        70.0,
        70.0,
        70.0,
        70.0,
        70.0,
        70.0,
        70.0,
        70.0,
        70.0,
        70.0,
        70.0,
        70.0,
        70.0,
        70.0
    ],
    "model": "Competition Model",
    "model_params": [
        "C_0",
        "N_0",
        "kn",
        "rs"
    ],
    "model_species": [
        "C",
        "N"
    ],
    "obj_fun": 0.45458376953862595,
    "zone_cols": 5,
    "zone_coords": [
        7,
        13
    ],
    "zone_rows": 5
}