{
    "argv": 794,
    "bounds": [
        [
            5.848410588726615e-12,
            0.005848410588726615
        ],
        [
            0.05848410588726615,
            0.1169682117745323
        ],
        [
            0.0,
            11.0
        ],
        [
            0.0,
            null
        ],
        [
            0.0,
            null
        ],
        [
            0.0,
            null
        ],
        [
            0.0,
            null
        ],
        [
            0.0,
            null
        ],
        [
            0.0,
            null
        ],
        [
            0.0,
            null
        ],
        [
            0.0,
            null
        ],
        [
            0.0,
            null
        ],
        [
            0.0,
            null
        ],
        [
            0.0,
            null
        ],
        [
            0.0,
            null
        ],
        [
            0.0,
            null
        ],
        [
            0.0,
            null
        ],
        [
            0.0,
            null
        ],
        [
            0.0,
            null
        ],
        [
            0.0,
            null
        ],
        [
            0.0,
            null
        ],
        [
            0.0,
            null
        ],
        [
            0.0,
            null
        ],
        [
            0.0,
            null
        ],
        [
            0.0,
            null
        ],
        [
            0.0,
            null
        ],
        [
            0.0,
            null
        ],
        [
            0.0,
            null
        ]
    ],
    "comp_est": [
        2.6609636594743386e-05,
        0.05848410588726615,
        9.0577359495754,
        54.553509272391835,
        52.57497247307271,
        55.4743754503672,
        55.30979869046893,
        51.61487335537044,
        48.930225423741895,
        50.15650400096954,
        52.40324604580241,
        54.54084187440246,
        66.66243930319247,
        54.97492221706223,
        54.810485415164145,
        52.00920334271347,
        65.16435122019124,
        50.87937052233919,
        54.949255952642645,
        54.65173373506369,
        50.780280355581795,
        51.50653713631514,
        52.249793745752584,
        50.85918833928815,
        54.80190454748138,
        65.94293728217204,
        52.68379142024574,
        51.28714255739389
    ],
    "fit_time": 51737.40701055527,
    "init_guess": [
        5.848410588726615e-06,
        0.05848410588726615,
        2.0,
        55.0,
        55.0,
        55.0,
        55.0,
        55.0,
        55.0,
        55.0,
        55.0,
        55.0,
        55.0,
        55.0,
        55.0,
        55.0,
        55.0,
        55.0,
        55.0,
        55.0,
        55.0,
        55.0,
        55.0,
        55.0,
        55.0,
        55.0,
        55.0,
        55.0
    ],
    "model": "Competition Model",
    "model_params": [
        "C_0",
        "N_0",
        "kn",
        "rs"
    ],
    "model_species": [
        "C",
        "N"
    ],
    "obj_fun": 0.08456340025201521,
    "zone_cols": 5,
    "zone_coords": [
        7,
        13
    ],
    "zone_rows": 5
}