{
    "argv": 867,
    "bounds": [
        [
            5.848410588726615e-12,
            0.005848410588726615
        ],
        [
            0.05848410588726615,
            0.1169682117745323
        ],
        [
            0.0,
            11.0
        ],
        [
            0.0,
            null
        ],
        [
            0.0,
            null
        ],
        [
            0.0,
            null
        ],
        [
            0.0,
            null
        ],
        [
            0.0,
            null
        ],
        [
            0.0,
            null
        ],
        [
            0.0,
            null
        ],
        [
            0.0,
            null
        ],
        [
            0.0,
            null
        ],
        [
            0.0,
            null
        ],
        [
            0.0,
            null
        ],
        [
            0.0,
            null
        ],
        [
            0.0,
            null
        ],
        [
            0.0,
            null
        ],
        [
            0.0,
            null
        ],
        [
            0.0,
            null
        ],
        [
            0.0,
            null
        ],
        [
            0.0,
            null
        ],
        [
            0.0,
            null
        ],
        [
            0.0,
            null
        ],
        [
            0.0,
            null
        ],
        [
            0.0,
            null
        ],
        [
            0.0,
            null
        ],
        [
            0.0,
            null
        ],
        [
            0.0,
            null
        ]
    ],
    "comp_est": [
        5.848410582832876e-05,
        0.05848410594046413,
        9.000000000000007,
        30.000000106201707,
        29.99999997124261,
        30.000000229084907,
        29.999999971054017,
        30.000000106194708,
        29.99999997124253,
        29.99999997047214,
        30.000000027048067,
        29.99999997033716,
        29.99999997101964,
        30.000000229085725,
        30.0000000270477,
        29.999999969549606,
        30.000000026972177,
        30.000000247479946,
        29.99999997105398,
        29.999999970337182,
        30.00000002696316,
        29.999999970742067,
        29.99999997101562,
        30.000000106194715,
        29.999999971019637,
        30.000000247483403,
        29.99999997101561,
        30.00000010633292
    ],
    "fit_time": 4075.008407354355,
    "init_guess": [
        5.848410588726615e-05,
        0.05848410588726615,
        9.0,
        30.0,
        30.0,
        30.0,
        30.0,
        30.0,
        30.0,
        30.0,
        30.0,
        30.0,
        30.0,
        30.0,
        30.0,
        30.0,
        30.0,
        30.0,
        30.0,
        30.0,
        30.0,
        30.0,
        30.0,
        30.0,
        30.0,
        30.0,
        30.0,
        30.0
    ],
    "model": "Competition Model",
    "model_params": [
        "C_0",
        "N_0",
        "kn",
        "rs"
    ],
    "model_species": [
        "C",
        "N"
    ],
    "obj_fun": 0.5397690120949442,
    "zone_cols": 5,
    "zone_coords": [
        7,
        13
    ],
    "zone_rows": 5
}