{
    "argv": 1156,
    "bounds": [
        [
            5.848410588726615e-12,
            0.005848410588726615
        ],
        [
            0.05848410588726615,
            0.1169682117745323
        ],
        [
            0.0,
            11.0
        ],
        [
            0.0,
            null
        ],
        [
            0.0,
            null
        ],
        [
            0.0,
            null
        ],
        [
            0.0,
            null
        ],
        [
            0.0,
            null
        ],
        [
            0.0,
            null
        ],
        [
            0.0,
            null
        ],
        [
            0.0,
            null
        ],
        [
            0.0,
            null
        ],
        [
            0.0,
            null
        ],
        [
            0.0,
            null
        ],
        [
            0.0,
            null
        ],
        [
            0.0,
            null
        ],
        [
            0.0,
            null
        ],
        [
            0.0,
            null
        ],
        [
            0.0,
            null
        ],
        [
            0.0,
            null
        ],
        [
            0.0,
            null
        ],
        [
            0.0,
            null
        ],
        [
            0.0,
            null
        ],
        [
            0.0,
            null
        ],
        [
            0.0,
            null
        ],
        [
            0.0,
            null
        ],
        [
            0.0,
            null
        ],
        [
            0.0,
            null
        ]
    ],
    "comp_est": [
        2.2592585714870898e-05,
        0.06049228522997084,
        2.0487540549068215,
        46.57365259971309,
        45.69364300304979,
        51.73609076289066,
        55.20941093289661,
        54.82383613315965,
        37.32269673315658,
        42.22645682877425,
        48.63784307627598,
        57.05222321666716,
        75.39710907128246,
        48.68925459147803,
        49.643062220492006,
        49.064773923673556,
        68.14055392726422,
        53.68988104464536,
        49.937773450758016,
        50.942842422266324,
        48.65927704291289,
        49.93003521338324,
        49.72940377413286,
        45.617381248898965,
        52.95536001086066,
        70.0705879856829,
        51.5746312095598,
        47.33170353593301
    ],
    "fit_time": 48545.77837896347,
    "init_guess": [
        0.005848410588726615,
        0.05848410588726615,
        1.0,
        55.0,
        55.0,
        55.0,
        55.0,
        55.0,
        55.0,
        55.0,
        55.0,
        55.0,
        55.0,
        55.0,
        55.0,
        55.0,
        55.0,
        55.0,
        55.0,
        55.0,
        55.0,
        55.0,
        55.0,
        55.0,
        55.0,
        55.0,
        55.0,
        55.0
    ],
    "model": "Competition Model",
    "model_params": [
        "C_0",
        "N_0",
        "kn",
        "rs"
    ],
    "model_species": [
        "C",
        "N"
    ],
    "obj_fun": 0.056367320561229776,
    "zone_cols": 5,
    "zone_coords": [
        7,
        13
    ],
    "zone_rows": 5
}