{
    "argv": 1204,
    "bounds": [
        [
            5.848410588726615e-12,
            0.005848410588726615
        ],
        [
            0.05848410588726615,
            0.1169682117745323
        ],
        [
            0.0,
            11.0
        ],
        [
            0.0,
            null
        ],
        [
            0.0,
            null
        ],
        [
            0.0,
            null
        ],
        [
            0.0,
            null
        ],
        [
            0.0,
            null
        ],
        [
            0.0,
            null
        ],
        [
            0.0,
            null
        ],
        [
            0.0,
            null
        ],
        [
            0.0,
            null
        ],
        [
            0.0,
            null
        ],
        [
            0.0,
            null
        ],
        [
            0.0,
            null
        ],
        [
            0.0,
            null
        ],
        [
            0.0,
            null
        ],
        [
            0.0,
            null
        ],
        [
            0.0,
            null
        ],
        [
            0.0,
            null
        ],
        [
            0.0,
            null
        ],
        [
            0.0,
            null
        ],
        [
            0.0,
            null
        ],
        [
            0.0,
            null
        ],
        [
            0.0,
            null
        ],
        [
            0.0,
            null
        ],
        [
            0.0,
            null
        ],
        [
            0.0,
            null
        ]
    ],
    "comp_est": [
        0.005848410588725736,
        0.05848410588726615,
        5.0,
        74.99999999211437,
        74.9999999929314,
        74.99999999158703,
        74.99999998522964,
        75.00000000000487,
        74.99999999291393,
        74.99999998452017,
        74.99999999126298,
        74.99999998734721,
        74.99999998896536,
        74.99999999158725,
        74.99999999126331,
        74.99999999457059,
        74.99999999548277,
        75.00000000007655,
        74.99999998522944,
        74.99999998734876,
        74.99999999547667,
        74.9999999956307,
        74.99999998983833,
        75.0000000000054,
        74.9999999889607,
        75.00000000008215,
        74.99999998983061,
        74.9999999913059
    ],
    "fit_time": 11518.881086826324,
    "init_guess": [
        0.005848410588726615,
        0.05848410588726615,
        5.0,
        75.0,
        75.0,
        75.0,
        75.0,
        75.0,
        75.0,
        75.0,
        75.0,
        75.0,
        75.0,
        75.0,
        75.0,
        75.0,
        75.0,
        75.0,
        75.0,
        75.0,
        75.0,
        75.0,
        75.0,
        75.0,
        75.0,
        75.0,
        75.0,
        75.0
    ],
    "model": "Competition Model",
    "model_params": [
        "C_0",
        "N_0",
        "kn",
        "rs"
    ],
    "model_species": [
        "C",
        "N"
    ],
    "obj_fun": 0.7397486067387236,
    "zone_cols": 5,
    "zone_coords": [
        7,
        13
    ],
    "zone_rows": 5
}