{
    "argv": 1108,
    "bounds": [
        [
            6.437222058477453e-12,
            0.006437222058477453
        ],
        [
            0.06437222058477453,
            0.12874444116954906
        ],
        [
            0.0,
            11.0
        ],
        [
            0.0,
            null
        ],
        [
            0.0,
            null
        ],
        [
            0.0,
            null
        ],
        [
            0.0,
            null
        ],
        [
            0.0,
            null
        ],
        [
            0.0,
            null
        ],
        [
            0.0,
            null
        ],
        [
            0.0,
            null
        ],
        [
            0.0,
            null
        ],
        [
            0.0,
            null
        ],
        [
            0.0,
            null
        ],
        [
            0.0,
            null
        ],
        [
            0.0,
            null
        ],
        [
            0.0,
            null
        ],
        [
            0.0,
            null
        ],
        [
            0.0,
            null
        ],
        [
            0.0,
            null
        ],
        [
            0.0,
            null
        ],
        [
            0.0,
            null
        ],
        [
            0.0,
            null
        ],
        [
            0.0,
            null
        ],
        [
            0.0,
            null
        ],
        [
            0.0,
            null
        ],
        [
            0.0,
            null
        ],
        [
            0.0,
            null
        ]
    ],
    "comp_est": [
        0.006437222057600985,
        0.06437222058477453,
        8.000000000005242,
        30.000000089264294,
        29.99999998259919,
        30.000000113241445,
        30.000000002992223,
        30.00000009865676,
        29.999999973813296,
        30.000000152453588,
        30.000000022556932,
        30.000000131421935,
        29.999999941081214,
        30.000000132596213,
        30.000000021627642,
        29.99999975879389,
        30.000000003525773,
        30.00000006906446,
        30.000000000486814,
        30.0000001279241,
        30.000000008098983,
        30.00000018650552,
        30.00000002898977,
        30.000000097896734,
        29.99999994202307,
        30.000000064343503,
        30.000000041367777,
        29.99999993986265
    ],
    "fit_time": 56038.506464481354,
    "init_guess": [
        0.006437222058477453,
        0.06437222058477453,
        8.0,
        30.0,
        30.0,
        30.0,
        30.0,
        30.0,
        30.0,
        30.0,
        30.0,
        30.0,
        30.0,
        30.0,
        30.0,
        30.0,
        30.0,
        30.0,
        30.0,
        30.0,
        30.0,
        30.0,
        30.0,
        30.0,
        30.0,
        30.0,
        30.0,
        30.0
    ],
    "model": "Competition Model",
    "model_params": [
        "C_0",
        "N_0",
        "kn",
        "rs"
    ],
    "model_species": [
        "C",
        "N"
    ],
    "obj_fun": 0.7204249766591904,
    "zone_cols": 5,
    "zone_coords": [
        9,
        15
    ],
    "zone_rows": 5
}