{
    "argv": 1050,
    "bounds": [
        [
            6.437222058477453e-12,
            0.006437222058477453
        ],
        [
            0.06437222058477453,
            0.12874444116954906
        ],
        [
            0.0,
            11.0
        ],
        [
            0.0,
            null
        ],
        [
            0.0,
            null
        ],
        [
            0.0,
            null
        ],
        [
            0.0,
            null
        ],
        [
            0.0,
            null
        ],
        [
            0.0,
            null
        ],
        [
            0.0,
            null
        ],
        [
            0.0,
            null
        ],
        [
            0.0,
            null
        ],
        [
            0.0,
            null
        ],
        [
            0.0,
            null
        ],
        [
            0.0,
            null
        ],
        [
            0.0,
            null
        ],
        [
            0.0,
            null
        ],
        [
            0.0,
            null
        ],
        [
            0.0,
            null
        ],
        [
            0.0,
            null
        ],
        [
            0.0,
            null
        ],
        [
            0.0,
            null
        ],
        [
            0.0,
            null
        ],
        [
            0.0,
            null
        ],
        [
            0.0,
            null
        ],
        [
            0.0,
            null
        ],
        [
            0.0,
            null
        ],
        [
            0.0,
            null
        ]
    ],
    "comp_est": [
        0.0006437222058449435,
        0.06437222058477453,
        5.0,
        59.99999999883534,
        60.000000007285266,
        60.00000000686254,
        60.000000007731956,
        60.00000000588356,
        60.00000000727438,
        60.00000000869841,
        60.0000000064317,
        60.000000009230384,
        60.00000000782819,
        60.00000000687436,
        60.0000000064306,
        60.00000001526971,
        60.000000008032494,
        60.00000000618328,
        60.00000000772908,
        60.00000000924194,
        60.00000000802277,
        60.00000000911733,
        60.00000001090791,
        60.00000000588413,
        60.00000000781621,
        60.0000000061861,
        60.0000000109092,
        60.000000006436515
    ],
    "fit_time": 28342.48457622528,
    "init_guess": [
        0.0006437222058477453,
        0.06437222058477453,
        5.0,
        60.0,
        60.0,
        60.0,
        60.0,
        60.0,
        60.0,
        60.0,
        60.0,
        60.0,
        60.0,
        60.0,
        60.0,
        60.0,
        60.0,
        60.0,
        60.0,
        60.0,
        60.0,
        60.0,
        60.0,
        60.0,
        60.0,
        60.0,
        60.0,
        60.0
    ],
    "model": "Competition Model",
    "model_params": [
        "C_0",
        "N_0",
        "kn",
        "rs"
    ],
    "model_species": [
        "C",
        "N"
    ],
    "obj_fun": 0.6954189160516199,
    "zone_cols": 5,
    "zone_coords": [
        9,
        15
    ],
    "zone_rows": 5
}