{
    "argv": 941,
    "bounds": [
        [
            6.437222058477453e-12,
            0.006437222058477453
        ],
        [
            0.06437222058477453,
            0.12874444116954906
        ],
        [
            0.0,
            11.0
        ],
        [
            0.0,
            null
        ],
        [
            0.0,
            null
        ],
        [
            0.0,
            null
        ],
        [
            0.0,
            null
        ],
        [
            0.0,
            null
        ],
        [
            0.0,
            null
        ],
        [
            0.0,
            null
        ],
        [
            0.0,
            null
        ],
        [
            0.0,
            null
        ],
        [
            0.0,
            null
        ],
        [
            0.0,
            null
        ],
        [
            0.0,
            null
        ],
        [
            0.0,
            null
        ],
        [
            0.0,
            null
        ],
        [
            0.0,
            null
        ],
        [
            0.0,
            null
        ],
        [
            0.0,
            null
        ],
        [
            0.0,
            null
        ],
        [
            0.0,
            null
        ],
        [
            0.0,
            null
        ],
        [
            0.0,
            null
        ],
        [
            0.0,
            null
        ],
        [
            0.0,
            null
        ],
        [
            0.0,
            null
        ],
        [
            0.0,
            null
        ]
    ],
    "comp_est": [
        6.437221986985949e-05,
        0.06437222058477453,
        6.0,
        64.99999974340821,
        64.99999984793322,
        64.9999997656051,
        64.99999987283847,
        65.0000010121694,
        64.99999984733134,
        65.00000161297193,
        65.00000179722277,
        65.00000163879348,
        64.99999990904307,
        64.99999976649097,
        65.00000179721569,
        65.0000026380866,
        65.00000179289239,
        64.99999992451167,
        64.99999987252727,
        65.00000163935694,
        65.00000179239488,
        65.00000112751208,
        64.99999982138434,
        65.00000101211963,
        64.99999990824924,
        64.99999992462851,
        64.99999982148557,
        65.00000062455025
    ],
    "fit_time": 29797.759610652924,
    "init_guess": [
        6.437222058477453e-05,
        0.06437222058477453,
        6.0,
        65.0,
        65.0,
        65.0,
        65.0,
        65.0,
        65.0,
        65.0,
        65.0,
        65.0,
        65.0,
        65.0,
        65.0,
        65.0,
        65.0,
        65.0,
        65.0,
        65.0,
        65.0,
        65.0,
        65.0,
        65.0,
        65.0,
        65.0,
        65.0,
        65.0
    ],
    "model": "Competition Model",
    "model_params": [
        "C_0",
        "N_0",
        "kn",
        "rs"
    ],
    "model_species": [
        "C",
        "N"
    ],
    "obj_fun": 0.6158920087854027,
    "zone_cols": 5,
    "zone_coords": [
        9,
        15
    ],
    "zone_rows": 5
}