{
    "argv": 822,
    "bounds": [
        [
            5.848410588726615e-12,
            0.005848410588726615
        ],
        [
            0.05848410588726615,
            0.1169682117745323
        ],
        [
            0.0,
            11.0
        ],
        [
            0.0,
            null
        ],
        [
            0.0,
            null
        ],
        [
            0.0,
            null
        ],
        [
            0.0,
            null
        ],
        [
            0.0,
            null
        ],
        [
            0.0,
            null
        ],
        [
            0.0,
            null
        ],
        [
            0.0,
            null
        ],
        [
            0.0,
            null
        ],
        [
            0.0,
            null
        ],
        [
            0.0,
            null
        ],
        [
            0.0,
            null
        ],
        [
            0.0,
            null
        ],
        [
            0.0,
            null
        ],
        [
            0.0,
            null
        ],
        [
            0.0,
            null
        ],
        [
            0.0,
            null
        ],
        [
            0.0,
            null
        ],
        [
            0.0,
            null
        ],
        [
            0.0,
            null
        ],
        [
            0.0,
            null
        ],
        [
            0.0,
            null
        ],
        [
            0.0,
            null
        ],
        [
            0.0,
            null
        ],
        [
            0.0,
            null
        ]
    ],
    "comp_est": [
        5.848410522836709e-06,
        0.05848410588728844,
        8.000000000000007,
        65.00000115729866,
        65.00000026410858,
        65.00000176817619,
        65.00000026579072,
        65.00000115699746,
        65.00000026410935,
        65.00000025983917,
        65.00000062910769,
        65.00000161738579,
        65.00000026437736,
        65.00000176815281,
        65.00000062916338,
        65.0000018596065,
        65.00000062901664,
        65.00000183285368,
        65.0000002659998,
        65.00000161733672,
        65.00000062875212,
        65.0000017575233,
        65.000000263808,
        65.00000115692191,
        65.00000026431887,
        65.0000018331577,
        65.0000002638628,
        65.00000115691017
    ],
    "fit_time": 38933.78355097771,
    "init_guess": [
        5.848410588726615e-06,
        0.05848410588726615,
        8.0,
        65.0,
        65.0,
        65.0,
        65.0,
        65.0,
        65.0,
        65.0,
        65.0,
        65.0,
        65.0,
        65.0,
        65.0,
        65.0,
        65.0,
        65.0,
        65.0,
        65.0,
        65.0,
        65.0,
        65.0,
        65.0,
        65.0,
        65.0,
        65.0,
        65.0
    ],
    "model": "Competition Model",
    "model_params": [
        "C_0",
        "N_0",
        "kn",
        "rs"
    ],
    "model_species": [
        "C",
        "N"
    ],
    "obj_fun": 0.4150848287257498,
    "zone_cols": 5,
    "zone_coords": [
        7,
        13
    ],
    "zone_rows": 5
}