{
    "argv": 966,
    "bounds": [
        [
            6.437222058477453e-12,
            0.006437222058477453
        ],
        [
            0.06437222058477453,
            0.12874444116954906
        ],
        [
            0.0,
            11.0
        ],
        [
            0.0,
            null
        ],
        [
            0.0,
            null
        ],
        [
            0.0,
            null
        ],
        [
            0.0,
            null
        ],
        [
            0.0,
            null
        ],
        [
            0.0,
            null
        ],
        [
            0.0,
            null
        ],
        [
            0.0,
            null
        ],
        [
            0.0,
            null
        ],
        [
            0.0,
            null
        ],
        [
            0.0,
            null
        ],
        [
            0.0,
            null
        ],
        [
            0.0,
            null
        ],
        [
            0.0,
            null
        ],
        [
            0.0,
            null
        ],
        [
            0.0,
            null
        ],
        [
            0.0,
            null
        ],
        [
            0.0,
            null
        ],
        [
            0.0,
            null
        ],
        [
            0.0,
            null
        ],
        [
            0.0,
            null
        ],
        [
            0.0,
            null
        ],
        [
            0.0,
            null
        ],
        [
            0.0,
            null
        ],
        [
            0.0,
            null
        ]
    ],
    "comp_est": [
        6.437222055731362e-05,
        0.06437222058477453,
        8.999999999999998,
        74.99999985298719,
        74.9999997917248,
        75.00000020006618,
        74.99999984028311,
        74.99999988139749,
        74.99999979215895,
        75.00000002033367,
        75.00000027961188,
        74.99999994305419,
        75.00000006792764,
        75.00000019980921,
        75.00000027961738,
        75.00000003470653,
        75.00000028021505,
        75.0000001275359,
        74.99999984028787,
        74.99999994312127,
        75.00000028018754,
        75.00000003178455,
        74.99999987423874,
        74.99999990113928,
        75.00000006790721,
        75.00000012755737,
        74.99999987462894,
        74.99999993362067
    ],
    "fit_time": 66746.04862356186,
    "init_guess": [
        6.437222058477453e-05,
        0.06437222058477453,
        9.0,
        75.0,
        75.0,
        75.0,
        75.0,
        75.0,
        75.0,
        75.0,
        75.0,
        75.0,
        75.0,
        75.0,
        75.0,
        75.0,
        75.0,
        75.0,
        75.0,
        75.0,
        75.0,
        75.0,
        75.0,
        75.0,
        75.0,
        75.0,
        75.0,
        75.0
    ],
    "model": "Competition Model",
    "model_params": [
        "C_0",
        "N_0",
        "kn",
        "rs"
    ],
    "model_species": [
        "C",
        "N"
    ],
    "obj_fun": 0.656646151188984,
    "zone_cols": 5,
    "zone_coords": [
        9,
        15
    ],
    "zone_rows": 5
}