{
    "argv": 233,
    "bounds": [
        [
            5.848410588726615e-12,
            0.005848410588726615
        ],
        [
            0.05848410588726615,
            0.1169682117745323
        ],
        [
            0.0,
            11.0
        ],
        [
            0.0,
            null
        ],
        [
            0.0,
            null
        ],
        [
            0.0,
            null
        ],
        [
            0.0,
            null
        ],
        [
            0.0,
            null
        ],
        [
            0.0,
            null
        ],
        [
            0.0,
            null
        ],
        [
            0.0,
            null
        ],
        [
            0.0,
            null
        ],
        [
            0.0,
            null
        ],
        [
            0.0,
            null
        ],
        [
            0.0,
            null
        ],
        [
            0.0,
            null
        ],
        [
            0.0,
            null
        ],
        [
            0.0,
            null
        ],
        [
            0.0,
            null
        ],
        [
            0.0,
            null
        ],
        [
            0.0,
            null
        ],
        [
            0.0,
            null
        ],
        [
            0.0,
            null
        ],
        [
            0.0,
            null
        ],
        [
            0.0,
            null
        ],
        [
            0.0,
            null
        ],
        [
            0.0,
            null
        ],
        [
            0.0,
            null
        ]
    ],
    "comp_est": [
        3.43476235413853e-06,
        0.05848410588726615,
        2.2339958693817557,
        60.50388545830646,
        59.864539837578626,
        67.25075036507029,
        71.87194835406011,
        72.38397907871877,
        50.68107286312186,
        56.17275249930031,
        64.04423100676708,
        74.0581017340489,
        94.99708489091985,
        62.899327382275835,
        64.24794059149697,
        64.43749688417535,
        86.17049913685088,
        70.69029314575668,
        64.33989027000808,
        65.92389344787601,
        63.97733484795418,
        65.75217775645442,
        65.62278029107787,
        59.57135404543583,
        68.29418180228953,
        87.80677284224505,
        67.43347600667195,
        62.899275130174814
    ],
    "fit_time": 52656.46550822258,
    "init_guess": [
        5.848410588726616e-11,
        0.05848410588726615,
        2.0,
        75.0,
        75.0,
        75.0,
        75.0,
        75.0,
        75.0,
        75.0,
        75.0,
        75.0,
        75.0,
        75.0,
        75.0,
        75.0,
        75.0,
        75.0,
        75.0,
        75.0,
        75.0,
        75.0,
        75.0,
        75.0,
        75.0,
        75.0,
        75.0,
        75.0
    ],
    "model": "Competition Model",
    "model_params": [
        "C_0",
        "N_0",
        "kn",
        "rs"
    ],
    "model_species": [
        "C",
        "N"
    ],
    "obj_fun": 0.06647690447575745,
    "zone_cols": 5,
    "zone_coords": [
        7,
        13
    ],
    "zone_rows": 5
}