{
    "argv": 1018,
    "bounds": [
        [
            5.848410588726615e-12,
            0.005848410588726615
        ],
        [
            0.05848410588726615,
            0.1169682117745323
        ],
        [
            0.0,
            11.0
        ],
        [
            0.0,
            null
        ],
        [
            0.0,
            null
        ],
        [
            0.0,
            null
        ],
        [
            0.0,
            null
        ],
        [
            0.0,
            null
        ],
        [
            0.0,
            null
        ],
        [
            0.0,
            null
        ],
        [
            0.0,
            null
        ],
        [
            0.0,
            null
        ],
        [
            0.0,
            null
        ],
        [
            0.0,
            null
        ],
        [
            0.0,
            null
        ],
        [
            0.0,
            null
        ],
        [
            0.0,
            null
        ],
        [
            0.0,
            null
        ],
        [
            0.0,
            null
        ],
        [
            0.0,
            null
        ],
        [
            0.0,
            null
        ],
        [
            0.0,
            null
        ],
        [
            0.0,
            null
        ],
        [
            0.0,
            null
        ],
        [
            0.0,
            null
        ],
        [
            0.0,
            null
        ],
        [
            0.0,
            null
        ],
        [
            0.0,
            null
        ]
    ],
    "comp_est": [
        0.0005848410588720958,
        0.05848410588726615,
        6.0,
        45.000000003706724,
        45.000000023292245,
        45.000000012897445,
        45.00000002261659,
        45.000000003549964,
        45.00000002329147,
        45.000000012051196,
        45.00000001314815,
        45.00000001208816,
        45.0000000114215,
        45.00000001289751,
        45.00000001314863,
        45.0000000156525,
        45.0000000131956,
        45.00000001291228,
        45.00000002261669,
        45.00000001208856,
        45.00000001319108,
        45.00000001249171,
        45.00000002337678,
        45.00000000355016,
        45.000000011417406,
        45.00000001291728,
        45.00000002337676,
        45.00000000308184
    ],
    "fit_time": 17419.116846561432,
    "init_guess": [
        0.0005848410588726615,
        0.05848410588726615,
        6.0,
        45.0,
        45.0,
        45.0,
        45.0,
        45.0,
        45.0,
        45.0,
        45.0,
        45.0,
        45.0,
        45.0,
        45.0,
        45.0,
        45.0,
        45.0,
        45.0,
        45.0,
        45.0,
        45.0,
        45.0,
        45.0,
        45.0,
        45.0,
        45.0,
        45.0
    ],
    "model": "Competition Model",
    "model_params": [
        "C_0",
        "N_0",
        "kn",
        "rs"
    ],
    "model_species": [
        "C",
        "N"
    ],
    "obj_fun": 0.4468867734472844,
    "zone_cols": 5,
    "zone_coords": [
        7,
        13
    ],
    "zone_rows": 5
}