{
    "argv": 825,
    "bounds": [
        [
            5.848410588726615e-12,
            0.005848410588726615
        ],
        [
            0.05848410588726615,
            0.1169682117745323
        ],
        [
            0.0,
            11.0
        ],
        [
            0.0,
            null
        ],
        [
            0.0,
            null
        ],
        [
            0.0,
            null
        ],
        [
            0.0,
            null
        ],
        [
            0.0,
            null
        ],
        [
            0.0,
            null
        ],
        [
            0.0,
            null
        ],
        [
            0.0,
            null
        ],
        [
            0.0,
            null
        ],
        [
            0.0,
            null
        ],
        [
            0.0,
            null
        ],
        [
            0.0,
            null
        ],
        [
            0.0,
            null
        ],
        [
            0.0,
            null
        ],
        [
            0.0,
            null
        ],
        [
            0.0,
            null
        ],
        [
            0.0,
            null
        ],
        [
            0.0,
            null
        ],
        [
            0.0,
            null
        ],
        [
            0.0,
            null
        ],
        [
            0.0,
            null
        ],
        [
            0.0,
            null
        ],
        [
            0.0,
            null
        ],
        [
            0.0,
            null
        ],
        [
            0.0,
            null
        ]
    ],
    "comp_est": [
        4.052105439663976e-06,
        0.05848410588726615,
        9.388504243712983,
        68.5575289271833,
        67.22106970963165,
        69.7870585618938,
        70.35844684082718,
        68.7494104320723,
        64.11540109418634,
        65.29183304686333,
        67.67749629337287,
        71.34031475503342,
        83.88588069405944,
        69.10833671378889,
        68.90120542612891,
        68.07891030688822,
        79.88626234408794,
        68.57236944001177,
        69.0544427229273,
        69.49096818955691,
        67.45232673623971,
        67.76053231611661,
        67.39012268000423,
        66.12398021833259,
        70.67362237221278,
        81.78189019252903,
        69.0286906345598,
        66.4152858787109
    ],
    "fit_time": 35181.386023044586,
    "init_guess": [
        5.848410588726615e-06,
        0.05848410588726615,
        0.0,
        70.0,
        70.0,
        70.0,
        70.0,
        70.0,
        70.0,
        70.0,
        70.0,
        70.0,
        70.0,
        70.0,
        70.0,
        70.0,
        70.0,
        70.0,
        70.0,
        70.0,
        70.0,
        70.0,
        70.0,
        70.0,
        70.0,
        70.0,
        70.0,
        70.0
    ],
    "model": "Competition Model",
    "model_params": [
        "C_0",
        "N_0",
        "kn",
        "rs"
    ],
    "model_species": [
        "C",
        "N"
    ],
    "obj_fun": 0.1047625553442438,
    "zone_cols": 5,
    "zone_coords": [
        7,
        13
    ],
    "zone_rows": 5
}