{
    "argv": 1066,
    "bounds": [
        [
            5.848410588726615e-12,
            0.005848410588726615
        ],
        [
            0.05848410588726615,
            0.1169682117745323
        ],
        [
            0.0,
            11.0
        ],
        [
            0.0,
            null
        ],
        [
            0.0,
            null
        ],
        [
            0.0,
            null
        ],
        [
            0.0,
            null
        ],
        [
            0.0,
            null
        ],
        [
            0.0,
            null
        ],
        [
            0.0,
            null
        ],
        [
            0.0,
            null
        ],
        [
            0.0,
            null
        ],
        [
            0.0,
            null
        ],
        [
            0.0,
            null
        ],
        [
            0.0,
            null
        ],
        [
            0.0,
            null
        ],
        [
            0.0,
            null
        ],
        [
            0.0,
            null
        ],
        [
            0.0,
            null
        ],
        [
            0.0,
            null
        ],
        [
            0.0,
            null
        ],
        [
            0.0,
            null
        ],
        [
            0.0,
            null
        ],
        [
            0.0,
            null
        ],
        [
            0.0,
            null
        ],
        [
            0.0,
            null
        ],
        [
            0.0,
            null
        ],
        [
            0.0,
            null
        ]
    ],
    "comp_est": [
        0.0005848410588626998,
        0.05848410588726615,
        10.0,
        64.99999972700773,
        64.99999979443291,
        64.99999997722824,
        64.99999980455871,
        65.00000002434776,
        64.99999979442264,
        64.99999983570176,
        64.9999999255197,
        64.99999975998381,
        64.99999977454742,
        64.99999997722891,
        64.99999992551686,
        64.9999998849288,
        64.99999992541632,
        64.9999999032147,
        64.99999980456046,
        64.99999975999359,
        64.99999992536759,
        64.99999982356559,
        64.99999986990954,
        65.00000002438587,
        64.99999977450484,
        64.9999999032616,
        64.9999998699017,
        65.00000007710064
    ],
    "fit_time": 29896.92171573639,
    "init_guess": [
        0.0005848410588726615,
        0.05848410588726615,
        10.0,
        65.0,
        65.0,
        65.0,
        65.0,
        65.0,
        65.0,
        65.0,
        65.0,
        65.0,
        65.0,
        65.0,
        65.0,
        65.0,
        65.0,
        65.0,
        65.0,
        65.0,
        65.0,
        65.0,
        65.0,
        65.0,
        65.0,
        65.0,
        65.0,
        65.0
    ],
    "model": "Competition Model",
    "model_params": [
        "C_0",
        "N_0",
        "kn",
        "rs"
    ],
    "model_species": [
        "C",
        "N"
    ],
    "obj_fun": 0.5361003479154547,
    "zone_cols": 5,
    "zone_coords": [
        7,
        13
    ],
    "zone_rows": 5
}