{
    "argv": 826,
    "bounds": [
        [
            6.437222058477453e-12,
            0.006437222058477453
        ],
        [
            0.06437222058477453,
            0.12874444116954906
        ],
        [
            0.0,
            11.0
        ],
        [
            0.0,
            null
        ],
        [
            0.0,
            null
        ],
        [
            0.0,
            null
        ],
        [
            0.0,
            null
        ],
        [
            0.0,
            null
        ],
        [
            0.0,
            null
        ],
        [
            0.0,
            null
        ],
        [
            0.0,
            null
        ],
        [
            0.0,
            null
        ],
        [
            0.0,
            null
        ],
        [
            0.0,
            null
        ],
        [
            0.0,
            null
        ],
        [
            0.0,
            null
        ],
        [
            0.0,
            null
        ],
        [
            0.0,
            null
        ],
        [
            0.0,
            null
        ],
        [
            0.0,
            null
        ],
        [
            0.0,
            null
        ],
        [
            0.0,
            null
        ],
        [
            0.0,
            null
        ],
        [
            0.0,
            null
        ],
        [
            0.0,
            null
        ],
        [
            0.0,
            null
        ],
        [
            0.0,
            null
        ],
        [
            0.0,
            null
        ]
    ],
    "comp_est": [
        1.6031811363410277e-06,
        0.06437222363251491,
        8.076268708211513,
        67.15960217766481,
        78.29457438073003,
        67.31537929787376,
        68.94718391706982,
        67.00892902555135,
        66.41015729228671,
        66.90151758119848,
        68.2919529760145,
        64.41058442626128,
        81.49783850267461,
        79.8410402224849,
        66.55453164494091,
        66.91182393521554,
        75.60121152962304,
        64.95622916801716,
        64.35753526829164,
        77.0584473221788,
        64.18718674855087,
        82.19052207381203,
        66.65007719769282,
        68.15706696640807,
        68.78872828656307,
        69.21393248519713,
        67.99382426730382,
        66.7968737518046
    ],
    "fit_time": 48968.28093457222,
    "init_guess": [
        6.437222058477453e-06,
        0.06437222058477453,
        1.0,
        70.0,
        70.0,
        70.0,
        70.0,
        70.0,
        70.0,
        70.0,
        70.0,
        70.0,
        70.0,
        70.0,
        70.0,
        70.0,
        70.0,
        70.0,
        70.0,
        70.0,
        70.0,
        70.0,
        70.0,
        70.0,
        70.0,
        70.0,
        70.0,
        70.0
    ],
    "model": "Competition Model",
    "model_params": [
        "C_0",
        "N_0",
        "kn",
        "rs"
    ],
    "model_species": [
        "C",
        "N"
    ],
    "obj_fun": 0.1416547512764712,
    "zone_cols": 5,
    "zone_coords": [
        9,
        15
    ],
    "zone_rows": 5
}