{
    "argv": 332,
    "bounds": [
        [
            6.437222058477453e-12,
            0.006437222058477453
        ],
        [
            0.06437222058477453,
            0.12874444116954906
        ],
        [
            0.0,
            11.0
        ],
        [
            0.0,
            null
        ],
        [
            0.0,
            null
        ],
        [
            0.0,
            null
        ],
        [
            0.0,
            null
        ],
        [
            0.0,
            null
        ],
        [
            0.0,
            null
        ],
        [
            0.0,
            null
        ],
        [
            0.0,
            null
        ],
        [
            0.0,
            null
        ],
        [
            0.0,
            null
        ],
        [
            0.0,
            null
        ],
        [
            0.0,
            null
        ],
        [
            0.0,
            null
        ],
        [
            0.0,
            null
        ],
        [
            0.0,
            null
        ],
        [
            0.0,
            null
        ],
        [
            0.0,
            null
        ],
        [
            0.0,
            null
        ],
        [
            0.0,
            null
        ],
        [
            0.0,
            null
        ],
        [
            0.0,
            null
        ],
        [
            0.0,
            null
        ],
        [
            0.0,
            null
        ],
        [
            0.0,
            null
        ],
        [
            0.0,
            null
        ]
    ],
    "comp_est": [
        3.1253418451854753e-06,
        0.06437222058477453,
        2.6254968167314523,
        61.46868330743652,
        77.53451320479303,
        61.58010658769333,
        62.31655348606965,
        61.8238840657556,
        60.51314928012457,
        61.208748207485364,
        61.41656500490097,
        58.370001196865644,
        83.67012216722902,
        80.73519673247179,
        61.803298774547734,
        60.9498575597587,
        76.15814658369155,
        59.35627970290716,
        58.17495180800099,
        74.01550452147028,
        58.38658936327696,
        82.0722260004313,
        61.120806672435485,
        61.13291993006403,
        63.973247607217175,
        63.50321866970855,
        63.519834849102445,
        58.87194169722
    ],
    "fit_time": 40591.47235250473,
    "init_guess": [
        6.437222058477453e-10,
        0.06437222058477453,
        2.0,
        65.0,
        65.0,
        65.0,
        65.0,
        65.0,
        65.0,
        65.0,
        65.0,
        65.0,
        65.0,
        65.0,
        65.0,
        65.0,
        65.0,
        65.0,
        65.0,
        65.0,
        65.0,
        65.0,
        65.0,
        65.0,
        65.0,
        65.0,
        65.0,
        65.0
    ],
    "model": "Competition Model",
    "model_params": [
        "C_0",
        "N_0",
        "kn",
        "rs"
    ],
    "model_species": [
        "C",
        "N"
    ],
    "obj_fun": 0.09816058345663248,
    "zone_cols": 5,
    "zone_coords": [
        9,
        15
    ],
    "zone_rows": 5
}