{
    "argv": 528,
    "bounds": [
        [
            5.848410588726615e-12,
            0.005848410588726615
        ],
        [
            0.05848410588726615,
            0.1169682117745323
        ],
        [
            0.0,
            11.0
        ],
        [
            0.0,
            null
        ],
        [
            0.0,
            null
        ],
        [
            0.0,
            null
        ],
        [
            0.0,
            null
        ],
        [
            0.0,
            null
        ],
        [
            0.0,
            null
        ],
        [
            0.0,
            null
        ],
        [
            0.0,
            null
        ],
        [
            0.0,
            null
        ],
        [
            0.0,
            null
        ],
        [
            0.0,
            null
        ],
        [
            0.0,
            null
        ],
        [
            0.0,
            null
        ],
        [
            0.0,
            null
        ],
        [
            0.0,
            null
        ],
        [
            0.0,
            null
        ],
        [
            0.0,
            null
        ],
        [
            0.0,
            null
        ],
        [
            0.0,
            null
        ],
        [
            0.0,
            null
        ],
        [
            0.0,
            null
        ],
        [
            0.0,
            null
        ],
        [
            0.0,
            null
        ],
        [
            0.0,
            null
        ],
        [
            0.0,
            null
        ]
    ],
    "comp_est": [
        0.00010016323366290838,
        0.05890532762588774,
        7.1910338953675375,
        44.29599395538264,
        43.01715884735339,
        45.108459180989016,
        45.10632018128093,
        43.25812804988853,
        40.47830600016746,
        41.362545169775565,
        43.00408350326042,
        44.56576070325219,
        57.029413229440244,
        44.28181282302203,
        44.28048839561796,
        42.71056538375542,
        55.790305169007,
        42.805789567149894,
        44.35791670164533,
        43.878465869742264,
        41.83300987711859,
        42.263078610539715,
        42.65265383081321,
        41.80183353493991,
        43.83526555819993,
        56.97723340426937,
        42.985679605526,
        41.887770763286134
    ],
    "fit_time": 21827.35182285309,
    "init_guess": [
        5.8484105887266145e-08,
        0.05848410588726615,
        0.0,
        45.0,
        45.0,
        45.0,
        45.0,
        45.0,
        45.0,
        45.0,
        45.0,
        45.0,
        45.0,
        45.0,
        45.0,
        45.0,
        45.0,
        45.0,
        45.0,
        45.0,
        45.0,
        45.0,
        45.0,
        45.0,
        45.0,
        45.0,
        45.0,
        45.0
    ],
    "model": "Competition Model",
    "model_params": [
        "C_0",
        "N_0",
        "kn",
        "rs"
    ],
    "model_species": [
        "C",
        "N"
    ],
    "obj_fun": 0.0871721929547974,
    "zone_cols": 5,
    "zone_coords": [
        7,
        13
    ],
    "zone_rows": 5
}