{
    "argv": 671,
    "bounds": [
        [
            6.437222058477453e-12,
            0.006437222058477453
        ],
        [
            0.06437222058477453,
            0.12874444116954906
        ],
        [
            0.0,
            11.0
        ],
        [
            0.0,
            null
        ],
        [
            0.0,
            null
        ],
        [
            0.0,
            null
        ],
        [
            0.0,
            null
        ],
        [
            0.0,
            null
        ],
        [
            0.0,
            null
        ],
        [
            0.0,
            null
        ],
        [
            0.0,
            null
        ],
        [
            0.0,
            null
        ],
        [
            0.0,
            null
        ],
        [
            0.0,
            null
        ],
        [
            0.0,
            null
        ],
        [
            0.0,
            null
        ],
        [
            0.0,
            null
        ],
        [
            0.0,
            null
        ],
        [
            0.0,
            null
        ],
        [
            0.0,
            null
        ],
        [
            0.0,
            null
        ],
        [
            0.0,
            null
        ],
        [
            0.0,
            null
        ],
        [
            0.0,
            null
        ],
        [
            0.0,
            null
        ],
        [
            0.0,
            null
        ],
        [
            0.0,
            null
        ],
        [
            0.0,
            null
        ]
    ],
    "comp_est": [
        1.7351339640333223e-05,
        0.06657870716079926,
        2.0671975181219358,
        47.79932150143156,
        62.14978912383324,
        48.05132069841507,
        50.15730313524973,
        49.339802629208705,
        46.01845618679803,
        46.850022857292956,
        47.59623423514953,
        44.68980460332625,
        67.80379897430105,
        64.73264171059614,
        48.34339975675858,
        46.02422179132991,
        59.991754140618646,
        46.16743913344801,
        42.02538617962068,
        60.27070327591976,
        43.180025629055805,
        67.41426334080317,
        45.81839186461714,
        44.796017003951924,
        48.11338305860844,
        48.90391178018392,
        48.3495527160322,
        41.444951577075166
    ],
    "fit_time": 45926.72951602936,
    "init_guess": [
        6.437222058477454e-07,
        0.06437222058477453,
        0.0,
        55.0,
        55.0,
        55.0,
        55.0,
        55.0,
        55.0,
        55.0,
        55.0,
        55.0,
        55.0,
        55.0,
        55.0,
        55.0,
        55.0,
        55.0,
        55.0,
        55.0,
        55.0,
        55.0,
        55.0,
        55.0,
        55.0,
        55.0,
        55.0,
        55.0
    ],
    "model": "Competition Model",
    "model_params": [
        "C_0",
        "N_0",
        "kn",
        "rs"
    ],
    "model_species": [
        "C",
        "N"
    ],
    "obj_fun": 0.08403710293046378,
    "zone_cols": 5,
    "zone_coords": [
        9,
        15
    ],
    "zone_rows": 5
}