{
    "argv": 107,
    "bounds": [
        [
            6.437222058477453e-12,
            0.006437222058477453
        ],
        [
            0.06437222058477453,
            0.12874444116954906
        ],
        [
            0.0,
            11.0
        ],
        [
            0.0,
            null
        ],
        [
            0.0,
            null
        ],
        [
            0.0,
            null
        ],
        [
            0.0,
            null
        ],
        [
            0.0,
            null
        ],
        [
            0.0,
            null
        ],
        [
            0.0,
            null
        ],
        [
            0.0,
            null
        ],
        [
            0.0,
            null
        ],
        [
            0.0,
            null
        ],
        [
            0.0,
            null
        ],
        [
            0.0,
            null
        ],
        [
            0.0,
            null
        ],
        [
            0.0,
            null
        ],
        [
            0.0,
            null
        ],
        [
            0.0,
            null
        ],
        [
            0.0,
            null
        ],
        [
            0.0,
            null
        ],
        [
            0.0,
            null
        ],
        [
            0.0,
            null
        ],
        [
            0.0,
            null
        ],
        [
            0.0,
            null
        ],
        [
            0.0,
            null
        ],
        [
            0.0,
            null
        ],
        [
            0.0,
            null
        ]
    ],
    "comp_est": [
        1.5293381275591482e-08,
        0.08323674531613776,
        7.847219323746682,
        70.12755782429014,
        69.69893831630912,
        69.79539196155834,
        69.90260561848748,
        70.22808807391304,
        69.6974564230694,
        69.85675907657934,
        69.85311204107924,
        69.89256756592354,
        70.31082703523326,
        69.79695165020469,
        69.85338578877797,
        69.85411998431823,
        69.81999635458163,
        69.9850345124379,
        69.88494329917103,
        69.98632416265393,
        69.81215491159551,
        70.57827274893333,
        69.98934743730763,
        70.22802369834376,
        70.30948824136595,
        69.98494950904427,
        69.98903141227872,
        69.89059673087678
    ],
    "fit_time": 86004.9184217453,
    "init_guess": [
        6.437222058477453e-12,
        0.06437222058477453,
        8.0,
        70.0,
        70.0,
        70.0,
        70.0,
        70.0,
        70.0,
        70.0,
        70.0,
        70.0,
        70.0,
        70.0,
        70.0,
        70.0,
        70.0,
        70.0,
        70.0,
        70.0,
        70.0,
        70.0,
        70.0,
        70.0,
        70.0,
        70.0,
        70.0,
        70.0
    ],
    "model": "Competition Model",
    "model_params": [
        "C_0",
        "N_0",
        "kn",
        "rs"
    ],
    "model_species": [
        "C",
        "N"
    ],
    "obj_fun": 0.5853877072461198,
    "zone_cols": 5,
    "zone_coords": [
        9,
        15
    ],
    "zone_rows": 5
}