{
    "argv": 761,
    "bounds": [
        [
            6.437222058477453e-12,
            0.006437222058477453
        ],
        [
            0.06437222058477453,
            0.12874444116954906
        ],
        [
            0.0,
            11.0
        ],
        [
            0.0,
            null
        ],
        [
            0.0,
            null
        ],
        [
            0.0,
            null
        ],
        [
            0.0,
            null
        ],
        [
            0.0,
            null
        ],
        [
            0.0,
            null
        ],
        [
            0.0,
            null
        ],
        [
            0.0,
            null
        ],
        [
            0.0,
            null
        ],
        [
            0.0,
            null
        ],
        [
            0.0,
            null
        ],
        [
            0.0,
            null
        ],
        [
            0.0,
            null
        ],
        [
            0.0,
            null
        ],
        [
            0.0,
            null
        ],
        [
            0.0,
            null
        ],
        [
            0.0,
            null
        ],
        [
            0.0,
            null
        ],
        [
            0.0,
            null
        ],
        [
            0.0,
            null
        ],
        [
            0.0,
            null
        ],
        [
            0.0,
            null
        ],
        [
            0.0,
            null
        ],
        [
            0.0,
            null
        ],
        [
            0.0,
            null
        ]
    ],
    "comp_est": [
        5.870086025569277e-05,
        0.06915650728864396,
        1.8437862165916499,
        37.62750395567304,
        51.01696197984234,
        37.318128734801206,
        38.93827973515556,
        39.62609854746814,
        36.854943617109896,
        37.249374778993214,
        37.32757307862992,
        34.63489137266248,
        58.22568959725509,
        53.230586454226106,
        39.57354842847977,
        36.524842943758145,
        50.636488853168586,
        36.37913801731355,
        33.482641321909234,
        48.75942258491908,
        34.85218587590304,
        55.83114372974634,
        37.0063129497939,
        34.90804314412714,
        38.93378761257934,
        38.94529180831538,
        39.51457367754776,
        32.0910564616422
    ],
    "fit_time": 2110.6753826141357,
    "init_guess": [
        6.437222058477453e-06,
        0.06437222058477453,
        2.0,
        40.0,
        40.0,
        40.0,
        40.0,
        40.0,
        40.0,
        40.0,
        40.0,
        40.0,
        40.0,
        40.0,
        40.0,
        40.0,
        40.0,
        40.0,
        40.0,
        40.0,
        40.0,
        40.0,
        40.0,
        40.0,
        40.0,
        40.0,
        40.0,
        40.0
    ],
    "model": "Competition Model",
    "model_params": [
        "C_0",
        "N_0",
        "kn",
        "rs"
    ],
    "model_species": [
        "C",
        "N"
    ],
    "obj_fun": 0.07093901381450683,
    "zone_cols": 5,
    "zone_coords": [
        9,
        15
    ],
    "zone_rows": 5
}