{
    "argv": 43,
    "bounds": [
        [
            5.848410588726615e-12,
            0.005848410588726615
        ],
        [
            0.05848410588726615,
            0.1169682117745323
        ],
        [
            0.0,
            11.0
        ],
        [
            0.0,
            null
        ],
        [
            0.0,
            null
        ],
        [
            0.0,
            null
        ],
        [
            0.0,
            null
        ],
        [
            0.0,
            null
        ],
        [
            0.0,
            null
        ],
        [
            0.0,
            null
        ],
        [
            0.0,
            null
        ],
        [
            0.0,
            null
        ],
        [
            0.0,
            null
        ],
        [
            0.0,
            null
        ],
        [
            0.0,
            null
        ],
        [
            0.0,
            null
        ],
        [
            0.0,
            null
        ],
        [
            0.0,
            null
        ],
        [
            0.0,
            null
        ],
        [
            0.0,
            null
        ],
        [
            0.0,
            null
        ],
        [
            0.0,
            null
        ],
        [
            0.0,
            null
        ],
        [
            0.0,
            null
        ],
        [
            0.0,
            null
        ],
        [
            0.0,
            null
        ],
        [
            0.0,
            null
        ],
        [
            0.0,
            null
        ]
    ],
    "comp_est": [
        4.990135085083156e-05,
        0.06705125384564377,
        9.999998067179112,
        40.184615802232464,
        40.208338151785846,
        40.20151820425188,
        40.20834235423505,
        40.15878129494987,
        40.20832989285925,
        40.1627117713864,
        40.10911584661755,
        40.16105071296998,
        40.208377620318466,
        40.20151868555889,
        40.109447170835445,
        40.14340057808548,
        40.109149703339746,
        40.20150580291727,
        40.20834293042113,
        40.161051844452125,
        40.10910898131225,
        40.1081598147595,
        40.20833866710944,
        40.158775479956624,
        40.208344600477865,
        40.20154948052713,
        40.20833719740668,
        40.055035387497526
    ],
    "fit_time": 34905.924010276794,
    "init_guess": [
        5.848410588726615e-12,
        0.05848410588726615,
        10.0,
        40.0,
        40.0,
        40.0,
        40.0,
        40.0,
        40.0,
        40.0,
        40.0,
        40.0,
        40.0,
        40.0,
        40.0,
        40.0,
        40.0,
        40.0,
        40.0,
        40.0,
        40.0,
        40.0,
        40.0,
        40.0,
        40.0,
        40.0,
        40.0,
        40.0
    ],
    "model": "Competition Model",
    "model_params": [
        "C_0",
        "N_0",
        "kn",
        "rs"
    ],
    "model_species": [
        "C",
        "N"
    ],
    "obj_fun": 0.4143762784324399,
    "zone_cols": 5,
    "zone_coords": [
        7,
        13
    ],
    "zone_rows": 5
}