{
    "argv": 936,
    "bounds": [
        [
            5.848410588726615e-12,
            0.005848410588726615
        ],
        [
            0.05848410588726615,
            0.1169682117745323
        ],
        [
            0.0,
            11.0
        ],
        [
            0.0,
            null
        ],
        [
            0.0,
            null
        ],
        [
            0.0,
            null
        ],
        [
            0.0,
            null
        ],
        [
            0.0,
            null
        ],
        [
            0.0,
            null
        ],
        [
            0.0,
            null
        ],
        [
            0.0,
            null
        ],
        [
            0.0,
            null
        ],
        [
            0.0,
            null
        ],
        [
            0.0,
            null
        ],
        [
            0.0,
            null
        ],
        [
            0.0,
            null
        ],
        [
            0.0,
            null
        ],
        [
            0.0,
            null
        ],
        [
            0.0,
            null
        ],
        [
            0.0,
            null
        ],
        [
            0.0,
            null
        ],
        [
            0.0,
            null
        ],
        [
            0.0,
            null
        ],
        [
            0.0,
            null
        ],
        [
            0.0,
            null
        ],
        [
            0.0,
            null
        ],
        [
            0.0,
            null
        ],
        [
            0.0,
            null
        ]
    ],
    "comp_est": [
        5.723773375933379e-06,
        0.05848410588726615,
        10.935626696555119,
        63.975534805459475,
        62.476010249174095,
        65.67246122107122,
        66.6634495843225,
        63.098111919190224,
        58.935107444021256,
        59.34526665608598,
        63.12694160296288,
        67.00269673720787,
        77.19490733108225,
        65.04650212261544,
        64.27811944006967,
        63.52770489763875,
        75.69581368697682,
        62.47448380599394,
        65.38633518635176,
        65.43523864163286,
        62.38709739472746,
        62.83972281719409,
        62.335393918485515,
        60.84342804818674,
        66.4973753942516,
        76.42560936171886,
        64.31359994342453,
        60.84612262672023
    ],
    "fit_time": 10355.417820453644,
    "init_guess": [
        5.848410588726615e-05,
        0.05848410588726615,
        1.0,
        65.0,
        65.0,
        65.0,
        65.0,
        65.0,
        65.0,
        65.0,
        65.0,
        65.0,
        65.0,
        65.0,
        65.0,
        65.0,
        65.0,
        65.0,
        65.0,
        65.0,
        65.0,
        65.0,
        65.0,
        65.0,
        65.0,
        65.0,
        65.0,
        65.0
    ],
    "model": "Competition Model",
    "model_params": [
        "C_0",
        "N_0",
        "kn",
        "rs"
    ],
    "model_species": [
        "C",
        "N"
    ],
    "obj_fun": 0.08949207312657106,
    "zone_cols": 5,
    "zone_coords": [
        7,
        13
    ],
    "zone_rows": 5
}