{
    "argv": 286,
    "bounds": [
        [
            6.437222058477453e-12,
            0.006437222058477453
        ],
        [
            0.06437222058477453,
            0.12874444116954906
        ],
        [
            0.0,
            11.0
        ],
        [
            0.0,
            null
        ],
        [
            0.0,
            null
        ],
        [
            0.0,
            null
        ],
        [
            0.0,
            null
        ],
        [
            0.0,
            null
        ],
        [
            0.0,
            null
        ],
        [
            0.0,
            null
        ],
        [
            0.0,
            null
        ],
        [
            0.0,
            null
        ],
        [
            0.0,
            null
        ],
        [
            0.0,
            null
        ],
        [
            0.0,
            null
        ],
        [
            0.0,
            null
        ],
        [
            0.0,
            null
        ],
        [
            0.0,
            null
        ],
        [
            0.0,
            null
        ],
        [
            0.0,
            null
        ],
        [
            0.0,
            null
        ],
        [
            0.0,
            null
        ],
        [
            0.0,
            null
        ],
        [
            0.0,
            null
        ],
        [
            0.0,
            null
        ],
        [
            0.0,
            null
        ],
        [
            0.0,
            null
        ],
        [
            0.0,
            null
        ]
    ],
    "comp_est": [
        2.9766371537586906e-05,
        0.07089642985762262,
        1.1704471834178116,
        39.57872376765046,
        55.681132129647416,
        39.132309260482444,
        41.267780970718334,
        43.83825018954618,
        38.78917269817997,
        39.19215953426884,
        38.9216444770228,
        37.92600892212619,
        65.89207771179886,
        58.01241057494657,
        41.45780957223608,
        38.90278643215014,
        54.72212452952908,
        41.83171526645735,
        32.29491906015928,
        50.706587714628625,
        35.532877724229174,
        60.55828556092561,
        38.66913485669954,
        34.17047439594302,
        39.16198427017559,
        39.416131914162186,
        40.07645956940578,
        29.43707848840148
    ],
    "fit_time": 69754.64153003693,
    "init_guess": [
        6.437222058477453e-10,
        0.06437222058477453,
        0.0,
        45.0,
        45.0,
        45.0,
        45.0,
        45.0,
        45.0,
        45.0,
        45.0,
        45.0,
        45.0,
        45.0,
        45.0,
        45.0,
        45.0,
        45.0,
        45.0,
        45.0,
        45.0,
        45.0,
        45.0,
        45.0,
        45.0,
        45.0,
        45.0,
        45.0
    ],
    "model": "Competition Model",
    "model_params": [
        "C_0",
        "N_0",
        "kn",
        "rs"
    ],
    "model_species": [
        "C",
        "N"
    ],
    "obj_fun": 0.05383142212850328,
    "zone_cols": 5,
    "zone_coords": [
        9,
        15
    ],
    "zone_rows": 5
}