{
    "argv": 841,
    "bounds": [
        [
            6.437222058477453e-12,
            0.006437222058477453
        ],
        [
            0.06437222058477453,
            0.12874444116954906
        ],
        [
            0.0,
            11.0
        ],
        [
            0.0,
            null
        ],
        [
            0.0,
            null
        ],
        [
            0.0,
            null
        ],
        [
            0.0,
            null
        ],
        [
            0.0,
            null
        ],
        [
            0.0,
            null
        ],
        [
            0.0,
            null
        ],
        [
            0.0,
            null
        ],
        [
            0.0,
            null
        ],
        [
            0.0,
            null
        ],
        [
            0.0,
            null
        ],
        [
            0.0,
            null
        ],
        [
            0.0,
            null
        ],
        [
            0.0,
            null
        ],
        [
            0.0,
            null
        ],
        [
            0.0,
            null
        ],
        [
            0.0,
            null
        ],
        [
            0.0,
            null
        ],
        [
            0.0,
            null
        ],
        [
            0.0,
            null
        ],
        [
            0.0,
            null
        ],
        [
            0.0,
            null
        ],
        [
            0.0,
            null
        ],
        [
            0.0,
            null
        ],
        [
            0.0,
            null
        ]
    ],
    "comp_est": [
        4.7154355681181875e-07,
        0.06437222058477453,
        5.000030744610184,
        75.16535279056784,
        74.6566732568738,
        74.97062802824992,
        74.65368088542564,
        75.00518735699188,
        74.65189507126833,
        75.20549991593197,
        74.7831698946647,
        74.83924811029843,
        75.15665804796849,
        74.97570823560538,
        74.78293958410092,
        74.84098120539765,
        74.826639950253,
        74.87598106244563,
        74.65151374916454,
        74.84400703059235,
        74.82254216314439,
        74.82033335774199,
        74.79776112520071,
        75.00535353012332,
        75.15135840493329,
        74.87725047601025,
        74.79834210761075,
        75.16948702771836
    ],
    "fit_time": 39003.575964450836,
    "init_guess": [
        6.437222058477453e-06,
        0.06437222058477453,
        5.0,
        75.0,
        75.0,
        75.0,
        75.0,
        75.0,
        75.0,
        75.0,
        75.0,
        75.0,
        75.0,
        75.0,
        75.0,
        75.0,
        75.0,
        75.0,
        75.0,
        75.0,
        75.0,
        75.0,
        75.0,
        75.0,
        75.0,
        75.0,
        75.0,
        75.0
    ],
    "model": "Competition Model",
    "model_params": [
        "C_0",
        "N_0",
        "kn",
        "rs"
    ],
    "model_species": [
        "C",
        "N"
    ],
    "obj_fun": 0.5724180227249607,
    "zone_cols": 5,
    "zone_coords": [
        9,
        15
    ],
    "zone_rows": 5
}