{
    "argv": 63,
    "bounds": [
        [
            5.848410588726615e-12,
            0.005848410588726615
        ],
        [
            0.05848410588726615,
            0.1169682117745323
        ],
        [
            0.0,
            11.0
        ],
        [
            0.0,
            null
        ],
        [
            0.0,
            null
        ],
        [
            0.0,
            null
        ],
        [
            0.0,
            null
        ],
        [
            0.0,
            null
        ],
        [
            0.0,
            null
        ],
        [
            0.0,
            null
        ],
        [
            0.0,
            null
        ],
        [
            0.0,
            null
        ],
        [
            0.0,
            null
        ],
        [
            0.0,
            null
        ],
        [
            0.0,
            null
        ],
        [
            0.0,
            null
        ],
        [
            0.0,
            null
        ],
        [
            0.0,
            null
        ],
        [
            0.0,
            null
        ],
        [
            0.0,
            null
        ],
        [
            0.0,
            null
        ],
        [
            0.0,
            null
        ],
        [
            0.0,
            null
        ],
        [
            0.0,
            null
        ],
        [
            0.0,
            null
        ],
        [
            0.0,
            null
        ],
        [
            0.0,
            null
        ],
        [
            0.0,
            null
        ]
    ],
    "comp_est": [
        1.688993516272095e-06,
        0.07424374714173601,
        8.000028024154348,
        50.01496154302633,
        50.02265714396541,
        50.0236320367964,
        50.02264393618911,
        50.01488207892654,
        50.02265349047142,
        50.02329160629989,
        50.02523704607524,
        50.023322265858894,
        50.02266230835211,
        50.02365980793124,
        50.02523468123633,
        50.024294270491886,
        50.02521238271289,
        50.02365143761304,
        50.02263139041707,
        50.02324951656705,
        50.02523524543818,
        50.02321873338508,
        50.02265514457435,
        50.01487656488791,
        50.02265490222059,
        50.02367495408502,
        50.02268488989559,
        50.01491002748029
    ],
    "fit_time": 33100.346349954605,
    "init_guess": [
        5.848410588726615e-12,
        0.05848410588726615,
        8.0,
        50.0,
        50.0,
        50.0,
        50.0,
        50.0,
        50.0,
        50.0,
        50.0,
        50.0,
        50.0,
        50.0,
        50.0,
        50.0,
        50.0,
        50.0,
        50.0,
        50.0,
        50.0,
        50.0,
        50.0,
        50.0,
        50.0,
        50.0,
        50.0,
        50.0
    ],
    "model": "Competition Model",
    "model_params": [
        "C_0",
        "N_0",
        "kn",
        "rs"
    ],
    "model_species": [
        "C",
        "N"
    ],
    "obj_fun": 0.4311628272116142,
    "zone_cols": 5,
    "zone_coords": [
        7,
        13
    ],
    "zone_rows": 5
}