{
    "argv": 904,
    "bounds": [
        [
            6.437222058477453e-12,
            0.006437222058477453
        ],
        [
            0.06437222058477453,
            0.12874444116954906
        ],
        [
            0.0,
            11.0
        ],
        [
            0.0,
            null
        ],
        [
            0.0,
            null
        ],
        [
            0.0,
            null
        ],
        [
            0.0,
            null
        ],
        [
            0.0,
            null
        ],
        [
            0.0,
            null
        ],
        [
            0.0,
            null
        ],
        [
            0.0,
            null
        ],
        [
            0.0,
            null
        ],
        [
            0.0,
            null
        ],
        [
            0.0,
            null
        ],
        [
            0.0,
            null
        ],
        [
            0.0,
            null
        ],
        [
            0.0,
            null
        ],
        [
            0.0,
            null
        ],
        [
            0.0,
            null
        ],
        [
            0.0,
            null
        ],
        [
            0.0,
            null
        ],
        [
            0.0,
            null
        ],
        [
            0.0,
            null
        ],
        [
            0.0,
            null
        ],
        [
            0.0,
            null
        ],
        [
            0.0,
            null
        ],
        [
            0.0,
            null
        ],
        [
            0.0,
            null
        ]
    ],
    "comp_est": [
        2.4730233069628737e-05,
        0.06598645492658309,
        2.270483287298953,
        45.2690956999637,
        61.15053110568478,
        45.336660000385216,
        47.30585251794467,
        45.51778131632359,
        44.71938451530781,
        45.07941142582802,
        46.00780503721962,
        43.57622557591605,
        66.3692426736078,
        63.682763925108,
        45.499379385342074,
        44.92807451274921,
        59.65815718487112,
        44.15883577051163,
        43.417626670709964,
        58.369965379599904,
        43.602618683511864,
        64.92527658855543,
        45.05842107495672,
        45.52511931672074,
        48.294126755389485,
        48.35173199603292,
        47.800128619672904,
        43.73846336052856
    ],
    "fit_time": 23909.227405548096,
    "init_guess": [
        6.437222058477453e-05,
        0.06437222058477453,
        2.0,
        50.0,
        50.0,
        50.0,
        50.0,
        50.0,
        50.0,
        50.0,
        50.0,
        50.0,
        50.0,
        50.0,
        50.0,
        50.0,
        50.0,
        50.0,
        50.0,
        50.0,
        50.0,
        50.0,
        50.0,
        50.0,
        50.0,
        50.0,
        50.0,
        50.0
    ],
    "model": "Competition Model",
    "model_params": [
        "C_0",
        "N_0",
        "kn",
        "rs"
    ],
    "model_species": [
        "C",
        "N"
    ],
    "obj_fun": 0.09271157073357282,
    "zone_cols": 5,
    "zone_coords": [
        9,
        15
    ],
    "zone_rows": 5
}