{
    "argv": 843,
    "bounds": [
        [
            6.437222058477453e-12,
            0.006437222058477453
        ],
        [
            0.06437222058477453,
            0.12874444116954906
        ],
        [
            0.0,
            11.0
        ],
        [
            0.0,
            null
        ],
        [
            0.0,
            null
        ],
        [
            0.0,
            null
        ],
        [
            0.0,
            null
        ],
        [
            0.0,
            null
        ],
        [
            0.0,
            null
        ],
        [
            0.0,
            null
        ],
        [
            0.0,
            null
        ],
        [
            0.0,
            null
        ],
        [
            0.0,
            null
        ],
        [
            0.0,
            null
        ],
        [
            0.0,
            null
        ],
        [
            0.0,
            null
        ],
        [
            0.0,
            null
        ],
        [
            0.0,
            null
        ],
        [
            0.0,
            null
        ],
        [
            0.0,
            null
        ],
        [
            0.0,
            null
        ],
        [
            0.0,
            null
        ],
        [
            0.0,
            null
        ],
        [
            0.0,
            null
        ],
        [
            0.0,
            null
        ],
        [
            0.0,
            null
        ],
        [
            0.0,
            null
        ],
        [
            0.0,
            null
        ]
    ],
    "comp_est": [
        6.437217168287677e-06,
        0.06437222058477453,
        6.999999999984157,
        75.00001740741628,
        74.99999574576603,
        74.99999611734938,
        74.99999433077936,
        75.0000189558225,
        74.99999573978627,
        74.99998608454847,
        74.9999983150661,
        74.99998586009286,
        74.99999193203035,
        74.99999618780141,
        74.99999829935662,
        74.99998735620576,
        74.9999986374574,
        74.9999946203307,
        74.9999943104206,
        74.9999862233689,
        74.99999870007933,
        74.99998931179522,
        74.99999375420434,
        75.00001894268576,
        74.99999193206445,
        74.999994645652,
        74.99999375084911,
        75.00001796679432
    ],
    "fit_time": 59634.59512090683,
    "init_guess": [
        6.437222058477453e-06,
        0.06437222058477453,
        7.0,
        75.0,
        75.0,
        75.0,
        75.0,
        75.0,
        75.0,
        75.0,
        75.0,
        75.0,
        75.0,
        75.0,
        75.0,
        75.0,
        75.0,
        75.0,
        75.0,
        75.0,
        75.0,
        75.0,
        75.0,
        75.0,
        75.0,
        75.0,
        75.0,
        75.0
    ],
    "model": "Competition Model",
    "model_params": [
        "C_0",
        "N_0",
        "kn",
        "rs"
    ],
    "model_species": [
        "C",
        "N"
    ],
    "obj_fun": 0.5854694624704887,
    "zone_cols": 5,
    "zone_coords": [
        9,
        15
    ],
    "zone_rows": 5
}