{
    "argv": 980,
    "bounds": [
        [
            6.437222058477453e-12,
            0.006437222058477453
        ],
        [
            0.06437222058477453,
            0.12874444116954906
        ],
        [
            0.0,
            11.0
        ],
        [
            0.0,
            null
        ],
        [
            0.0,
            null
        ],
        [
            0.0,
            null
        ],
        [
            0.0,
            null
        ],
        [
            0.0,
            null
        ],
        [
            0.0,
            null
        ],
        [
            0.0,
            null
        ],
        [
            0.0,
            null
        ],
        [
            0.0,
            null
        ],
        [
            0.0,
            null
        ],
        [
            0.0,
            null
        ],
        [
            0.0,
            null
        ],
        [
            0.0,
            null
        ],
        [
            0.0,
            null
        ],
        [
            0.0,
            null
        ],
        [
            0.0,
            null
        ],
        [
            0.0,
            null
        ],
        [
            0.0,
            null
        ],
        [
            0.0,
            null
        ],
        [
            0.0,
            null
        ],
        [
            0.0,
            null
        ],
        [
            0.0,
            null
        ],
        [
            0.0,
            null
        ],
        [
            0.0,
            null
        ],
        [
            0.0,
            null
        ]
    ],
    "comp_est": [
        0.0001533743638110972,
        0.07624174226943459,
        0.9807585874850744,
        27.484940257742483,
        40.93025016327824,
        27.184160292304593,
        28.83797165459719,
        30.779412653330443,
        26.726965870355446,
        27.19074075575361,
        26.972140139310206,
        25.276826350645333,
        48.93080209121313,
        42.94925421271525,
        28.979799057859417,
        26.929752480232928,
        39.92141936951761,
        28.974880830939263,
        21.27935723106652,
        37.28419941672876,
        23.740707365498228,
        45.025395242568926,
        26.702179358845516,
        23.361298596372436,
        27.492599988078048,
        27.505255629413615,
        27.893239274577876,
        18.69154085112243
    ],
    "fit_time": 53769.387125730515,
    "init_guess": [
        0.0006437222058477453,
        0.06437222058477453,
        1.0,
        30.0,
        30.0,
        30.0,
        30.0,
        30.0,
        30.0,
        30.0,
        30.0,
        30.0,
        30.0,
        30.0,
        30.0,
        30.0,
        30.0,
        30.0,
        30.0,
        30.0,
        30.0,
        30.0,
        30.0,
        30.0,
        30.0,
        30.0,
        30.0,
        30.0
    ],
    "model": "Competition Model",
    "model_params": [
        "C_0",
        "N_0",
        "kn",
        "rs"
    ],
    "model_species": [
        "C",
        "N"
    ],
    "obj_fun": 0.07330875424035836,
    "zone_cols": 5,
    "zone_coords": [
        9,
        15
    ],
    "zone_rows": 5
}