{
    "argv": 433,
    "bounds": [
        [
            6.437222058477453e-12,
            0.006437222058477453
        ],
        [
            0.06437222058477453,
            0.12874444116954906
        ],
        [
            0.0,
            11.0
        ],
        [
            0.0,
            null
        ],
        [
            0.0,
            null
        ],
        [
            0.0,
            null
        ],
        [
            0.0,
            null
        ],
        [
            0.0,
            null
        ],
        [
            0.0,
            null
        ],
        [
            0.0,
            null
        ],
        [
            0.0,
            null
        ],
        [
            0.0,
            null
        ],
        [
            0.0,
            null
        ],
        [
            0.0,
            null
        ],
        [
            0.0,
            null
        ],
        [
            0.0,
            null
        ],
        [
            0.0,
            null
        ],
        [
            0.0,
            null
        ],
        [
            0.0,
            null
        ],
        [
            0.0,
            null
        ],
        [
            0.0,
            null
        ],
        [
            0.0,
            null
        ],
        [
            0.0,
            null
        ],
        [
            0.0,
            null
        ],
        [
            0.0,
            null
        ],
        [
            0.0,
            null
        ],
        [
            0.0,
            null
        ],
        [
            0.0,
            null
        ]
    ],
    "comp_est": [
        1.9255881056360847e-08,
        0.06437233833320963,
        4.000000000000545,
        54.99988874059153,
        54.99989348594614,
        54.999897040417174,
        54.99989351553898,
        54.99988343147106,
        54.999893485944014,
        54.9998915420915,
        54.99988199232128,
        54.999898678685554,
        54.99989351825307,
        54.9998970404176,
        54.99988199232032,
        54.999910186926165,
        54.99988514853057,
        54.99989610592692,
        54.99989351553918,
        54.99989867868881,
        54.999885148527625,
        54.99988240308509,
        54.99989350581749,
        54.99988343147113,
        54.999893518251575,
        54.9998961059257,
        54.99989350581773,
        54.999857444803
    ],
    "fit_time": 25901.250381469727,
    "init_guess": [
        6.437222058477453e-09,
        0.06437222058477453,
        4.0,
        55.0,
        55.0,
        55.0,
        55.0,
        55.0,
        55.0,
        55.0,
        55.0,
        55.0,
        55.0,
        55.0,
        55.0,
        55.0,
        55.0,
        55.0,
        55.0,
        55.0,
        55.0,
        55.0,
        55.0,
        55.0,
        55.0,
        55.0,
        55.0,
        55.0
    ],
    "model": "Competition Model",
    "model_params": [
        "C_0",
        "N_0",
        "kn",
        "rs"
    ],
    "model_species": [
        "C",
        "N"
    ],
    "obj_fun": 0.7708183877617361,
    "zone_cols": 5,
    "zone_coords": [
        9,
        15
    ],
    "zone_rows": 5
}