{
    "argv": 244,
    "bounds": [
        [
            6.437222058477453e-12,
            0.006437222058477453
        ],
        [
            0.06437222058477453,
            0.12874444116954906
        ],
        [
            0.0,
            11.0
        ],
        [
            0.0,
            null
        ],
        [
            0.0,
            null
        ],
        [
            0.0,
            null
        ],
        [
            0.0,
            null
        ],
        [
            0.0,
            null
        ],
        [
            0.0,
            null
        ],
        [
            0.0,
            null
        ],
        [
            0.0,
            null
        ],
        [
            0.0,
            null
        ],
        [
            0.0,
            null
        ],
        [
            0.0,
            null
        ],
        [
            0.0,
            null
        ],
        [
            0.0,
            null
        ],
        [
            0.0,
            null
        ],
        [
            0.0,
            null
        ],
        [
            0.0,
            null
        ],
        [
            0.0,
            null
        ],
        [
            0.0,
            null
        ],
        [
            0.0,
            null
        ],
        [
            0.0,
            null
        ],
        [
            0.0,
            null
        ],
        [
            0.0,
            null
        ],
        [
            0.0,
            null
        ],
        [
            0.0,
            null
        ],
        [
            0.0,
            null
        ]
    ],
    "comp_est": [
        0.00019840497429517802,
        0.07680376673683333,
        1.0388011463517903,
        25.775296696683377,
        38.888927184487045,
        25.66562776607749,
        27.820625789437305,
        29.331861288089794,
        24.902023432906276,
        25.211844414449608,
        25.517645701791267,
        24.569050453184097,
        46.01712192331095,
        40.67788343905003,
        27.199048279999374,
        25.24687609252458,
        37.82538641375142,
        27.47758821038164,
        20.98736341163276,
        35.359448277826885,
        22.722527664547126,
        42.58995217255637,
        25.158462239804408,
        22.032163052583666,
        26.32873221697506,
        26.62415235308093,
        26.824679843816448,
        17.939681412834688
    ],
    "fit_time": 6486.875445842743,
    "init_guess": [
        6.437222058477453e-10,
        0.06437222058477453,
        2.0,
        25.0,
        25.0,
        25.0,
        25.0,
        25.0,
        25.0,
        25.0,
        25.0,
        25.0,
        25.0,
        25.0,
        25.0,
        25.0,
        25.0,
        25.0,
        25.0,
        25.0,
        25.0,
        25.0,
        25.0,
        25.0,
        25.0,
        25.0,
        25.0,
        25.0
    ],
    "model": "Competition Model",
    "model_params": [
        "C_0",
        "N_0",
        "kn",
        "rs"
    ],
    "model_species": [
        "C",
        "N"
    ],
    "obj_fun": 0.07781050242349737,
    "zone_cols": 5,
    "zone_coords": [
        9,
        15
    ],
    "zone_rows": 5
}