{
    "argv": 375,
    "bounds": [
        [
            5.848410588726615e-12,
            0.005848410588726615
        ],
        [
            0.05848410588726615,
            0.1169682117745323
        ],
        [
            0.0,
            11.0
        ],
        [
            0.0,
            null
        ],
        [
            0.0,
            null
        ],
        [
            0.0,
            null
        ],
        [
            0.0,
            null
        ],
        [
            0.0,
            null
        ],
        [
            0.0,
            null
        ],
        [
            0.0,
            null
        ],
        [
            0.0,
            null
        ],
        [
            0.0,
            null
        ],
        [
            0.0,
            null
        ],
        [
            0.0,
            null
        ],
        [
            0.0,
            null
        ],
        [
            0.0,
            null
        ],
        [
            0.0,
            null
        ],
        [
            0.0,
            null
        ],
        [
            0.0,
            null
        ],
        [
            0.0,
            null
        ],
        [
            0.0,
            null
        ],
        [
            0.0,
            null
        ],
        [
            0.0,
            null
        ],
        [
            0.0,
            null
        ],
        [
            0.0,
            null
        ],
        [
            0.0,
            null
        ],
        [
            0.0,
            null
        ],
        [
            0.0,
            null
        ]
    ],
    "comp_est": [
        0.0004221142833388652,
        0.06429059025547808,
        5.072809615118742,
        28.968356675691886,
        27.74853424060404,
        30.547501013023073,
        31.413019718848258,
        28.762959206137037,
        24.701512854866852,
        25.779646166458146,
        28.425490519013778,
        32.012070576292246,
        41.5208977395304,
        29.645971980080635,
        29.762913693131395,
        28.741045179160363,
        40.16447777570186,
        28.277401764609785,
        29.981254415578285,
        30.41791659225453,
        27.734130649175334,
        28.408780239542516,
        28.112364353857117,
        26.840270228452145,
        31.56198868209314,
        40.94260015501459,
        29.441685497969754,
        26.95582462342624
    ],
    "fit_time": 21432.79173231125,
    "init_guess": [
        5.848410588726615e-09,
        0.05848410588726615,
        1.0,
        30.0,
        30.0,
        30.0,
        30.0,
        30.0,
        30.0,
        30.0,
        30.0,
        30.0,
        30.0,
        30.0,
        30.0,
        30.0,
        30.0,
        30.0,
        30.0,
        30.0,
        30.0,
        30.0,
        30.0,
        30.0,
        30.0,
        30.0,
        30.0,
        30.0
    ],
    "model": "Competition Model",
    "model_params": [
        "C_0",
        "N_0",
        "kn",
        "rs"
    ],
    "model_species": [
        "C",
        "N"
    ],
    "obj_fun": 0.07414028448441144,
    "zone_cols": 5,
    "zone_coords": [
        7,
        13
    ],
    "zone_rows": 5
}