{
    "argv": 807,
    "bounds": [
        [
            6.437222058477453e-12,
            0.006437222058477453
        ],
        [
            0.06437222058477453,
            0.12874444116954906
        ],
        [
            0.0,
            11.0
        ],
        [
            0.0,
            null
        ],
        [
            0.0,
            null
        ],
        [
            0.0,
            null
        ],
        [
            0.0,
            null
        ],
        [
            0.0,
            null
        ],
        [
            0.0,
            null
        ],
        [
            0.0,
            null
        ],
        [
            0.0,
            null
        ],
        [
            0.0,
            null
        ],
        [
            0.0,
            null
        ],
        [
            0.0,
            null
        ],
        [
            0.0,
            null
        ],
        [
            0.0,
            null
        ],
        [
            0.0,
            null
        ],
        [
            0.0,
            null
        ],
        [
            0.0,
            null
        ],
        [
            0.0,
            null
        ],
        [
            0.0,
            null
        ],
        [
            0.0,
            null
        ],
        [
            0.0,
            null
        ],
        [
            0.0,
            null
        ],
        [
            0.0,
            null
        ],
        [
            0.0,
            null
        ],
        [
            0.0,
            null
        ],
        [
            0.0,
            null
        ]
    ],
    "comp_est": [
        5.298176391768565e-06,
        0.06507810830275189,
        4.353233486284285,
        58.7881450572658,
        71.58556409798996,
        58.80553263155883,
        57.98460231270194,
        58.29369078645652,
        56.365659401250035,
        58.56789182719078,
        57.800962454896656,
        54.30157776735782,
        75.06187962120552,
        72.93294399768111,
        57.65247616367215,
        59.30621970010427,
        69.60443953800332,
        55.19037099020698,
        53.79257979785931,
        68.77988361727218,
        55.3314937370445,
        73.42433978419375,
        56.844294500528754,
        57.95394592860088,
        58.58808580258002,
        59.26563309455401,
        58.16538059351777,
        55.066359330278395
    ],
    "fit_time": 67940.25539302826,
    "init_guess": [
        6.437222058477453e-06,
        0.06437222058477453,
        4.0,
        60.0,
        60.0,
        60.0,
        60.0,
        60.0,
        60.0,
        60.0,
        60.0,
        60.0,
        60.0,
        60.0,
        60.0,
        60.0,
        60.0,
        60.0,
        60.0,
        60.0,
        60.0,
        60.0,
        60.0,
        60.0,
        60.0,
        60.0,
        60.0,
        60.0
    ],
    "model": "Competition Model",
    "model_params": [
        "C_0",
        "N_0",
        "kn",
        "rs"
    ],
    "model_species": [
        "C",
        "N"
    ],
    "obj_fun": 0.10599481218966784,
    "zone_cols": 5,
    "zone_coords": [
        9,
        15
    ],
    "zone_rows": 5
}