{
    "argv": 1142,
    "bounds": [
        [
            6.437222058477453e-12,
            0.006437222058477453
        ],
        [
            0.06437222058477453,
            0.12874444116954906
        ],
        [
            0.0,
            11.0
        ],
        [
            0.0,
            null
        ],
        [
            0.0,
            null
        ],
        [
            0.0,
            null
        ],
        [
            0.0,
            null
        ],
        [
            0.0,
            null
        ],
        [
            0.0,
            null
        ],
        [
            0.0,
            null
        ],
        [
            0.0,
            null
        ],
        [
            0.0,
            null
        ],
        [
            0.0,
            null
        ],
        [
            0.0,
            null
        ],
        [
            0.0,
            null
        ],
        [
            0.0,
            null
        ],
        [
            0.0,
            null
        ],
        [
            0.0,
            null
        ],
        [
            0.0,
            null
        ],
        [
            0.0,
            null
        ],
        [
            0.0,
            null
        ],
        [
            0.0,
            null
        ],
        [
            0.0,
            null
        ],
        [
            0.0,
            null
        ],
        [
            0.0,
            null
        ],
        [
            0.0,
            null
        ],
        [
            0.0,
            null
        ],
        [
            0.0,
            null
        ]
    ],
    "comp_est": [
        0.006437222058476989,
        0.06437222058477453,
        9.0,
        44.999999983999935,
        45.00000000101287,
        44.99999998189513,
        45.00000001334499,
        44.999999991293784,
        45.00000000100822,
        44.999999981710765,
        44.99999997496235,
        45.00000000801398,
        44.999999991387774,
        44.99999998190038,
        44.999999974962385,
        44.99999997884753,
        44.99999998133307,
        44.99999998106121,
        45.00000001334376,
        45.00000000801835,
        44.99999998132911,
        44.999999974059605,
        44.99999998433048,
        44.99999999129339,
        44.99999999138214,
        44.9999999810621,
        44.99999998433116,
        44.99999999377984
    ],
    "fit_time": 46865.742663145065,
    "init_guess": [
        0.006437222058477453,
        0.06437222058477453,
        9.0,
        45.0,
        45.0,
        45.0,
        45.0,
        45.0,
        45.0,
        45.0,
        45.0,
        45.0,
        45.0,
        45.0,
        45.0,
        45.0,
        45.0,
        45.0,
        45.0,
        45.0,
        45.0,
        45.0,
        45.0,
        45.0,
        45.0,
        45.0,
        45.0,
        45.0
    ],
    "model": "Competition Model",
    "model_params": [
        "C_0",
        "N_0",
        "kn",
        "rs"
    ],
    "model_species": [
        "C",
        "N"
    ],
    "obj_fun": 0.816078119915748,
    "zone_cols": 5,
    "zone_coords": [
        9,
        15
    ],
    "zone_rows": 5
}