{
    "argv": 1101,
    "bounds": [
        [
            6.437222058477453e-12,
            0.006437222058477453
        ],
        [
            0.06437222058477453,
            0.12874444116954906
        ],
        [
            0.0,
            11.0
        ],
        [
            0.0,
            null
        ],
        [
            0.0,
            null
        ],
        [
            0.0,
            null
        ],
        [
            0.0,
            null
        ],
        [
            0.0,
            null
        ],
        [
            0.0,
            null
        ],
        [
            0.0,
            null
        ],
        [
            0.0,
            null
        ],
        [
            0.0,
            null
        ],
        [
            0.0,
            null
        ],
        [
            0.0,
            null
        ],
        [
            0.0,
            null
        ],
        [
            0.0,
            null
        ],
        [
            0.0,
            null
        ],
        [
            0.0,
            null
        ],
        [
            0.0,
            null
        ],
        [
            0.0,
            null
        ],
        [
            0.0,
            null
        ],
        [
            0.0,
            null
        ],
        [
            0.0,
            null
        ],
        [
            0.0,
            null
        ],
        [
            0.0,
            null
        ],
        [
            0.0,
            null
        ],
        [
            0.0,
            null
        ],
        [
            0.0,
            null
        ]
    ],
    "comp_est": [
        0.00016731229279553367,
        0.07583224829351372,
        1.0066961013549396,
        27.40362327372144,
        40.80623145554667,
        26.73784812653791,
        28.623218642225677,
        30.14969261223472,
        26.49899834405496,
        26.95682398502923,
        26.749230197691027,
        25.518549806085566,
        48.50202515476363,
        42.58521225860225,
        28.753005673802438,
        26.46067027758255,
        39.562373573686365,
        28.928109040000273,
        19.95565857549091,
        37.08604073701876,
        24.089206806420794,
        44.6355894198762,
        26.1899961830584,
        23.08922877981003,
        27.435195680509114,
        27.67429751590218,
        27.637432776213302,
        13.661123429829614
    ],
    "fit_time": 77534.57240438461,
    "init_guess": [
        0.006437222058477453,
        0.06437222058477453,
        1.0,
        30.0,
        30.0,
        30.0,
        30.0,
        30.0,
        30.0,
        30.0,
        30.0,
        30.0,
        30.0,
        30.0,
        30.0,
        30.0,
        30.0,
        30.0,
        30.0,
        30.0,
        30.0,
        30.0,
        30.0,
        30.0,
        30.0,
        30.0,
        30.0,
        30.0
    ],
    "model": "Competition Model",
    "model_params": [
        "C_0",
        "N_0",
        "kn",
        "rs"
    ],
    "model_species": [
        "C",
        "N"
    ],
    "obj_fun": 0.07517204996177622,
    "zone_cols": 5,
    "zone_coords": [
        9,
        15
    ],
    "zone_rows": 5
}