{
    "argv": 345,
    "bounds": [
        [
            6.437222058477453e-12,
            0.006437222058477453
        ],
        [
            0.06437222058477453,
            0.12874444116954906
        ],
        [
            0.0,
            11.0
        ],
        [
            0.0,
            null
        ],
        [
            0.0,
            null
        ],
        [
            0.0,
            null
        ],
        [
            0.0,
            null
        ],
        [
            0.0,
            null
        ],
        [
            0.0,
            null
        ],
        [
            0.0,
            null
        ],
        [
            0.0,
            null
        ],
        [
            0.0,
            null
        ],
        [
            0.0,
            null
        ],
        [
            0.0,
            null
        ],
        [
            0.0,
            null
        ],
        [
            0.0,
            null
        ],
        [
            0.0,
            null
        ],
        [
            0.0,
            null
        ],
        [
            0.0,
            null
        ],
        [
            0.0,
            null
        ],
        [
            0.0,
            null
        ],
        [
            0.0,
            null
        ],
        [
            0.0,
            null
        ],
        [
            0.0,
            null
        ],
        [
            0.0,
            null
        ],
        [
            0.0,
            null
        ],
        [
            0.0,
            null
        ],
        [
            0.0,
            null
        ]
    ],
    "comp_est": [
        3.063480485405374e-08,
        0.06448182670908408,
        3.99999999911151,
        69.99984154097987,
        70.00130503614234,
        70.00041694992679,
        70.00018357919078,
        70.0021532768891,
        70.00130465668933,
        69.99974358851867,
        69.99974444170311,
        69.99974324427268,
        70.00022193579579,
        70.00041684377128,
        69.99974379324783,
        69.99974318644045,
        69.99974585487605,
        70.00051244642431,
        70.0001842690798,
        69.99974337231575,
        69.99974452659008,
        69.99974267004909,
        70.00042932790885,
        70.00215587771258,
        70.00022219766299,
        70.00051208397272,
        70.00042969834615,
        70.00204362298825
    ],
    "fit_time": 25454.913743257523,
    "init_guess": [
        6.437222058477453e-10,
        0.06437222058477453,
        4.0,
        70.0,
        70.0,
        70.0,
        70.0,
        70.0,
        70.0,
        70.0,
        70.0,
        70.0,
        70.0,
        70.0,
        70.0,
        70.0,
        70.0,
        70.0,
        70.0,
        70.0,
        70.0,
        70.0,
        70.0,
        70.0,
        70.0,
        70.0,
        70.0,
        70.0
    ],
    "model": "Competition Model",
    "model_params": [
        "C_0",
        "N_0",
        "kn",
        "rs"
    ],
    "model_species": [
        "C",
        "N"
    ],
    "obj_fun": 0.6301515611758374,
    "zone_cols": 5,
    "zone_coords": [
        9,
        15
    ],
    "zone_rows": 5
}