{
    "argv": 190,
    "bounds": [
        [
            6.437222058477453e-12,
            0.006437222058477453
        ],
        [
            0.06437222058477453,
            0.12874444116954906
        ],
        [
            0.0,
            11.0
        ],
        [
            0.0,
            null
        ],
        [
            0.0,
            null
        ],
        [
            0.0,
            null
        ],
        [
            0.0,
            null
        ],
        [
            0.0,
            null
        ],
        [
            0.0,
            null
        ],
        [
            0.0,
            null
        ],
        [
            0.0,
            null
        ],
        [
            0.0,
            null
        ],
        [
            0.0,
            null
        ],
        [
            0.0,
            null
        ],
        [
            0.0,
            null
        ],
        [
            0.0,
            null
        ],
        [
            0.0,
            null
        ],
        [
            0.0,
            null
        ],
        [
            0.0,
            null
        ],
        [
            0.0,
            null
        ],
        [
            0.0,
            null
        ],
        [
            0.0,
            null
        ],
        [
            0.0,
            null
        ],
        [
            0.0,
            null
        ],
        [
            0.0,
            null
        ],
        [
            0.0,
            null
        ],
        [
            0.0,
            null
        ],
        [
            0.0,
            null
        ]
    ],
    "comp_est": [
        1.9716157891614458e-05,
        0.06505598785499267,
        2.964088724834856,
        51.75592206813793,
        62.25873027924573,
        48.739232552548586,
        50.35822307557975,
        48.9878869290038,
        48.02575581626587,
        48.38606941313098,
        49.46824938482799,
        46.44453701117032,
        65.42523079443431,
        63.43062354349359,
        48.533316771590776,
        51.419264941716776,
        58.36468172804537,
        47.04821243091545,
        46.13228978212631,
        61.960429473789574,
        46.11588225022359,
        69.70276577924591,
        48.27562545346888,
        49.439453433588355,
        50.602053713360455,
        50.71664947752184,
        49.94721084146689,
        47.52013049838042
    ],
    "fit_time": 33764.558064222336,
    "init_guess": [
        6.437222058477453e-11,
        0.06437222058477453,
        3.0,
        55.0,
        55.0,
        55.0,
        55.0,
        55.0,
        55.0,
        55.0,
        55.0,
        55.0,
        55.0,
        55.0,
        55.0,
        55.0,
        55.0,
        55.0,
        55.0,
        55.0,
        55.0,
        55.0,
        55.0,
        55.0,
        55.0,
        55.0,
        55.0,
        55.0
    ],
    "model": "Competition Model",
    "model_params": [
        "C_0",
        "N_0",
        "kn",
        "rs"
    ],
    "model_species": [
        "C",
        "N"
    ],
    "obj_fun": 0.15855444545705677,
    "zone_cols": 5,
    "zone_coords": [
        9,
        15
    ],
    "zone_rows": 5
}