{
    "argv": 1133,
    "bounds": [
        [
            5.848410588726615e-12,
            0.005848410588726615
        ],
        [
            0.05848410588726615,
            0.1169682117745323
        ],
        [
            0.0,
            11.0
        ],
        [
            0.0,
            null
        ],
        [
            0.0,
            null
        ],
        [
            0.0,
            null
        ],
        [
            0.0,
            null
        ],
        [
            0.0,
            null
        ],
        [
            0.0,
            null
        ],
        [
            0.0,
            null
        ],
        [
            0.0,
            null
        ],
        [
            0.0,
            null
        ],
        [
            0.0,
            null
        ],
        [
            0.0,
            null
        ],
        [
            0.0,
            null
        ],
        [
            0.0,
            null
        ],
        [
            0.0,
            null
        ],
        [
            0.0,
            null
        ],
        [
            0.0,
            null
        ],
        [
            0.0,
            null
        ],
        [
            0.0,
            null
        ],
        [
            0.0,
            null
        ],
        [
            0.0,
            null
        ],
        [
            0.0,
            null
        ],
        [
            0.0,
            null
        ],
        [
            0.0,
            null
        ],
        [
            0.0,
            null
        ],
        [
            0.0,
            null
        ]
    ],
    "comp_est": [
        2.09862193930822e-07,
        0.05848411894363761,
        2.867608963629576,
        90.07379576823695,
        87.3159981999948,
        88.93814916461514,
        88.03765305152449,
        85.13747047637906,
        81.9701839005835,
        81.5912726619075,
        83.30388294501795,
        84.75786104181334,
        101.95994669807604,
        84.41714803335907,
        83.60477043220622,
        81.52566398291233,
        94.13873604282388,
        81.7857993951983,
        82.4348840626722,
        81.87558609750373,
        79.09969092147016,
        79.0635181757915,
        79.48540683939379,
        78.46109202623613,
        80.75253185385894,
        98.73749710948718,
        79.96486398325327,
        77.98630579370021
    ],
    "fit_time": 23300.747977495193,
    "init_guess": [
        0.005848410588726615,
        0.05848410588726615,
        0.0,
        45.0,
        45.0,
        45.0,
        45.0,
        45.0,
        45.0,
        45.0,
        45.0,
        45.0,
        45.0,
        45.0,
        45.0,
        45.0,
        45.0,
        45.0,
        45.0,
        45.0,
        45.0,
        45.0,
        45.0,
        45.0,
        45.0,
        45.0,
        45.0,
        45.0
    ],
    "model": "Competition Model",
    "model_params": [
        "C_0",
        "N_0",
        "kn",
        "rs"
    ],
    "model_species": [
        "C",
        "N"
    ],
    "obj_fun": 0.16833289265028661,
    "zone_cols": 5,
    "zone_coords": [
        7,
        13
    ],
    "zone_rows": 5
}