{
    "argv": 661,
    "bounds": [
        [
            6.437222058477453e-12,
            0.006437222058477453
        ],
        [
            0.06437222058477453,
            0.12874444116954906
        ],
        [
            0.0,
            11.0
        ],
        [
            0.0,
            null
        ],
        [
            0.0,
            null
        ],
        [
            0.0,
            null
        ],
        [
            0.0,
            null
        ],
        [
            0.0,
            null
        ],
        [
            0.0,
            null
        ],
        [
            0.0,
            null
        ],
        [
            0.0,
            null
        ],
        [
            0.0,
            null
        ],
        [
            0.0,
            null
        ],
        [
            0.0,
            null
        ],
        [
            0.0,
            null
        ],
        [
            0.0,
            null
        ],
        [
            0.0,
            null
        ],
        [
            0.0,
            null
        ],
        [
            0.0,
            null
        ],
        [
            0.0,
            null
        ],
        [
            0.0,
            null
        ],
        [
            0.0,
            null
        ],
        [
            0.0,
            null
        ],
        [
            0.0,
            null
        ],
        [
            0.0,
            null
        ],
        [
            0.0,
            null
        ],
        [
            0.0,
            null
        ],
        [
            0.0,
            null
        ]
    ],
    "comp_est": [
        3.2292894194219824e-05,
        0.06476452404275454,
        5.535004553485959,
        46.787126412607854,
        58.43963896804067,
        46.98175733429947,
        47.94544938119721,
        46.77088993853376,
        45.57987573372786,
        46.40161081565213,
        47.14632000359038,
        42.9249714470862,
        62.9007797420118,
        60.85968017266496,
        46.35526363063259,
        46.21583651012361,
        57.17910504166939,
        43.83610556403115,
        42.88422887254571,
        56.29206963288197,
        42.889364667356304,
        62.40581020756613,
        46.12353927932079,
        46.95265429337151,
        48.79198672959327,
        48.57585438128864,
        48.14583973196953,
        45.05230400289277
    ],
    "fit_time": 1625.1063342094421,
    "init_guess": [
        6.437222058477454e-07,
        0.06437222058477453,
        1.0,
        50.0,
        50.0,
        50.0,
        50.0,
        50.0,
        50.0,
        50.0,
        50.0,
        50.0,
        50.0,
        50.0,
        50.0,
        50.0,
        50.0,
        50.0,
        50.0,
        50.0,
        50.0,
        50.0,
        50.0,
        50.0,
        50.0,
        50.0,
        50.0,
        50.0
    ],
    "model": "Competition Model",
    "model_params": [
        "C_0",
        "N_0",
        "kn",
        "rs"
    ],
    "model_species": [
        "C",
        "N"
    ],
    "obj_fun": 0.10612747302616994,
    "zone_cols": 5,
    "zone_coords": [
        9,
        15
    ],
    "zone_rows": 5
}