{
    "argv": 1028,
    "bounds": [
        [
            6.437222058477453e-12,
            0.006437222058477453
        ],
        [
            0.06437222058477453,
            0.12874444116954906
        ],
        [
            0.0,
            11.0
        ],
        [
            0.0,
            null
        ],
        [
            0.0,
            null
        ],
        [
            0.0,
            null
        ],
        [
            0.0,
            null
        ],
        [
            0.0,
            null
        ],
        [
            0.0,
            null
        ],
        [
            0.0,
            null
        ],
        [
            0.0,
            null
        ],
        [
            0.0,
            null
        ],
        [
            0.0,
            null
        ],
        [
            0.0,
            null
        ],
        [
            0.0,
            null
        ],
        [
            0.0,
            null
        ],
        [
            0.0,
            null
        ],
        [
            0.0,
            null
        ],
        [
            0.0,
            null
        ],
        [
            0.0,
            null
        ],
        [
            0.0,
            null
        ],
        [
            0.0,
            null
        ],
        [
            0.0,
            null
        ],
        [
            0.0,
            null
        ],
        [
            0.0,
            null
        ],
        [
            0.0,
            null
        ],
        [
            0.0,
            null
        ],
        [
            0.0,
            null
        ]
    ],
    "comp_est": [
        0.0006437222058477369,
        0.06437222058477453,
        5.0,
        49.9999999999916,
        49.999999999983075,
        49.9999999999579,
        49.99999999998384,
        49.99999999999938,
        49.99999999998303,
        49.99999999996237,
        50.000000000043684,
        49.999999999963414,
        49.99999999998257,
        49.99999999995793,
        50.00000000004367,
        49.99999999994137,
        50.00000000003068,
        49.999999999958916,
        49.99999999998383,
        49.999999999963414,
        50.000000000030646,
        50.000000000044196,
        49.999999999983004,
        49.999999999999375,
        49.99999999998253,
        49.99999999995891,
        49.99999999998301,
        49.99999999999717
    ],
    "fit_time": 10337.471120595932,
    "init_guess": [
        0.0006437222058477453,
        0.06437222058477453,
        5.0,
        50.0,
        50.0,
        50.0,
        50.0,
        50.0,
        50.0,
        50.0,
        50.0,
        50.0,
        50.0,
        50.0,
        50.0,
        50.0,
        50.0,
        50.0,
        50.0,
        50.0,
        50.0,
        50.0,
        50.0,
        50.0,
        50.0,
        50.0,
        50.0,
        50.0
    ],
    "model": "Competition Model",
    "model_params": [
        "C_0",
        "N_0",
        "kn",
        "rs"
    ],
    "model_species": [
        "C",
        "N"
    ],
    "obj_fun": 0.6494166903201476,
    "zone_cols": 5,
    "zone_coords": [
        9,
        15
    ],
    "zone_rows": 5
}