{
    "argv": 750,
    "bounds": [
        [
            5.848410588726615e-12,
            0.005848410588726615
        ],
        [
            0.05848410588726615,
            0.1169682117745323
        ],
        [
            0.0,
            11.0
        ],
        [
            0.0,
            null
        ],
        [
            0.0,
            null
        ],
        [
            0.0,
            null
        ],
        [
            0.0,
            null
        ],
        [
            0.0,
            null
        ],
        [
            0.0,
            null
        ],
        [
            0.0,
            null
        ],
        [
            0.0,
            null
        ],
        [
            0.0,
            null
        ],
        [
            0.0,
            null
        ],
        [
            0.0,
            null
        ],
        [
            0.0,
            null
        ],
        [
            0.0,
            null
        ],
        [
            0.0,
            null
        ],
        [
            0.0,
            null
        ],
        [
            0.0,
            null
        ],
        [
            0.0,
            null
        ],
        [
            0.0,
            null
        ],
        [
            0.0,
            null
        ],
        [
            0.0,
            null
        ],
        [
            0.0,
            null
        ],
        [
            0.0,
            null
        ],
        [
            0.0,
            null
        ],
        [
            0.0,
            null
        ],
        [
            0.0,
            null
        ]
    ],
    "comp_est": [
        0.00025149828118946235,
        0.062013323757125316,
        5.573204628815638,
        34.28552756537277,
        32.219205572967724,
        36.55395010885718,
        37.49052682842409,
        35.043312726562974,
        26.951294941772897,
        29.207544565453368,
        33.27549159559748,
        37.584522231676644,
        47.95733061285422,
        35.22990420248306,
        35.22006615324549,
        32.95466783528654,
        45.542221357287566,
        33.98603388156243,
        35.49672807924204,
        35.427360088646104,
        31.905489580835255,
        32.84649329568391,
        33.35112671272738,
        30.903722622217515,
        35.76823498918098,
        46.34388051087228,
        34.08980013264176,
        31.666369622986018
    ],
    "fit_time": 54475.749851703644,
    "init_guess": [
        5.848410588726615e-06,
        0.05848410588726615,
        2.0,
        35.0,
        35.0,
        35.0,
        35.0,
        35.0,
        35.0,
        35.0,
        35.0,
        35.0,
        35.0,
        35.0,
        35.0,
        35.0,
        35.0,
        35.0,
        35.0,
        35.0,
        35.0,
        35.0,
        35.0,
        35.0,
        35.0,
        35.0,
        35.0,
        35.0
    ],
    "model": "Competition Model",
    "model_params": [
        "C_0",
        "N_0",
        "kn",
        "rs"
    ],
    "model_species": [
        "C",
        "N"
    ],
    "obj_fun": 0.06041260321866975,
    "zone_cols": 5,
    "zone_coords": [
        7,
        13
    ],
    "zone_rows": 5
}