{
    "argv": 709,
    "bounds": [
        [
            6.437222058477453e-12,
            0.006437222058477453
        ],
        [
            0.06437222058477453,
            0.12874444116954906
        ],
        [
            0.0,
            11.0
        ],
        [
            0.0,
            null
        ],
        [
            0.0,
            null
        ],
        [
            0.0,
            null
        ],
        [
            0.0,
            null
        ],
        [
            0.0,
            null
        ],
        [
            0.0,
            null
        ],
        [
            0.0,
            null
        ],
        [
            0.0,
            null
        ],
        [
            0.0,
            null
        ],
        [
            0.0,
            null
        ],
        [
            0.0,
            null
        ],
        [
            0.0,
            null
        ],
        [
            0.0,
            null
        ],
        [
            0.0,
            null
        ],
        [
            0.0,
            null
        ],
        [
            0.0,
            null
        ],
        [
            0.0,
            null
        ],
        [
            0.0,
            null
        ],
        [
            0.0,
            null
        ],
        [
            0.0,
            null
        ],
        [
            0.0,
            null
        ],
        [
            0.0,
            null
        ],
        [
            0.0,
            null
        ],
        [
            0.0,
            null
        ],
        [
            0.0,
            null
        ]
    ],
    "comp_est": [
        8.33855179201028e-07,
        0.06535099272715873,
        4.999999550720847,
        69.99438287710481,
        69.99436707196452,
        69.99083176565733,
        69.99410768065646,
        69.9974327908463,
        69.99408181978019,
        69.98822934341392,
        69.99356490330135,
        69.98782867033387,
        69.99442391769377,
        69.99112595071178,
        69.99356012683603,
        69.99918089410582,
        69.99372900303041,
        69.99079303294656,
        69.99403332275656,
        69.98809264518202,
        69.99348723748766,
        69.98956176394184,
        69.99408059089095,
        69.99743115404817,
        69.99412454319811,
        69.99085489633823,
        69.99411367649631,
        69.99654283232267
    ],
    "fit_time": 31895.998814582825,
    "init_guess": [
        6.437222058477454e-07,
        0.06437222058477453,
        5.0,
        70.0,
        70.0,
        70.0,
        70.0,
        70.0,
        70.0,
        70.0,
        70.0,
        70.0,
        70.0,
        70.0,
        70.0,
        70.0,
        70.0,
        70.0,
        70.0,
        70.0,
        70.0,
        70.0,
        70.0,
        70.0,
        70.0,
        70.0,
        70.0,
        70.0
    ],
    "model": "Competition Model",
    "model_params": [
        "C_0",
        "N_0",
        "kn",
        "rs"
    ],
    "model_species": [
        "C",
        "N"
    ],
    "obj_fun": 0.5723005587122042,
    "zone_cols": 5,
    "zone_coords": [
        9,
        15
    ],
    "zone_rows": 5
}