{
    "argv": 321,
    "bounds": [
        [
            5.848410588726615e-12,
            0.005848410588726615
        ],
        [
            0.05848410588726615,
            0.1169682117745323
        ],
        [
            0.0,
            11.0
        ],
        [
            0.0,
            null
        ],
        [
            0.0,
            null
        ],
        [
            0.0,
            null
        ],
        [
            0.0,
            null
        ],
        [
            0.0,
            null
        ],
        [
            0.0,
            null
        ],
        [
            0.0,
            null
        ],
        [
            0.0,
            null
        ],
        [
            0.0,
            null
        ],
        [
            0.0,
            null
        ],
        [
            0.0,
            null
        ],
        [
            0.0,
            null
        ],
        [
            0.0,
            null
        ],
        [
            0.0,
            null
        ],
        [
            0.0,
            null
        ],
        [
            0.0,
            null
        ],
        [
            0.0,
            null
        ],
        [
            0.0,
            null
        ],
        [
            0.0,
            null
        ],
        [
            0.0,
            null
        ],
        [
            0.0,
            null
        ],
        [
            0.0,
            null
        ],
        [
            0.0,
            null
        ],
        [
            0.0,
            null
        ],
        [
            0.0,
            null
        ]
    ],
    "comp_est": [
        1.3837660031395998e-05,
        0.05848410588726615,
        11.0,
        60.637898706826896,
        59.06282054865118,
        60.38278838403137,
        59.45322929748456,
        56.88204401598794,
        56.81643121939121,
        57.46513022503077,
        58.25736178748096,
        58.27781231589345,
        71.37689767709534,
        60.59352455602017,
        60.087229651655285,
        57.494610654856345,
        70.18164929966198,
        56.25852846303982,
        60.26144039749737,
        59.52441266340746,
        56.5072514587274,
        57.12509718480072,
        57.925618619836385,
        57.53235552104944,
        58.94465758768341,
        71.92184319655881,
        57.70978315245309,
        57.714257924948555
    ],
    "fit_time": 48359.63767409325,
    "init_guess": [
        5.848410588726615e-10,
        0.05848410588726615,
        2.0,
        60.0,
        60.0,
        60.0,
        60.0,
        60.0,
        60.0,
        60.0,
        60.0,
        60.0,
        60.0,
        60.0,
        60.0,
        60.0,
        60.0,
        60.0,
        60.0,
        60.0,
        60.0,
        60.0,
        60.0,
        60.0,
        60.0,
        60.0,
        60.0,
        60.0
    ],
    "model": "Competition Model",
    "model_params": [
        "C_0",
        "N_0",
        "kn",
        "rs"
    ],
    "model_species": [
        "C",
        "N"
    ],
    "obj_fun": 0.11373968736034819,
    "zone_cols": 5,
    "zone_coords": [
        7,
        13
    ],
    "zone_rows": 5
}