{
    "argv": 218,
    "bounds": [
        [
            6.437222058477453e-12,
            0.006437222058477453
        ],
        [
            0.06437222058477453,
            0.12874444116954906
        ],
        [
            0.0,
            11.0
        ],
        [
            0.0,
            null
        ],
        [
            0.0,
            null
        ],
        [
            0.0,
            null
        ],
        [
            0.0,
            null
        ],
        [
            0.0,
            null
        ],
        [
            0.0,
            null
        ],
        [
            0.0,
            null
        ],
        [
            0.0,
            null
        ],
        [
            0.0,
            null
        ],
        [
            0.0,
            null
        ],
        [
            0.0,
            null
        ],
        [
            0.0,
            null
        ],
        [
            0.0,
            null
        ],
        [
            0.0,
            null
        ],
        [
            0.0,
            null
        ],
        [
            0.0,
            null
        ],
        [
            0.0,
            null
        ],
        [
            0.0,
            null
        ],
        [
            0.0,
            null
        ],
        [
            0.0,
            null
        ],
        [
            0.0,
            null
        ],
        [
            0.0,
            null
        ],
        [
            0.0,
            null
        ],
        [
            0.0,
            null
        ],
        [
            0.0,
            null
        ]
    ],
    "comp_est": [
        6.932341941821177e-11,
        0.06437222063428652,
        9.0,
        64.99999995000515,
        65.00001094255312,
        65.00000728460236,
        65.000010947613,
        65.00001092367768,
        65.00001094255315,
        65.00000578227255,
        65.00000410009389,
        65.00000578230802,
        65.00001095023129,
        65.00000728460263,
        65.000004100094,
        65.00001316162148,
        65.00000409167696,
        65.00000728117412,
        65.00001094761299,
        65.00000578230811,
        65.00000409167676,
        65.00000578218916,
        65.00001094038808,
        65.00001092367735,
        65.0000109502312,
        65.0000072811741,
        65.00001094038811,
        65.00002690711895
    ],
    "fit_time": 43199.23197722435,
    "init_guess": [
        6.437222058477453e-11,
        0.06437222058477453,
        9.0,
        65.0,
        65.0,
        65.0,
        65.0,
        65.0,
        65.0,
        65.0,
        65.0,
        65.0,
        65.0,
        65.0,
        65.0,
        65.0,
        65.0,
        65.0,
        65.0,
        65.0,
        65.0,
        65.0,
        65.0,
        65.0,
        65.0,
        65.0,
        65.0,
        65.0
    ],
    "model": "Competition Model",
    "model_params": [
        "C_0",
        "N_0",
        "kn",
        "rs"
    ],
    "model_species": [
        "C",
        "N"
    ],
    "obj_fun": 0.8141200208887047,
    "zone_cols": 5,
    "zone_coords": [
        9,
        15
    ],
    "zone_rows": 5
}