{
    "argv": 638,
    "bounds": [
        [
            5.848410588726615e-12,
            0.005848410588726615
        ],
        [
            0.05848410588726615,
            0.1169682117745323
        ],
        [
            0.0,
            11.0
        ],
        [
            0.0,
            null
        ],
        [
            0.0,
            null
        ],
        [
            0.0,
            null
        ],
        [
            0.0,
            null
        ],
        [
            0.0,
            null
        ],
        [
            0.0,
            null
        ],
        [
            0.0,
            null
        ],
        [
            0.0,
            null
        ],
        [
            0.0,
            null
        ],
        [
            0.0,
            null
        ],
        [
            0.0,
            null
        ],
        [
            0.0,
            null
        ],
        [
            0.0,
            null
        ],
        [
            0.0,
            null
        ],
        [
            0.0,
            null
        ],
        [
            0.0,
            null
        ],
        [
            0.0,
            null
        ],
        [
            0.0,
            null
        ],
        [
            0.0,
            null
        ],
        [
            0.0,
            null
        ],
        [
            0.0,
            null
        ],
        [
            0.0,
            null
        ],
        [
            0.0,
            null
        ],
        [
            0.0,
            null
        ],
        [
            0.0,
            null
        ]
    ],
    "comp_est": [
        0.00010771286770410617,
        0.06261377023458654,
        2.5458009858395525,
        36.689625696754895,
        35.487275407935506,
        40.379839426310006,
        42.48131198434394,
        41.45977616179638,
        28.37187293902797,
        31.996509483739903,
        37.654064301016305,
        43.19761889359619,
        57.18888055651126,
        38.32266043148187,
        38.65373541188584,
        37.62409542236892,
        52.71028952139165,
        39.948555450871616,
        38.820260983482676,
        39.50096621737149,
        36.713777981173145,
        37.67179462213992,
        37.840847363175556,
        34.87258045582125,
        40.55737220609655,
        53.85984987653414,
        38.981150987844394,
        35.74178195315529
    ],
    "fit_time": 41255.699363708496,
    "init_guess": [
        5.848410588726616e-07,
        0.05848410588726615,
        0.0,
        40.0,
        40.0,
        40.0,
        40.0,
        40.0,
        40.0,
        40.0,
        40.0,
        40.0,
        40.0,
        40.0,
        40.0,
        40.0,
        40.0,
        40.0,
        40.0,
        40.0,
        40.0,
        40.0,
        40.0,
        40.0,
        40.0,
        40.0,
        40.0,
        40.0
    ],
    "model": "Competition Model",
    "model_params": [
        "C_0",
        "N_0",
        "kn",
        "rs"
    ],
    "model_species": [
        "C",
        "N"
    ],
    "obj_fun": 0.051462953030835076,
    "zone_cols": 5,
    "zone_coords": [
        7,
        13
    ],
    "zone_rows": 5
}