{
    "argv": 1046,
    "bounds": [
        [
            6.437222058477453e-12,
            0.006437222058477453
        ],
        [
            0.06437222058477453,
            0.12874444116954906
        ],
        [
            0.0,
            11.0
        ],
        [
            0.0,
            null
        ],
        [
            0.0,
            null
        ],
        [
            0.0,
            null
        ],
        [
            0.0,
            null
        ],
        [
            0.0,
            null
        ],
        [
            0.0,
            null
        ],
        [
            0.0,
            null
        ],
        [
            0.0,
            null
        ],
        [
            0.0,
            null
        ],
        [
            0.0,
            null
        ],
        [
            0.0,
            null
        ],
        [
            0.0,
            null
        ],
        [
            0.0,
            null
        ],
        [
            0.0,
            null
        ],
        [
            0.0,
            null
        ],
        [
            0.0,
            null
        ],
        [
            0.0,
            null
        ],
        [
            0.0,
            null
        ],
        [
            0.0,
            null
        ],
        [
            0.0,
            null
        ],
        [
            0.0,
            null
        ],
        [
            0.0,
            null
        ],
        [
            0.0,
            null
        ],
        [
            0.0,
            null
        ],
        [
            0.0,
            null
        ]
    ],
    "comp_est": [
        5.882142867830622e-06,
        0.06437222058477453,
        10.110073058275981,
        58.357374728391534,
        70.07611491371921,
        58.74191047229107,
        59.77195359046444,
        58.035384496799914,
        56.79245546275632,
        57.7947131286179,
        59.735146775364974,
        56.11607410164064,
        72.83348210613246,
        71.47260329003775,
        57.245547375673965,
        57.6841307363693,
        68.52517189129179,
        56.32809292225912,
        56.12069768204708,
        68.84232534431305,
        56.13584022903899,
        72.80599584377727,
        57.06592476517952,
        59.72591724001756,
        60.18586165124207,
        59.991228549884646,
        59.95782741726825,
        57.45956565915622
    ],
    "fit_time": 82104.11948728561,
    "init_guess": [
        0.0006437222058477453,
        0.06437222058477453,
        1.0,
        60.0,
        60.0,
        60.0,
        60.0,
        60.0,
        60.0,
        60.0,
        60.0,
        60.0,
        60.0,
        60.0,
        60.0,
        60.0,
        60.0,
        60.0,
        60.0,
        60.0,
        60.0,
        60.0,
        60.0,
        60.0,
        60.0,
        60.0,
        60.0,
        60.0
    ],
    "model": "Competition Model",
    "model_params": [
        "C_0",
        "N_0",
        "kn",
        "rs"
    ],
    "model_species": [
        "C",
        "N"
    ],
    "obj_fun": 0.11590167125304338,
    "zone_cols": 5,
    "zone_coords": [
        9,
        15
    ],
    "zone_rows": 5
}