{
    "argv": 739,
    "bounds": [
        [
            5.848410588726615e-12,
            0.005848410588726615
        ],
        [
            0.05848410588726615,
            0.1169682117745323
        ],
        [
            0.0,
            11.0
        ],
        [
            0.0,
            null
        ],
        [
            0.0,
            null
        ],
        [
            0.0,
            null
        ],
        [
            0.0,
            null
        ],
        [
            0.0,
            null
        ],
        [
            0.0,
            null
        ],
        [
            0.0,
            null
        ],
        [
            0.0,
            null
        ],
        [
            0.0,
            null
        ],
        [
            0.0,
            null
        ],
        [
            0.0,
            null
        ],
        [
            0.0,
            null
        ],
        [
            0.0,
            null
        ],
        [
            0.0,
            null
        ],
        [
            0.0,
            null
        ],
        [
            0.0,
            null
        ],
        [
            0.0,
            null
        ],
        [
            0.0,
            null
        ],
        [
            0.0,
            null
        ],
        [
            0.0,
            null
        ],
        [
            0.0,
            null
        ],
        [
            0.0,
            null
        ],
        [
            0.0,
            null
        ],
        [
            0.0,
            null
        ],
        [
            0.0,
            null
        ]
    ],
    "comp_est": [
        0.00025947634026188564,
        0.06615918392255003,
        2.007380151065528,
        29.004294200424997,
        27.763670632388564,
        32.09585145743222,
        33.881787026553965,
        32.52955731852685,
        22.003066642443248,
        24.96118865469887,
        29.50939011619583,
        34.62611111011937,
        47.67912562603957,
        30.26962567590379,
        30.644687012704463,
        29.455178532391702,
        43.53944149796069,
        31.39389699189783,
        30.889846820929854,
        31.266268861224432,
        28.810288717977254,
        29.448627521986577,
        29.48322008235936,
        27.312316217895106,
        32.38790332926116,
        44.690486522958764,
        30.691297532886704,
        28.118467096043858
    ],
    "fit_time": 4590.3173570632935,
    "init_guess": [
        5.848410588726615e-06,
        0.05848410588726615,
        2.0,
        30.0,
        30.0,
        30.0,
        30.0,
        30.0,
        30.0,
        30.0,
        30.0,
        30.0,
        30.0,
        30.0,
        30.0,
        30.0,
        30.0,
        30.0,
        30.0,
        30.0,
        30.0,
        30.0,
        30.0,
        30.0,
        30.0,
        30.0,
        30.0,
        30.0
    ],
    "model": "Competition Model",
    "model_params": [
        "C_0",
        "N_0",
        "kn",
        "rs"
    ],
    "model_species": [
        "C",
        "N"
    ],
    "obj_fun": 0.05639718763202615,
    "zone_cols": 5,
    "zone_coords": [
        7,
        13
    ],
    "zone_rows": 5
}