{
    "argv": 189,
    "bounds": [
        [
            6.437222058477453e-12,
            0.006437222058477453
        ],
        [
            0.06437222058477453,
            0.12874444116954906
        ],
        [
            0.0,
            11.0
        ],
        [
            0.0,
            null
        ],
        [
            0.0,
            null
        ],
        [
            0.0,
            null
        ],
        [
            0.0,
            null
        ],
        [
            0.0,
            null
        ],
        [
            0.0,
            null
        ],
        [
            0.0,
            null
        ],
        [
            0.0,
            null
        ],
        [
            0.0,
            null
        ],
        [
            0.0,
            null
        ],
        [
            0.0,
            null
        ],
        [
            0.0,
            null
        ],
        [
            0.0,
            null
        ],
        [
            0.0,
            null
        ],
        [
            0.0,
            null
        ],
        [
            0.0,
            null
        ],
        [
            0.0,
            null
        ],
        [
            0.0,
            null
        ],
        [
            0.0,
            null
        ],
        [
            0.0,
            null
        ],
        [
            0.0,
            null
        ],
        [
            0.0,
            null
        ],
        [
            0.0,
            null
        ],
        [
            0.0,
            null
        ],
        [
            0.0,
            null
        ]
    ],
    "comp_est": [
        5.5687321059600225e-06,
        0.06880144395223747,
        1.1669114387612456,
        50.61366948347364,
        69.2089092227067,
        49.966153311022204,
        52.274050666817956,
        55.77774426295271,
        50.01078792359083,
        50.29878110362761,
        49.66999726041472,
        49.276794264470524,
        82.38443406311848,
        72.58826769494338,
        53.220410872809005,
        50.089739445593004,
        68.71413031247486,
        54.54973797999892,
        44.06102751919791,
        63.5506687066662,
        47.22576449925748,
        75.61302612443508,
        49.86689067968594,
        44.1597126406841,
        49.890647246071,
        50.176663826439366,
        51.07933043043639,
        38.53226144752448
    ],
    "fit_time": 63161.898453235626,
    "init_guess": [
        6.437222058477453e-11,
        0.06437222058477453,
        2.0,
        55.0,
        55.0,
        55.0,
        55.0,
        55.0,
        55.0,
        55.0,
        55.0,
        55.0,
        55.0,
        55.0,
        55.0,
        55.0,
        55.0,
        55.0,
        55.0,
        55.0,
        55.0,
        55.0,
        55.0,
        55.0,
        55.0,
        55.0,
        55.0,
        55.0
    ],
    "model": "Competition Model",
    "model_params": [
        "C_0",
        "N_0",
        "kn",
        "rs"
    ],
    "model_species": [
        "C",
        "N"
    ],
    "obj_fun": 0.049223514882276616,
    "zone_cols": 5,
    "zone_coords": [
        9,
        15
    ],
    "zone_rows": 5
}