{
    "argv": 1156,
    "bounds": [
        [
            6.437222058477453e-12,
            0.006437222058477453
        ],
        [
            0.06437222058477453,
            0.12874444116954906
        ],
        [
            0.0,
            11.0
        ],
        [
            0.0,
            null
        ],
        [
            0.0,
            null
        ],
        [
            0.0,
            null
        ],
        [
            0.0,
            null
        ],
        [
            0.0,
            null
        ],
        [
            0.0,
            null
        ],
        [
            0.0,
            null
        ],
        [
            0.0,
            null
        ],
        [
            0.0,
            null
        ],
        [
            0.0,
            null
        ],
        [
            0.0,
            null
        ],
        [
            0.0,
            null
        ],
        [
            0.0,
            null
        ],
        [
            0.0,
            null
        ],
        [
            0.0,
            null
        ],
        [
            0.0,
            null
        ],
        [
            0.0,
            null
        ],
        [
            0.0,
            null
        ],
        [
            0.0,
            null
        ],
        [
            0.0,
            null
        ],
        [
            0.0,
            null
        ],
        [
            0.0,
            null
        ],
        [
            0.0,
            null
        ],
        [
            0.0,
            null
        ],
        [
            0.0,
            null
        ]
    ],
    "comp_est": [
        9.199192979360705e-06,
        0.0686995497163111,
        1.2685298288105087,
        47.98560993854016,
        65.64300530283926,
        47.76747811694406,
        50.03948496899032,
        53.12746446569204,
        47.05433986986226,
        47.656227064565975,
        47.387765952254114,
        46.954286393488594,
        77.43048733946888,
        68.35604420892147,
        50.252056052948305,
        47.472915805620886,
        65.09620746763309,
        51.12079955147521,
        40.7997111047396,
        60.3657902485156,
        44.003463605948824,
        71.4509642915742,
        47.37426279432784,
        42.31246327517159,
        47.59505427971196,
        47.98696753616703,
        48.7223477048781,
        37.6803857520207
    ],
    "fit_time": 75594.14594388008,
    "init_guess": [
        0.006437222058477453,
        0.06437222058477453,
        1.0,
        55.0,
        55.0,
        55.0,
        55.0,
        55.0,
        55.0,
        55.0,
        55.0,
        55.0,
        55.0,
        55.0,
        55.0,
        55.0,
        55.0,
        55.0,
        55.0,
        55.0,
        55.0,
        55.0,
        55.0,
        55.0,
        55.0,
        55.0,
        55.0,
        55.0
    ],
    "model": "Competition Model",
    "model_params": [
        "C_0",
        "N_0",
        "kn",
        "rs"
    ],
    "model_species": [
        "C",
        "N"
    ],
    "obj_fun": 0.04933964426823907,
    "zone_cols": 5,
    "zone_coords": [
        9,
        15
    ],
    "zone_rows": 5
}