{
    "argv": 125,
    "bounds": [
        [
            5.848410588726615e-12,
            0.005848410588726615
        ],
        [
            0.05848410588726615,
            0.1169682117745323
        ],
        [
            0.0,
            11.0
        ],
        [
            0.0,
            null
        ],
        [
            0.0,
            null
        ],
        [
            0.0,
            null
        ],
        [
            0.0,
            null
        ],
        [
            0.0,
            null
        ],
        [
            0.0,
            null
        ],
        [
            0.0,
            null
        ],
        [
            0.0,
            null
        ],
        [
            0.0,
            null
        ],
        [
            0.0,
            null
        ],
        [
            0.0,
            null
        ],
        [
            0.0,
            null
        ],
        [
            0.0,
            null
        ],
        [
            0.0,
            null
        ],
        [
            0.0,
            null
        ],
        [
            0.0,
            null
        ],
        [
            0.0,
            null
        ],
        [
            0.0,
            null
        ],
        [
            0.0,
            null
        ],
        [
            0.0,
            null
        ],
        [
            0.0,
            null
        ],
        [
            0.0,
            null
        ],
        [
            0.0,
            null
        ],
        [
            0.0,
            null
        ],
        [
            0.0,
            null
        ]
    ],
    "comp_est": [
        0.00038289211494395,
        0.0701408706949724,
        1.53516209295718,
        24.41249833645415,
        23.30627643514588,
        27.270717323456616,
        29.022159428043018,
        28.16301442211441,
        16.878888668738192,
        20.487353493216073,
        24.943115181332843,
        29.760594417617632,
        42.51108304416856,
        25.515432309141193,
        25.8983161332808,
        24.90799562390494,
        38.29262582474511,
        27.054082513454887,
        26.08802234940516,
        26.504333150135523,
        24.421027730588172,
        25.01109667864784,
        25.04247041445793,
        22.583374136389725,
        27.488118685193438,
        39.323998119328586,
        26.01453685868307,
        23.50414510248468
    ],
    "fit_time": 43909.083273649216,
    "init_guess": [
        5.848410588726616e-11,
        0.05848410588726615,
        4.0,
        25.0,
        25.0,
        25.0,
        25.0,
        25.0,
        25.0,
        25.0,
        25.0,
        25.0,
        25.0,
        25.0,
        25.0,
        25.0,
        25.0,
        25.0,
        25.0,
        25.0,
        25.0,
        25.0,
        25.0,
        25.0,
        25.0,
        25.0,
        25.0,
        25.0
    ],
    "model": "Competition Model",
    "model_params": [
        "C_0",
        "N_0",
        "kn",
        "rs"
    ],
    "model_species": [
        "C",
        "N"
    ],
    "obj_fun": 0.06320316985163708,
    "zone_cols": 5,
    "zone_coords": [
        7,
        13
    ],
    "zone_rows": 5
}