{
    "argv": 948,
    "bounds": [
        [
            5.848410588726615e-12,
            0.005848410588726615
        ],
        [
            0.05848410588726615,
            0.1169682117745323
        ],
        [
            0.0,
            11.0
        ],
        [
            0.0,
            null
        ],
        [
            0.0,
            null
        ],
        [
            0.0,
            null
        ],
        [
            0.0,
            null
        ],
        [
            0.0,
            null
        ],
        [
            0.0,
            null
        ],
        [
            0.0,
            null
        ],
        [
            0.0,
            null
        ],
        [
            0.0,
            null
        ],
        [
            0.0,
            null
        ],
        [
            0.0,
            null
        ],
        [
            0.0,
            null
        ],
        [
            0.0,
            null
        ],
        [
            0.0,
            null
        ],
        [
            0.0,
            null
        ],
        [
            0.0,
            null
        ],
        [
            0.0,
            null
        ],
        [
            0.0,
            null
        ],
        [
            0.0,
            null
        ],
        [
            0.0,
            null
        ],
        [
            0.0,
            null
        ],
        [
            0.0,
            null
        ],
        [
            0.0,
            null
        ],
        [
            0.0,
            null
        ],
        [
            0.0,
            null
        ]
    ],
    "comp_est": [
        2.093063553872377e-06,
        0.05848410588726615,
        9.134218616357117,
        69.93306477656306,
        69.08235454254836,
        69.82816124867742,
        69.41784171419232,
        66.55716867410621,
        66.79395486856687,
        66.7524580316613,
        68.67513579008944,
        67.6498234720808,
        80.69110964085917,
        69.92783017102909,
        70.73583973685001,
        67.42163042747471,
        81.04608304777128,
        65.54483354371476,
        70.42299890176956,
        69.20528247409482,
        66.45740702062749,
        65.78943841005794,
        68.18706575167954,
        67.81139918051277,
        68.88481039788655,
        81.09216228579278,
        67.60791210931016,
        67.21227512063274
    ],
    "fit_time": 43402.936690568924,
    "init_guess": [
        5.848410588726615e-05,
        0.05848410588726615,
        2.0,
        70.0,
        70.0,
        70.0,
        70.0,
        70.0,
        70.0,
        70.0,
        70.0,
        70.0,
        70.0,
        70.0,
        70.0,
        70.0,
        70.0,
        70.0,
        70.0,
        70.0,
        70.0,
        70.0,
        70.0,
        70.0,
        70.0,
        70.0,
        70.0,
        70.0
    ],
    "model": "Competition Model",
    "model_params": [
        "C_0",
        "N_0",
        "kn",
        "rs"
    ],
    "model_species": [
        "C",
        "N"
    ],
    "obj_fun": 0.1331173011366749,
    "zone_cols": 5,
    "zone_coords": [
        7,
        13
    ],
    "zone_rows": 5
}