{
    "argv": 157,
    "bounds": [
        [
            5.848410588726615e-12,
            0.005848410588726615
        ],
        [
            0.05848410588726615,
            0.1169682117745323
        ],
        [
            0.0,
            11.0
        ],
        [
            0.0,
            null
        ],
        [
            0.0,
            null
        ],
        [
            0.0,
            null
        ],
        [
            0.0,
            null
        ],
        [
            0.0,
            null
        ],
        [
            0.0,
            null
        ],
        [
            0.0,
            null
        ],
        [
            0.0,
            null
        ],
        [
            0.0,
            null
        ],
        [
            0.0,
            null
        ],
        [
            0.0,
            null
        ],
        [
            0.0,
            null
        ],
        [
            0.0,
            null
        ],
        [
            0.0,
            null
        ],
        [
            0.0,
            null
        ],
        [
            0.0,
            null
        ],
        [
            0.0,
            null
        ],
        [
            0.0,
            null
        ],
        [
            0.0,
            null
        ],
        [
            0.0,
            null
        ],
        [
            0.0,
            null
        ],
        [
            0.0,
            null
        ],
        [
            0.0,
            null
        ],
        [
            0.0,
            null
        ],
        [
            0.0,
            null
        ]
    ],
    "comp_est": [
        0.00014112581974225493,
        0.05978911377311016,
        5.362646018720555,
        40.15221825691607,
        39.47421704386749,
        41.66145833612399,
        41.124178583064925,
        38.134938415480754,
        36.57493853950739,
        38.08838145549282,
        39.62937187213009,
        40.39796772399945,
        54.61888249560651,
        41.48657586628715,
        41.71172667411288,
        39.50857735362641,
        51.63343848538481,
        37.48936055366871,
        41.322368075759,
        41.15974730438106,
        37.918661647235616,
        37.886942341487305,
        38.89925369982973,
        38.08645668116319,
        40.6556941205368,
        53.222355242485435,
        38.972655014635244,
        38.350352359986466
    ],
    "fit_time": 22876.757495880127,
    "init_guess": [
        5.848410588726616e-11,
        0.05848410588726615,
        3.0,
        40.0,
        40.0,
        40.0,
        40.0,
        40.0,
        40.0,
        40.0,
        40.0,
        40.0,
        40.0,
        40.0,
        40.0,
        40.0,
        40.0,
        40.0,
        40.0,
        40.0,
        40.0,
        40.0,
        40.0,
        40.0,
        40.0,
        40.0,
        40.0,
        40.0
    ],
    "model": "Competition Model",
    "model_params": [
        "C_0",
        "N_0",
        "kn",
        "rs"
    ],
    "model_species": [
        "C",
        "N"
    ],
    "obj_fun": 0.09018126220864146,
    "zone_cols": 5,
    "zone_coords": [
        7,
        13
    ],
    "zone_rows": 5
}