{
    "argv": 324,
    "bounds": [
        [
            6.437222058477453e-12,
            0.006437222058477453
        ],
        [
            0.06437222058477453,
            0.12874444116954906
        ],
        [
            0.0,
            11.0
        ],
        [
            0.0,
            null
        ],
        [
            0.0,
            null
        ],
        [
            0.0,
            null
        ],
        [
            0.0,
            null
        ],
        [
            0.0,
            null
        ],
        [
            0.0,
            null
        ],
        [
            0.0,
            null
        ],
        [
            0.0,
            null
        ],
        [
            0.0,
            null
        ],
        [
            0.0,
            null
        ],
        [
            0.0,
            null
        ],
        [
            0.0,
            null
        ],
        [
            0.0,
            null
        ],
        [
            0.0,
            null
        ],
        [
            0.0,
            null
        ],
        [
            0.0,
            null
        ],
        [
            0.0,
            null
        ],
        [
            0.0,
            null
        ],
        [
            0.0,
            null
        ],
        [
            0.0,
            null
        ],
        [
            0.0,
            null
        ],
        [
            0.0,
            null
        ],
        [
            0.0,
            null
        ],
        [
            0.0,
            null
        ],
        [
            0.0,
            null
        ]
    ],
    "comp_est": [
        2.5198780723884746e-09,
        0.0643722393466417,
        5.0,
        59.99998251346221,
        59.99998251298726,
        59.999982512027,
        59.99998251293094,
        59.99998251367226,
        59.99998251298726,
        59.999982512473444,
        59.99998251259596,
        59.99998251237494,
        59.99998251292707,
        59.999982512027,
        59.99998251259596,
        59.999982511898004,
        59.9999825125528,
        59.99998251204768,
        59.99998251293094,
        59.99998251237495,
        59.9999825125528,
        59.99998251249809,
        59.99998251291713,
        59.99998251367226,
        59.99998251292707,
        59.99998251204768,
        59.99998251291713,
        59.99998251381878
    ],
    "fit_time": 29560.686026096344,
    "init_guess": [
        6.437222058477453e-10,
        0.06437222058477453,
        5.0,
        60.0,
        60.0,
        60.0,
        60.0,
        60.0,
        60.0,
        60.0,
        60.0,
        60.0,
        60.0,
        60.0,
        60.0,
        60.0,
        60.0,
        60.0,
        60.0,
        60.0,
        60.0,
        60.0,
        60.0,
        60.0,
        60.0,
        60.0,
        60.0,
        60.0
    ],
    "model": "Competition Model",
    "model_params": [
        "C_0",
        "N_0",
        "kn",
        "rs"
    ],
    "model_species": [
        "C",
        "N"
    ],
    "obj_fun": 0.7740295071607636,
    "zone_cols": 5,
    "zone_coords": [
        9,
        15
    ],
    "zone_rows": 5
}