{
    "argv": 825,
    "bounds": [
        [
            6.437222058477453e-12,
            0.006437222058477453
        ],
        [
            0.06437222058477453,
            0.12874444116954906
        ],
        [
            0.0,
            11.0
        ],
        [
            0.0,
            null
        ],
        [
            0.0,
            null
        ],
        [
            0.0,
            null
        ],
        [
            0.0,
            null
        ],
        [
            0.0,
            null
        ],
        [
            0.0,
            null
        ],
        [
            0.0,
            null
        ],
        [
            0.0,
            null
        ],
        [
            0.0,
            null
        ],
        [
            0.0,
            null
        ],
        [
            0.0,
            null
        ],
        [
            0.0,
            null
        ],
        [
            0.0,
            null
        ],
        [
            0.0,
            null
        ],
        [
            0.0,
            null
        ],
        [
            0.0,
            null
        ],
        [
            0.0,
            null
        ],
        [
            0.0,
            null
        ],
        [
            0.0,
            null
        ],
        [
            0.0,
            null
        ],
        [
            0.0,
            null
        ],
        [
            0.0,
            null
        ],
        [
            0.0,
            null
        ],
        [
            0.0,
            null
        ],
        [
            0.0,
            null
        ]
    ],
    "comp_est": [
        1.391164446019945e-06,
        0.0671679886297987,
        1.1826075536584049,
        60.7611941713715,
        81.33471343499802,
        59.22236672578757,
        61.881682948398435,
        66.46384011927258,
        60.129246305258654,
        60.39471294833721,
        59.03475588748202,
        58.69536186754993,
        95.71305970441891,
        86.02108578939337,
        63.96245626310464,
        60.09735733046403,
        80.76087308170202,
        64.3493277573571,
        53.068525504267136,
        75.0332194592634,
        56.46612754479705,
        88.80423561757569,
        59.882635237132966,
        52.69524691079483,
        59.36375164166203,
        59.99343703757588,
        61.189134795550984,
        47.524198834114586
    ],
    "fit_time": 3993.3936347961426,
    "init_guess": [
        6.437222058477453e-06,
        0.06437222058477453,
        0.0,
        70.0,
        70.0,
        70.0,
        70.0,
        70.0,
        70.0,
        70.0,
        70.0,
        70.0,
        70.0,
        70.0,
        70.0,
        70.0,
        70.0,
        70.0,
        70.0,
        70.0,
        70.0,
        70.0,
        70.0,
        70.0,
        70.0,
        70.0,
        70.0,
        70.0
    ],
    "model": "Competition Model",
    "model_params": [
        "C_0",
        "N_0",
        "kn",
        "rs"
    ],
    "model_species": [
        "C",
        "N"
    ],
    "obj_fun": 0.051397209722260806,
    "zone_cols": 5,
    "zone_coords": [
        9,
        15
    ],
    "zone_rows": 5
}