{
    "argv": 562,
    "bounds": [
        [
            5.848410588726615e-12,
            0.005848410588726615
        ],
        [
            0.05848410588726615,
            0.1169682117745323
        ],
        [
            0.0,
            11.0
        ],
        [
            0.0,
            null
        ],
        [
            0.0,
            null
        ],
        [
            0.0,
            null
        ],
        [
            0.0,
            null
        ],
        [
            0.0,
            null
        ],
        [
            0.0,
            null
        ],
        [
            0.0,
            null
        ],
        [
            0.0,
            null
        ],
        [
            0.0,
            null
        ],
        [
            0.0,
            null
        ],
        [
            0.0,
            null
        ],
        [
            0.0,
            null
        ],
        [
            0.0,
            null
        ],
        [
            0.0,
            null
        ],
        [
            0.0,
            null
        ],
        [
            0.0,
            null
        ],
        [
            0.0,
            null
        ],
        [
            0.0,
            null
        ],
        [
            0.0,
            null
        ],
        [
            0.0,
            null
        ],
        [
            0.0,
            null
        ],
        [
            0.0,
            null
        ],
        [
            0.0,
            null
        ],
        [
            0.0,
            null
        ],
        [
            0.0,
            null
        ]
    ],
    "comp_est": [
        1.0706458136836477e-05,
        0.0584841089757626,
        6.331506625222085,
        60.705792914850804,
        58.940619325094495,
        60.42965708134721,
        59.33801956821958,
        55.87899082037451,
        56.58925026502765,
        57.36274315993349,
        58.05893415950402,
        56.699433577247206,
        71.16291232189943,
        60.525242979247295,
        60.07232094464252,
        56.73048609982691,
        70.56117635345205,
        54.494180979230336,
        60.0778332237411,
        59.272652341509286,
        55.31262201752339,
        56.28332690512002,
        58.066454517289124,
        57.239980055073104,
        57.830279107856484,
        71.69924305642668,
        56.76812518393541,
        57.81687175341684
    ],
    "fit_time": 1209.1708824634552,
    "init_guess": [
        5.8484105887266145e-08,
        0.05848410588726615,
        1.0,
        60.0,
        60.0,
        60.0,
        60.0,
        60.0,
        60.0,
        60.0,
        60.0,
        60.0,
        60.0,
        60.0,
        60.0,
        60.0,
        60.0,
        60.0,
        60.0,
        60.0,
        60.0,
        60.0,
        60.0,
        60.0,
        60.0,
        60.0,
        60.0,
        60.0
    ],
    "model": "Competition Model",
    "model_params": [
        "C_0",
        "N_0",
        "kn",
        "rs"
    ],
    "model_species": [
        "C",
        "N"
    ],
    "obj_fun": 0.12821415929497962,
    "zone_cols": 5,
    "zone_coords": [
        7,
        13
    ],
    "zone_rows": 5
}