{
    "argv": 1018,
    "bounds": [
        [
            6.437222058477453e-12,
            0.006437222058477453
        ],
        [
            0.06437222058477453,
            0.12874444116954906
        ],
        [
            0.0,
            11.0
        ],
        [
            0.0,
            null
        ],
        [
            0.0,
            null
        ],
        [
            0.0,
            null
        ],
        [
            0.0,
            null
        ],
        [
            0.0,
            null
        ],
        [
            0.0,
            null
        ],
        [
            0.0,
            null
        ],
        [
            0.0,
            null
        ],
        [
            0.0,
            null
        ],
        [
            0.0,
            null
        ],
        [
            0.0,
            null
        ],
        [
            0.0,
            null
        ],
        [
            0.0,
            null
        ],
        [
            0.0,
            null
        ],
        [
            0.0,
            null
        ],
        [
            0.0,
            null
        ],
        [
            0.0,
            null
        ],
        [
            0.0,
            null
        ],
        [
            0.0,
            null
        ],
        [
            0.0,
            null
        ],
        [
            0.0,
            null
        ],
        [
            0.0,
            null
        ],
        [
            0.0,
            null
        ],
        [
            0.0,
            null
        ],
        [
            0.0,
            null
        ]
    ],
    "comp_est": [
        0.0006437222053586197,
        0.06437222058477453,
        5.9999999999996785,
        44.99999764219924,
        45.000000203397285,
        45.00000012020055,
        45.00000003427782,
        44.99999764236947,
        45.00000020100718,
        45.00000068987798,
        44.99999999233422,
        45.00000068437841,
        44.99999993745523,
        45.000000122944094,
        44.999999991592546,
        45.00000013496994,
        45.00000002348325,
        45.00000152938138,
        45.00000003205166,
        45.00000068696081,
        45.00000002146673,
        45.000000131820755,
        45.000000184665694,
        44.999997643874835,
        44.99999993293913,
        45.00000153148243,
        45.00000018450773,
        44.99999764235256
    ],
    "fit_time": 13933.550971508026,
    "init_guess": [
        0.0006437222058477453,
        0.06437222058477453,
        6.0,
        45.0,
        45.0,
        45.0,
        45.0,
        45.0,
        45.0,
        45.0,
        45.0,
        45.0,
        45.0,
        45.0,
        45.0,
        45.0,
        45.0,
        45.0,
        45.0,
        45.0,
        45.0,
        45.0,
        45.0,
        45.0,
        45.0,
        45.0,
        45.0,
        45.0
    ],
    "model": "Competition Model",
    "model_params": [
        "C_0",
        "N_0",
        "kn",
        "rs"
    ],
    "model_species": [
        "C",
        "N"
    ],
    "obj_fun": 0.6238069396051854,
    "zone_cols": 5,
    "zone_coords": [
        9,
        15
    ],
    "zone_rows": 5
}