{
    "argv": 268,
    "bounds": [
        [
            6.437222058477453e-12,
            0.006437222058477453
        ],
        [
            0.06437222058477453,
            0.12874444116954906
        ],
        [
            0.0,
            11.0
        ],
        [
            0.0,
            null
        ],
        [
            0.0,
            null
        ],
        [
            0.0,
            null
        ],
        [
            0.0,
            null
        ],
        [
            0.0,
            null
        ],
        [
            0.0,
            null
        ],
        [
            0.0,
            null
        ],
        [
            0.0,
            null
        ],
        [
            0.0,
            null
        ],
        [
            0.0,
            null
        ],
        [
            0.0,
            null
        ],
        [
            0.0,
            null
        ],
        [
            0.0,
            null
        ],
        [
            0.0,
            null
        ],
        [
            0.0,
            null
        ],
        [
            0.0,
            null
        ],
        [
            0.0,
            null
        ],
        [
            0.0,
            null
        ],
        [
            0.0,
            null
        ],
        [
            0.0,
            null
        ],
        [
            0.0,
            null
        ],
        [
            0.0,
            null
        ],
        [
            0.0,
            null
        ],
        [
            0.0,
            null
        ],
        [
            0.0,
            null
        ]
    ],
    "comp_est": [
        6.436367455464984e-10,
        0.06437222058477453,
        4.0000000000000275,
        34.99999998749957,
        35.000000090268756,
        34.99999998750055,
        35.000000090375615,
        34.99999998750282,
        35.000000090268756,
        34.9999999881097,
        35.0000000739986,
        34.999999987592815,
        35.00000009061994,
        34.99999998750055,
        35.0000000739986,
        35.00000004155759,
        35.0000000740516,
        34.999999987500495,
        35.000000090375615,
        34.999999987592815,
        35.0000000740516,
        34.99999998744971,
        35.00000009135754,
        34.99999998750282,
        35.00000009061994,
        34.999999987500495,
        35.00000009135754,
        34.999999987498946
    ],
    "fit_time": 44373.867908239365,
    "init_guess": [
        6.437222058477453e-10,
        0.06437222058477453,
        4.0,
        35.0,
        35.0,
        35.0,
        35.0,
        35.0,
        35.0,
        35.0,
        35.0,
        35.0,
        35.0,
        35.0,
        35.0,
        35.0,
        35.0,
        35.0,
        35.0,
        35.0,
        35.0,
        35.0,
        35.0,
        35.0,
        35.0,
        35.0,
        35.0,
        35.0
    ],
    "model": "Competition Model",
    "model_params": [
        "C_0",
        "N_0",
        "kn",
        "rs"
    ],
    "model_species": [
        "C",
        "N"
    ],
    "obj_fun": 0.8275905573031775,
    "zone_cols": 5,
    "zone_coords": [
        9,
        15
    ],
    "zone_rows": 5
}