{
    "argv": 31,
    "bounds": [
        [
            5.848410588726615e-12,
            0.005848410588726615
        ],
        [
            0.05848410588726615,
            0.1169682117745323
        ],
        [
            0.0,
            11.0
        ],
        [
            0.0,
            null
        ],
        [
            0.0,
            null
        ],
        [
            0.0,
            null
        ],
        [
            0.0,
            null
        ],
        [
            0.0,
            null
        ],
        [
            0.0,
            null
        ],
        [
            0.0,
            null
        ],
        [
            0.0,
            null
        ],
        [
            0.0,
            null
        ],
        [
            0.0,
            null
        ],
        [
            0.0,
            null
        ],
        [
            0.0,
            null
        ],
        [
            0.0,
            null
        ],
        [
            0.0,
            null
        ],
        [
            0.0,
            null
        ],
        [
            0.0,
            null
        ],
        [
            0.0,
            null
        ],
        [
            0.0,
            null
        ],
        [
            0.0,
            null
        ],
        [
            0.0,
            null
        ],
        [
            0.0,
            null
        ],
        [
            0.0,
            null
        ],
        [
            0.0,
            null
        ],
        [
            0.0,
            null
        ],
        [
            0.0,
            null
        ]
    ],
    "comp_est": [
        1.5348707090185667e-07,
        0.058801942027954704,
        9.000042128564742,
        35.000894599210866,
        35.00084071643678,
        35.00105511764923,
        35.00072470360866,
        35.000847444047224,
        35.00063209509682,
        35.002604896831556,
        35.00192660037348,
        35.002602475389864,
        35.00096585691205,
        35.001152340750046,
        35.00235872404138,
        35.002369325560686,
        35.00218934398918,
        35.00099063414179,
        35.0009432979526,
        35.00219849997724,
        35.00262579135247,
        35.00205527603592,
        35.001003178366275,
        35.000869429493925,
        35.001052272953864,
        35.0007144937918,
        35.00115370256018,
        35.000839141722075
    ],
    "fit_time": 47071.30595088005,
    "init_guess": [
        5.848410588726615e-12,
        0.05848410588726615,
        9.0,
        35.0,
        35.0,
        35.0,
        35.0,
        35.0,
        35.0,
        35.0,
        35.0,
        35.0,
        35.0,
        35.0,
        35.0,
        35.0,
        35.0,
        35.0,
        35.0,
        35.0,
        35.0,
        35.0,
        35.0,
        35.0,
        35.0,
        35.0,
        35.0,
        35.0
    ],
    "model": "Competition Model",
    "model_params": [
        "C_0",
        "N_0",
        "kn",
        "rs"
    ],
    "model_species": [
        "C",
        "N"
    ],
    "obj_fun": 0.6677602451691618,
    "zone_cols": 5,
    "zone_coords": [
        7,
        13
    ],
    "zone_rows": 5
}