{
    "argv": 988,
    "bounds": [
        [
            5.848410588726615e-12,
            0.005848410588726615
        ],
        [
            0.05848410588726615,
            0.1169682117745323
        ],
        [
            0.0,
            11.0
        ],
        [
            0.0,
            null
        ],
        [
            0.0,
            null
        ],
        [
            0.0,
            null
        ],
        [
            0.0,
            null
        ],
        [
            0.0,
            null
        ],
        [
            0.0,
            null
        ],
        [
            0.0,
            null
        ],
        [
            0.0,
            null
        ],
        [
            0.0,
            null
        ],
        [
            0.0,
            null
        ],
        [
            0.0,
            null
        ],
        [
            0.0,
            null
        ],
        [
            0.0,
            null
        ],
        [
            0.0,
            null
        ],
        [
            0.0,
            null
        ],
        [
            0.0,
            null
        ],
        [
            0.0,
            null
        ],
        [
            0.0,
            null
        ],
        [
            0.0,
            null
        ],
        [
            0.0,
            null
        ],
        [
            0.0,
            null
        ],
        [
            0.0,
            null
        ],
        [
            0.0,
            null
        ],
        [
            0.0,
            null
        ],
        [
            0.0,
            null
        ]
    ],
    "comp_est": [
        0.0005848411040507755,
        0.05848508104871065,
        9.00000011809359,
        30.000000115483367,
        29.9999995998623,
        29.999998742424705,
        29.99999970455704,
        29.99999909937736,
        29.999999896413776,
        29.999999583410744,
        29.999998291067055,
        29.999999435218253,
        29.99999942429186,
        29.999998518908633,
        29.999998225699994,
        30.000003335895165,
        29.99999851060668,
        29.999999114155667,
        29.999999643007506,
        29.999998931769376,
        29.99999832970988,
        30.000000397455608,
        29.999998989727057,
        29.99999877687362,
        29.999999696871804,
        29.99999958896375,
        29.999999274559855,
        29.999998480294693
    ],
    "fit_time": 38661.70383620262,
    "init_guess": [
        0.0005848410588726615,
        0.05848410588726615,
        9.0,
        30.0,
        30.0,
        30.0,
        30.0,
        30.0,
        30.0,
        30.0,
        30.0,
        30.0,
        30.0,
        30.0,
        30.0,
        30.0,
        30.0,
        30.0,
        30.0,
        30.0,
        30.0,
        30.0,
        30.0,
        30.0,
        30.0,
        30.0,
        30.0,
        30.0
    ],
    "model": "Competition Model",
    "model_params": [
        "C_0",
        "N_0",
        "kn",
        "rs"
    ],
    "model_species": [
        "C",
        "N"
    ],
    "obj_fun": 0.4180345576666967,
    "zone_cols": 5,
    "zone_coords": [
        7,
        13
    ],
    "zone_rows": 5
}