{
    "argv": 1150,
    "bounds": [
        [
            5.848410588726615e-12,
            0.005848410588726615
        ],
        [
            0.05848410588726615,
            0.1169682117745323
        ],
        [
            0.0,
            11.0
        ],
        [
            0.0,
            null
        ],
        [
            0.0,
            null
        ],
        [
            0.0,
            null
        ],
        [
            0.0,
            null
        ],
        [
            0.0,
            null
        ],
        [
            0.0,
            null
        ],
        [
            0.0,
            null
        ],
        [
            0.0,
            null
        ],
        [
            0.0,
            null
        ],
        [
            0.0,
            null
        ],
        [
            0.0,
            null
        ],
        [
            0.0,
            null
        ],
        [
            0.0,
            null
        ],
        [
            0.0,
            null
        ],
        [
            0.0,
            null
        ],
        [
            0.0,
            null
        ],
        [
            0.0,
            null
        ],
        [
            0.0,
            null
        ],
        [
            0.0,
            null
        ],
        [
            0.0,
            null
        ],
        [
            0.0,
            null
        ],
        [
            0.0,
            null
        ],
        [
            0.0,
            null
        ],
        [
            0.0,
            null
        ],
        [
            0.0,
            null
        ]
    ],
    "comp_est": [
        0.005848410588724996,
        0.05848410588726615,
        6.000000000000005,
        49.999999995467334,
        50.0000000181559,
        50.00000001480746,
        50.00000001212375,
        50.00000001263231,
        50.00000001188021,
        49.99999999841617,
        50.00000000779838,
        50.00000004086953,
        49.99999999829152,
        50.00000001722072,
        49.99999999686472,
        50.000000045176655,
        50.0000000108378,
        50.0000000028297,
        50.00000001236221,
        50.00000004208721,
        50.000000012890624,
        50.00000000281197,
        49.99999999068932,
        50.000000012166375,
        49.99999999798964,
        50.000000002506745,
        49.999999989433945,
        50.000000021260284
    ],
    "fit_time": 13529.03277540207,
    "init_guess": [
        0.005848410588726615,
        0.05848410588726615,
        6.0,
        50.0,
        50.0,
        50.0,
        50.0,
        50.0,
        50.0,
        50.0,
        50.0,
        50.0,
        50.0,
        50.0,
        50.0,
        50.0,
        50.0,
        50.0,
        50.0,
        50.0,
        50.0,
        50.0,
        50.0,
        50.0,
        50.0,
        50.0,
        50.0,
        50.0
    ],
    "model": "Competition Model",
    "model_params": [
        "C_0",
        "N_0",
        "kn",
        "rs"
    ],
    "model_species": [
        "C",
        "N"
    ],
    "obj_fun": 0.6646726872012558,
    "zone_cols": 5,
    "zone_coords": [
        7,
        13
    ],
    "zone_rows": 5
}