{
    "argv": 168,
    "bounds": [
        [
            5.848410588726615e-12,
            0.005848410588726615
        ],
        [
            0.05848410588726615,
            0.1169682117745323
        ],
        [
            0.0,
            11.0
        ],
        [
            0.0,
            null
        ],
        [
            0.0,
            null
        ],
        [
            0.0,
            null
        ],
        [
            0.0,
            null
        ],
        [
            0.0,
            null
        ],
        [
            0.0,
            null
        ],
        [
            0.0,
            null
        ],
        [
            0.0,
            null
        ],
        [
            0.0,
            null
        ],
        [
            0.0,
            null
        ],
        [
            0.0,
            null
        ],
        [
            0.0,
            null
        ],
        [
            0.0,
            null
        ],
        [
            0.0,
            null
        ],
        [
            0.0,
            null
        ],
        [
            0.0,
            null
        ],
        [
            0.0,
            null
        ],
        [
            0.0,
            null
        ],
        [
            0.0,
            null
        ],
        [
            0.0,
            null
        ],
        [
            0.0,
            null
        ],
        [
            0.0,
            null
        ],
        [
            0.0,
            null
        ],
        [
            0.0,
            null
        ],
        [
            0.0,
            null
        ]
    ],
    "comp_est": [
        9.554568461300013e-05,
        0.05848410588726615,
        7.105481712595015,
        44.43249308787255,
        40.50844109208394,
        46.08996739215545,
        46.5160260780258,
        42.34858182815467,
        36.33781603410342,
        38.561137574558664,
        42.16696180740732,
        47.097849654494794,
        58.27916267831004,
        44.63413717238092,
        44.38375948598793,
        42.41391745012023,
        55.939691550110176,
        42.077022600221966,
        44.07786332469997,
        45.13740237187752,
        41.183477410647555,
        41.90796919292674,
        42.15500808120787,
        40.37837799364683,
        45.96716501848738,
        56.934385925294194,
        43.482289819823556,
        40.79871111704248
    ],
    "fit_time": 28911.538524866104,
    "init_guess": [
        5.848410588726616e-11,
        0.05848410588726615,
        3.0,
        45.0,
        45.0,
        45.0,
        45.0,
        45.0,
        45.0,
        45.0,
        45.0,
        45.0,
        45.0,
        45.0,
        45.0,
        45.0,
        45.0,
        45.0,
        45.0,
        45.0,
        45.0,
        45.0,
        45.0,
        45.0,
        45.0,
        45.0,
        45.0,
        45.0
    ],
    "model": "Competition Model",
    "model_params": [
        "C_0",
        "N_0",
        "kn",
        "rs"
    ],
    "model_species": [
        "C",
        "N"
    ],
    "obj_fun": 0.06784381178360026,
    "zone_cols": 5,
    "zone_coords": [
        7,
        13
    ],
    "zone_rows": 5
}