{
    "argv": 171,
    "bounds": [
        [
            6.437222058477453e-12,
            0.006437222058477453
        ],
        [
            0.06437222058477453,
            0.12874444116954906
        ],
        [
            0.0,
            11.0
        ],
        [
            0.0,
            null
        ],
        [
            0.0,
            null
        ],
        [
            0.0,
            null
        ],
        [
            0.0,
            null
        ],
        [
            0.0,
            null
        ],
        [
            0.0,
            null
        ],
        [
            0.0,
            null
        ],
        [
            0.0,
            null
        ],
        [
            0.0,
            null
        ],
        [
            0.0,
            null
        ],
        [
            0.0,
            null
        ],
        [
            0.0,
            null
        ],
        [
            0.0,
            null
        ],
        [
            0.0,
            null
        ],
        [
            0.0,
            null
        ],
        [
            0.0,
            null
        ],
        [
            0.0,
            null
        ],
        [
            0.0,
            null
        ],
        [
            0.0,
            null
        ],
        [
            0.0,
            null
        ],
        [
            0.0,
            null
        ],
        [
            0.0,
            null
        ],
        [
            0.0,
            null
        ],
        [
            0.0,
            null
        ],
        [
            0.0,
            null
        ]
    ],
    "comp_est": [
        1.28410963962796e-05,
        0.07361725582619785,
        6.000002700770811,
        44.91042573388867,
        45.0053295330327,
        44.97403096980661,
        45.005298967325956,
        44.91036713696112,
        45.00534277096013,
        45.08581494804766,
        44.91041180727972,
        45.08591952670421,
        45.003549975030246,
        44.97410420320745,
        44.91042846592041,
        44.934184565336864,
        44.910515743233645,
        44.97403434764792,
        45.00531619971039,
        45.08596633839012,
        44.910405364856416,
        45.08780598198885,
        45.0035500357421,
        44.91042676332667,
        45.00345387273129,
        44.974048158266804,
        45.00355443224573,
        45.02486101098043
    ],
    "fit_time": 22799.64370560646,
    "init_guess": [
        6.437222058477453e-11,
        0.06437222058477453,
        6.0,
        45.0,
        45.0,
        45.0,
        45.0,
        45.0,
        45.0,
        45.0,
        45.0,
        45.0,
        45.0,
        45.0,
        45.0,
        45.0,
        45.0,
        45.0,
        45.0,
        45.0,
        45.0,
        45.0,
        45.0,
        45.0,
        45.0,
        45.0,
        45.0,
        45.0
    ],
    "model": "Competition Model",
    "model_params": [
        "C_0",
        "N_0",
        "kn",
        "rs"
    ],
    "model_species": [
        "C",
        "N"
    ],
    "obj_fun": 0.5719790807055857,
    "zone_cols": 5,
    "zone_coords": [
        9,
        15
    ],
    "zone_rows": 5
}