{
    "argv": 888,
    "bounds": [
        [
            6.437222058477453e-12,
            0.006437222058477453
        ],
        [
            0.06437222058477453,
            0.12874444116954906
        ],
        [
            0.0,
            11.0
        ],
        [
            0.0,
            null
        ],
        [
            0.0,
            null
        ],
        [
            0.0,
            null
        ],
        [
            0.0,
            null
        ],
        [
            0.0,
            null
        ],
        [
            0.0,
            null
        ],
        [
            0.0,
            null
        ],
        [
            0.0,
            null
        ],
        [
            0.0,
            null
        ],
        [
            0.0,
            null
        ],
        [
            0.0,
            null
        ],
        [
            0.0,
            null
        ],
        [
            0.0,
            null
        ],
        [
            0.0,
            null
        ],
        [
            0.0,
            null
        ],
        [
            0.0,
            null
        ],
        [
            0.0,
            null
        ],
        [
            0.0,
            null
        ],
        [
            0.0,
            null
        ],
        [
            0.0,
            null
        ],
        [
            0.0,
            null
        ],
        [
            0.0,
            null
        ],
        [
            0.0,
            null
        ],
        [
            0.0,
            null
        ],
        [
            0.0,
            null
        ]
    ],
    "comp_est": [
        6.437221794339643e-05,
        0.06437222058477453,
        8.000000000000659,
        39.99999992070663,
        39.99999999904927,
        39.999999976134156,
        39.99999998348451,
        39.999999921241645,
        39.99999999896554,
        40.00000025157954,
        39.9999999970908,
        40.000000249459724,
        39.99999999615844,
        39.99999997925915,
        39.99999999626813,
        40.0000002737335,
        39.99999999689621,
        39.999999991665355,
        39.99999998346182,
        40.00000025148197,
        39.99999999472255,
        40.00000025160236,
        39.999999998372765,
        39.99999992124185,
        39.999999992060616,
        39.99999998202514,
        39.99999999837407,
        39.99999992968159
    ],
    "fit_time": 65519.23643779755,
    "init_guess": [
        6.437222058477453e-05,
        0.06437222058477453,
        8.0,
        40.0,
        40.0,
        40.0,
        40.0,
        40.0,
        40.0,
        40.0,
        40.0,
        40.0,
        40.0,
        40.0,
        40.0,
        40.0,
        40.0,
        40.0,
        40.0,
        40.0,
        40.0,
        40.0,
        40.0,
        40.0,
        40.0,
        40.0,
        40.0,
        40.0
    ],
    "model": "Competition Model",
    "model_params": [
        "C_0",
        "N_0",
        "kn",
        "rs"
    ],
    "model_species": [
        "C",
        "N"
    ],
    "obj_fun": 0.5787804199405596,
    "zone_cols": 5,
    "zone_coords": [
        9,
        15
    ],
    "zone_rows": 5
}