{
    "argv": 932,
    "bounds": [
        [
            6.437222058477453e-12,
            0.006437222058477453
        ],
        [
            0.06437222058477453,
            0.12874444116954906
        ],
        [
            0.0,
            11.0
        ],
        [
            0.0,
            null
        ],
        [
            0.0,
            null
        ],
        [
            0.0,
            null
        ],
        [
            0.0,
            null
        ],
        [
            0.0,
            null
        ],
        [
            0.0,
            null
        ],
        [
            0.0,
            null
        ],
        [
            0.0,
            null
        ],
        [
            0.0,
            null
        ],
        [
            0.0,
            null
        ],
        [
            0.0,
            null
        ],
        [
            0.0,
            null
        ],
        [
            0.0,
            null
        ],
        [
            0.0,
            null
        ],
        [
            0.0,
            null
        ],
        [
            0.0,
            null
        ],
        [
            0.0,
            null
        ],
        [
            0.0,
            null
        ],
        [
            0.0,
            null
        ],
        [
            0.0,
            null
        ],
        [
            0.0,
            null
        ],
        [
            0.0,
            null
        ],
        [
            0.0,
            null
        ],
        [
            0.0,
            null
        ],
        [
            0.0,
            null
        ]
    ],
    "comp_est": [
        6.437216974778168e-05,
        0.06437222058477453,
        8.000000000000052,
        59.999999789561926,
        59.99999967242786,
        59.99999988424696,
        59.99999982188285,
        59.999999565312024,
        59.999999672234665,
        60.000000516666574,
        60.000000567008506,
        59.9999994296911,
        59.99999988789935,
        59.99999988444989,
        60.00000056699345,
        59.999999397432696,
        60.00000059799206,
        59.99999986417783,
        59.999999821840234,
        59.999999429862726,
        60.000000597849414,
        59.999999331780266,
        59.99999969916662,
        59.999999565307014,
        59.99999988769851,
        59.99999986420996,
        59.999999699185125,
        59.999999892159266
    ],
    "fit_time": 45880.14337182045,
    "init_guess": [
        6.437222058477453e-05,
        0.06437222058477453,
        8.0,
        60.0,
        60.0,
        60.0,
        60.0,
        60.0,
        60.0,
        60.0,
        60.0,
        60.0,
        60.0,
        60.0,
        60.0,
        60.0,
        60.0,
        60.0,
        60.0,
        60.0,
        60.0,
        60.0,
        60.0,
        60.0,
        60.0,
        60.0,
        60.0,
        60.0
    ],
    "model": "Competition Model",
    "model_params": [
        "C_0",
        "N_0",
        "kn",
        "rs"
    ],
    "model_species": [
        "C",
        "N"
    ],
    "obj_fun": 0.5972748680447573,
    "zone_cols": 5,
    "zone_coords": [
        9,
        15
    ],
    "zone_rows": 5
}