{
    "argv": 331,
    "bounds": [
        [
            5.848410588726615e-12,
            0.005848410588726615
        ],
        [
            0.05848410588726615,
            0.1169682117745323
        ],
        [
            0.0,
            11.0
        ],
        [
            0.0,
            null
        ],
        [
            0.0,
            null
        ],
        [
            0.0,
            null
        ],
        [
            0.0,
            null
        ],
        [
            0.0,
            null
        ],
        [
            0.0,
            null
        ],
        [
            0.0,
            null
        ],
        [
            0.0,
            null
        ],
        [
            0.0,
            null
        ],
        [
            0.0,
            null
        ],
        [
            0.0,
            null
        ],
        [
            0.0,
            null
        ],
        [
            0.0,
            null
        ],
        [
            0.0,
            null
        ],
        [
            0.0,
            null
        ],
        [
            0.0,
            null
        ],
        [
            0.0,
            null
        ],
        [
            0.0,
            null
        ],
        [
            0.0,
            null
        ],
        [
            0.0,
            null
        ],
        [
            0.0,
            null
        ],
        [
            0.0,
            null
        ],
        [
            0.0,
            null
        ],
        [
            0.0,
            null
        ],
        [
            0.0,
            null
        ]
    ],
    "comp_est": [
        5.809032866331906e-06,
        0.05848410588726615,
        10.99958778786938,
        64.87331749855271,
        63.31478517944809,
        65.54812821639075,
        65.4094158406776,
        62.202500530815335,
        60.23098266294423,
        61.17441937216277,
        63.122621742133596,
        64.6269276116634,
        77.69580269150374,
        65.32361807954969,
        64.90890956523586,
        62.887026340794876,
        75.83838618961029,
        61.09684422368147,
        65.27074456625655,
        64.9585963663471,
        61.429226505378715,
        62.429137973374885,
        62.806833538825686,
        61.69905242203118,
        65.22377691967333,
        76.09025181613951,
        63.29448012844468,
        62.00118211827018
    ],
    "fit_time": 53982.20647764206,
    "init_guess": [
        5.848410588726615e-10,
        0.05848410588726615,
        1.0,
        65.0,
        65.0,
        65.0,
        65.0,
        65.0,
        65.0,
        65.0,
        65.0,
        65.0,
        65.0,
        65.0,
        65.0,
        65.0,
        65.0,
        65.0,
        65.0,
        65.0,
        65.0,
        65.0,
        65.0,
        65.0,
        65.0,
        65.0,
        65.0,
        65.0
    ],
    "model": "Competition Model",
    "model_params": [
        "C_0",
        "N_0",
        "kn",
        "rs"
    ],
    "model_species": [
        "C",
        "N"
    ],
    "obj_fun": 0.10263612733624514,
    "zone_cols": 5,
    "zone_coords": [
        7,
        13
    ],
    "zone_rows": 5
}