{
    "argv": 1023,
    "bounds": [
        [
            6.437222058477453e-12,
            0.006437222058477453
        ],
        [
            0.06437222058477453,
            0.12874444116954906
        ],
        [
            0.0,
            11.0
        ],
        [
            0.0,
            null
        ],
        [
            0.0,
            null
        ],
        [
            0.0,
            null
        ],
        [
            0.0,
            null
        ],
        [
            0.0,
            null
        ],
        [
            0.0,
            null
        ],
        [
            0.0,
            null
        ],
        [
            0.0,
            null
        ],
        [
            0.0,
            null
        ],
        [
            0.0,
            null
        ],
        [
            0.0,
            null
        ],
        [
            0.0,
            null
        ],
        [
            0.0,
            null
        ],
        [
            0.0,
            null
        ],
        [
            0.0,
            null
        ],
        [
            0.0,
            null
        ],
        [
            0.0,
            null
        ],
        [
            0.0,
            null
        ],
        [
            0.0,
            null
        ],
        [
            0.0,
            null
        ],
        [
            0.0,
            null
        ],
        [
            0.0,
            null
        ],
        [
            0.0,
            null
        ],
        [
            0.0,
            null
        ],
        [
            0.0,
            null
        ]
    ],
    "comp_est": [
        0.00032791339346779805,
        0.06437222058477453,
        11.0,
        49.4863912444606,
        51.28303610536312,
        49.50042886440904,
        49.66909915410004,
        49.58502193573323,
        49.35518026325641,
        49.41454135896581,
        49.487366787912286,
        49.241953785971546,
        52.30267880239595,
        51.755211727673924,
        49.50165275270622,
        49.36204036586317,
        50.8519070062466,
        49.34975851258635,
        49.06376183168886,
        50.96054047208928,
        49.135605496299036,
        52.26627562968064,
        49.33945654737105,
        49.291673209000216,
        49.5076940455534,
        49.57386179504747,
        49.512192300809076,
        49.05811205556631
    ],
    "fit_time": 22282.877419233322,
    "init_guess": [
        0.0006437222058477453,
        0.06437222058477453,
        0.0,
        50.0,
        50.0,
        50.0,
        50.0,
        50.0,
        50.0,
        50.0,
        50.0,
        50.0,
        50.0,
        50.0,
        50.0,
        50.0,
        50.0,
        50.0,
        50.0,
        50.0,
        50.0,
        50.0,
        50.0,
        50.0,
        50.0,
        50.0,
        50.0,
        50.0
    ],
    "model": "Competition Model",
    "model_params": [
        "C_0",
        "N_0",
        "kn",
        "rs"
    ],
    "model_species": [
        "C",
        "N"
    ],
    "obj_fun": 0.5546321139774555,
    "zone_cols": 5,
    "zone_coords": [
        9,
        15
    ],
    "zone_rows": 5
}