{
    "argv": 373,
    "bounds": [
        [
            6.437222058477453e-12,
            0.006437222058477453
        ],
        [
            0.06437222058477453,
            0.12874444116954906
        ],
        [
            0.0,
            11.0
        ],
        [
            0.0,
            null
        ],
        [
            0.0,
            null
        ],
        [
            0.0,
            null
        ],
        [
            0.0,
            null
        ],
        [
            0.0,
            null
        ],
        [
            0.0,
            null
        ],
        [
            0.0,
            null
        ],
        [
            0.0,
            null
        ],
        [
            0.0,
            null
        ],
        [
            0.0,
            null
        ],
        [
            0.0,
            null
        ],
        [
            0.0,
            null
        ],
        [
            0.0,
            null
        ],
        [
            0.0,
            null
        ],
        [
            0.0,
            null
        ],
        [
            0.0,
            null
        ],
        [
            0.0,
            null
        ],
        [
            0.0,
            null
        ],
        [
            0.0,
            null
        ],
        [
            0.0,
            null
        ],
        [
            0.0,
            null
        ],
        [
            0.0,
            null
        ],
        [
            0.0,
            null
        ],
        [
            0.0,
            null
        ],
        [
            0.0,
            null
        ]
    ],
    "comp_est": [
        6.259638449011697e-09,
        0.06437387399146693,
        10.000000005288916,
        24.99810306585356,
        25.00000124626849,
        25.000001221921785,
        25.000001217449288,
        25.000085667775654,
        25.000001217147737,
        25.000661895690616,
        25.00006008769383,
        25.000023820916063,
        24.999972568245354,
        25.000001232465596,
        25.000060099241693,
        24.99995562129859,
        25.000001266116158,
        24.99998873375873,
        25.000001216947172,
        25.00002386208682,
        25.0000012379995,
        24.9999786295147,
        25.000119913004152,
        25.00008566928191,
        24.999972557701522,
        24.999988745306528,
        25.000119906477106,
        24.99997197667944
    ],
    "fit_time": 68468.08869504929,
    "init_guess": [
        6.437222058477453e-09,
        0.06437222058477453,
        10.0,
        25.0,
        25.0,
        25.0,
        25.0,
        25.0,
        25.0,
        25.0,
        25.0,
        25.0,
        25.0,
        25.0,
        25.0,
        25.0,
        25.0,
        25.0,
        25.0,
        25.0,
        25.0,
        25.0,
        25.0,
        25.0,
        25.0,
        25.0,
        25.0,
        25.0
    ],
    "model": "Competition Model",
    "model_params": [
        "C_0",
        "N_0",
        "kn",
        "rs"
    ],
    "model_species": [
        "C",
        "N"
    ],
    "obj_fun": 0.8276126376136919,
    "zone_cols": 5,
    "zone_coords": [
        9,
        15
    ],
    "zone_rows": 5
}