{
    "argv": 1082,
    "bounds": [
        [
            6.437222058477453e-12,
            0.006437222058477453
        ],
        [
            0.06437222058477453,
            0.12874444116954906
        ],
        [
            0.0,
            11.0
        ],
        [
            0.0,
            null
        ],
        [
            0.0,
            null
        ],
        [
            0.0,
            null
        ],
        [
            0.0,
            null
        ],
        [
            0.0,
            null
        ],
        [
            0.0,
            null
        ],
        [
            0.0,
            null
        ],
        [
            0.0,
            null
        ],
        [
            0.0,
            null
        ],
        [
            0.0,
            null
        ],
        [
            0.0,
            null
        ],
        [
            0.0,
            null
        ],
        [
            0.0,
            null
        ],
        [
            0.0,
            null
        ],
        [
            0.0,
            null
        ],
        [
            0.0,
            null
        ],
        [
            0.0,
            null
        ],
        [
            0.0,
            null
        ],
        [
            0.0,
            null
        ],
        [
            0.0,
            null
        ],
        [
            0.0,
            null
        ],
        [
            0.0,
            null
        ],
        [
            0.0,
            null
        ],
        [
            0.0,
            null
        ],
        [
            0.0,
            null
        ]
    ],
    "comp_est": [
        0.0006437222058144184,
        0.06437222058477453,
        4.0,
        75.00000001729428,
        75.00000000434986,
        75.00000001743896,
        75.00000001662154,
        75.00000000524689,
        75.00000000424856,
        75.0000000048661,
        75.00000001757154,
        75.00000000611496,
        74.9999999989732,
        75.00000001753943,
        75.00000001756563,
        74.99999999817885,
        74.99999999693983,
        75.00000001710129,
        75.00000001659292,
        75.00000000588953,
        74.99999999686108,
        75.00000003859876,
        75.00000000403033,
        75.00000000531692,
        74.99999999900407,
        75.00000001712876,
        75.00000000404218,
        75.00000000454084
    ],
    "fit_time": 13180.327216863632,
    "init_guess": [
        0.0006437222058477453,
        0.06437222058477453,
        4.0,
        75.0,
        75.0,
        75.0,
        75.0,
        75.0,
        75.0,
        75.0,
        75.0,
        75.0,
        75.0,
        75.0,
        75.0,
        75.0,
        75.0,
        75.0,
        75.0,
        75.0,
        75.0,
        75.0,
        75.0,
        75.0,
        75.0,
        75.0,
        75.0,
        75.0
    ],
    "model": "Competition Model",
    "model_params": [
        "C_0",
        "N_0",
        "kn",
        "rs"
    ],
    "model_species": [
        "C",
        "N"
    ],
    "obj_fun": 0.7470510204245568,
    "zone_cols": 5,
    "zone_coords": [
        9,
        15
    ],
    "zone_rows": 5
}