{
    "argv": 379,
    "bounds": [
        [
            6.437222058477453e-12,
            0.006437222058477453
        ],
        [
            0.06437222058477453,
            0.12874444116954906
        ],
        [
            0.0,
            11.0
        ],
        [
            0.0,
            null
        ],
        [
            0.0,
            null
        ],
        [
            0.0,
            null
        ],
        [
            0.0,
            null
        ],
        [
            0.0,
            null
        ],
        [
            0.0,
            null
        ],
        [
            0.0,
            null
        ],
        [
            0.0,
            null
        ],
        [
            0.0,
            null
        ],
        [
            0.0,
            null
        ],
        [
            0.0,
            null
        ],
        [
            0.0,
            null
        ],
        [
            0.0,
            null
        ],
        [
            0.0,
            null
        ],
        [
            0.0,
            null
        ],
        [
            0.0,
            null
        ],
        [
            0.0,
            null
        ],
        [
            0.0,
            null
        ],
        [
            0.0,
            null
        ],
        [
            0.0,
            null
        ],
        [
            0.0,
            null
        ],
        [
            0.0,
            null
        ],
        [
            0.0,
            null
        ],
        [
            0.0,
            null
        ],
        [
            0.0,
            null
        ]
    ],
    "comp_est": [
        6.438237552946257e-09,
        0.06437222066296122,
        5.0,
        29.999999699429722,
        29.999999699429722,
        29.999999699429722,
        29.999999699429722,
        30.000001259736948,
        29.999999699429722,
        30.000001418341306,
        30.00000169397739,
        30.00000168048124,
        29.999999699429722,
        29.999999699429722,
        30.000001693977392,
        30.000001731062437,
        30.000001693973505,
        29.999999699429722,
        29.999999699429722,
        30.000001680481244,
        30.000001693973502,
        30.000001511850215,
        29.999999699429722,
        30.000001259736933,
        29.999999699429722,
        29.999999699429722,
        29.999999699429722,
        30.000001461043276
    ],
    "fit_time": 28945.427925348282,
    "init_guess": [
        6.437222058477453e-09,
        0.06437222058477453,
        5.0,
        30.0,
        30.0,
        30.0,
        30.0,
        30.0,
        30.0,
        30.0,
        30.0,
        30.0,
        30.0,
        30.0,
        30.0,
        30.0,
        30.0,
        30.0,
        30.0,
        30.0,
        30.0,
        30.0,
        30.0,
        30.0,
        30.0,
        30.0,
        30.0,
        30.0
    ],
    "model": "Competition Model",
    "model_params": [
        "C_0",
        "N_0",
        "kn",
        "rs"
    ],
    "model_species": [
        "C",
        "N"
    ],
    "obj_fun": 0.8275681472736826,
    "zone_cols": 5,
    "zone_coords": [
        9,
        15
    ],
    "zone_rows": 5
}