{
    "argv": 181,
    "bounds": [
        [
            6.437222058477453e-12,
            0.006437222058477453
        ],
        [
            0.06437222058477453,
            0.12874444116954906
        ],
        [
            0.0,
            11.0
        ],
        [
            0.0,
            null
        ],
        [
            0.0,
            null
        ],
        [
            0.0,
            null
        ],
        [
            0.0,
            null
        ],
        [
            0.0,
            null
        ],
        [
            0.0,
            null
        ],
        [
            0.0,
            null
        ],
        [
            0.0,
            null
        ],
        [
            0.0,
            null
        ],
        [
            0.0,
            null
        ],
        [
            0.0,
            null
        ],
        [
            0.0,
            null
        ],
        [
            0.0,
            null
        ],
        [
            0.0,
            null
        ],
        [
            0.0,
            null
        ],
        [
            0.0,
            null
        ],
        [
            0.0,
            null
        ],
        [
            0.0,
            null
        ],
        [
            0.0,
            null
        ],
        [
            0.0,
            null
        ],
        [
            0.0,
            null
        ],
        [
            0.0,
            null
        ],
        [
            0.0,
            null
        ],
        [
            0.0,
            null
        ],
        [
            0.0,
            null
        ]
    ],
    "comp_est": [
        2.115735793704842e-06,
        0.06438727092242125,
        5.0,
        49.98356689093974,
        49.98356689093974,
        49.98356689093974,
        49.98356689093974,
        49.98356689093974,
        49.98356689093974,
        49.98356689093974,
        49.98356689093974,
        49.98356689093974,
        49.98356689093974,
        49.98356689093974,
        49.98356689093974,
        49.98356689093974,
        49.98356689093974,
        49.98356689093974,
        49.98356689093974,
        49.98356689093974,
        49.98356689093974,
        49.98356689093974,
        49.98356689093974,
        49.98356689093974,
        49.98356689093974,
        49.98356689093974,
        49.98356689093974,
        49.98356689093974
    ],
    "fit_time": 21509.0560131073,
    "init_guess": [
        6.437222058477453e-11,
        0.06437222058477453,
        5.0,
        50.0,
        50.0,
        50.0,
        50.0,
        50.0,
        50.0,
        50.0,
        50.0,
        50.0,
        50.0,
        50.0,
        50.0,
        50.0,
        50.0,
        50.0,
        50.0,
        50.0,
        50.0,
        50.0,
        50.0,
        50.0,
        50.0,
        50.0,
        50.0,
        50.0
    ],
    "model": "Competition Model",
    "model_params": [
        "C_0",
        "N_0",
        "kn",
        "rs"
    ],
    "model_species": [
        "C",
        "N"
    ],
    "obj_fun": 0.6259818253269448,
    "zone_cols": 5,
    "zone_coords": [
        9,
        15
    ],
    "zone_rows": 5
}