{
    "argv": 978,
    "bounds": [
        [
            6.437222058477453e-12,
            0.006437222058477453
        ],
        [
            0.06437222058477453,
            0.12874444116954906
        ],
        [
            0.0,
            11.0
        ],
        [
            0.0,
            null
        ],
        [
            0.0,
            null
        ],
        [
            0.0,
            null
        ],
        [
            0.0,
            null
        ],
        [
            0.0,
            null
        ],
        [
            0.0,
            null
        ],
        [
            0.0,
            null
        ],
        [
            0.0,
            null
        ],
        [
            0.0,
            null
        ],
        [
            0.0,
            null
        ],
        [
            0.0,
            null
        ],
        [
            0.0,
            null
        ],
        [
            0.0,
            null
        ],
        [
            0.0,
            null
        ],
        [
            0.0,
            null
        ],
        [
            0.0,
            null
        ],
        [
            0.0,
            null
        ],
        [
            0.0,
            null
        ],
        [
            0.0,
            null
        ],
        [
            0.0,
            null
        ],
        [
            0.0,
            null
        ],
        [
            0.0,
            null
        ],
        [
            0.0,
            null
        ],
        [
            0.0,
            null
        ],
        [
            0.0,
            null
        ]
    ],
    "comp_est": [
        0.0006437222315013331,
        0.06437222058477453,
        10.000000000459007,
        24.999999841437717,
        24.99999972562839,
        25.000000776037307,
        24.999999906700783,
        25.000000068309046,
        24.999999755010677,
        24.999999795590533,
        25.00000040897103,
        25.000000045368992,
        24.99999973105343,
        25.00000065722937,
        25.00000040298146,
        24.999999733309032,
        25.000000534606407,
        24.99999996490823,
        24.999999784935937,
        25.00000014412755,
        25.000000613735992,
        25.000000322324137,
        24.999999711594725,
        25.000000018718612,
        24.999999829194483,
        25.000000050096514,
        24.999999729823287,
        24.999999766699016
    ],
    "fit_time": 57664.72721576691,
    "init_guess": [
        0.0006437222058477453,
        0.06437222058477453,
        10.0,
        25.0,
        25.0,
        25.0,
        25.0,
        25.0,
        25.0,
        25.0,
        25.0,
        25.0,
        25.0,
        25.0,
        25.0,
        25.0,
        25.0,
        25.0,
        25.0,
        25.0,
        25.0,
        25.0,
        25.0,
        25.0,
        25.0,
        25.0,
        25.0,
        25.0
    ],
    "model": "Competition Model",
    "model_params": [
        "C_0",
        "N_0",
        "kn",
        "rs"
    ],
    "model_species": [
        "C",
        "N"
    ],
    "obj_fun": 0.5923183945105593,
    "zone_cols": 5,
    "zone_coords": [
        9,
        15
    ],
    "zone_rows": 5
}