{
    "argv": 1024,
    "bounds": [
        [
            5.848410588726615e-12,
            0.005848410588726615
        ],
        [
            0.05848410588726615,
            0.1169682117745323
        ],
        [
            0.0,
            11.0
        ],
        [
            0.0,
            null
        ],
        [
            0.0,
            null
        ],
        [
            0.0,
            null
        ],
        [
            0.0,
            null
        ],
        [
            0.0,
            null
        ],
        [
            0.0,
            null
        ],
        [
            0.0,
            null
        ],
        [
            0.0,
            null
        ],
        [
            0.0,
            null
        ],
        [
            0.0,
            null
        ],
        [
            0.0,
            null
        ],
        [
            0.0,
            null
        ],
        [
            0.0,
            null
        ],
        [
            0.0,
            null
        ],
        [
            0.0,
            null
        ],
        [
            0.0,
            null
        ],
        [
            0.0,
            null
        ],
        [
            0.0,
            null
        ],
        [
            0.0,
            null
        ],
        [
            0.0,
            null
        ],
        [
            0.0,
            null
        ],
        [
            0.0,
            null
        ],
        [
            0.0,
            null
        ],
        [
            0.0,
            null
        ],
        [
            0.0,
            null
        ]
    ],
    "comp_est": [
        5.4223829134909906e-05,
        0.058484105894446206,
        8.391355465083935,
        50.22934052917857,
        48.59416699669025,
        50.00367967937106,
        49.11020111969091,
        46.00448475538758,
        46.257440194177825,
        46.958652667331584,
        47.78610168434629,
        46.979694542495906,
        60.67663383841572,
        50.08208183946702,
        49.62196215457787,
        46.76385299239427,
        59.18287493646224,
        45.90521650763502,
        49.67532157631232,
        49.00857459074113,
        45.90414933782616,
        46.25912193742641,
        47.65866015585311,
        46.884696445126316,
        47.90573484646204,
        60.97661196753345,
        46.766747482961314,
        47.31524845722181
    ],
    "fit_time": 14225.993223905563,
    "init_guess": [
        0.0005848410588726615,
        0.05848410588726615,
        1.0,
        50.0,
        50.0,
        50.0,
        50.0,
        50.0,
        50.0,
        50.0,
        50.0,
        50.0,
        50.0,
        50.0,
        50.0,
        50.0,
        50.0,
        50.0,
        50.0,
        50.0,
        50.0,
        50.0,
        50.0,
        50.0,
        50.0,
        50.0,
        50.0,
        50.0
    ],
    "model": "Competition Model",
    "model_params": [
        "C_0",
        "N_0",
        "kn",
        "rs"
    ],
    "model_species": [
        "C",
        "N"
    ],
    "obj_fun": 0.10959122350822739,
    "zone_cols": 5,
    "zone_coords": [
        7,
        13
    ],
    "zone_rows": 5
}