{
    "argv": 221,
    "bounds": [
        [
            5.848410588726615e-12,
            0.005848410588726615
        ],
        [
            0.05848410588726615,
            0.1169682117745323
        ],
        [
            0.0,
            11.0
        ],
        [
            0.0,
            null
        ],
        [
            0.0,
            null
        ],
        [
            0.0,
            null
        ],
        [
            0.0,
            null
        ],
        [
            0.0,
            null
        ],
        [
            0.0,
            null
        ],
        [
            0.0,
            null
        ],
        [
            0.0,
            null
        ],
        [
            0.0,
            null
        ],
        [
            0.0,
            null
        ],
        [
            0.0,
            null
        ],
        [
            0.0,
            null
        ],
        [
            0.0,
            null
        ],
        [
            0.0,
            null
        ],
        [
            0.0,
            null
        ],
        [
            0.0,
            null
        ],
        [
            0.0,
            null
        ],
        [
            0.0,
            null
        ],
        [
            0.0,
            null
        ],
        [
            0.0,
            null
        ],
        [
            0.0,
            null
        ],
        [
            0.0,
            null
        ],
        [
            0.0,
            null
        ],
        [
            0.0,
            null
        ],
        [
            0.0,
            null
        ]
    ],
    "comp_est": [
        2.9597363845303613e-06,
        0.05848410588726615,
        10.999999951121577,
        70.64724926488232,
        69.08637907515566,
        70.52080627165232,
        69.74368007212425,
        66.70860239466178,
        66.70665792193088,
        67.4244184788533,
        68.40240953605442,
        67.92549294476434,
        81.69337711312942,
        70.65930511084703,
        70.13474584120517,
        67.59276659699545,
        80.00956922613493,
        65.48719509680345,
        70.31909517964112,
        69.66512715505594,
        66.2276575483041,
        67.21459840721107,
        68.33268428161463,
        67.46450936445137,
        68.95617823451565,
        81.89845733082174,
        67.72624516331176,
        67.93446222365567
    ],
    "fit_time": 39463.548798799515,
    "init_guess": [
        5.848410588726616e-11,
        0.05848410588726615,
        1.0,
        70.0,
        70.0,
        70.0,
        70.0,
        70.0,
        70.0,
        70.0,
        70.0,
        70.0,
        70.0,
        70.0,
        70.0,
        70.0,
        70.0,
        70.0,
        70.0,
        70.0,
        70.0,
        70.0,
        70.0,
        70.0,
        70.0,
        70.0,
        70.0,
        70.0
    ],
    "model": "Competition Model",
    "model_params": [
        "C_0",
        "N_0",
        "kn",
        "rs"
    ],
    "model_species": [
        "C",
        "N"
    ],
    "obj_fun": 0.12420675835351058,
    "zone_cols": 5,
    "zone_coords": [
        7,
        13
    ],
    "zone_rows": 5
}