{
    "argv": 320,
    "bounds": [
        [
            5.848410588726615e-12,
            0.005848410588726615
        ],
        [
            0.05848410588726615,
            0.1169682117745323
        ],
        [
            0.0,
            11.0
        ],
        [
            0.0,
            null
        ],
        [
            0.0,
            null
        ],
        [
            0.0,
            null
        ],
        [
            0.0,
            null
        ],
        [
            0.0,
            null
        ],
        [
            0.0,
            null
        ],
        [
            0.0,
            null
        ],
        [
            0.0,
            null
        ],
        [
            0.0,
            null
        ],
        [
            0.0,
            null
        ],
        [
            0.0,
            null
        ],
        [
            0.0,
            null
        ],
        [
            0.0,
            null
        ],
        [
            0.0,
            null
        ],
        [
            0.0,
            null
        ],
        [
            0.0,
            null
        ],
        [
            0.0,
            null
        ],
        [
            0.0,
            null
        ],
        [
            0.0,
            null
        ],
        [
            0.0,
            null
        ],
        [
            0.0,
            null
        ],
        [
            0.0,
            null
        ],
        [
            0.0,
            null
        ],
        [
            0.0,
            null
        ],
        [
            0.0,
            null
        ]
    ],
    "comp_est": [
        9.659287313271404e-06,
        0.05848410588726615,
        5.050351938182781,
        61.00592422133361,
        59.131293344516074,
        60.84717929395266,
        59.68967175877633,
        56.2164608689111,
        56.68876207597221,
        57.59601413115871,
        58.33048153634862,
        57.07547189531102,
        72.05218812434757,
        60.93448006474223,
        60.50238120006393,
        56.88118120432714,
        72.28520048023594,
        54.83944117347345,
        60.53118054824561,
        59.72000587972396,
        55.65043662949978,
        56.56994131000567,
        58.497018862132435,
        57.60261630562538,
        58.260649591221544,
        72.72947567454982,
        57.130985869522505,
        58.32073239115735
    ],
    "fit_time": 11389.268599033356,
    "init_guess": [
        5.848410588726615e-10,
        0.05848410588726615,
        1.0,
        60.0,
        60.0,
        60.0,
        60.0,
        60.0,
        60.0,
        60.0,
        60.0,
        60.0,
        60.0,
        60.0,
        60.0,
        60.0,
        60.0,
        60.0,
        60.0,
        60.0,
        60.0,
        60.0,
        60.0,
        60.0,
        60.0,
        60.0,
        60.0,
        60.0
    ],
    "model": "Competition Model",
    "model_params": [
        "C_0",
        "N_0",
        "kn",
        "rs"
    ],
    "model_species": [
        "C",
        "N"
    ],
    "obj_fun": 0.13311644814039442,
    "zone_cols": 5,
    "zone_coords": [
        7,
        13
    ],
    "zone_rows": 5
}