{
    "argv": 574,
    "bounds": [
        [
            5.848410588726615e-12,
            0.005848410588726615
        ],
        [
            0.05848410588726615,
            0.1169682117745323
        ],
        [
            0.0,
            11.0
        ],
        [
            0.0,
            null
        ],
        [
            0.0,
            null
        ],
        [
            0.0,
            null
        ],
        [
            0.0,
            null
        ],
        [
            0.0,
            null
        ],
        [
            0.0,
            null
        ],
        [
            0.0,
            null
        ],
        [
            0.0,
            null
        ],
        [
            0.0,
            null
        ],
        [
            0.0,
            null
        ],
        [
            0.0,
            null
        ],
        [
            0.0,
            null
        ],
        [
            0.0,
            null
        ],
        [
            0.0,
            null
        ],
        [
            0.0,
            null
        ],
        [
            0.0,
            null
        ],
        [
            0.0,
            null
        ],
        [
            0.0,
            null
        ],
        [
            0.0,
            null
        ],
        [
            0.0,
            null
        ],
        [
            0.0,
            null
        ],
        [
            0.0,
            null
        ],
        [
            0.0,
            null
        ],
        [
            0.0,
            null
        ],
        [
            0.0,
            null
        ]
    ],
    "comp_est": [
        6.030351426497325e-06,
        0.05848410588726615,
        6.228460162162825,
        65.54746774943327,
        63.69831550667012,
        65.45475193315268,
        64.65173291295639,
        61.24651826869443,
        60.961246596664,
        61.775769383089525,
        62.95594745041135,
        63.24067632814466,
        78.38817653153359,
        65.54613390522954,
        65.06196892562625,
        62.35740547810121,
        75.11140704760386,
        60.37799941235982,
        65.19432754167138,
        64.63433049525123,
        60.79919007512275,
        61.62362023550665,
        62.69030967680395,
        61.90137788892176,
        64.03151695152032,
        78.17884418033422,
        62.34415866013225,
        62.15368946635264
    ],
    "fit_time": 17999.000525951385,
    "init_guess": [
        5.8484105887266145e-08,
        0.05848410588726615,
        2.0,
        65.0,
        65.0,
        65.0,
        65.0,
        65.0,
        65.0,
        65.0,
        65.0,
        65.0,
        65.0,
        65.0,
        65.0,
        65.0,
        65.0,
        65.0,
        65.0,
        65.0,
        65.0,
        65.0,
        65.0,
        65.0,
        65.0,
        65.0,
        65.0,
        65.0
    ],
    "model": "Competition Model",
    "model_params": [
        "C_0",
        "N_0",
        "kn",
        "rs"
    ],
    "model_species": [
        "C",
        "N"
    ],
    "obj_fun": 0.11987987835709482,
    "zone_cols": 5,
    "zone_coords": [
        7,
        13
    ],
    "zone_rows": 5
}