{
    "argv": 49,
    "bounds": [
        [
            6.437222058477453e-12,
            0.006437222058477453
        ],
        [
            0.06437222058477453,
            0.12874444116954906
        ],
        [
            0.0,
            11.0
        ],
        [
            0.0,
            null
        ],
        [
            0.0,
            null
        ],
        [
            0.0,
            null
        ],
        [
            0.0,
            null
        ],
        [
            0.0,
            null
        ],
        [
            0.0,
            null
        ],
        [
            0.0,
            null
        ],
        [
            0.0,
            null
        ],
        [
            0.0,
            null
        ],
        [
            0.0,
            null
        ],
        [
            0.0,
            null
        ],
        [
            0.0,
            null
        ],
        [
            0.0,
            null
        ],
        [
            0.0,
            null
        ],
        [
            0.0,
            null
        ],
        [
            0.0,
            null
        ],
        [
            0.0,
            null
        ],
        [
            0.0,
            null
        ],
        [
            0.0,
            null
        ],
        [
            0.0,
            null
        ],
        [
            0.0,
            null
        ],
        [
            0.0,
            null
        ],
        [
            0.0,
            null
        ],
        [
            0.0,
            null
        ],
        [
            0.0,
            null
        ]
    ],
    "comp_est": [
        2.8221925214801436e-05,
        0.06908300214789921,
        4.999676821452576,
        44.883955856033204,
        45.2662661855881,
        44.798543631658966,
        44.87137530591465,
        45.05968314730174,
        44.80696222692654,
        45.05248103926032,
        45.08916759636812,
        44.8028831060379,
        45.379793642959804,
        45.278595386933894,
        45.078324683272754,
        45.03819010770466,
        45.40785973810483,
        44.75401614768468,
        44.750477257684864,
        45.25063153144224,
        44.9718241132321,
        45.05359981551796,
        44.789408014849386,
        45.05219191657816,
        44.87406581717754,
        44.85188620374671,
        44.881163441876254,
        44.550589196454524
    ],
    "fit_time": 55561.53335928917,
    "init_guess": [
        6.437222058477453e-12,
        0.06437222058477453,
        5.0,
        45.0,
        45.0,
        45.0,
        45.0,
        45.0,
        45.0,
        45.0,
        45.0,
        45.0,
        45.0,
        45.0,
        45.0,
        45.0,
        45.0,
        45.0,
        45.0,
        45.0,
        45.0,
        45.0,
        45.0,
        45.0,
        45.0,
        45.0,
        45.0,
        45.0
    ],
    "model": "Competition Model",
    "model_params": [
        "C_0",
        "N_0",
        "kn",
        "rs"
    ],
    "model_species": [
        "C",
        "N"
    ],
    "obj_fun": 0.5570722003913848,
    "zone_cols": 5,
    "zone_coords": [
        9,
        15
    ],
    "zone_rows": 5
}