{
    "argv": 972,
    "bounds": [
        [
            5.848410588726615e-12,
            0.005848410588726615
        ],
        [
            0.05848410588726615,
            0.1169682117745323
        ],
        [
            0.0,
            11.0
        ],
        [
            0.0,
            null
        ],
        [
            0.0,
            null
        ],
        [
            0.0,
            null
        ],
        [
            0.0,
            null
        ],
        [
            0.0,
            null
        ],
        [
            0.0,
            null
        ],
        [
            0.0,
            null
        ],
        [
            0.0,
            null
        ],
        [
            0.0,
            null
        ],
        [
            0.0,
            null
        ],
        [
            0.0,
            null
        ],
        [
            0.0,
            null
        ],
        [
            0.0,
            null
        ],
        [
            0.0,
            null
        ],
        [
            0.0,
            null
        ],
        [
            0.0,
            null
        ],
        [
            0.0,
            null
        ],
        [
            0.0,
            null
        ],
        [
            0.0,
            null
        ],
        [
            0.0,
            null
        ],
        [
            0.0,
            null
        ],
        [
            0.0,
            null
        ],
        [
            0.0,
            null
        ],
        [
            0.0,
            null
        ],
        [
            0.0,
            null
        ]
    ],
    "comp_est": [
        0.0006861071228313709,
        0.06839277303283897,
        2.792769015815009,
        23.312409127264104,
        22.010386388905943,
        25.494075291680197,
        26.629569690614577,
        24.64984106737385,
        14.624371879140345,
        19.070864703821343,
        23.285514325289984,
        27.014715113797855,
        36.71281684568905,
        24.236231730956945,
        24.451777617183186,
        22.93111853235352,
        34.306286379553235,
        23.467095278366923,
        24.73545894325838,
        24.85009270832981,
        21.7786897027485,
        22.58562731800746,
        22.870037111282233,
        21.032053609386367,
        25.4038926578664,
        35.32065623305075,
        23.771830165707428,
        21.54945359193217
    ],
    "fit_time": 27589.07771897316,
    "init_guess": [
        0.0005848410588726615,
        0.05848410588726615,
        4.0,
        25.0,
        25.0,
        25.0,
        25.0,
        25.0,
        25.0,
        25.0,
        25.0,
        25.0,
        25.0,
        25.0,
        25.0,
        25.0,
        25.0,
        25.0,
        25.0,
        25.0,
        25.0,
        25.0,
        25.0,
        25.0,
        25.0,
        25.0,
        25.0,
        25.0
    ],
    "model": "Competition Model",
    "model_params": [
        "C_0",
        "N_0",
        "kn",
        "rs"
    ],
    "model_species": [
        "C",
        "N"
    ],
    "obj_fun": 0.07263336245332007,
    "zone_cols": 5,
    "zone_coords": [
        7,
        13
    ],
    "zone_rows": 5
}