{
    "argv": 16,
    "bounds": [
        [
            6.437222058477453e-12,
            0.006437222058477453
        ],
        [
            0.06437222058477453,
            0.12874444116954906
        ],
        [
            0.0,
            11.0
        ],
        [
            0.0,
            null
        ],
        [
            0.0,
            null
        ],
        [
            0.0,
            null
        ],
        [
            0.0,
            null
        ],
        [
            0.0,
            null
        ],
        [
            0.0,
            null
        ],
        [
            0.0,
            null
        ],
        [
            0.0,
            null
        ],
        [
            0.0,
            null
        ],
        [
            0.0,
            null
        ],
        [
            0.0,
            null
        ],
        [
            0.0,
            null
        ],
        [
            0.0,
            null
        ],
        [
            0.0,
            null
        ],
        [
            0.0,
            null
        ],
        [
            0.0,
            null
        ],
        [
            0.0,
            null
        ],
        [
            0.0,
            null
        ],
        [
            0.0,
            null
        ],
        [
            0.0,
            null
        ],
        [
            0.0,
            null
        ],
        [
            0.0,
            null
        ],
        [
            0.0,
            null
        ],
        [
            0.0,
            null
        ],
        [
            0.0,
            null
        ]
    ],
    "comp_est": [
        0.0005508080558954027,
        0.06769723039770248,
        4.999082913699037,
        29.971524715345918,
        30.090122998990516,
        29.971110755158914,
        29.982309201997033,
        29.97660556145709,
        29.92805785972514,
        29.73210169966325,
        29.764638539331553,
        29.756776579722644,
        30.150125835962466,
        30.102640258474135,
        29.762717967870863,
        29.75822014079638,
        29.883264212430536,
        29.98530397579379,
        29.952339248895743,
        29.870735559888853,
        29.743189538913512,
        29.927487111133946,
        30.00412934418295,
        29.970997944582642,
        29.98579165488537,
        29.986972496350177,
        29.978316961048236,
        29.95394104970323
    ],
    "fit_time": 25361.330278873444,
    "init_guess": [
        6.437222058477453e-12,
        0.06437222058477453,
        5.0,
        30.0,
        30.0,
        30.0,
        30.0,
        30.0,
        30.0,
        30.0,
        30.0,
        30.0,
        30.0,
        30.0,
        30.0,
        30.0,
        30.0,
        30.0,
        30.0,
        30.0,
        30.0,
        30.0,
        30.0,
        30.0,
        30.0,
        30.0,
        30.0,
        30.0
    ],
    "model": "Competition Model",
    "model_params": [
        "C_0",
        "N_0",
        "kn",
        "rs"
    ],
    "model_species": [
        "C",
        "N"
    ],
    "obj_fun": 0.5692242643417663,
    "zone_cols": 5,
    "zone_coords": [
        9,
        15
    ],
    "zone_rows": 5
}