{
    "argv": 332,
    "bounds": [
        [
            5.848410588726615e-12,
            0.005848410588726615
        ],
        [
            0.05848410588726615,
            0.1169682117745323
        ],
        [
            0.0,
            11.0
        ],
        [
            0.0,
            null
        ],
        [
            0.0,
            null
        ],
        [
            0.0,
            null
        ],
        [
            0.0,
            null
        ],
        [
            0.0,
            null
        ],
        [
            0.0,
            null
        ],
        [
            0.0,
            null
        ],
        [
            0.0,
            null
        ],
        [
            0.0,
            null
        ],
        [
            0.0,
            null
        ],
        [
            0.0,
            null
        ],
        [
            0.0,
            null
        ],
        [
            0.0,
            null
        ],
        [
            0.0,
            null
        ],
        [
            0.0,
            null
        ],
        [
            0.0,
            null
        ],
        [
            0.0,
            null
        ],
        [
            0.0,
            null
        ],
        [
            0.0,
            null
        ],
        [
            0.0,
            null
        ],
        [
            0.0,
            null
        ],
        [
            0.0,
            null
        ],
        [
            0.0,
            null
        ],
        [
            0.0,
            null
        ],
        [
            0.0,
            null
        ]
    ],
    "comp_est": [
        7.340123265958566e-06,
        0.05848410596610509,
        7.153971383771592,
        65.2829986753941,
        63.98815880171039,
        65.35343662375575,
        65.10732946138555,
        63.37148851143334,
        62.308234857281775,
        62.79444487065256,
        63.97783388595627,
        65.90547152674661,
        79.20624248067845,
        65.33875755396747,
        65.12123288002802,
        64.03143550308744,
        76.2265509593516,
        63.29890019513994,
        65.14158516335264,
        65.00976405217322,
        63.275440916550636,
        63.66078917533237,
        63.756642489643106,
        63.046067820951585,
        65.17759967978633,
        79.1076152467664,
        64.188694433653,
        63.25926163174208
    ],
    "fit_time": 30473.132011413574,
    "init_guess": [
        5.848410588726615e-10,
        0.05848410588726615,
        2.0,
        65.0,
        65.0,
        65.0,
        65.0,
        65.0,
        65.0,
        65.0,
        65.0,
        65.0,
        65.0,
        65.0,
        65.0,
        65.0,
        65.0,
        65.0,
        65.0,
        65.0,
        65.0,
        65.0,
        65.0,
        65.0,
        65.0,
        65.0,
        65.0,
        65.0
    ],
    "model": "Competition Model",
    "model_params": [
        "C_0",
        "N_0",
        "kn",
        "rs"
    ],
    "model_species": [
        "C",
        "N"
    ],
    "obj_fun": 0.1172653543764101,
    "zone_cols": 5,
    "zone_coords": [
        7,
        13
    ],
    "zone_rows": 5
}