{
    "argv": 970,
    "bounds": [
        [
            6.437222058477453e-12,
            0.006437222058477453
        ],
        [
            0.06437222058477453,
            0.12874444116954906
        ],
        [
            0.0,
            11.0
        ],
        [
            0.0,
            null
        ],
        [
            0.0,
            null
        ],
        [
            0.0,
            null
        ],
        [
            0.0,
            null
        ],
        [
            0.0,
            null
        ],
        [
            0.0,
            null
        ],
        [
            0.0,
            null
        ],
        [
            0.0,
            null
        ],
        [
            0.0,
            null
        ],
        [
            0.0,
            null
        ],
        [
            0.0,
            null
        ],
        [
            0.0,
            null
        ],
        [
            0.0,
            null
        ],
        [
            0.0,
            null
        ],
        [
            0.0,
            null
        ],
        [
            0.0,
            null
        ],
        [
            0.0,
            null
        ],
        [
            0.0,
            null
        ],
        [
            0.0,
            null
        ],
        [
            0.0,
            null
        ],
        [
            0.0,
            null
        ],
        [
            0.0,
            null
        ],
        [
            0.0,
            null
        ],
        [
            0.0,
            null
        ],
        [
            0.0,
            null
        ]
    ],
    "comp_est": [
        8.033534401978344e-05,
        0.06977942464066361,
        1.6502783402392036,
        34.309185970820515,
        49.53483141802061,
        35.732253767917484,
        38.50827893921905,
        40.38519831353984,
        32.592792229460024,
        34.7348530216793,
        35.706516936142876,
        35.87598674968788,
        57.720869068404184,
        49.2552180493061,
        36.631677903843226,
        35.049460926330724,
        48.39126599414305,
        35.481585996425686,
        24.405891279639732,
        45.44282382708235,
        30.723627508326096,
        53.03671432594609,
        33.96339350348131,
        29.71589932326405,
        34.98455057715434,
        36.40318339256245,
        35.863108611413956,
        18.25832251107321
    ],
    "fit_time": 73948.23654913902,
    "init_guess": [
        0.0006437222058477453,
        0.06437222058477453,
        2.0,
        25.0,
        25.0,
        25.0,
        25.0,
        25.0,
        25.0,
        25.0,
        25.0,
        25.0,
        25.0,
        25.0,
        25.0,
        25.0,
        25.0,
        25.0,
        25.0,
        25.0,
        25.0,
        25.0,
        25.0,
        25.0,
        25.0,
        25.0,
        25.0,
        25.0
    ],
    "model": "Competition Model",
    "model_params": [
        "C_0",
        "N_0",
        "kn",
        "rs"
    ],
    "model_species": [
        "C",
        "N"
    ],
    "obj_fun": 0.07095343009643038,
    "zone_cols": 5,
    "zone_coords": [
        9,
        15
    ],
    "zone_rows": 5
}