{
    "argv": 704,
    "bounds": [
        [
            6.437222058477453e-12,
            0.006437222058477453
        ],
        [
            0.06437222058477453,
            0.12874444116954906
        ],
        [
            0.0,
            11.0
        ],
        [
            0.0,
            null
        ],
        [
            0.0,
            null
        ],
        [
            0.0,
            null
        ],
        [
            0.0,
            null
        ],
        [
            0.0,
            null
        ],
        [
            0.0,
            null
        ],
        [
            0.0,
            null
        ],
        [
            0.0,
            null
        ],
        [
            0.0,
            null
        ],
        [
            0.0,
            null
        ],
        [
            0.0,
            null
        ],
        [
            0.0,
            null
        ],
        [
            0.0,
            null
        ],
        [
            0.0,
            null
        ],
        [
            0.0,
            null
        ],
        [
            0.0,
            null
        ],
        [
            0.0,
            null
        ],
        [
            0.0,
            null
        ],
        [
            0.0,
            null
        ],
        [
            0.0,
            null
        ],
        [
            0.0,
            null
        ],
        [
            0.0,
            null
        ],
        [
            0.0,
            null
        ],
        [
            0.0,
            null
        ],
        [
            0.0,
            null
        ]
    ],
    "comp_est": [
        1.4029645313769682e-08,
        0.0685276811939938,
        0.2825450519723872,
        70.55266430414126,
        138.44101498178142,
        70.52791557266552,
        70.35288369696586,
        70.42490105805896,
        70.69673098192439,
        70.62731346496456,
        70.56386832302542,
        70.8038997934084,
        211.79312288638866,
        173.12738201350246,
        70.49963039928402,
        70.69550060092071,
        111.02223868696308,
        70.68191583755917,
        67.71338796911054,
        118.03794470852242,
        70.93241770775545,
        210.46158078535385,
        70.70841877339276,
        70.79651199138296,
        70.52335386887052,
        70.44717113760818,
        70.49032288819468,
        65.76700154864793
    ],
    "fit_time": 70951.39967989922,
    "init_guess": [
        6.437222058477454e-07,
        0.06437222058477453,
        0.0,
        70.0,
        70.0,
        70.0,
        70.0,
        70.0,
        70.0,
        70.0,
        70.0,
        70.0,
        70.0,
        70.0,
        70.0,
        70.0,
        70.0,
        70.0,
        70.0,
        70.0,
        70.0,
        70.0,
        70.0,
        70.0,
        70.0,
        70.0,
        70.0,
        70.0
    ],
    "model": "Competition Model",
    "model_params": [
        "C_0",
        "N_0",
        "kn",
        "rs"
    ],
    "model_species": [
        "C",
        "N"
    ],
    "obj_fun": 0.25593986135679025,
    "zone_cols": 5,
    "zone_coords": [
        9,
        15
    ],
    "zone_rows": 5
}