{
    "argv": 243,
    "bounds": [
        [
            6.437222058477453e-12,
            0.006437222058477453
        ],
        [
            0.06437222058477453,
            0.12874444116954906
        ],
        [
            0.0,
            11.0
        ],
        [
            0.0,
            null
        ],
        [
            0.0,
            null
        ],
        [
            0.0,
            null
        ],
        [
            0.0,
            null
        ],
        [
            0.0,
            null
        ],
        [
            0.0,
            null
        ],
        [
            0.0,
            null
        ],
        [
            0.0,
            null
        ],
        [
            0.0,
            null
        ],
        [
            0.0,
            null
        ],
        [
            0.0,
            null
        ],
        [
            0.0,
            null
        ],
        [
            0.0,
            null
        ],
        [
            0.0,
            null
        ],
        [
            0.0,
            null
        ],
        [
            0.0,
            null
        ],
        [
            0.0,
            null
        ],
        [
            0.0,
            null
        ],
        [
            0.0,
            null
        ],
        [
            0.0,
            null
        ],
        [
            0.0,
            null
        ],
        [
            0.0,
            null
        ],
        [
            0.0,
            null
        ],
        [
            0.0,
            null
        ],
        [
            0.0,
            null
        ]
    ],
    "comp_est": [
        0.00021555398952768194,
        0.07528408101719565,
        1.2613838608731212,
        26.455404325690285,
        38.626517680839754,
        26.454248869210183,
        28.671980196077453,
        30.673935082855515,
        25.324845273962016,
        26.10596642632944,
        26.362145306401434,
        26.503651808448915,
        46.8167472594488,
        40.5581852418292,
        27.75749284968846,
        26.02121379298052,
        38.49275751729364,
        28.627890063512876,
        21.469844786792713,
        35.3346870370982,
        21.197150472919173,
        42.42229066279784,
        26.17778519556104,
        22.086389147469454,
        26.27579628560453,
        26.69466466486276,
        27.07019348050817,
        19.446040634108765
    ],
    "fit_time": 62327.518587589264,
    "init_guess": [
        6.437222058477453e-10,
        0.06437222058477453,
        1.0,
        25.0,
        25.0,
        25.0,
        25.0,
        25.0,
        25.0,
        25.0,
        25.0,
        25.0,
        25.0,
        25.0,
        25.0,
        25.0,
        25.0,
        25.0,
        25.0,
        25.0,
        25.0,
        25.0,
        25.0,
        25.0,
        25.0,
        25.0,
        25.0,
        25.0
    ],
    "model": "Competition Model",
    "model_params": [
        "C_0",
        "N_0",
        "kn",
        "rs"
    ],
    "model_species": [
        "C",
        "N"
    ],
    "obj_fun": 0.08040749294183866,
    "zone_cols": 5,
    "zone_coords": [
        9,
        15
    ],
    "zone_rows": 5
}