{
    "argv": 166,
    "bounds": [
        [
            5.848410588726615e-12,
            0.005848410588726615
        ],
        [
            0.05848410588726615,
            0.1169682117745323
        ],
        [
            0.0,
            11.0
        ],
        [
            0.0,
            null
        ],
        [
            0.0,
            null
        ],
        [
            0.0,
            null
        ],
        [
            0.0,
            null
        ],
        [
            0.0,
            null
        ],
        [
            0.0,
            null
        ],
        [
            0.0,
            null
        ],
        [
            0.0,
            null
        ],
        [
            0.0,
            null
        ],
        [
            0.0,
            null
        ],
        [
            0.0,
            null
        ],
        [
            0.0,
            null
        ],
        [
            0.0,
            null
        ],
        [
            0.0,
            null
        ],
        [
            0.0,
            null
        ],
        [
            0.0,
            null
        ],
        [
            0.0,
            null
        ],
        [
            0.0,
            null
        ],
        [
            0.0,
            null
        ],
        [
            0.0,
            null
        ],
        [
            0.0,
            null
        ],
        [
            0.0,
            null
        ],
        [
            0.0,
            null
        ],
        [
            0.0,
            null
        ],
        [
            0.0,
            null
        ]
    ],
    "comp_est": [
        0.00010177871545774994,
        0.05848410588726615,
        9.109176632774565,
        45.57936218935716,
        43.978133220485105,
        45.51432755491774,
        45.00899483345966,
        42.09867444005677,
        41.33166680085658,
        42.27351932930152,
        43.47772496390043,
        43.55178933933301,
        57.13904887550332,
        45.65536276638944,
        45.21646153205702,
        42.775971813459314,
        54.89826047162091,
        41.462370063948,
        45.29104982256175,
        44.8800398098043,
        41.61370232565388,
        42.38868103575071,
        43.372208837795085,
        42.39011885626239,
        44.248284259933534,
        57.09885941322174,
        42.93871446546114,
        42.83856816094108
    ],
    "fit_time": 21798.503383636475,
    "init_guess": [
        5.848410588726616e-11,
        0.05848410588726615,
        1.0,
        45.0,
        45.0,
        45.0,
        45.0,
        45.0,
        45.0,
        45.0,
        45.0,
        45.0,
        45.0,
        45.0,
        45.0,
        45.0,
        45.0,
        45.0,
        45.0,
        45.0,
        45.0,
        45.0,
        45.0,
        45.0,
        45.0,
        45.0,
        45.0,
        45.0
    ],
    "model": "Competition Model",
    "model_params": [
        "C_0",
        "N_0",
        "kn",
        "rs"
    ],
    "model_species": [
        "C",
        "N"
    ],
    "obj_fun": 0.0981855659445411,
    "zone_cols": 5,
    "zone_coords": [
        7,
        13
    ],
    "zone_rows": 5
}