{
    "argv": 1098,
    "bounds": [
        [
            6.437222058477453e-12,
            0.006437222058477453
        ],
        [
            0.06437222058477453,
            0.12874444116954906
        ],
        [
            0.0,
            11.0
        ],
        [
            0.0,
            null
        ],
        [
            0.0,
            null
        ],
        [
            0.0,
            null
        ],
        [
            0.0,
            null
        ],
        [
            0.0,
            null
        ],
        [
            0.0,
            null
        ],
        [
            0.0,
            null
        ],
        [
            0.0,
            null
        ],
        [
            0.0,
            null
        ],
        [
            0.0,
            null
        ],
        [
            0.0,
            null
        ],
        [
            0.0,
            null
        ],
        [
            0.0,
            null
        ],
        [
            0.0,
            null
        ],
        [
            0.0,
            null
        ],
        [
            0.0,
            null
        ],
        [
            0.0,
            null
        ],
        [
            0.0,
            null
        ],
        [
            0.0,
            null
        ],
        [
            0.0,
            null
        ],
        [
            0.0,
            null
        ],
        [
            0.0,
            null
        ],
        [
            0.0,
            null
        ],
        [
            0.0,
            null
        ],
        [
            0.0,
            null
        ]
    ],
    "comp_est": [
        0.0064372220572570865,
        0.06437222058477453,
        8.999999999979655,
        24.999999975783073,
        24.999999706003287,
        24.999999908657376,
        24.99999971031444,
        25.0000001262992,
        24.999999706382486,
        25.000000076847392,
        25.00000007229114,
        25.000000038545917,
        24.999999700137273,
        24.999999929875848,
        25.00000007725971,
        25.00000003931881,
        25.000000086336687,
        24.99999990561781,
        24.99999970222179,
        25.000000036678955,
        25.00000010278269,
        25.000000038392923,
        24.999999773148293,
        25.00000012102649,
        24.99999969629113,
        24.99999990842946,
        24.999999695157406,
        24.999999990742804
    ],
    "fit_time": 49361.81213736534,
    "init_guess": [
        0.006437222058477453,
        0.06437222058477453,
        9.0,
        25.0,
        25.0,
        25.0,
        25.0,
        25.0,
        25.0,
        25.0,
        25.0,
        25.0,
        25.0,
        25.0,
        25.0,
        25.0,
        25.0,
        25.0,
        25.0,
        25.0,
        25.0,
        25.0,
        25.0,
        25.0,
        25.0,
        25.0,
        25.0,
        25.0
    ],
    "model": "Competition Model",
    "model_params": [
        "C_0",
        "N_0",
        "kn",
        "rs"
    ],
    "model_species": [
        "C",
        "N"
    ],
    "obj_fun": 0.6772737722968365,
    "zone_cols": 5,
    "zone_coords": [
        9,
        15
    ],
    "zone_rows": 5
}