{
    "argv": 465,
    "bounds": [
        [
            5.848410588726615e-12,
            0.005848410588726615
        ],
        [
            0.05848410588726615,
            0.1169682117745323
        ],
        [
            0.0,
            11.0
        ],
        [
            0.0,
            null
        ],
        [
            0.0,
            null
        ],
        [
            0.0,
            null
        ],
        [
            0.0,
            null
        ],
        [
            0.0,
            null
        ],
        [
            0.0,
            null
        ],
        [
            0.0,
            null
        ],
        [
            0.0,
            null
        ],
        [
            0.0,
            null
        ],
        [
            0.0,
            null
        ],
        [
            0.0,
            null
        ],
        [
            0.0,
            null
        ],
        [
            0.0,
            null
        ],
        [
            0.0,
            null
        ],
        [
            0.0,
            null
        ],
        [
            0.0,
            null
        ],
        [
            0.0,
            null
        ],
        [
            0.0,
            null
        ],
        [
            0.0,
            null
        ],
        [
            0.0,
            null
        ],
        [
            0.0,
            null
        ],
        [
            0.0,
            null
        ],
        [
            0.0,
            null
        ],
        [
            0.0,
            null
        ],
        [
            0.0,
            null
        ]
    ],
    "comp_est": [
        4.253573725379814e-06,
        0.05848410588726615,
        5.203879197438252,
        70.47928937728501,
        68.45516016274597,
        70.61106610404602,
        69.82670389659663,
        66.11447165289182,
        65.30369356716513,
        66.29333874501715,
        67.85070226307151,
        68.65729680645182,
        85.42952281185737,
        70.638926980341,
        70.21357748618459,
        67.14145065470404,
        81.20637744978967,
        65.39416393795628,
        70.36470375911738,
        69.83572187898145,
        65.73471454821063,
        66.56008979725662,
        67.54276931640713,
        66.61137596729331,
        69.3982791341585,
        84.7716842779711,
        67.45891060571354,
        66.94392538146708
    ],
    "fit_time": 18500.927814245224,
    "init_guess": [
        5.848410588726615e-09,
        0.05848410588726615,
        3.0,
        70.0,
        70.0,
        70.0,
        70.0,
        70.0,
        70.0,
        70.0,
        70.0,
        70.0,
        70.0,
        70.0,
        70.0,
        70.0,
        70.0,
        70.0,
        70.0,
        70.0,
        70.0,
        70.0,
        70.0,
        70.0,
        70.0,
        70.0,
        70.0,
        70.0
    ],
    "model": "Competition Model",
    "model_params": [
        "C_0",
        "N_0",
        "kn",
        "rs"
    ],
    "model_species": [
        "C",
        "N"
    ],
    "obj_fun": 0.12485803543658361,
    "zone_cols": 5,
    "zone_coords": [
        7,
        13
    ],
    "zone_rows": 5
}