{
    "argv": 854,
    "bounds": [
        [
            5.848410588726615e-12,
            0.005848410588726615
        ],
        [
            0.05848410588726615,
            0.1169682117745323
        ],
        [
            0.0,
            11.0
        ],
        [
            0.0,
            null
        ],
        [
            0.0,
            null
        ],
        [
            0.0,
            null
        ],
        [
            0.0,
            null
        ],
        [
            0.0,
            null
        ],
        [
            0.0,
            null
        ],
        [
            0.0,
            null
        ],
        [
            0.0,
            null
        ],
        [
            0.0,
            null
        ],
        [
            0.0,
            null
        ],
        [
            0.0,
            null
        ],
        [
            0.0,
            null
        ],
        [
            0.0,
            null
        ],
        [
            0.0,
            null
        ],
        [
            0.0,
            null
        ],
        [
            0.0,
            null
        ],
        [
            0.0,
            null
        ],
        [
            0.0,
            null
        ],
        [
            0.0,
            null
        ],
        [
            0.0,
            null
        ],
        [
            0.0,
            null
        ],
        [
            0.0,
            null
        ],
        [
            0.0,
            null
        ],
        [
            0.0,
            null
        ],
        [
            0.0,
            null
        ]
    ],
    "comp_est": [
        5.848410820440386e-05,
        0.05848413926703691,
        6.999999999999796,
        25.000000023257407,
        24.99999992538062,
        24.99999993317061,
        24.999999925394615,
        25.000000224486186,
        24.999999925380205,
        25.000000356932933,
        24.999999936512225,
        25.000000372415492,
        24.999999925207714,
        24.999999933171186,
        24.99999993651248,
        25.00000179287018,
        24.999999936519743,
        24.99999993479163,
        24.999999925395347,
        25.00000037241823,
        24.999999936518115,
        25.000000373725335,
        24.999999925110615,
        25.00000022448752,
        24.999999925206115,
        24.99999993479443,
        24.999999925110636,
        25.000000250511885
    ],
    "fit_time": 23709.029237508774,
    "init_guess": [
        5.848410588726615e-05,
        0.05848410588726615,
        7.0,
        25.0,
        25.0,
        25.0,
        25.0,
        25.0,
        25.0,
        25.0,
        25.0,
        25.0,
        25.0,
        25.0,
        25.0,
        25.0,
        25.0,
        25.0,
        25.0,
        25.0,
        25.0,
        25.0,
        25.0,
        25.0,
        25.0,
        25.0,
        25.0,
        25.0
    ],
    "model": "Competition Model",
    "model_params": [
        "C_0",
        "N_0",
        "kn",
        "rs"
    ],
    "model_species": [
        "C",
        "N"
    ],
    "obj_fun": 0.6026957603417429,
    "zone_cols": 5,
    "zone_coords": [
        7,
        13
    ],
    "zone_rows": 5
}