{
    "argv": 839,
    "bounds": [
        [
            6.437222058477453e-12,
            0.006437222058477453
        ],
        [
            0.06437222058477453,
            0.12874444116954906
        ],
        [
            0.0,
            11.0
        ],
        [
            0.0,
            null
        ],
        [
            0.0,
            null
        ],
        [
            0.0,
            null
        ],
        [
            0.0,
            null
        ],
        [
            0.0,
            null
        ],
        [
            0.0,
            null
        ],
        [
            0.0,
            null
        ],
        [
            0.0,
            null
        ],
        [
            0.0,
            null
        ],
        [
            0.0,
            null
        ],
        [
            0.0,
            null
        ],
        [
            0.0,
            null
        ],
        [
            0.0,
            null
        ],
        [
            0.0,
            null
        ],
        [
            0.0,
            null
        ],
        [
            0.0,
            null
        ],
        [
            0.0,
            null
        ],
        [
            0.0,
            null
        ],
        [
            0.0,
            null
        ],
        [
            0.0,
            null
        ],
        [
            0.0,
            null
        ],
        [
            0.0,
            null
        ],
        [
            0.0,
            null
        ],
        [
            0.0,
            null
        ],
        [
            0.0,
            null
        ]
    ],
    "comp_est": [
        1.1904122029656852e-06,
        0.06437222058477453,
        3.0065458013411446,
        76.82498479256857,
        83.7873443015419,
        79.54528356998644,
        75.07548696207387,
        68.59811309739484,
        67.60899640354023,
        71.47846681995729,
        75.07811246605971,
        71.98495937523559,
        94.1287621524823,
        95.94510336603871,
        73.61013831859661,
        68.0558937965191,
        83.52007380524584,
        71.30497095109871,
        69.90848595798627,
        87.9233044535881,
        70.7673135090205,
        95.03042005939814,
        70.40910160583115,
        69.87465515298112,
        77.38069340689515,
        75.98353270067638,
        72.50625472085906,
        77.92264534466828
    ],
    "fit_time": 18413.487122535706,
    "init_guess": [
        6.437222058477453e-06,
        0.06437222058477453,
        3.0,
        75.0,
        75.0,
        75.0,
        75.0,
        75.0,
        75.0,
        75.0,
        75.0,
        75.0,
        75.0,
        75.0,
        75.0,
        75.0,
        75.0,
        75.0,
        75.0,
        75.0,
        75.0,
        75.0,
        75.0,
        75.0,
        75.0,
        75.0,
        75.0,
        75.0
    ],
    "model": "Competition Model",
    "model_params": [
        "C_0",
        "N_0",
        "kn",
        "rs"
    ],
    "model_species": [
        "C",
        "N"
    ],
    "obj_fun": 0.22923560883770067,
    "zone_cols": 5,
    "zone_coords": [
        9,
        15
    ],
    "zone_rows": 5
}