{
    "argv": 1134,
    "bounds": [
        [
            5.848410588726615e-12,
            0.005848410588726615
        ],
        [
            0.05848410588726615,
            0.1169682117745323
        ],
        [
            0.0,
            11.0
        ],
        [
            0.0,
            null
        ],
        [
            0.0,
            null
        ],
        [
            0.0,
            null
        ],
        [
            0.0,
            null
        ],
        [
            0.0,
            null
        ],
        [
            0.0,
            null
        ],
        [
            0.0,
            null
        ],
        [
            0.0,
            null
        ],
        [
            0.0,
            null
        ],
        [
            0.0,
            null
        ],
        [
            0.0,
            null
        ],
        [
            0.0,
            null
        ],
        [
            0.0,
            null
        ],
        [
            0.0,
            null
        ],
        [
            0.0,
            null
        ],
        [
            0.0,
            null
        ],
        [
            0.0,
            null
        ],
        [
            0.0,
            null
        ],
        [
            0.0,
            null
        ],
        [
            0.0,
            null
        ],
        [
            0.0,
            null
        ],
        [
            0.0,
            null
        ],
        [
            0.0,
            null
        ],
        [
            0.0,
            null
        ],
        [
            0.0,
            null
        ]
    ],
    "comp_est": [
        8.857853930024551e-05,
        0.06331580375835578,
        1.7595189451026858,
        35.86893607231568,
        34.734687752907725,
        40.47501833695314,
        42.90363918433822,
        43.04709480257803,
        27.045074189749027,
        31.481444003116074,
        36.990392111954044,
        44.418841734677315,
        61.190696602310894,
        37.95115104903891,
        38.18963412421279,
        37.77185825969732,
        54.97637037200601,
        41.1331016308178,
        38.48098907780847,
        39.78492191834499,
        37.60482171622253,
        38.00834431094389,
        37.71909598185162,
        34.72545937627306,
        41.85504086175337,
        56.6827805584937,
        39.31350100890507,
        35.57914320449399
    ],
    "fit_time": 27869.731928110123,
    "init_guess": [
        0.005848410588726615,
        0.05848410588726615,
        1.0,
        45.0,
        45.0,
        45.0,
        45.0,
        45.0,
        45.0,
        45.0,
        45.0,
        45.0,
        45.0,
        45.0,
        45.0,
        45.0,
        45.0,
        45.0,
        45.0,
        45.0,
        45.0,
        45.0,
        45.0,
        45.0,
        45.0,
        45.0,
        45.0,
        45.0
    ],
    "model": "Competition Model",
    "model_params": [
        "C_0",
        "N_0",
        "kn",
        "rs"
    ],
    "model_species": [
        "C",
        "N"
    ],
    "obj_fun": 0.05578350974547787,
    "zone_cols": 5,
    "zone_coords": [
        7,
        13
    ],
    "zone_rows": 5
}