{
    "argv": 29,
    "bounds": [
        [
            6.437222058477453e-12,
            0.006437222058477453
        ],
        [
            0.06437222058477453,
            0.12874444116954906
        ],
        [
            0.0,
            11.0
        ],
        [
            0.0,
            null
        ],
        [
            0.0,
            null
        ],
        [
            0.0,
            null
        ],
        [
            0.0,
            null
        ],
        [
            0.0,
            null
        ],
        [
            0.0,
            null
        ],
        [
            0.0,
            null
        ],
        [
            0.0,
            null
        ],
        [
            0.0,
            null
        ],
        [
            0.0,
            null
        ],
        [
            0.0,
            null
        ],
        [
            0.0,
            null
        ],
        [
            0.0,
            null
        ],
        [
            0.0,
            null
        ],
        [
            0.0,
            null
        ],
        [
            0.0,
            null
        ],
        [
            0.0,
            null
        ],
        [
            0.0,
            null
        ],
        [
            0.0,
            null
        ],
        [
            0.0,
            null
        ],
        [
            0.0,
            null
        ],
        [
            0.0,
            null
        ],
        [
            0.0,
            null
        ],
        [
            0.0,
            null
        ],
        [
            0.0,
            null
        ]
    ],
    "comp_est": [
        8.746514774811976e-05,
        0.07638088677424418,
        6.998967647059948,
        35.09565088031291,
        35.361427562766025,
        35.27543882356772,
        35.28401958059395,
        35.106244532570365,
        35.27331176545081,
        35.369936166117114,
        35.39173294093352,
        35.360184021567136,
        35.37908959580991,
        35.36533485732548,
        35.38937416297753,
        35.35196797129152,
        35.428418174377775,
        35.27153767529706,
        35.26215594101385,
        35.439007496021325,
        35.37792147204403,
        35.48191903009048,
        35.27395576529334,
        35.10022429096293,
        35.2791976784481,
        35.28310705598357,
        35.28294402970789,
        35.09051906342305
    ],
    "fit_time": 47006.07003426552,
    "init_guess": [
        6.437222058477453e-12,
        0.06437222058477453,
        7.0,
        35.0,
        35.0,
        35.0,
        35.0,
        35.0,
        35.0,
        35.0,
        35.0,
        35.0,
        35.0,
        35.0,
        35.0,
        35.0,
        35.0,
        35.0,
        35.0,
        35.0,
        35.0,
        35.0,
        35.0,
        35.0,
        35.0,
        35.0,
        35.0,
        35.0
    ],
    "model": "Competition Model",
    "model_params": [
        "C_0",
        "N_0",
        "kn",
        "rs"
    ],
    "model_species": [
        "C",
        "N"
    ],
    "obj_fun": 0.5672740186551942,
    "zone_cols": 5,
    "zone_coords": [
        9,
        15
    ],
    "zone_rows": 5
}