{
    "argv": 847,
    "bounds": [
        [
            6.437222058477453e-12,
            0.006437222058477453
        ],
        [
            0.06437222058477453,
            0.12874444116954906
        ],
        [
            0.0,
            11.0
        ],
        [
            0.0,
            null
        ],
        [
            0.0,
            null
        ],
        [
            0.0,
            null
        ],
        [
            0.0,
            null
        ],
        [
            0.0,
            null
        ],
        [
            0.0,
            null
        ],
        [
            0.0,
            null
        ],
        [
            0.0,
            null
        ],
        [
            0.0,
            null
        ],
        [
            0.0,
            null
        ],
        [
            0.0,
            null
        ],
        [
            0.0,
            null
        ],
        [
            0.0,
            null
        ],
        [
            0.0,
            null
        ],
        [
            0.0,
            null
        ],
        [
            0.0,
            null
        ],
        [
            0.0,
            null
        ],
        [
            0.0,
            null
        ],
        [
            0.0,
            null
        ],
        [
            0.0,
            null
        ],
        [
            0.0,
            null
        ],
        [
            0.0,
            null
        ],
        [
            0.0,
            null
        ],
        [
            0.0,
            null
        ],
        [
            0.0,
            null
        ]
    ],
    "comp_est": [
        0.0001464630564650462,
        0.07820516847721193,
        0.8487536902970032,
        26.38326947655144,
        40.43663384935492,
        25.507535483340295,
        27.098541078798913,
        29.528777307985365,
        25.750734254695583,
        26.202068995382355,
        25.500458778286532,
        24.301865555629785,
        47.4471709937276,
        42.34778799624121,
        28.755226390984408,
        26.14171781028537,
        38.8996137287427,
        27.965442509719075,
        21.653732240193772,
        36.59962317642503,
        23.470560682795494,
        44.59173332060253,
        25.800099789479297,
        22.104361425418244,
        27.06136035638722,
        27.056773336321168,
        27.486883937358822,
        17.79588490491341
    ],
    "fit_time": 37259.675699710846,
    "init_guess": [
        6.437222058477453e-05,
        0.06437222058477453,
        0.0,
        25.0,
        25.0,
        25.0,
        25.0,
        25.0,
        25.0,
        25.0,
        25.0,
        25.0,
        25.0,
        25.0,
        25.0,
        25.0,
        25.0,
        25.0,
        25.0,
        25.0,
        25.0,
        25.0,
        25.0,
        25.0,
        25.0,
        25.0,
        25.0,
        25.0
    ],
    "model": "Competition Model",
    "model_params": [
        "C_0",
        "N_0",
        "kn",
        "rs"
    ],
    "model_species": [
        "C",
        "N"
    ],
    "obj_fun": 0.07759569867242619,
    "zone_cols": 5,
    "zone_coords": [
        9,
        15
    ],
    "zone_rows": 5
}