{
    "argv": 811,
    "bounds": [
        [
            6.437222058477453e-12,
            0.006437222058477453
        ],
        [
            0.06437222058477453,
            0.12874444116954906
        ],
        [
            0.0,
            11.0
        ],
        [
            0.0,
            null
        ],
        [
            0.0,
            null
        ],
        [
            0.0,
            null
        ],
        [
            0.0,
            null
        ],
        [
            0.0,
            null
        ],
        [
            0.0,
            null
        ],
        [
            0.0,
            null
        ],
        [
            0.0,
            null
        ],
        [
            0.0,
            null
        ],
        [
            0.0,
            null
        ],
        [
            0.0,
            null
        ],
        [
            0.0,
            null
        ],
        [
            0.0,
            null
        ],
        [
            0.0,
            null
        ],
        [
            0.0,
            null
        ],
        [
            0.0,
            null
        ],
        [
            0.0,
            null
        ],
        [
            0.0,
            null
        ],
        [
            0.0,
            null
        ],
        [
            0.0,
            null
        ],
        [
            0.0,
            null
        ],
        [
            0.0,
            null
        ],
        [
            0.0,
            null
        ],
        [
            0.0,
            null
        ],
        [
            0.0,
            null
        ]
    ],
    "comp_est": [
        6.4372146790300345e-06,
        0.06437222058477453,
        7.999999999989667,
        60.000000673230495,
        60.00000077963828,
        60.00000049613528,
        60.00000080943969,
        60.00000078770989,
        60.00000077959961,
        60.00000159377906,
        60.00000127712932,
        60.00000140737106,
        60.00000077907808,
        60.00000049669283,
        60.00000127445899,
        60.00000042652951,
        60.0000013685249,
        60.0000006002187,
        60.00000079799216,
        60.00000141315456,
        60.00000135579209,
        60.0000015195355,
        60.000000789399785,
        60.00000077565703,
        60.00000076756759,
        60.000000589798795,
        60.00000078916166,
        60.000000678163744
    ],
    "fit_time": 34312.64100646973,
    "init_guess": [
        6.437222058477453e-06,
        0.06437222058477453,
        8.0,
        60.0,
        60.0,
        60.0,
        60.0,
        60.0,
        60.0,
        60.0,
        60.0,
        60.0,
        60.0,
        60.0,
        60.0,
        60.0,
        60.0,
        60.0,
        60.0,
        60.0,
        60.0,
        60.0,
        60.0,
        60.0,
        60.0,
        60.0,
        60.0,
        60.0
    ],
    "model": "Competition Model",
    "model_params": [
        "C_0",
        "N_0",
        "kn",
        "rs"
    ],
    "model_species": [
        "C",
        "N"
    ],
    "obj_fun": 0.5711758350884467,
    "zone_cols": 5,
    "zone_coords": [
        9,
        15
    ],
    "zone_rows": 5
}