{
    "argv": 205,
    "bounds": [
        [
            6.437222058477453e-12,
            0.006437222058477453
        ],
        [
            0.06437222058477453,
            0.12874444116954906
        ],
        [
            0.0,
            11.0
        ],
        [
            0.0,
            null
        ],
        [
            0.0,
            null
        ],
        [
            0.0,
            null
        ],
        [
            0.0,
            null
        ],
        [
            0.0,
            null
        ],
        [
            0.0,
            null
        ],
        [
            0.0,
            null
        ],
        [
            0.0,
            null
        ],
        [
            0.0,
            null
        ],
        [
            0.0,
            null
        ],
        [
            0.0,
            null
        ],
        [
            0.0,
            null
        ],
        [
            0.0,
            null
        ],
        [
            0.0,
            null
        ],
        [
            0.0,
            null
        ],
        [
            0.0,
            null
        ],
        [
            0.0,
            null
        ],
        [
            0.0,
            null
        ],
        [
            0.0,
            null
        ],
        [
            0.0,
            null
        ],
        [
            0.0,
            null
        ],
        [
            0.0,
            null
        ],
        [
            0.0,
            null
        ],
        [
            0.0,
            null
        ],
        [
            0.0,
            null
        ]
    ],
    "comp_est": [
        2.860340838024623e-08,
        0.0643723309054265,
        7.00286594556528,
        60.00428494843767,
        60.00412496819137,
        59.99713743285711,
        60.004682496979235,
        59.99884801264126,
        60.00393568503119,
        60.003653236978536,
        60.001958930254986,
        60.00270033768325,
        60.002887130843156,
        59.99716154212608,
        60.00016145730526,
        60.00773046944909,
        59.99386120407921,
        59.997323696901745,
        60.0046777764896,
        59.996063880500486,
        59.99292501974389,
        60.00766221913876,
        59.997469957661906,
        59.99462025202872,
        60.00287501096711,
        60.00378991471993,
        59.9974749061349,
        60.00437925026193
    ],
    "fit_time": 82844.68569922447,
    "init_guess": [
        6.437222058477453e-11,
        0.06437222058477453,
        7.0,
        60.0,
        60.0,
        60.0,
        60.0,
        60.0,
        60.0,
        60.0,
        60.0,
        60.0,
        60.0,
        60.0,
        60.0,
        60.0,
        60.0,
        60.0,
        60.0,
        60.0,
        60.0,
        60.0,
        60.0,
        60.0,
        60.0,
        60.0,
        60.0,
        60.0
    ],
    "model": "Competition Model",
    "model_params": [
        "C_0",
        "N_0",
        "kn",
        "rs"
    ],
    "model_species": [
        "C",
        "N"
    ],
    "obj_fun": 0.7108317054857932,
    "zone_cols": 5,
    "zone_coords": [
        9,
        15
    ],
    "zone_rows": 5
}