{
    "argv": 804,
    "bounds": [
        [
            6.437222058477453e-12,
            0.006437222058477453
        ],
        [
            0.06437222058477453,
            0.12874444116954906
        ],
        [
            0.0,
            11.0
        ],
        [
            0.0,
            null
        ],
        [
            0.0,
            null
        ],
        [
            0.0,
            null
        ],
        [
            0.0,
            null
        ],
        [
            0.0,
            null
        ],
        [
            0.0,
            null
        ],
        [
            0.0,
            null
        ],
        [
            0.0,
            null
        ],
        [
            0.0,
            null
        ],
        [
            0.0,
            null
        ],
        [
            0.0,
            null
        ],
        [
            0.0,
            null
        ],
        [
            0.0,
            null
        ],
        [
            0.0,
            null
        ],
        [
            0.0,
            null
        ],
        [
            0.0,
            null
        ],
        [
            0.0,
            null
        ],
        [
            0.0,
            null
        ],
        [
            0.0,
            null
        ],
        [
            0.0,
            null
        ],
        [
            0.0,
            null
        ],
        [
            0.0,
            null
        ],
        [
            0.0,
            null
        ],
        [
            0.0,
            null
        ],
        [
            0.0,
            null
        ]
    ],
    "comp_est": [
        2.960154334868654e-06,
        0.06812537267313282,
        1.1640366067565708,
        54.96816926443319,
        74.54459791382527,
        54.08959061547946,
        56.43780415245274,
        60.25088000567179,
        54.5693283819336,
        54.70940321935656,
        53.81159902264353,
        53.369977442828095,
        88.42678221423989,
        78.42545314451469,
        57.80877522297607,
        54.511663236060755,
        73.93923944879538,
        58.93800514446775,
        48.457017277201984,
        68.71447173663535,
        51.66700378965152,
        81.47394162190172,
        54.14323363676081,
        48.10138295201374,
        54.158457027959194,
        54.29891533507611,
        55.35180503758954,
        42.299647592870684
    ],
    "fit_time": 69815.18645596504,
    "init_guess": [
        6.437222058477453e-06,
        0.06437222058477453,
        1.0,
        60.0,
        60.0,
        60.0,
        60.0,
        60.0,
        60.0,
        60.0,
        60.0,
        60.0,
        60.0,
        60.0,
        60.0,
        60.0,
        60.0,
        60.0,
        60.0,
        60.0,
        60.0,
        60.0,
        60.0,
        60.0,
        60.0,
        60.0,
        60.0,
        60.0
    ],
    "model": "Competition Model",
    "model_params": [
        "C_0",
        "N_0",
        "kn",
        "rs"
    ],
    "model_species": [
        "C",
        "N"
    ],
    "obj_fun": 0.04967926496702384,
    "zone_cols": 5,
    "zone_coords": [
        9,
        15
    ],
    "zone_rows": 5
}