{
    "argv": 19,
    "bounds": [
        [
            5.848410588726615e-12,
            0.005848410588726615
        ],
        [
            0.05848410588726615,
            0.1169682117745323
        ],
        [
            0.0,
            11.0
        ],
        [
            0.0,
            null
        ],
        [
            0.0,
            null
        ],
        [
            0.0,
            null
        ],
        [
            0.0,
            null
        ],
        [
            0.0,
            null
        ],
        [
            0.0,
            null
        ],
        [
            0.0,
            null
        ],
        [
            0.0,
            null
        ],
        [
            0.0,
            null
        ],
        [
            0.0,
            null
        ],
        [
            0.0,
            null
        ],
        [
            0.0,
            null
        ],
        [
            0.0,
            null
        ],
        [
            0.0,
            null
        ],
        [
            0.0,
            null
        ],
        [
            0.0,
            null
        ],
        [
            0.0,
            null
        ],
        [
            0.0,
            null
        ],
        [
            0.0,
            null
        ],
        [
            0.0,
            null
        ],
        [
            0.0,
            null
        ],
        [
            0.0,
            null
        ],
        [
            0.0,
            null
        ],
        [
            0.0,
            null
        ],
        [
            0.0,
            null
        ]
    ],
    "comp_est": [
        0.00010477234583654647,
        0.07534182693979283,
        7.999997953404953,
        29.96875502995978,
        29.96816250040329,
        29.968282069814325,
        29.968157491910876,
        29.968732820503973,
        29.96815610904649,
        29.969438305137764,
        29.969472159543777,
        29.969457785871608,
        29.968220700104244,
        29.968251846056795,
        29.969335482434236,
        29.969473995728272,
        29.969504101019655,
        29.968282265174253,
        29.968151174013453,
        29.96943440680024,
        29.96942956266855,
        29.96947462622185,
        29.96816130352233,
        29.968779575036695,
        29.968135233688596,
        29.96830975952716,
        29.968158328281856,
        29.968742901229525
    ],
    "fit_time": 19474.98606300354,
    "init_guess": [
        5.848410588726615e-12,
        0.05848410588726615,
        8.0,
        30.0,
        30.0,
        30.0,
        30.0,
        30.0,
        30.0,
        30.0,
        30.0,
        30.0,
        30.0,
        30.0,
        30.0,
        30.0,
        30.0,
        30.0,
        30.0,
        30.0,
        30.0,
        30.0,
        30.0,
        30.0,
        30.0,
        30.0,
        30.0,
        30.0
    ],
    "model": "Competition Model",
    "model_params": [
        "C_0",
        "N_0",
        "kn",
        "rs"
    ],
    "model_species": [
        "C",
        "N"
    ],
    "obj_fun": 0.4201017753296667,
    "zone_cols": 5,
    "zone_coords": [
        7,
        13
    ],
    "zone_rows": 5
}