{
    "argv": 122,
    "bounds": [
        [
            5.848410588726615e-12,
            0.005848410588726615
        ],
        [
            0.05848410588726615,
            0.1169682117745323
        ],
        [
            0.0,
            11.0
        ],
        [
            0.0,
            null
        ],
        [
            0.0,
            null
        ],
        [
            0.0,
            null
        ],
        [
            0.0,
            null
        ],
        [
            0.0,
            null
        ],
        [
            0.0,
            null
        ],
        [
            0.0,
            null
        ],
        [
            0.0,
            null
        ],
        [
            0.0,
            null
        ],
        [
            0.0,
            null
        ],
        [
            0.0,
            null
        ],
        [
            0.0,
            null
        ],
        [
            0.0,
            null
        ],
        [
            0.0,
            null
        ],
        [
            0.0,
            null
        ],
        [
            0.0,
            null
        ],
        [
            0.0,
            null
        ],
        [
            0.0,
            null
        ],
        [
            0.0,
            null
        ],
        [
            0.0,
            null
        ],
        [
            0.0,
            null
        ],
        [
            0.0,
            null
        ],
        [
            0.0,
            null
        ],
        [
            0.0,
            null
        ],
        [
            0.0,
            null
        ]
    ],
    "comp_est": [
        0.0004905228516467623,
        0.07081169946512127,
        1.4480943953701264,
        22.933247127453736,
        21.87946722375395,
        25.552421882298308,
        27.084212189376927,
        26.002288659590295,
        15.828610599584563,
        18.767537719273925,
        23.33354154115896,
        27.938234392700622,
        40.20289391630526,
        24.045946507711463,
        24.318143256161008,
        23.30017222885142,
        36.41662496203565,
        24.649797992229086,
        24.542482220213735,
        24.970707644596924,
        22.28842307402654,
        23.0579202587716,
        23.114827580814516,
        21.021815429670117,
        25.996875766141613,
        37.58561835863744,
        24.381430792837804,
        21.50985876323342
    ],
    "fit_time": 35606.76114320755,
    "init_guess": [
        5.848410588726616e-11,
        0.05848410588726615,
        1.0,
        25.0,
        25.0,
        25.0,
        25.0,
        25.0,
        25.0,
        25.0,
        25.0,
        25.0,
        25.0,
        25.0,
        25.0,
        25.0,
        25.0,
        25.0,
        25.0,
        25.0,
        25.0,
        25.0,
        25.0,
        25.0,
        25.0,
        25.0,
        25.0,
        25.0
    ],
    "model": "Competition Model",
    "model_params": [
        "C_0",
        "N_0",
        "kn",
        "rs"
    ],
    "model_species": [
        "C",
        "N"
    ],
    "obj_fun": 0.06636674265368515,
    "zone_cols": 5,
    "zone_coords": [
        7,
        13
    ],
    "zone_rows": 5
}