{
    "argv": 818,
    "bounds": [
        [
            6.437222058477453e-12,
            0.006437222058477453
        ],
        [
            0.06437222058477453,
            0.12874444116954906
        ],
        [
            0.0,
            11.0
        ],
        [
            0.0,
            null
        ],
        [
            0.0,
            null
        ],
        [
            0.0,
            null
        ],
        [
            0.0,
            null
        ],
        [
            0.0,
            null
        ],
        [
            0.0,
            null
        ],
        [
            0.0,
            null
        ],
        [
            0.0,
            null
        ],
        [
            0.0,
            null
        ],
        [
            0.0,
            null
        ],
        [
            0.0,
            null
        ],
        [
            0.0,
            null
        ],
        [
            0.0,
            null
        ],
        [
            0.0,
            null
        ],
        [
            0.0,
            null
        ],
        [
            0.0,
            null
        ],
        [
            0.0,
            null
        ],
        [
            0.0,
            null
        ],
        [
            0.0,
            null
        ],
        [
            0.0,
            null
        ],
        [
            0.0,
            null
        ],
        [
            0.0,
            null
        ],
        [
            0.0,
            null
        ],
        [
            0.0,
            null
        ],
        [
            0.0,
            null
        ]
    ],
    "comp_est": [
        6.43722204235166e-06,
        0.06437222058477453,
        4.0,
        64.99999999672043,
        64.9999999956104,
        64.9999999958344,
        64.99999999559527,
        64.99999999642215,
        64.9999999955951,
        64.99999999424688,
        64.99999999449953,
        64.99999999411698,
        64.99999999561315,
        64.99999999585043,
        64.99999999449875,
        64.99999999510487,
        64.99999999450895,
        64.99999999583201,
        64.99999999559061,
        64.99999999413184,
        64.99999999449601,
        64.99999999419337,
        64.99999999559454,
        64.99999999642263,
        64.99999999559687,
        64.99999999583609,
        64.9999999955963,
        64.99999999572427
    ],
    "fit_time": 19059.93960738182,
    "init_guess": [
        6.437222058477453e-06,
        0.06437222058477453,
        4.0,
        65.0,
        65.0,
        65.0,
        65.0,
        65.0,
        65.0,
        65.0,
        65.0,
        65.0,
        65.0,
        65.0,
        65.0,
        65.0,
        65.0,
        65.0,
        65.0,
        65.0,
        65.0,
        65.0,
        65.0,
        65.0,
        65.0,
        65.0,
        65.0,
        65.0
    ],
    "model": "Competition Model",
    "model_params": [
        "C_0",
        "N_0",
        "kn",
        "rs"
    ],
    "model_species": [
        "C",
        "N"
    ],
    "obj_fun": 0.573571335609589,
    "zone_cols": 5,
    "zone_coords": [
        9,
        15
    ],
    "zone_rows": 5
}