{
    "argv": 276,
    "bounds": [
        [
            6.437222058477453e-12,
            0.006437222058477453
        ],
        [
            0.06437222058477453,
            0.12874444116954906
        ],
        [
            0.0,
            11.0
        ],
        [
            0.0,
            null
        ],
        [
            0.0,
            null
        ],
        [
            0.0,
            null
        ],
        [
            0.0,
            null
        ],
        [
            0.0,
            null
        ],
        [
            0.0,
            null
        ],
        [
            0.0,
            null
        ],
        [
            0.0,
            null
        ],
        [
            0.0,
            null
        ],
        [
            0.0,
            null
        ],
        [
            0.0,
            null
        ],
        [
            0.0,
            null
        ],
        [
            0.0,
            null
        ],
        [
            0.0,
            null
        ],
        [
            0.0,
            null
        ],
        [
            0.0,
            null
        ],
        [
            0.0,
            null
        ],
        [
            0.0,
            null
        ],
        [
            0.0,
            null
        ],
        [
            0.0,
            null
        ],
        [
            0.0,
            null
        ],
        [
            0.0,
            null
        ],
        [
            0.0,
            null
        ],
        [
            0.0,
            null
        ],
        [
            0.0,
            null
        ]
    ],
    "comp_est": [
        0.00010572853584974542,
        0.06785442234584156,
        4.91950843042653,
        35.291551023806086,
        47.285955500142116,
        35.484477832918536,
        37.96438500528784,
        35.57738791918299,
        34.132265792034026,
        34.90285205268486,
        36.85272246527453,
        32.535531613897284,
        50.46356756642048,
        48.616048031361686,
        34.84882955787695,
        34.87572301178527,
        45.90206998142819,
        33.15615533491714,
        32.22497891599765,
        45.757385229179526,
        32.29110577930195,
        49.365357444480026,
        34.52278612520119,
        36.2813542394981,
        37.98293325988087,
        38.4511644978326,
        36.975928069809655,
        33.8441478103928
    ],
    "fit_time": 54256.662157297134,
    "init_guess": [
        6.437222058477453e-10,
        0.06437222058477453,
        1.0,
        40.0,
        40.0,
        40.0,
        40.0,
        40.0,
        40.0,
        40.0,
        40.0,
        40.0,
        40.0,
        40.0,
        40.0,
        40.0,
        40.0,
        40.0,
        40.0,
        40.0,
        40.0,
        40.0,
        40.0,
        40.0,
        40.0,
        40.0,
        40.0,
        40.0
    ],
    "model": "Competition Model",
    "model_params": [
        "C_0",
        "N_0",
        "kn",
        "rs"
    ],
    "model_species": [
        "C",
        "N"
    ],
    "obj_fun": 0.10112507696308148,
    "zone_cols": 5,
    "zone_coords": [
        9,
        15
    ],
    "zone_rows": 5
}