{
    "argv": 516,
    "bounds": [
        [
            5.848410588726615e-12,
            0.005848410588726615
        ],
        [
            0.05848410588726615,
            0.1169682117745323
        ],
        [
            0.0,
            11.0
        ],
        [
            0.0,
            null
        ],
        [
            0.0,
            null
        ],
        [
            0.0,
            null
        ],
        [
            0.0,
            null
        ],
        [
            0.0,
            null
        ],
        [
            0.0,
            null
        ],
        [
            0.0,
            null
        ],
        [
            0.0,
            null
        ],
        [
            0.0,
            null
        ],
        [
            0.0,
            null
        ],
        [
            0.0,
            null
        ],
        [
            0.0,
            null
        ],
        [
            0.0,
            null
        ],
        [
            0.0,
            null
        ],
        [
            0.0,
            null
        ],
        [
            0.0,
            null
        ],
        [
            0.0,
            null
        ],
        [
            0.0,
            null
        ],
        [
            0.0,
            null
        ],
        [
            0.0,
            null
        ],
        [
            0.0,
            null
        ],
        [
            0.0,
            null
        ],
        [
            0.0,
            null
        ],
        [
            0.0,
            null
        ],
        [
            0.0,
            null
        ]
    ],
    "comp_est": [
        5.848423926245567e-08,
        0.0584841059613304,
        10.000000000000005,
        34.99999996999179,
        34.99999996999729,
        34.999999969978205,
        34.99999996999405,
        34.99999996999121,
        34.99999996999729,
        35.000000911942585,
        34.99999992659516,
        35.0000008841556,
        34.99999996999415,
        34.999999969978205,
        34.99999992659516,
        35.0000008781187,
        34.9999999266015,
        34.999999969987066,
        34.99999996999405,
        35.0000008841556,
        34.9999999266015,
        35.0000008647288,
        34.999999969994086,
        34.99999996999121,
        34.99999996999415,
        34.999999969987066,
        34.999999969994086,
        34.99999996999348
    ],
    "fit_time": 17590.506439447403,
    "init_guess": [
        5.8484105887266145e-08,
        0.05848410588726615,
        10.0,
        35.0,
        35.0,
        35.0,
        35.0,
        35.0,
        35.0,
        35.0,
        35.0,
        35.0,
        35.0,
        35.0,
        35.0,
        35.0,
        35.0,
        35.0,
        35.0,
        35.0,
        35.0,
        35.0,
        35.0,
        35.0,
        35.0,
        35.0,
        35.0,
        35.0
    ],
    "model": "Competition Model",
    "model_params": [
        "C_0",
        "N_0",
        "kn",
        "rs"
    ],
    "model_species": [
        "C",
        "N"
    ],
    "obj_fun": 0.6692868270987133,
    "zone_cols": 5,
    "zone_coords": [
        7,
        13
    ],
    "zone_rows": 5
}