{
    "argv": 406,
    "bounds": [
        [
            6.437222058477453e-12,
            0.006437222058477453
        ],
        [
            0.06437222058477453,
            0.12874444116954906
        ],
        [
            0.0,
            11.0
        ],
        [
            0.0,
            null
        ],
        [
            0.0,
            null
        ],
        [
            0.0,
            null
        ],
        [
            0.0,
            null
        ],
        [
            0.0,
            null
        ],
        [
            0.0,
            null
        ],
        [
            0.0,
            null
        ],
        [
            0.0,
            null
        ],
        [
            0.0,
            null
        ],
        [
            0.0,
            null
        ],
        [
            0.0,
            null
        ],
        [
            0.0,
            null
        ],
        [
            0.0,
            null
        ],
        [
            0.0,
            null
        ],
        [
            0.0,
            null
        ],
        [
            0.0,
            null
        ],
        [
            0.0,
            null
        ],
        [
            0.0,
            null
        ],
        [
            0.0,
            null
        ],
        [
            0.0,
            null
        ],
        [
            0.0,
            null
        ],
        [
            0.0,
            null
        ],
        [
            0.0,
            null
        ],
        [
            0.0,
            null
        ],
        [
            0.0,
            null
        ]
    ],
    "comp_est": [
        6.437517368605625e-09,
        0.06437222060223854,
        10.0,
        40.00000057602788,
        40.000001141224374,
        40.00000116067153,
        40.00000114130671,
        40.00000065675034,
        40.000001141224374,
        40.00000119480916,
        40.00000125863392,
        40.00000119476071,
        40.00000114206134,
        40.000001160671545,
        40.000001258633915,
        40.00000123496713,
        40.000001258634256,
        40.00000116067079,
        40.00000114130671,
        40.00000119476072,
        40.000001258634256,
        40.00000119480825,
        40.00000114261632,
        40.00000065675034,
        40.000001142061336,
        40.0000011606708,
        40.00000114261633,
        40.00000063370505
    ],
    "fit_time": 35200.76719379425,
    "init_guess": [
        6.437222058477453e-09,
        0.06437222058477453,
        10.0,
        40.0,
        40.0,
        40.0,
        40.0,
        40.0,
        40.0,
        40.0,
        40.0,
        40.0,
        40.0,
        40.0,
        40.0,
        40.0,
        40.0,
        40.0,
        40.0,
        40.0,
        40.0,
        40.0,
        40.0,
        40.0,
        40.0,
        40.0,
        40.0,
        40.0
    ],
    "model": "Competition Model",
    "model_params": [
        "C_0",
        "N_0",
        "kn",
        "rs"
    ],
    "model_species": [
        "C",
        "N"
    ],
    "obj_fun": 0.8266728149730024,
    "zone_cols": 5,
    "zone_coords": [
        9,
        15
    ],
    "zone_rows": 5
}