{
    "argv": 132,
    "bounds": [
        [
            5.848410588726615e-12,
            0.005848410588726615
        ],
        [
            0.05848410588726615,
            0.1169682117745323
        ],
        [
            0.0,
            11.0
        ],
        [
            0.0,
            null
        ],
        [
            0.0,
            null
        ],
        [
            0.0,
            null
        ],
        [
            0.0,
            null
        ],
        [
            0.0,
            null
        ],
        [
            0.0,
            null
        ],
        [
            0.0,
            null
        ],
        [
            0.0,
            null
        ],
        [
            0.0,
            null
        ],
        [
            0.0,
            null
        ],
        [
            0.0,
            null
        ],
        [
            0.0,
            null
        ],
        [
            0.0,
            null
        ],
        [
            0.0,
            null
        ],
        [
            0.0,
            null
        ],
        [
            0.0,
            null
        ],
        [
            0.0,
            null
        ],
        [
            0.0,
            null
        ],
        [
            0.0,
            null
        ],
        [
            0.0,
            null
        ],
        [
            0.0,
            null
        ],
        [
            0.0,
            null
        ],
        [
            0.0,
            null
        ],
        [
            0.0,
            null
        ],
        [
            0.0,
            null
        ]
    ],
    "comp_est": [
        0.000559421879146763,
        0.0632473314356634,
        10.491512299539263,
        29.905406094653614,
        28.182405010339515,
        30.37971257531259,
        30.049784595082368,
        26.510867028842938,
        24.66329070476976,
        26.01201809395219,
        27.74530067240679,
        28.25203996926696,
        39.322008250499316,
        30.117842985636155,
        29.92898353942833,
        26.576585618282742,
        37.902257684385,
        25.175582179238916,
        30.029307849666452,
        29.597820206925796,
        25.18407967464406,
        26.128344518823095,
        27.693872973028896,
        26.475293469489472,
        28.702146736259706,
        38.633516745487086,
        27.012552762092078,
        27.10725035168543
    ],
    "fit_time": 28678.168650388718,
    "init_guess": [
        5.848410588726616e-11,
        0.05848410588726615,
        0.0,
        30.0,
        30.0,
        30.0,
        30.0,
        30.0,
        30.0,
        30.0,
        30.0,
        30.0,
        30.0,
        30.0,
        30.0,
        30.0,
        30.0,
        30.0,
        30.0,
        30.0,
        30.0,
        30.0,
        30.0,
        30.0,
        30.0,
        30.0,
        30.0,
        30.0
    ],
    "model": "Competition Model",
    "model_params": [
        "C_0",
        "N_0",
        "kn",
        "rs"
    ],
    "model_species": [
        "C",
        "N"
    ],
    "obj_fun": 0.09279144176888016,
    "zone_cols": 5,
    "zone_coords": [
        7,
        13
    ],
    "zone_rows": 5
}