{
    "argv": 1122,
    "bounds": [
        [
            5.848410588726615e-12,
            0.005848410588726615
        ],
        [
            0.05848410588726615,
            0.1169682117745323
        ],
        [
            0.0,
            11.0
        ],
        [
            0.0,
            null
        ],
        [
            0.0,
            null
        ],
        [
            0.0,
            null
        ],
        [
            0.0,
            null
        ],
        [
            0.0,
            null
        ],
        [
            0.0,
            null
        ],
        [
            0.0,
            null
        ],
        [
            0.0,
            null
        ],
        [
            0.0,
            null
        ],
        [
            0.0,
            null
        ],
        [
            0.0,
            null
        ],
        [
            0.0,
            null
        ],
        [
            0.0,
            null
        ],
        [
            0.0,
            null
        ],
        [
            0.0,
            null
        ],
        [
            0.0,
            null
        ],
        [
            0.0,
            null
        ],
        [
            0.0,
            null
        ],
        [
            0.0,
            null
        ],
        [
            0.0,
            null
        ],
        [
            0.0,
            null
        ],
        [
            0.0,
            null
        ],
        [
            0.0,
            null
        ],
        [
            0.0,
            null
        ],
        [
            0.0,
            null
        ]
    ],
    "comp_est": [
        4.467055751822396e-05,
        0.05848410588726615,
        5.815278329629973,
        50.19789060262025,
        49.06904217855446,
        52.638675058301644,
        53.534028296696754,
        51.36140352914491,
        45.64112761057462,
        47.142387790982376,
        49.787898399520884,
        53.812920504242896,
        67.00718296110406,
        51.081753162450674,
        51.16490201820024,
        49.0253099123819,
        64.02033860704532,
        49.53161411795472,
        50.969102631793845,
        51.03790068519922,
        47.748303802231376,
        48.030731647664204,
        48.37291827442326,
        46.7434376808039,
        51.388839513054315,
        64.10121396671391,
        49.23953645716783,
        47.06600697515156
    ],
    "fit_time": 34327.82330060005,
    "init_guess": [
        0.005848410588726615,
        0.05848410588726615,
        0.0,
        40.0,
        40.0,
        40.0,
        40.0,
        40.0,
        40.0,
        40.0,
        40.0,
        40.0,
        40.0,
        40.0,
        40.0,
        40.0,
        40.0,
        40.0,
        40.0,
        40.0,
        40.0,
        40.0,
        40.0,
        40.0,
        40.0,
        40.0,
        40.0,
        40.0
    ],
    "model": "Competition Model",
    "model_params": [
        "C_0",
        "N_0",
        "kn",
        "rs"
    ],
    "model_species": [
        "C",
        "N"
    ],
    "obj_fun": 0.07566768786364081,
    "zone_cols": 5,
    "zone_coords": [
        7,
        13
    ],
    "zone_rows": 5
}