{
    "argv": 119,
    "bounds": [
        [
            6.437222058477453e-12,
            0.006437222058477453
        ],
        [
            0.06437222058477453,
            0.12874444116954906
        ],
        [
            0.0,
            11.0
        ],
        [
            0.0,
            null
        ],
        [
            0.0,
            null
        ],
        [
            0.0,
            null
        ],
        [
            0.0,
            null
        ],
        [
            0.0,
            null
        ],
        [
            0.0,
            null
        ],
        [
            0.0,
            null
        ],
        [
            0.0,
            null
        ],
        [
            0.0,
            null
        ],
        [
            0.0,
            null
        ],
        [
            0.0,
            null
        ],
        [
            0.0,
            null
        ],
        [
            0.0,
            null
        ],
        [
            0.0,
            null
        ],
        [
            0.0,
            null
        ],
        [
            0.0,
            null
        ],
        [
            0.0,
            null
        ],
        [
            0.0,
            null
        ],
        [
            0.0,
            null
        ],
        [
            0.0,
            null
        ],
        [
            0.0,
            null
        ],
        [
            0.0,
            null
        ],
        [
            0.0,
            null
        ],
        [
            0.0,
            null
        ],
        [
            0.0,
            null
        ]
    ],
    "comp_est": [
        4.534850968609184e-08,
        0.06437267400549962,
        9.0,
        74.99947172003586,
        74.99947172003586,
        74.99947172003586,
        74.99947172003586,
        74.99947172003586,
        74.99947172003586,
        74.99947172003586,
        74.99947172003586,
        74.99947172003586,
        74.99947172003586,
        74.99947172003586,
        74.99947172003586,
        74.99947172003586,
        74.99947172003586,
        74.99947172003586,
        74.99947172003586,
        74.99947172003586,
        74.99947172003586,
        74.99947172003586,
        74.99947172003586,
        74.99947172003586,
        74.99947172003586,
        74.99947172003586,
        74.99947172003586,
        74.99947172003586
    ],
    "fit_time": 40674.88001227379,
    "init_guess": [
        6.437222058477453e-12,
        0.06437222058477453,
        9.0,
        75.0,
        75.0,
        75.0,
        75.0,
        75.0,
        75.0,
        75.0,
        75.0,
        75.0,
        75.0,
        75.0,
        75.0,
        75.0,
        75.0,
        75.0,
        75.0,
        75.0,
        75.0,
        75.0,
        75.0,
        75.0,
        75.0,
        75.0,
        75.0,
        75.0
    ],
    "model": "Competition Model",
    "model_params": [
        "C_0",
        "N_0",
        "kn",
        "rs"
    ],
    "model_species": [
        "C",
        "N"
    ],
    "obj_fun": 0.596953090594174,
    "zone_cols": 5,
    "zone_coords": [
        9,
        15
    ],
    "zone_rows": 5
}