{
    "argv": 805,
    "bounds": [
        [
            5.848410588726615e-12,
            0.005848410588726615
        ],
        [
            0.05848410588726615,
            0.1169682117745323
        ],
        [
            0.0,
            11.0
        ],
        [
            0.0,
            null
        ],
        [
            0.0,
            null
        ],
        [
            0.0,
            null
        ],
        [
            0.0,
            null
        ],
        [
            0.0,
            null
        ],
        [
            0.0,
            null
        ],
        [
            0.0,
            null
        ],
        [
            0.0,
            null
        ],
        [
            0.0,
            null
        ],
        [
            0.0,
            null
        ],
        [
            0.0,
            null
        ],
        [
            0.0,
            null
        ],
        [
            0.0,
            null
        ],
        [
            0.0,
            null
        ],
        [
            0.0,
            null
        ],
        [
            0.0,
            null
        ],
        [
            0.0,
            null
        ],
        [
            0.0,
            null
        ],
        [
            0.0,
            null
        ],
        [
            0.0,
            null
        ],
        [
            0.0,
            null
        ],
        [
            0.0,
            null
        ],
        [
            0.0,
            null
        ],
        [
            0.0,
            null
        ],
        [
            0.0,
            null
        ]
    ],
    "comp_est": [
        1.0602597488372537e-05,
        0.05848410588726615,
        2.366234775588326,
        61.33320077844213,
        58.68283063013395,
        61.032822527723496,
        59.40664593083815,
        54.855153402879516,
        55.16400082592117,
        56.34710289161537,
        57.46386036419443,
        56.77658660479927,
        77.11388343751129,
        61.27445497780861,
        60.54307943448432,
        55.881400461052756,
        76.8139963782552,
        53.469138491240216,
        60.70717590878567,
        59.565515749883524,
        54.24969970604213,
        55.312979916700186,
        57.39064976806541,
        56.423226393177266,
        58.06650301080515,
        78.11588557798888,
        56.22407014634376,
        57.16343972582289
    ],
    "fit_time": 9701.993551969528,
    "init_guess": [
        5.848410588726615e-06,
        0.05848410588726615,
        2.0,
        60.0,
        60.0,
        60.0,
        60.0,
        60.0,
        60.0,
        60.0,
        60.0,
        60.0,
        60.0,
        60.0,
        60.0,
        60.0,
        60.0,
        60.0,
        60.0,
        60.0,
        60.0,
        60.0,
        60.0,
        60.0,
        60.0,
        60.0,
        60.0,
        60.0
    ],
    "model": "Competition Model",
    "model_params": [
        "C_0",
        "N_0",
        "kn",
        "rs"
    ],
    "model_species": [
        "C",
        "N"
    ],
    "obj_fun": 0.13792459269783303,
    "zone_cols": 5,
    "zone_coords": [
        7,
        13
    ],
    "zone_rows": 5
}