{
    "argv": 889,
    "bounds": [
        [
            6.437222058477453e-12,
            0.006437222058477453
        ],
        [
            0.06437222058477453,
            0.12874444116954906
        ],
        [
            0.0,
            11.0
        ],
        [
            0.0,
            null
        ],
        [
            0.0,
            null
        ],
        [
            0.0,
            null
        ],
        [
            0.0,
            null
        ],
        [
            0.0,
            null
        ],
        [
            0.0,
            null
        ],
        [
            0.0,
            null
        ],
        [
            0.0,
            null
        ],
        [
            0.0,
            null
        ],
        [
            0.0,
            null
        ],
        [
            0.0,
            null
        ],
        [
            0.0,
            null
        ],
        [
            0.0,
            null
        ],
        [
            0.0,
            null
        ],
        [
            0.0,
            null
        ],
        [
            0.0,
            null
        ],
        [
            0.0,
            null
        ],
        [
            0.0,
            null
        ],
        [
            0.0,
            null
        ],
        [
            0.0,
            null
        ],
        [
            0.0,
            null
        ],
        [
            0.0,
            null
        ],
        [
            0.0,
            null
        ],
        [
            0.0,
            null
        ],
        [
            0.0,
            null
        ]
    ],
    "comp_est": [
        6.437222045088102e-05,
        0.06437222288098078,
        8.99999999999999,
        40.00000001637014,
        40.000000032777216,
        40.00000000154134,
        40.00000003055178,
        40.000000007988945,
        40.00000003277541,
        40.00000005073255,
        40.00000005844014,
        40.00000005114627,
        40.00000002764665,
        40.000000001500744,
        40.000000057847174,
        40.00000000925447,
        40.00000005787447,
        40.0000000015259,
        40.00000003054828,
        40.000000051160534,
        40.00000005788236,
        40.00000005161974,
        40.00000003259696,
        40.00000000796278,
        40.0000000276445,
        40.00000000089081,
        40.000000032596496,
        40.0000000101214
    ],
    "fit_time": 65859.97802591324,
    "init_guess": [
        6.437222058477453e-05,
        0.06437222058477453,
        9.0,
        40.0,
        40.0,
        40.0,
        40.0,
        40.0,
        40.0,
        40.0,
        40.0,
        40.0,
        40.0,
        40.0,
        40.0,
        40.0,
        40.0,
        40.0,
        40.0,
        40.0,
        40.0,
        40.0,
        40.0,
        40.0,
        40.0,
        40.0,
        40.0,
        40.0
    ],
    "model": "Competition Model",
    "model_params": [
        "C_0",
        "N_0",
        "kn",
        "rs"
    ],
    "model_species": [
        "C",
        "N"
    ],
    "obj_fun": 0.5787776416677815,
    "zone_cols": 5,
    "zone_coords": [
        9,
        15
    ],
    "zone_rows": 5
}