{
    "argv": 217,
    "bounds": [
        [
            6.437222058477453e-12,
            0.006437222058477453
        ],
        [
            0.06437222058477453,
            0.12874444116954906
        ],
        [
            0.0,
            11.0
        ],
        [
            0.0,
            null
        ],
        [
            0.0,
            null
        ],
        [
            0.0,
            null
        ],
        [
            0.0,
            null
        ],
        [
            0.0,
            null
        ],
        [
            0.0,
            null
        ],
        [
            0.0,
            null
        ],
        [
            0.0,
            null
        ],
        [
            0.0,
            null
        ],
        [
            0.0,
            null
        ],
        [
            0.0,
            null
        ],
        [
            0.0,
            null
        ],
        [
            0.0,
            null
        ],
        [
            0.0,
            null
        ],
        [
            0.0,
            null
        ],
        [
            0.0,
            null
        ],
        [
            0.0,
            null
        ],
        [
            0.0,
            null
        ],
        [
            0.0,
            null
        ],
        [
            0.0,
            null
        ],
        [
            0.0,
            null
        ],
        [
            0.0,
            null
        ],
        [
            0.0,
            null
        ],
        [
            0.0,
            null
        ],
        [
            0.0,
            null
        ]
    ],
    "comp_est": [
        9.745527232507144e-07,
        0.064372220605915,
        8.000029216804066,
        65.00001988387649,
        64.99998649289475,
        65.00304735272027,
        64.99966069461306,
        64.99997743294743,
        64.9999864355152,
        65.00712339579451,
        64.99990041471632,
        65.00004781367497,
        64.99995576590881,
        65.00304745242825,
        64.99990043603792,
        65.00005554413507,
        65.00000886075235,
        65.00289296146671,
        64.99966071966384,
        65.00004791269782,
        65.00000880653943,
        65.00007644411772,
        64.99999151055627,
        64.9999773664928,
        64.99995566064182,
        65.0028929781106,
        64.99999151786699,
        65.00001977401931
    ],
    "fit_time": 77614.8312895298,
    "init_guess": [
        6.437222058477453e-11,
        0.06437222058477453,
        8.0,
        65.0,
        65.0,
        65.0,
        65.0,
        65.0,
        65.0,
        65.0,
        65.0,
        65.0,
        65.0,
        65.0,
        65.0,
        65.0,
        65.0,
        65.0,
        65.0,
        65.0,
        65.0,
        65.0,
        65.0,
        65.0,
        65.0,
        65.0,
        65.0,
        65.0
    ],
    "model": "Competition Model",
    "model_params": [
        "C_0",
        "N_0",
        "kn",
        "rs"
    ],
    "model_species": [
        "C",
        "N"
    ],
    "obj_fun": 0.5766441047599927,
    "zone_cols": 5,
    "zone_coords": [
        9,
        15
    ],
    "zone_rows": 5
}