{
    "argv": 697,
    "bounds": [
        [
            6.437222058477453e-12,
            0.006437222058477453
        ],
        [
            0.06437222058477453,
            0.12874444116954906
        ],
        [
            0.0,
            11.0
        ],
        [
            0.0,
            null
        ],
        [
            0.0,
            null
        ],
        [
            0.0,
            null
        ],
        [
            0.0,
            null
        ],
        [
            0.0,
            null
        ],
        [
            0.0,
            null
        ],
        [
            0.0,
            null
        ],
        [
            0.0,
            null
        ],
        [
            0.0,
            null
        ],
        [
            0.0,
            null
        ],
        [
            0.0,
            null
        ],
        [
            0.0,
            null
        ],
        [
            0.0,
            null
        ],
        [
            0.0,
            null
        ],
        [
            0.0,
            null
        ],
        [
            0.0,
            null
        ],
        [
            0.0,
            null
        ],
        [
            0.0,
            null
        ],
        [
            0.0,
            null
        ],
        [
            0.0,
            null
        ],
        [
            0.0,
            null
        ],
        [
            0.0,
            null
        ],
        [
            0.0,
            null
        ],
        [
            0.0,
            null
        ],
        [
            0.0,
            null
        ]
    ],
    "comp_est": [
        2.7579740424587896e-06,
        0.06437222637430169,
        4.00000434561603,
        64.99934636951393,
        65.00652356503004,
        65.00287605709534,
        65.00364906890607,
        64.99938254440933,
        65.00123294028548,
        65.0051543199989,
        65.00547718774936,
        65.00440150366278,
        65.00774984066608,
        65.00836912338951,
        65.00518156662761,
        65.00523959327997,
        65.00882051649184,
        65.00223496026258,
        65.00211100975828,
        65.00962206966615,
        65.0042996522894,
        65.01198385454909,
        65.00270075938728,
        64.99950278656216,
        65.00219850330944,
        65.00358382264099,
        65.00333091127241,
        65.00050713123667
    ],
    "fit_time": 10683.151647806168,
    "init_guess": [
        6.437222058477454e-07,
        0.06437222058477453,
        4.0,
        65.0,
        65.0,
        65.0,
        65.0,
        65.0,
        65.0,
        65.0,
        65.0,
        65.0,
        65.0,
        65.0,
        65.0,
        65.0,
        65.0,
        65.0,
        65.0,
        65.0,
        65.0,
        65.0,
        65.0,
        65.0,
        65.0,
        65.0,
        65.0,
        65.0
    ],
    "model": "Competition Model",
    "model_params": [
        "C_0",
        "N_0",
        "kn",
        "rs"
    ],
    "model_species": [
        "C",
        "N"
    ],
    "obj_fun": 0.5714520770959154,
    "zone_cols": 5,
    "zone_coords": [
        9,
        15
    ],
    "zone_rows": 5
}