{
    "argv": 287,
    "bounds": [
        [
            5.848410588726615e-12,
            0.005848410588726615
        ],
        [
            0.05848410588726615,
            0.1169682117745323
        ],
        [
            0.0,
            11.0
        ],
        [
            0.0,
            null
        ],
        [
            0.0,
            null
        ],
        [
            0.0,
            null
        ],
        [
            0.0,
            null
        ],
        [
            0.0,
            null
        ],
        [
            0.0,
            null
        ],
        [
            0.0,
            null
        ],
        [
            0.0,
            null
        ],
        [
            0.0,
            null
        ],
        [
            0.0,
            null
        ],
        [
            0.0,
            null
        ],
        [
            0.0,
            null
        ],
        [
            0.0,
            null
        ],
        [
            0.0,
            null
        ],
        [
            0.0,
            null
        ],
        [
            0.0,
            null
        ],
        [
            0.0,
            null
        ],
        [
            0.0,
            null
        ],
        [
            0.0,
            null
        ],
        [
            0.0,
            null
        ],
        [
            0.0,
            null
        ],
        [
            0.0,
            null
        ],
        [
            0.0,
            null
        ],
        [
            0.0,
            null
        ],
        [
            0.0,
            null
        ]
    ],
    "comp_est": [
        0.0001011832859465237,
        0.05848410588726615,
        11.0,
        45.75476839902177,
        44.16086617177397,
        45.69866724202705,
        44.780228100325594,
        41.80840062820102,
        41.86871292930215,
        42.78188773117654,
        43.52246125012494,
        42.87771183450301,
        55.651810684438054,
        45.748842047215874,
        45.36777016137522,
        42.379844139482486,
        55.466519096517224,
        40.62026707576567,
        45.42088500648633,
        44.77316906739778,
        41.2170336702087,
        42.05020006583871,
        43.592763650101745,
        42.84745872385136,
        43.720653360172086,
        56.09871485662499,
        42.653705144843805,
        43.410317446482
    ],
    "fit_time": 24916.11252117157,
    "init_guess": [
        5.848410588726615e-10,
        0.05848410588726615,
        1.0,
        45.0,
        45.0,
        45.0,
        45.0,
        45.0,
        45.0,
        45.0,
        45.0,
        45.0,
        45.0,
        45.0,
        45.0,
        45.0,
        45.0,
        45.0,
        45.0,
        45.0,
        45.0,
        45.0,
        45.0,
        45.0,
        45.0,
        45.0,
        45.0,
        45.0
    ],
    "model": "Competition Model",
    "model_params": [
        "C_0",
        "N_0",
        "kn",
        "rs"
    ],
    "model_species": [
        "C",
        "N"
    ],
    "obj_fun": 0.10647842329654422,
    "zone_cols": 5,
    "zone_coords": [
        7,
        13
    ],
    "zone_rows": 5
}