{
    "argv": 737,
    "bounds": [
        [
            5.848410588726615e-12,
            0.005848410588726615
        ],
        [
            0.05848410588726615,
            0.1169682117745323
        ],
        [
            0.0,
            11.0
        ],
        [
            0.0,
            null
        ],
        [
            0.0,
            null
        ],
        [
            0.0,
            null
        ],
        [
            0.0,
            null
        ],
        [
            0.0,
            null
        ],
        [
            0.0,
            null
        ],
        [
            0.0,
            null
        ],
        [
            0.0,
            null
        ],
        [
            0.0,
            null
        ],
        [
            0.0,
            null
        ],
        [
            0.0,
            null
        ],
        [
            0.0,
            null
        ],
        [
            0.0,
            null
        ],
        [
            0.0,
            null
        ],
        [
            0.0,
            null
        ],
        [
            0.0,
            null
        ],
        [
            0.0,
            null
        ],
        [
            0.0,
            null
        ],
        [
            0.0,
            null
        ],
        [
            0.0,
            null
        ],
        [
            0.0,
            null
        ],
        [
            0.0,
            null
        ],
        [
            0.0,
            null
        ],
        [
            0.0,
            null
        ],
        [
            0.0,
            null
        ]
    ],
    "comp_est": [
        0.0005722757757401729,
        0.06398227161482223,
        10.830789134917659,
        28.96492647842249,
        26.923415382903553,
        30.309506915325475,
        30.29399876472356,
        27.330697316898593,
        22.8129584953213,
        24.310363455681255,
        26.977368915609414,
        29.616683437941195,
        38.370025362926484,
        29.222401697523402,
        29.10767644934227,
        26.497078136221546,
        37.4253853870478,
        26.568426554911944,
        29.307216763173965,
        28.7081904129271,
        25.218663995091458,
        25.900535407164956,
        26.500066364862903,
        25.149797665706807,
        28.703854763185603,
        38.087798114217065,
        27.011117470453044,
        25.378769195540006
    ],
    "fit_time": 36991.724870443344,
    "init_guess": [
        5.848410588726615e-06,
        0.05848410588726615,
        0.0,
        30.0,
        30.0,
        30.0,
        30.0,
        30.0,
        30.0,
        30.0,
        30.0,
        30.0,
        30.0,
        30.0,
        30.0,
        30.0,
        30.0,
        30.0,
        30.0,
        30.0,
        30.0,
        30.0,
        30.0,
        30.0,
        30.0,
        30.0,
        30.0,
        30.0
    ],
    "model": "Competition Model",
    "model_params": [
        "C_0",
        "N_0",
        "kn",
        "rs"
    ],
    "model_species": [
        "C",
        "N"
    ],
    "obj_fun": 0.0787331913033061,
    "zone_cols": 5,
    "zone_coords": [
        7,
        13
    ],
    "zone_rows": 5
}