{
    "argv": 151,
    "bounds": [
        [
            6.437222058477453e-12,
            0.006437222058477453
        ],
        [
            0.06437222058477453,
            0.12874444116954906
        ],
        [
            0.0,
            11.0
        ],
        [
            0.0,
            null
        ],
        [
            0.0,
            null
        ],
        [
            0.0,
            null
        ],
        [
            0.0,
            null
        ],
        [
            0.0,
            null
        ],
        [
            0.0,
            null
        ],
        [
            0.0,
            null
        ],
        [
            0.0,
            null
        ],
        [
            0.0,
            null
        ],
        [
            0.0,
            null
        ],
        [
            0.0,
            null
        ],
        [
            0.0,
            null
        ],
        [
            0.0,
            null
        ],
        [
            0.0,
            null
        ],
        [
            0.0,
            null
        ],
        [
            0.0,
            null
        ],
        [
            0.0,
            null
        ],
        [
            0.0,
            null
        ],
        [
            0.0,
            null
        ],
        [
            0.0,
            null
        ],
        [
            0.0,
            null
        ],
        [
            0.0,
            null
        ],
        [
            0.0,
            null
        ],
        [
            0.0,
            null
        ],
        [
            0.0,
            null
        ]
    ],
    "comp_est": [
        2.1065639847103912e-05,
        0.06680060205827174,
        8.00028516588869,
        35.16310427401642,
        35.34033580921943,
        35.344956924218415,
        35.340117113765025,
        35.16341476607658,
        35.339565178376894,
        34.942274287853,
        35.46180621551312,
        34.93965021218979,
        35.33979639784211,
        35.344831854295265,
        35.46256514819484,
        35.48826106540046,
        35.46231296004434,
        35.344563939342954,
        35.340823442837745,
        34.93875867564947,
        35.46174250268577,
        34.93785967724904,
        35.34320123135053,
        35.1635368468695,
        35.33987723801499,
        35.34493729532786,
        35.34051060286964,
        35.164761189840796
    ],
    "fit_time": 39766.019042253494,
    "init_guess": [
        6.437222058477453e-11,
        0.06437222058477453,
        8.0,
        35.0,
        35.0,
        35.0,
        35.0,
        35.0,
        35.0,
        35.0,
        35.0,
        35.0,
        35.0,
        35.0,
        35.0,
        35.0,
        35.0,
        35.0,
        35.0,
        35.0,
        35.0,
        35.0,
        35.0,
        35.0,
        35.0,
        35.0,
        35.0,
        35.0
    ],
    "model": "Competition Model",
    "model_params": [
        "C_0",
        "N_0",
        "kn",
        "rs"
    ],
    "model_species": [
        "C",
        "N"
    ],
    "obj_fun": 0.6452126294917735,
    "zone_cols": 5,
    "zone_coords": [
        9,
        15
    ],
    "zone_rows": 5
}