{
    "argv": 783,
    "bounds": [
        [
            5.848410588726615e-12,
            0.005848410588726615
        ],
        [
            0.05848410588726615,
            0.1169682117745323
        ],
        [
            0.0,
            11.0
        ],
        [
            0.0,
            null
        ],
        [
            0.0,
            null
        ],
        [
            0.0,
            null
        ],
        [
            0.0,
            null
        ],
        [
            0.0,
            null
        ],
        [
            0.0,
            null
        ],
        [
            0.0,
            null
        ],
        [
            0.0,
            null
        ],
        [
            0.0,
            null
        ],
        [
            0.0,
            null
        ],
        [
            0.0,
            null
        ],
        [
            0.0,
            null
        ],
        [
            0.0,
            null
        ],
        [
            0.0,
            null
        ],
        [
            0.0,
            null
        ],
        [
            0.0,
            null
        ],
        [
            0.0,
            null
        ],
        [
            0.0,
            null
        ],
        [
            0.0,
            null
        ],
        [
            0.0,
            null
        ],
        [
            0.0,
            null
        ],
        [
            0.0,
            null
        ],
        [
            0.0,
            null
        ],
        [
            0.0,
            null
        ],
        [
            0.0,
            null
        ]
    ],
    "comp_est": [
        4.859441338760542e-05,
        0.05848410588726615,
        6.412861270590653,
        48.40427293676147,
        46.83002588667259,
        51.0363269924125,
        52.00371739870193,
        48.17303155070664,
        42.50569404675302,
        44.31450659261065,
        47.77705267006824,
        53.286058495048124,
        63.987984651832896,
        49.59471147649705,
        49.88537039180229,
        47.47789045558545,
        61.58368164352174,
        47.23730035976234,
        50.11852463019598,
        50.38914524981152,
        46.344473651130116,
        46.41383308966962,
        47.50072470458526,
        45.83375728575193,
        51.23002504155693,
        62.585291749258,
        48.50868047204451,
        46.21609515218828
    ],
    "fit_time": 24944.65625143051,
    "init_guess": [
        5.848410588726615e-06,
        0.05848410588726615,
        2.0,
        50.0,
        50.0,
        50.0,
        50.0,
        50.0,
        50.0,
        50.0,
        50.0,
        50.0,
        50.0,
        50.0,
        50.0,
        50.0,
        50.0,
        50.0,
        50.0,
        50.0,
        50.0,
        50.0,
        50.0,
        50.0,
        50.0,
        50.0,
        50.0,
        50.0
    ],
    "model": "Competition Model",
    "model_params": [
        "C_0",
        "N_0",
        "kn",
        "rs"
    ],
    "model_species": [
        "C",
        "N"
    ],
    "obj_fun": 0.06871250591377247,
    "zone_cols": 5,
    "zone_coords": [
        7,
        13
    ],
    "zone_rows": 5
}