{
    "argv": 209,
    "bounds": [
        [
            6.437222058477453e-12,
            0.006437222058477453
        ],
        [
            0.06437222058477453,
            0.12874444116954906
        ],
        [
            0.0,
            11.0
        ],
        [
            0.0,
            null
        ],
        [
            0.0,
            null
        ],
        [
            0.0,
            null
        ],
        [
            0.0,
            null
        ],
        [
            0.0,
            null
        ],
        [
            0.0,
            null
        ],
        [
            0.0,
            null
        ],
        [
            0.0,
            null
        ],
        [
            0.0,
            null
        ],
        [
            0.0,
            null
        ],
        [
            0.0,
            null
        ],
        [
            0.0,
            null
        ],
        [
            0.0,
            null
        ],
        [
            0.0,
            null
        ],
        [
            0.0,
            null
        ],
        [
            0.0,
            null
        ],
        [
            0.0,
            null
        ],
        [
            0.0,
            null
        ],
        [
            0.0,
            null
        ],
        [
            0.0,
            null
        ],
        [
            0.0,
            null
        ],
        [
            0.0,
            null
        ],
        [
            0.0,
            null
        ],
        [
            0.0,
            null
        ],
        [
            0.0,
            null
        ]
    ],
    "comp_est": [
        1.398301281583651e-06,
        0.0675594227699499,
        1.1360767461491768,
        59.643326086614024,
        80.62732799271545,
        58.45781744996547,
        61.15023669531951,
        65.27795819042042,
        59.37539809916818,
        59.417956874635834,
        58.4823573289952,
        58.399786257250895,
        95.73589447099894,
        85.41300432840241,
        62.945902903445806,
        59.466578601188196,
        80.31767924372906,
        64.33585632553896,
        53.13449851681356,
        74.4320235838765,
        56.575926589046624,
        88.54575858921629,
        59.24463017345681,
        52.497549169753164,
        58.898342834501214,
        59.11816222066352,
        60.47741694656378,
        46.78195291742141
    ],
    "fit_time": 58869.1787750721,
    "init_guess": [
        6.437222058477453e-11,
        0.06437222058477453,
        0.0,
        65.0,
        65.0,
        65.0,
        65.0,
        65.0,
        65.0,
        65.0,
        65.0,
        65.0,
        65.0,
        65.0,
        65.0,
        65.0,
        65.0,
        65.0,
        65.0,
        65.0,
        65.0,
        65.0,
        65.0,
        65.0,
        65.0,
        65.0,
        65.0,
        65.0
    ],
    "model": "Competition Model",
    "model_params": [
        "C_0",
        "N_0",
        "kn",
        "rs"
    ],
    "model_species": [
        "C",
        "N"
    ],
    "obj_fun": 0.0508093407964243,
    "zone_cols": 5,
    "zone_coords": [
        9,
        15
    ],
    "zone_rows": 5
}