{
    "argv": 628,
    "bounds": [
        [
            6.437222058477453e-12,
            0.006437222058477453
        ],
        [
            0.06437222058477453,
            0.12874444116954906
        ],
        [
            0.0,
            11.0
        ],
        [
            0.0,
            null
        ],
        [
            0.0,
            null
        ],
        [
            0.0,
            null
        ],
        [
            0.0,
            null
        ],
        [
            0.0,
            null
        ],
        [
            0.0,
            null
        ],
        [
            0.0,
            null
        ],
        [
            0.0,
            null
        ],
        [
            0.0,
            null
        ],
        [
            0.0,
            null
        ],
        [
            0.0,
            null
        ],
        [
            0.0,
            null
        ],
        [
            0.0,
            null
        ],
        [
            0.0,
            null
        ],
        [
            0.0,
            null
        ],
        [
            0.0,
            null
        ],
        [
            0.0,
            null
        ],
        [
            0.0,
            null
        ],
        [
            0.0,
            null
        ],
        [
            0.0,
            null
        ],
        [
            0.0,
            null
        ],
        [
            0.0,
            null
        ],
        [
            0.0,
            null
        ],
        [
            0.0,
            null
        ],
        [
            0.0,
            null
        ]
    ],
    "comp_est": [
        0.00012795419573602068,
        0.0703364439135163,
        1.6529304720723614,
        32.24977933639998,
        45.12161367237342,
        31.875858225379805,
        33.016879701704646,
        33.7660264260421,
        31.26492900054051,
        31.82973885142462,
        31.511105976535777,
        29.295946075939472,
        52.52948415252172,
        47.26425821026407,
        33.624778543917124,
        31.523076653286445,
        44.76161252184697,
        31.08061436363501,
        28.384349323209538,
        43.114346551877844,
        29.023269395791214,
        49.75114572213848,
        31.65792423243673,
        29.440364970635375,
        33.55418028652549,
        33.24187333248769,
        34.14946329933145,
        26.521507178006605
    ],
    "fit_time": 24907.891313314438,
    "init_guess": [
        6.437222058477454e-07,
        0.06437222058477453,
        1.0,
        35.0,
        35.0,
        35.0,
        35.0,
        35.0,
        35.0,
        35.0,
        35.0,
        35.0,
        35.0,
        35.0,
        35.0,
        35.0,
        35.0,
        35.0,
        35.0,
        35.0,
        35.0,
        35.0,
        35.0,
        35.0,
        35.0,
        35.0,
        35.0,
        35.0
    ],
    "model": "Competition Model",
    "model_params": [
        "C_0",
        "N_0",
        "kn",
        "rs"
    ],
    "model_species": [
        "C",
        "N"
    ],
    "obj_fun": 0.07740554624338315,
    "zone_cols": 5,
    "zone_coords": [
        9,
        15
    ],
    "zone_rows": 5
}