{
    "argv": 683,
    "bounds": [
        [
            5.848410588726615e-12,
            0.005848410588726615
        ],
        [
            0.05848410588726615,
            0.1169682117745323
        ],
        [
            0.0,
            11.0
        ],
        [
            0.0,
            null
        ],
        [
            0.0,
            null
        ],
        [
            0.0,
            null
        ],
        [
            0.0,
            null
        ],
        [
            0.0,
            null
        ],
        [
            0.0,
            null
        ],
        [
            0.0,
            null
        ],
        [
            0.0,
            null
        ],
        [
            0.0,
            null
        ],
        [
            0.0,
            null
        ],
        [
            0.0,
            null
        ],
        [
            0.0,
            null
        ],
        [
            0.0,
            null
        ],
        [
            0.0,
            null
        ],
        [
            0.0,
            null
        ],
        [
            0.0,
            null
        ],
        [
            0.0,
            null
        ],
        [
            0.0,
            null
        ],
        [
            0.0,
            null
        ],
        [
            0.0,
            null
        ],
        [
            0.0,
            null
        ],
        [
            0.0,
            null
        ],
        [
            0.0,
            null
        ],
        [
            0.0,
            null
        ],
        [
            0.0,
            null
        ]
    ],
    "comp_est": [
        1.5423156707617024e-05,
        0.05848410588726615,
        5.180789114202662,
        60.81920260177382,
        58.85084692099368,
        60.73610572001129,
        59.672937859957486,
        55.907951558552284,
        56.120345265372805,
        57.07081128662528,
        58.08356435114103,
        57.12412655844881,
        73.48695748046968,
        60.786637295353614,
        60.33915503111245,
        56.77216852296416,
        71.99847324007341,
        54.50533019216027,
        60.39173193105879,
        59.63282603694994,
        55.32176307626785,
        56.33984660373804,
        58.14538997509766,
        57.12597510155388,
        58.330359832921275,
        73.7078535156912,
        56.97751264317723,
        57.77834419273695
    ],
    "fit_time": 15699.27046585083,
    "init_guess": [
        5.848410588726616e-07,
        0.05848410588726615,
        1.0,
        60.0,
        60.0,
        60.0,
        60.0,
        60.0,
        60.0,
        60.0,
        60.0,
        60.0,
        60.0,
        60.0,
        60.0,
        60.0,
        60.0,
        60.0,
        60.0,
        60.0,
        60.0,
        60.0,
        60.0,
        60.0,
        60.0,
        60.0,
        60.0,
        60.0
    ],
    "model": "Competition Model",
    "model_params": [
        "C_0",
        "N_0",
        "kn",
        "rs"
    ],
    "model_species": [
        "C",
        "N"
    ],
    "obj_fun": 0.12391801155543125,
    "zone_cols": 5,
    "zone_coords": [
        7,
        13
    ],
    "zone_rows": 5
}