{
    "argv": 843,
    "bounds": [
        [
            5.848410588726615e-12,
            0.005848410588726615
        ],
        [
            0.05848410588726615,
            0.1169682117745323
        ],
        [
            0.0,
            11.0
        ],
        [
            0.0,
            null
        ],
        [
            0.0,
            null
        ],
        [
            0.0,
            null
        ],
        [
            0.0,
            null
        ],
        [
            0.0,
            null
        ],
        [
            0.0,
            null
        ],
        [
            0.0,
            null
        ],
        [
            0.0,
            null
        ],
        [
            0.0,
            null
        ],
        [
            0.0,
            null
        ],
        [
            0.0,
            null
        ],
        [
            0.0,
            null
        ],
        [
            0.0,
            null
        ],
        [
            0.0,
            null
        ],
        [
            0.0,
            null
        ],
        [
            0.0,
            null
        ],
        [
            0.0,
            null
        ],
        [
            0.0,
            null
        ],
        [
            0.0,
            null
        ],
        [
            0.0,
            null
        ],
        [
            0.0,
            null
        ],
        [
            0.0,
            null
        ],
        [
            0.0,
            null
        ],
        [
            0.0,
            null
        ],
        [
            0.0,
            null
        ]
    ],
    "comp_est": [
        5.848425248340088e-06,
        0.05848410588726615,
        6.999999999999159,
        75.00000200770303,
        74.99999891229625,
        75.0000003774546,
        74.99999892999132,
        75.00000169092861,
        74.99999891273045,
        74.999994939531,
        74.99999443982287,
        74.99999494663251,
        74.99999892940406,
        75.00000039892596,
        74.99999443759994,
        74.99999590713269,
        74.99999445026941,
        75.0000001182183,
        74.99999891113518,
        74.99999493511424,
        74.99999444855546,
        74.9999949452924,
        74.99999892601916,
        75.00000169531417,
        74.99999892137916,
        75.00000012964446,
        74.99999892446182,
        74.9999983446073
    ],
    "fit_time": 30174.91705942154,
    "init_guess": [
        5.848410588726615e-06,
        0.05848410588726615,
        7.0,
        75.0,
        75.0,
        75.0,
        75.0,
        75.0,
        75.0,
        75.0,
        75.0,
        75.0,
        75.0,
        75.0,
        75.0,
        75.0,
        75.0,
        75.0,
        75.0,
        75.0,
        75.0,
        75.0,
        75.0,
        75.0,
        75.0,
        75.0,
        75.0,
        75.0
    ],
    "model": "Competition Model",
    "model_params": [
        "C_0",
        "N_0",
        "kn",
        "rs"
    ],
    "model_species": [
        "C",
        "N"
    ],
    "obj_fun": 0.4224967803733602,
    "zone_cols": 5,
    "zone_coords": [
        7,
        13
    ],
    "zone_rows": 5
}