{
    "argv": 246,
    "bounds": [
        [
            6.437222058477453e-12,
            0.006437222058477453
        ],
        [
            0.06437222058477453,
            0.12874444116954906
        ],
        [
            0.0,
            11.0
        ],
        [
            0.0,
            null
        ],
        [
            0.0,
            null
        ],
        [
            0.0,
            null
        ],
        [
            0.0,
            null
        ],
        [
            0.0,
            null
        ],
        [
            0.0,
            null
        ],
        [
            0.0,
            null
        ],
        [
            0.0,
            null
        ],
        [
            0.0,
            null
        ],
        [
            0.0,
            null
        ],
        [
            0.0,
            null
        ],
        [
            0.0,
            null
        ],
        [
            0.0,
            null
        ],
        [
            0.0,
            null
        ],
        [
            0.0,
            null
        ],
        [
            0.0,
            null
        ],
        [
            0.0,
            null
        ],
        [
            0.0,
            null
        ],
        [
            0.0,
            null
        ],
        [
            0.0,
            null
        ],
        [
            0.0,
            null
        ],
        [
            0.0,
            null
        ],
        [
            0.0,
            null
        ],
        [
            0.0,
            null
        ],
        [
            0.0,
            null
        ]
    ],
    "comp_est": [
        1.121985499741356e-07,
        0.06437222058477453,
        3.99999991618004,
        25.000037498649178,
        24.999971194502525,
        24.99996875568079,
        24.99999095367476,
        24.999959199573397,
        24.99997119186955,
        25.000006278256006,
        25.00008975757753,
        25.000102020528374,
        24.999989049336587,
        24.99996875653079,
        25.0000897572879,
        24.999934486689348,
        25.000076127789296,
        24.99997633611105,
        24.99999095223869,
        25.00010202059359,
        25.000076115909206,
        24.999886167321485,
        24.999982522036266,
        24.999959194407502,
        24.999989045221234,
        24.999976332884223,
        24.999982528543615,
        24.999907895183274
    ],
    "fit_time": 31613.967490196228,
    "init_guess": [
        6.437222058477453e-10,
        0.06437222058477453,
        4.0,
        25.0,
        25.0,
        25.0,
        25.0,
        25.0,
        25.0,
        25.0,
        25.0,
        25.0,
        25.0,
        25.0,
        25.0,
        25.0,
        25.0,
        25.0,
        25.0,
        25.0,
        25.0,
        25.0,
        25.0,
        25.0,
        25.0,
        25.0,
        25.0,
        25.0
    ],
    "model": "Competition Model",
    "model_params": [
        "C_0",
        "N_0",
        "kn",
        "rs"
    ],
    "model_species": [
        "C",
        "N"
    ],
    "obj_fun": 0.8273458124554998,
    "zone_cols": 5,
    "zone_coords": [
        9,
        15
    ],
    "zone_rows": 5
}