{
    "argv": 911,
    "bounds": [
        [
            6.437222058477453e-12,
            0.006437222058477453
        ],
        [
            0.06437222058477453,
            0.12874444116954906
        ],
        [
            0.0,
            11.0
        ],
        [
            0.0,
            null
        ],
        [
            0.0,
            null
        ],
        [
            0.0,
            null
        ],
        [
            0.0,
            null
        ],
        [
            0.0,
            null
        ],
        [
            0.0,
            null
        ],
        [
            0.0,
            null
        ],
        [
            0.0,
            null
        ],
        [
            0.0,
            null
        ],
        [
            0.0,
            null
        ],
        [
            0.0,
            null
        ],
        [
            0.0,
            null
        ],
        [
            0.0,
            null
        ],
        [
            0.0,
            null
        ],
        [
            0.0,
            null
        ],
        [
            0.0,
            null
        ],
        [
            0.0,
            null
        ],
        [
            0.0,
            null
        ],
        [
            0.0,
            null
        ],
        [
            0.0,
            null
        ],
        [
            0.0,
            null
        ],
        [
            0.0,
            null
        ],
        [
            0.0,
            null
        ],
        [
            0.0,
            null
        ],
        [
            0.0,
            null
        ]
    ],
    "comp_est": [
        6.437222061766288e-05,
        0.06437222058477453,
        8.999999999999778,
        50.00000000060663,
        49.99999999798409,
        49.99999997673193,
        50.000000005606836,
        49.99999997724957,
        49.99999999610311,
        50.00000002908141,
        49.99999997072517,
        49.99999998469045,
        49.999999975134514,
        49.99999997628789,
        49.99999997056643,
        49.99999996729128,
        49.99999997590142,
        49.999999989498434,
        50.00000000610885,
        49.999999984342935,
        49.99999997659503,
        49.99999996988255,
        49.99999998017234,
        49.99999998003941,
        49.99999997397166,
        49.99999999032176,
        49.99999997364401,
        50.000000004199
    ],
    "fit_time": 59890.034180402756,
    "init_guess": [
        6.437222058477453e-05,
        0.06437222058477453,
        9.0,
        50.0,
        50.0,
        50.0,
        50.0,
        50.0,
        50.0,
        50.0,
        50.0,
        50.0,
        50.0,
        50.0,
        50.0,
        50.0,
        50.0,
        50.0,
        50.0,
        50.0,
        50.0,
        50.0,
        50.0,
        50.0,
        50.0,
        50.0,
        50.0,
        50.0
    ],
    "model": "Competition Model",
    "model_params": [
        "C_0",
        "N_0",
        "kn",
        "rs"
    ],
    "model_species": [
        "C",
        "N"
    ],
    "obj_fun": 0.5740563475651376,
    "zone_cols": 5,
    "zone_coords": [
        9,
        15
    ],
    "zone_rows": 5
}