{
    "argv": 517,
    "bounds": [
        [
            5.848410588726615e-12,
            0.005848410588726615
        ],
        [
            0.05848410588726615,
            0.1169682117745323
        ],
        [
            0.0,
            11.0
        ],
        [
            0.0,
            null
        ],
        [
            0.0,
            null
        ],
        [
            0.0,
            null
        ],
        [
            0.0,
            null
        ],
        [
            0.0,
            null
        ],
        [
            0.0,
            null
        ],
        [
            0.0,
            null
        ],
        [
            0.0,
            null
        ],
        [
            0.0,
            null
        ],
        [
            0.0,
            null
        ],
        [
            0.0,
            null
        ],
        [
            0.0,
            null
        ],
        [
            0.0,
            null
        ],
        [
            0.0,
            null
        ],
        [
            0.0,
            null
        ],
        [
            0.0,
            null
        ],
        [
            0.0,
            null
        ],
        [
            0.0,
            null
        ],
        [
            0.0,
            null
        ],
        [
            0.0,
            null
        ],
        [
            0.0,
            null
        ],
        [
            0.0,
            null
        ],
        [
            0.0,
            null
        ],
        [
            0.0,
            null
        ],
        [
            0.0,
            null
        ]
    ],
    "comp_est": [
        0.00015785793348748934,
        0.060769641331414166,
        5.859378483158886,
        39.02559580182903,
        37.82434086404532,
        40.23546525053751,
        40.41930134430041,
        38.539393547434805,
        31.31376489164285,
        33.788637378914096,
        38.10226932286089,
        40.89099803438856,
        52.29207557574765,
        39.35365173312351,
        39.380692549819855,
        38.25027426291267,
        50.3764233413567,
        38.34177203435685,
        39.50166888456031,
        39.28779233685746,
        35.29097471089295,
        36.40863974874457,
        37.36744220641759,
        35.11401397718558,
        39.428331037149334,
        50.679961476002546,
        38.294460538364,
        35.45115920036568
    ],
    "fit_time": 31799.26256418228,
    "init_guess": [
        5.8484105887266145e-08,
        0.05848410588726615,
        0.0,
        40.0,
        40.0,
        40.0,
        40.0,
        40.0,
        40.0,
        40.0,
        40.0,
        40.0,
        40.0,
        40.0,
        40.0,
        40.0,
        40.0,
        40.0,
        40.0,
        40.0,
        40.0,
        40.0,
        40.0,
        40.0,
        40.0,
        40.0,
        40.0,
        40.0
    ],
    "model": "Competition Model",
    "model_params": [
        "C_0",
        "N_0",
        "kn",
        "rs"
    ],
    "model_species": [
        "C",
        "N"
    ],
    "obj_fun": 0.06510059174282326,
    "zone_cols": 5,
    "zone_coords": [
        7,
        13
    ],
    "zone_rows": 5
}