{
    "argv": 872,
    "bounds": [
        [
            5.848410588726615e-12,
            0.005848410588726615
        ],
        [
            0.05848410588726615,
            0.1169682117745323
        ],
        [
            0.0,
            11.0
        ],
        [
            0.0,
            null
        ],
        [
            0.0,
            null
        ],
        [
            0.0,
            null
        ],
        [
            0.0,
            null
        ],
        [
            0.0,
            null
        ],
        [
            0.0,
            null
        ],
        [
            0.0,
            null
        ],
        [
            0.0,
            null
        ],
        [
            0.0,
            null
        ],
        [
            0.0,
            null
        ],
        [
            0.0,
            null
        ],
        [
            0.0,
            null
        ],
        [
            0.0,
            null
        ],
        [
            0.0,
            null
        ],
        [
            0.0,
            null
        ],
        [
            0.0,
            null
        ],
        [
            0.0,
            null
        ],
        [
            0.0,
            null
        ],
        [
            0.0,
            null
        ],
        [
            0.0,
            null
        ],
        [
            0.0,
            null
        ],
        [
            0.0,
            null
        ],
        [
            0.0,
            null
        ],
        [
            0.0,
            null
        ],
        [
            0.0,
            null
        ]
    ],
    "comp_est": [
        0.00031948081811043283,
        0.06181670364554254,
        8.147441835704324,
        33.271794630005836,
        31.16625286229747,
        35.110852008316144,
        35.756292336041355,
        32.03605287557862,
        27.752541888868407,
        28.95849088339601,
        30.990577403127265,
        35.35936679652358,
        44.80531108871091,
        34.20865802024018,
        33.92976752857906,
        24.776072766475885,
        43.11647992775152,
        30.404420897932454,
        34.76646466239648,
        34.20872400673386,
        30.261196643339453,
        31.2772876704733,
        31.817184622016494,
        30.06986038659612,
        34.79727273235073,
        44.082560357214916,
        32.43830408623541,
        30.590386630361866
    ],
    "fit_time": 44651.12784218788,
    "init_guess": [
        5.848410588726615e-05,
        0.05848410588726615,
        3.0,
        35.0,
        35.0,
        35.0,
        35.0,
        35.0,
        35.0,
        35.0,
        35.0,
        35.0,
        35.0,
        35.0,
        35.0,
        35.0,
        35.0,
        35.0,
        35.0,
        35.0,
        35.0,
        35.0,
        35.0,
        35.0,
        35.0,
        35.0,
        35.0,
        35.0
    ],
    "model": "Competition Model",
    "model_params": [
        "C_0",
        "N_0",
        "kn",
        "rs"
    ],
    "model_species": [
        "C",
        "N"
    ],
    "obj_fun": 0.08301291786058543,
    "zone_cols": 5,
    "zone_coords": [
        7,
        13
    ],
    "zone_rows": 5
}