{
    "argv": 194,
    "bounds": [
        [
            6.437222058477453e-12,
            0.006437222058477453
        ],
        [
            0.06437222058477453,
            0.12874444116954906
        ],
        [
            0.0,
            11.0
        ],
        [
            0.0,
            null
        ],
        [
            0.0,
            null
        ],
        [
            0.0,
            null
        ],
        [
            0.0,
            null
        ],
        [
            0.0,
            null
        ],
        [
            0.0,
            null
        ],
        [
            0.0,
            null
        ],
        [
            0.0,
            null
        ],
        [
            0.0,
            null
        ],
        [
            0.0,
            null
        ],
        [
            0.0,
            null
        ],
        [
            0.0,
            null
        ],
        [
            0.0,
            null
        ],
        [
            0.0,
            null
        ],
        [
            0.0,
            null
        ],
        [
            0.0,
            null
        ],
        [
            0.0,
            null
        ],
        [
            0.0,
            null
        ],
        [
            0.0,
            null
        ],
        [
            0.0,
            null
        ],
        [
            0.0,
            null
        ],
        [
            0.0,
            null
        ],
        [
            0.0,
            null
        ],
        [
            0.0,
            null
        ],
        [
            0.0,
            null
        ]
    ],
    "comp_est": [
        6.177715872216192e-08,
        0.06439297692192157,
        7.000000330036112,
        54.999496092266284,
        54.99949668413094,
        54.999498038177656,
        54.999495905857195,
        54.99949616693943,
        54.99949667791989,
        54.99949836824423,
        54.99950009932338,
        54.99949907128764,
        54.99949757014444,
        54.999498044860495,
        54.99950009860638,
        55.01180645532965,
        54.99950054763861,
        54.99949869466777,
        54.99949590360112,
        54.99949907659432,
        54.999500542224744,
        55.01665119592909,
        54.99949701645558,
        54.99949616662148,
        54.99949756320028,
        54.999498696030685,
        54.999497017528824,
        54.99949984835972
    ],
    "fit_time": 47671.15809941292,
    "init_guess": [
        6.437222058477453e-11,
        0.06437222058477453,
        7.0,
        55.0,
        55.0,
        55.0,
        55.0,
        55.0,
        55.0,
        55.0,
        55.0,
        55.0,
        55.0,
        55.0,
        55.0,
        55.0,
        55.0,
        55.0,
        55.0,
        55.0,
        55.0,
        55.0,
        55.0,
        55.0,
        55.0,
        55.0,
        55.0,
        55.0
    ],
    "model": "Competition Model",
    "model_params": [
        "C_0",
        "N_0",
        "kn",
        "rs"
    ],
    "model_species": [
        "C",
        "N"
    ],
    "obj_fun": 0.7280519235302234,
    "zone_cols": 5,
    "zone_coords": [
        9,
        15
    ],
    "zone_rows": 5
}