{
    "argv": 497,
    "bounds": [
        [
            5.848410588726615e-12,
            0.005848410588726615
        ],
        [
            0.05848410588726615,
            0.1169682117745323
        ],
        [
            0.0,
            11.0
        ],
        [
            0.0,
            null
        ],
        [
            0.0,
            null
        ],
        [
            0.0,
            null
        ],
        [
            0.0,
            null
        ],
        [
            0.0,
            null
        ],
        [
            0.0,
            null
        ],
        [
            0.0,
            null
        ],
        [
            0.0,
            null
        ],
        [
            0.0,
            null
        ],
        [
            0.0,
            null
        ],
        [
            0.0,
            null
        ],
        [
            0.0,
            null
        ],
        [
            0.0,
            null
        ],
        [
            0.0,
            null
        ],
        [
            0.0,
            null
        ],
        [
            0.0,
            null
        ],
        [
            0.0,
            null
        ],
        [
            0.0,
            null
        ],
        [
            0.0,
            null
        ],
        [
            0.0,
            null
        ],
        [
            0.0,
            null
        ],
        [
            0.0,
            null
        ],
        [
            0.0,
            null
        ],
        [
            0.0,
            null
        ],
        [
            0.0,
            null
        ]
    ],
    "comp_est": [
        5.848410830796754e-08,
        0.058484105888981515,
        2.0,
        29.999999998790116,
        29.99999999875924,
        29.999999999571642,
        29.99999999875762,
        29.99999999878922,
        29.99999999875924,
        30.00000000159237,
        30.000000000003542,
        30.00000000192972,
        29.99999999875035,
        29.999999999571642,
        30.000000000003542,
        30.000000000263654,
        30.00000000000453,
        29.999999999571536,
        29.99999999875762,
        30.00000000192972,
        30.00000000000453,
        30.000000001985395,
        29.99999999875972,
        29.99999999878922,
        29.99999999875035,
        29.999999999571536,
        29.99999999875972,
        29.99999999879015
    ],
    "fit_time": 4986.365252494812,
    "init_guess": [
        5.8484105887266145e-08,
        0.05848410588726615,
        2.0,
        30.0,
        30.0,
        30.0,
        30.0,
        30.0,
        30.0,
        30.0,
        30.0,
        30.0,
        30.0,
        30.0,
        30.0,
        30.0,
        30.0,
        30.0,
        30.0,
        30.0,
        30.0,
        30.0,
        30.0,
        30.0,
        30.0,
        30.0,
        30.0,
        30.0
    ],
    "model": "Competition Model",
    "model_params": [
        "C_0",
        "N_0",
        "kn",
        "rs"
    ],
    "model_species": [
        "C",
        "N"
    ],
    "obj_fun": 0.6699317946982685,
    "zone_cols": 5,
    "zone_coords": [
        7,
        13
    ],
    "zone_rows": 5
}