{
    "argv": 540,
    "bounds": [
        [
            6.437222058477453e-12,
            0.006437222058477453
        ],
        [
            0.06437222058477453,
            0.12874444116954906
        ],
        [
            0.0,
            11.0
        ],
        [
            0.0,
            null
        ],
        [
            0.0,
            null
        ],
        [
            0.0,
            null
        ],
        [
            0.0,
            null
        ],
        [
            0.0,
            null
        ],
        [
            0.0,
            null
        ],
        [
            0.0,
            null
        ],
        [
            0.0,
            null
        ],
        [
            0.0,
            null
        ],
        [
            0.0,
            null
        ],
        [
            0.0,
            null
        ],
        [
            0.0,
            null
        ],
        [
            0.0,
            null
        ],
        [
            0.0,
            null
        ],
        [
            0.0,
            null
        ],
        [
            0.0,
            null
        ],
        [
            0.0,
            null
        ],
        [
            0.0,
            null
        ],
        [
            0.0,
            null
        ],
        [
            0.0,
            null
        ],
        [
            0.0,
            null
        ],
        [
            0.0,
            null
        ],
        [
            0.0,
            null
        ],
        [
            0.0,
            null
        ],
        [
            0.0,
            null
        ]
    ],
    "comp_est": [
        3.275634004950819e-05,
        0.06437222058477453,
        7.46160592996039,
        46.93894946332794,
        58.75012758760457,
        47.12049862073024,
        47.997951607991325,
        47.18795613926933,
        46.128101129108195,
        46.70174320603258,
        47.12707284924873,
        44.20257139081496,
        62.86133005663826,
        60.75366961370888,
        46.91038392835003,
        46.533497598306745,
        57.471761676322174,
        44.91230766063831,
        44.06626041509043,
        56.311162894627586,
        44.09899216857995,
        62.04694404986413,
        46.57155705766019,
        46.878576293539226,
        48.95441755663823,
        48.66506236857584,
        48.37295238717067,
        45.09654154523848
    ],
    "fit_time": 47399.84246754646,
    "init_guess": [
        6.437222058477452e-08,
        0.06437222058477453,
        1.0,
        50.0,
        50.0,
        50.0,
        50.0,
        50.0,
        50.0,
        50.0,
        50.0,
        50.0,
        50.0,
        50.0,
        50.0,
        50.0,
        50.0,
        50.0,
        50.0,
        50.0,
        50.0,
        50.0,
        50.0,
        50.0,
        50.0,
        50.0,
        50.0,
        50.0
    ],
    "model": "Competition Model",
    "model_params": [
        "C_0",
        "N_0",
        "kn",
        "rs"
    ],
    "model_species": [
        "C",
        "N"
    ],
    "obj_fun": 0.10540685162795933,
    "zone_cols": 5,
    "zone_coords": [
        9,
        15
    ],
    "zone_rows": 5
}