{
    "argv": 82,
    "bounds": [
        [
            5.848410588726615e-12,
            0.005848410588726615
        ],
        [
            0.05848410588726615,
            0.1169682117745323
        ],
        [
            0.0,
            11.0
        ],
        [
            0.0,
            null
        ],
        [
            0.0,
            null
        ],
        [
            0.0,
            null
        ],
        [
            0.0,
            null
        ],
        [
            0.0,
            null
        ],
        [
            0.0,
            null
        ],
        [
            0.0,
            null
        ],
        [
            0.0,
            null
        ],
        [
            0.0,
            null
        ],
        [
            0.0,
            null
        ],
        [
            0.0,
            null
        ],
        [
            0.0,
            null
        ],
        [
            0.0,
            null
        ],
        [
            0.0,
            null
        ],
        [
            0.0,
            null
        ],
        [
            0.0,
            null
        ],
        [
            0.0,
            null
        ],
        [
            0.0,
            null
        ],
        [
            0.0,
            null
        ],
        [
            0.0,
            null
        ],
        [
            0.0,
            null
        ],
        [
            0.0,
            null
        ],
        [
            0.0,
            null
        ],
        [
            0.0,
            null
        ],
        [
            0.0,
            null
        ]
    ],
    "comp_est": [
        2.106369670659983e-06,
        0.058491813909153895,
        5.0,
        59.9783903970817,
        59.978390397145105,
        59.978390396954964,
        59.97839039714488,
        59.97839039708152,
        59.978390397145105,
        59.978390396943446,
        59.978390396939936,
        59.97839039694353,
        59.978390397140046,
        59.978390396954964,
        59.978390396939936,
        59.97839039710244,
        59.97839039693445,
        59.978390396993085,
        59.97839039714488,
        59.97839039694353,
        59.97839039693445,
        59.978390396943794,
        59.97839039714055,
        59.97839039708152,
        59.978390397140046,
        59.978390396993085,
        59.97839039714055,
        59.978390397080865
    ],
    "fit_time": 26985.940281391144,
    "init_guess": [
        5.848410588726615e-12,
        0.05848410588726615,
        5.0,
        60.0,
        60.0,
        60.0,
        60.0,
        60.0,
        60.0,
        60.0,
        60.0,
        60.0,
        60.0,
        60.0,
        60.0,
        60.0,
        60.0,
        60.0,
        60.0,
        60.0,
        60.0,
        60.0,
        60.0,
        60.0,
        60.0,
        60.0,
        60.0,
        60.0
    ],
    "model": "Competition Model",
    "model_params": [
        "C_0",
        "N_0",
        "kn",
        "rs"
    ],
    "model_species": [
        "C",
        "N"
    ],
    "obj_fun": 0.43348597839340197,
    "zone_cols": 5,
    "zone_coords": [
        7,
        13
    ],
    "zone_rows": 5
}