{
    "argv": 421,
    "bounds": [
        [
            5.848410588726615e-12,
            0.005848410588726615
        ],
        [
            0.05848410588726615,
            0.1169682117745323
        ],
        [
            0.0,
            11.0
        ],
        [
            0.0,
            null
        ],
        [
            0.0,
            null
        ],
        [
            0.0,
            null
        ],
        [
            0.0,
            null
        ],
        [
            0.0,
            null
        ],
        [
            0.0,
            null
        ],
        [
            0.0,
            null
        ],
        [
            0.0,
            null
        ],
        [
            0.0,
            null
        ],
        [
            0.0,
            null
        ],
        [
            0.0,
            null
        ],
        [
            0.0,
            null
        ],
        [
            0.0,
            null
        ],
        [
            0.0,
            null
        ],
        [
            0.0,
            null
        ],
        [
            0.0,
            null
        ],
        [
            0.0,
            null
        ],
        [
            0.0,
            null
        ],
        [
            0.0,
            null
        ],
        [
            0.0,
            null
        ],
        [
            0.0,
            null
        ],
        [
            0.0,
            null
        ],
        [
            0.0,
            null
        ],
        [
            0.0,
            null
        ],
        [
            0.0,
            null
        ]
    ],
    "comp_est": [
        1.1577927841707101e-07,
        0.05848410588726615,
        2.9999999996391917,
        50.00012734602849,
        49.999067791520076,
        49.99906923698507,
        49.999067746227446,
        50.000118638104105,
        49.999067791494205,
        49.999085288428184,
        49.99909347955495,
        49.9990852564067,
        49.99906776868688,
        49.9990692366429,
        49.99909347959456,
        49.99909037102585,
        49.99909354881654,
        49.99906923831095,
        49.99906774620655,
        49.99908525640773,
        49.99909354860115,
        49.99908538380739,
        49.9990678188643,
        50.00011863799398,
        49.99906776842836,
        49.99906923858235,
        49.99906781888102,
        50.000122896519045
    ],
    "fit_time": 8611.376068353653,
    "init_guess": [
        5.848410588726615e-09,
        0.05848410588726615,
        3.0,
        50.0,
        50.0,
        50.0,
        50.0,
        50.0,
        50.0,
        50.0,
        50.0,
        50.0,
        50.0,
        50.0,
        50.0,
        50.0,
        50.0,
        50.0,
        50.0,
        50.0,
        50.0,
        50.0,
        50.0,
        50.0,
        50.0,
        50.0,
        50.0,
        50.0
    ],
    "model": "Competition Model",
    "model_params": [
        "C_0",
        "N_0",
        "kn",
        "rs"
    ],
    "model_species": [
        "C",
        "N"
    ],
    "obj_fun": 0.6291600095791446,
    "zone_cols": 5,
    "zone_coords": [
        7,
        13
    ],
    "zone_rows": 5
}