{
    "argv": 51,
    "bounds": [
        [
            5.848410588726615e-12,
            0.005848410588726615
        ],
        [
            0.05848410588726615,
            0.1169682117745323
        ],
        [
            0.0,
            11.0
        ],
        [
            0.0,
            null
        ],
        [
            0.0,
            null
        ],
        [
            0.0,
            null
        ],
        [
            0.0,
            null
        ],
        [
            0.0,
            null
        ],
        [
            0.0,
            null
        ],
        [
            0.0,
            null
        ],
        [
            0.0,
            null
        ],
        [
            0.0,
            null
        ],
        [
            0.0,
            null
        ],
        [
            0.0,
            null
        ],
        [
            0.0,
            null
        ],
        [
            0.0,
            null
        ],
        [
            0.0,
            null
        ],
        [
            0.0,
            null
        ],
        [
            0.0,
            null
        ],
        [
            0.0,
            null
        ],
        [
            0.0,
            null
        ],
        [
            0.0,
            null
        ],
        [
            0.0,
            null
        ],
        [
            0.0,
            null
        ],
        [
            0.0,
            null
        ],
        [
            0.0,
            null
        ],
        [
            0.0,
            null
        ],
        [
            0.0,
            null
        ]
    ],
    "comp_est": [
        8.71890299915295e-05,
        0.05848410588726615,
        7.1544225301238225,
        45.64287146304649,
        44.767093927001724,
        46.07056365647188,
        46.323734307179784,
        44.0418819761696,
        42.15578022005976,
        42.53942333840692,
        43.21062062012947,
        43.65290573575228,
        58.6600003405758,
        46.789028181775876,
        45.73365058856584,
        44.96416103745392,
        57.093074886787065,
        42.786745620692145,
        46.428884678990016,
        44.10020253789006,
        40.47617820349689,
        41.509993444946595,
        43.88190122126681,
        43.28045405225122,
        45.63684941778573,
        57.58943538542484,
        45.1442846509262,
        43.414272247339085
    ],
    "fit_time": 47010.78168106079,
    "init_guess": [
        5.848410588726615e-12,
        0.05848410588726615,
        7.0,
        45.0,
        45.0,
        45.0,
        45.0,
        45.0,
        45.0,
        45.0,
        45.0,
        45.0,
        45.0,
        45.0,
        45.0,
        45.0,
        45.0,
        45.0,
        45.0,
        45.0,
        45.0,
        45.0,
        45.0,
        45.0,
        45.0,
        45.0,
        45.0,
        45.0
    ],
    "model": "Competition Model",
    "model_params": [
        "C_0",
        "N_0",
        "kn",
        "rs"
    ],
    "model_species": [
        "C",
        "N"
    ],
    "obj_fun": 0.09938990436197613,
    "zone_cols": 5,
    "zone_coords": [
        7,
        13
    ],
    "zone_rows": 5
}