{
    "argv": 14,
    "bounds": [
        [
            6.437222058477453e-12,
            0.006437222058477453
        ],
        [
            0.06437222058477453,
            0.12874444116954906
        ],
        [
            0.0,
            11.0
        ],
        [
            0.0,
            null
        ],
        [
            0.0,
            null
        ],
        [
            0.0,
            null
        ],
        [
            0.0,
            null
        ],
        [
            0.0,
            null
        ],
        [
            0.0,
            null
        ],
        [
            0.0,
            null
        ],
        [
            0.0,
            null
        ],
        [
            0.0,
            null
        ],
        [
            0.0,
            null
        ],
        [
            0.0,
            null
        ],
        [
            0.0,
            null
        ],
        [
            0.0,
            null
        ],
        [
            0.0,
            null
        ],
        [
            0.0,
            null
        ],
        [
            0.0,
            null
        ],
        [
            0.0,
            null
        ],
        [
            0.0,
            null
        ],
        [
            0.0,
            null
        ],
        [
            0.0,
            null
        ],
        [
            0.0,
            null
        ],
        [
            0.0,
            null
        ],
        [
            0.0,
            null
        ],
        [
            0.0,
            null
        ],
        [
            0.0,
            null
        ]
    ],
    "comp_est": [
        0.00013175257709440035,
        0.07625230294292774,
        0.9516957756014742,
        28.05684643856928,
        41.85094903816603,
        27.806430898591007,
        29.560129514111996,
        31.454666029587305,
        27.385530036141763,
        27.853935450563398,
        27.62894904058899,
        26.420010308550122,
        50.2990449668481,
        44.128207154810035,
        29.6307362801488,
        27.682393884313935,
        40.87120347828547,
        30.026520328974097,
        22.148834257446982,
        38.061456711905564,
        25.014261677451728,
        46.24480478833034,
        27.451418458104452,
        23.928493920888258,
        28.162271170504646,
        28.264016297478413,
        28.617573271442396,
        19.62590371514845
    ],
    "fit_time": 67420.28669118881,
    "init_guess": [
        6.437222058477453e-12,
        0.06437222058477453,
        3.0,
        30.0,
        30.0,
        30.0,
        30.0,
        30.0,
        30.0,
        30.0,
        30.0,
        30.0,
        30.0,
        30.0,
        30.0,
        30.0,
        30.0,
        30.0,
        30.0,
        30.0,
        30.0,
        30.0,
        30.0,
        30.0,
        30.0,
        30.0,
        30.0,
        30.0
    ],
    "model": "Competition Model",
    "model_params": [
        "C_0",
        "N_0",
        "kn",
        "rs"
    ],
    "model_species": [
        "C",
        "N"
    ],
    "obj_fun": 0.07153156220418114,
    "zone_cols": 5,
    "zone_coords": [
        9,
        15
    ],
    "zone_rows": 5
}