{
    "argv": 263,
    "bounds": [
        [
            5.848410588726615e-12,
            0.005848410588726615
        ],
        [
            0.05848410588726615,
            0.1169682117745323
        ],
        [
            0.0,
            11.0
        ],
        [
            0.0,
            null
        ],
        [
            0.0,
            null
        ],
        [
            0.0,
            null
        ],
        [
            0.0,
            null
        ],
        [
            0.0,
            null
        ],
        [
            0.0,
            null
        ],
        [
            0.0,
            null
        ],
        [
            0.0,
            null
        ],
        [
            0.0,
            null
        ],
        [
            0.0,
            null
        ],
        [
            0.0,
            null
        ],
        [
            0.0,
            null
        ],
        [
            0.0,
            null
        ],
        [
            0.0,
            null
        ],
        [
            0.0,
            null
        ],
        [
            0.0,
            null
        ],
        [
            0.0,
            null
        ],
        [
            0.0,
            null
        ],
        [
            0.0,
            null
        ],
        [
            0.0,
            null
        ],
        [
            0.0,
            null
        ],
        [
            0.0,
            null
        ],
        [
            0.0,
            null
        ],
        [
            0.0,
            null
        ],
        [
            0.0,
            null
        ]
    ],
    "comp_est": [
        5.856791962978815e-10,
        0.0584841059133291,
        10.00000000000002,
        30.000000302183945,
        30.000000265889728,
        30.000000271977257,
        30.000000265889913,
        30.000000272211235,
        30.000000265889728,
        30.000000501458512,
        30.000000502468332,
        30.00000048227369,
        30.000000265889604,
        30.000000271977257,
        30.000000502468332,
        30.0000005041652,
        30.00000050246293,
        30.00000027197514,
        30.000000265889913,
        30.00000048227369,
        30.00000050246293,
        30.000000408396794,
        30.000000265890133,
        30.00000027221124,
        30.000000265889607,
        30.00000027197514,
        30.000000265890133,
        30.000000417151988
    ],
    "fit_time": 37589.46539402008,
    "init_guess": [
        5.848410588726615e-10,
        0.05848410588726615,
        10.0,
        30.0,
        30.0,
        30.0,
        30.0,
        30.0,
        30.0,
        30.0,
        30.0,
        30.0,
        30.0,
        30.0,
        30.0,
        30.0,
        30.0,
        30.0,
        30.0,
        30.0,
        30.0,
        30.0,
        30.0,
        30.0,
        30.0,
        30.0,
        30.0,
        30.0
    ],
    "model": "Competition Model",
    "model_params": [
        "C_0",
        "N_0",
        "kn",
        "rs"
    ],
    "model_species": [
        "C",
        "N"
    ],
    "obj_fun": 0.6702187768341542,
    "zone_cols": 5,
    "zone_coords": [
        7,
        13
    ],
    "zone_rows": 5
}