{
    "argv": 382,
    "bounds": [
        [
            5.848410588726615e-12,
            0.005848410588726615
        ],
        [
            0.05848410588726615,
            0.1169682117745323
        ],
        [
            0.0,
            11.0
        ],
        [
            0.0,
            null
        ],
        [
            0.0,
            null
        ],
        [
            0.0,
            null
        ],
        [
            0.0,
            null
        ],
        [
            0.0,
            null
        ],
        [
            0.0,
            null
        ],
        [
            0.0,
            null
        ],
        [
            0.0,
            null
        ],
        [
            0.0,
            null
        ],
        [
            0.0,
            null
        ],
        [
            0.0,
            null
        ],
        [
            0.0,
            null
        ],
        [
            0.0,
            null
        ],
        [
            0.0,
            null
        ],
        [
            0.0,
            null
        ],
        [
            0.0,
            null
        ],
        [
            0.0,
            null
        ],
        [
            0.0,
            null
        ],
        [
            0.0,
            null
        ],
        [
            0.0,
            null
        ],
        [
            0.0,
            null
        ],
        [
            0.0,
            null
        ],
        [
            0.0,
            null
        ],
        [
            0.0,
            null
        ],
        [
            0.0,
            null
        ]
    ],
    "comp_est": [
        5.84902553895341e-09,
        0.05848410593005868,
        8.0,
        29.99999967117048,
        30.00000093340716,
        30.000000919241735,
        30.00000093340781,
        29.99999967117048,
        30.00000093340716,
        30.000001454377138,
        30.000001508304408,
        30.00000145439409,
        30.00000093320175,
        30.000000919241735,
        30.00000150830441,
        30.000001579557964,
        30.000001508304333,
        30.00000091924317,
        30.00000093340781,
        30.000001454394088,
        30.000001508304322,
        30.000001454552866,
        30.00000093321223,
        29.99999967117048,
        30.000000933201743,
        30.000000919243178,
        30.00000093321223,
        29.99999967117048
    ],
    "fit_time": 23954.65006995201,
    "init_guess": [
        5.848410588726615e-09,
        0.05848410588726615,
        8.0,
        30.0,
        30.0,
        30.0,
        30.0,
        30.0,
        30.0,
        30.0,
        30.0,
        30.0,
        30.0,
        30.0,
        30.0,
        30.0,
        30.0,
        30.0,
        30.0,
        30.0,
        30.0,
        30.0,
        30.0,
        30.0,
        30.0,
        30.0,
        30.0,
        30.0
    ],
    "model": "Competition Model",
    "model_params": [
        "C_0",
        "N_0",
        "kn",
        "rs"
    ],
    "model_species": [
        "C",
        "N"
    ],
    "obj_fun": 0.6701875436536029,
    "zone_cols": 5,
    "zone_coords": [
        7,
        13
    ],
    "zone_rows": 5
}