{
    "argv": 1036,
    "bounds": [
        [
            5.848410588726615e-12,
            0.005848410588726615
        ],
        [
            0.05848410588726615,
            0.1169682117745323
        ],
        [
            0.0,
            11.0
        ],
        [
            0.0,
            null
        ],
        [
            0.0,
            null
        ],
        [
            0.0,
            null
        ],
        [
            0.0,
            null
        ],
        [
            0.0,
            null
        ],
        [
            0.0,
            null
        ],
        [
            0.0,
            null
        ],
        [
            0.0,
            null
        ],
        [
            0.0,
            null
        ],
        [
            0.0,
            null
        ],
        [
            0.0,
            null
        ],
        [
            0.0,
            null
        ],
        [
            0.0,
            null
        ],
        [
            0.0,
            null
        ],
        [
            0.0,
            null
        ],
        [
            0.0,
            null
        ],
        [
            0.0,
            null
        ],
        [
            0.0,
            null
        ],
        [
            0.0,
            null
        ],
        [
            0.0,
            null
        ],
        [
            0.0,
            null
        ],
        [
            0.0,
            null
        ],
        [
            0.0,
            null
        ],
        [
            0.0,
            null
        ],
        [
            0.0,
            null
        ]
    ],
    "comp_est": [
        1.691253712019133e-07,
        0.07806895265278582,
        7.444656794509192,
        55.15145059926961,
        54.40001039802557,
        55.30851770661076,
        54.893677573808056,
        52.18090017761517,
        52.889952913033596,
        52.56100941528609,
        54.40384522361908,
        53.451326393020224,
        63.225866335194894,
        55.4217513408499,
        55.79150648998467,
        52.35361098900069,
        62.22054851335935,
        51.72383516270375,
        55.53892447438699,
        54.62583172703929,
        52.31185624583823,
        52.74275047231092,
        53.965835986650724,
        52.895980708752504,
        54.47874978888106,
        62.915095523215804,
        53.54820195932203,
        53.035294456492025
    ],
    "fit_time": 37896.88868713379,
    "init_guess": [
        0.0005848410588726615,
        0.05848410588726615,
        2.0,
        55.0,
        55.0,
        55.0,
        55.0,
        55.0,
        55.0,
        55.0,
        55.0,
        55.0,
        55.0,
        55.0,
        55.0,
        55.0,
        55.0,
        55.0,
        55.0,
        55.0,
        55.0,
        55.0,
        55.0,
        55.0,
        55.0,
        55.0,
        55.0,
        55.0
    ],
    "model": "Competition Model",
    "model_params": [
        "C_0",
        "N_0",
        "kn",
        "rs"
    ],
    "model_species": [
        "C",
        "N"
    ],
    "obj_fun": 0.2647282857120487,
    "zone_cols": 5,
    "zone_coords": [
        7,
        13
    ],
    "zone_rows": 5
}