{
    "argv": 907,
    "bounds": [
        [
            5.848410588726615e-12,
            0.005848410588726615
        ],
        [
            0.05848410588726615,
            0.1169682117745323
        ],
        [
            0.0,
            11.0
        ],
        [
            0.0,
            null
        ],
        [
            0.0,
            null
        ],
        [
            0.0,
            null
        ],
        [
            0.0,
            null
        ],
        [
            0.0,
            null
        ],
        [
            0.0,
            null
        ],
        [
            0.0,
            null
        ],
        [
            0.0,
            null
        ],
        [
            0.0,
            null
        ],
        [
            0.0,
            null
        ],
        [
            0.0,
            null
        ],
        [
            0.0,
            null
        ],
        [
            0.0,
            null
        ],
        [
            0.0,
            null
        ],
        [
            0.0,
            null
        ],
        [
            0.0,
            null
        ],
        [
            0.0,
            null
        ],
        [
            0.0,
            null
        ],
        [
            0.0,
            null
        ],
        [
            0.0,
            null
        ],
        [
            0.0,
            null
        ],
        [
            0.0,
            null
        ],
        [
            0.0,
            null
        ],
        [
            0.0,
            null
        ],
        [
            0.0,
            null
        ]
    ],
    "comp_est": [
        5.8484105876512525e-05,
        0.05848410588726615,
        5.0,
        49.99999994858672,
        49.99999994066615,
        50.000000003258016,
        49.999999926839855,
        49.99999996095077,
        49.99999994062914,
        49.999999892689345,
        49.99999990067383,
        49.99999989132524,
        49.99999993229526,
        50.000000003259835,
        49.999999900703514,
        49.99999995863408,
        49.99999990085644,
        50.00000000419875,
        49.999999926850414,
        49.99999989134033,
        49.99999990063527,
        49.99999990226268,
        49.99999994062873,
        49.99999996095733,
        49.99999993210234,
        50.00000000444151,
        49.999999940626466,
        49.99999994883126
    ],
    "fit_time": 22381.94092965126,
    "init_guess": [
        5.848410588726615e-05,
        0.05848410588726615,
        5.0,
        50.0,
        50.0,
        50.0,
        50.0,
        50.0,
        50.0,
        50.0,
        50.0,
        50.0,
        50.0,
        50.0,
        50.0,
        50.0,
        50.0,
        50.0,
        50.0,
        50.0,
        50.0,
        50.0,
        50.0,
        50.0,
        50.0,
        50.0,
        50.0,
        50.0
    ],
    "model": "Competition Model",
    "model_params": [
        "C_0",
        "N_0",
        "kn",
        "rs"
    ],
    "model_species": [
        "C",
        "N"
    ],
    "obj_fun": 0.41271718377624145,
    "zone_cols": 5,
    "zone_coords": [
        7,
        13
    ],
    "zone_rows": 5
}