{
    "argv": 296,
    "bounds": [
        [
            6.437222058477453e-12,
            0.006437222058477453
        ],
        [
            0.06437222058477453,
            0.12874444116954906
        ],
        [
            0.0,
            11.0
        ],
        [
            0.0,
            null
        ],
        [
            0.0,
            null
        ],
        [
            0.0,
            null
        ],
        [
            0.0,
            null
        ],
        [
            0.0,
            null
        ],
        [
            0.0,
            null
        ],
        [
            0.0,
            null
        ],
        [
            0.0,
            null
        ],
        [
            0.0,
            null
        ],
        [
            0.0,
            null
        ],
        [
            0.0,
            null
        ],
        [
            0.0,
            null
        ],
        [
            0.0,
            null
        ],
        [
            0.0,
            null
        ],
        [
            0.0,
            null
        ],
        [
            0.0,
            null
        ],
        [
            0.0,
            null
        ],
        [
            0.0,
            null
        ],
        [
            0.0,
            null
        ],
        [
            0.0,
            null
        ],
        [
            0.0,
            null
        ],
        [
            0.0,
            null
        ],
        [
            0.0,
            null
        ],
        [
            0.0,
            null
        ],
        [
            0.0,
            null
        ]
    ],
    "comp_est": [
        7.072920192995491e-10,
        0.06437222134652044,
        9.999999999999913,
        45.00000844313682,
        44.99999943403517,
        44.99999943403525,
        44.99999943403517,
        45.00001404527956,
        44.99999943403517,
        45.000017141255384,
        45.000017027909806,
        44.999999434035274,
        44.999999434035175,
        44.99999943403525,
        45.00001702790985,
        45.000019243237816,
        45.00001702791981,
        44.99999943403536,
        44.99999943403517,
        44.999999434035274,
        45.000017027919775,
        44.99999943403533,
        44.99999943403527,
        45.00001404527949,
        44.999999434035175,
        44.99999943403536,
        44.99999943403527,
        45.00001418530697
    ],
    "fit_time": 63356.28478217125,
    "init_guess": [
        6.437222058477453e-10,
        0.06437222058477453,
        10.0,
        45.0,
        45.0,
        45.0,
        45.0,
        45.0,
        45.0,
        45.0,
        45.0,
        45.0,
        45.0,
        45.0,
        45.0,
        45.0,
        45.0,
        45.0,
        45.0,
        45.0,
        45.0,
        45.0,
        45.0,
        45.0,
        45.0,
        45.0,
        45.0,
        45.0
    ],
    "model": "Competition Model",
    "model_params": [
        "C_0",
        "N_0",
        "kn",
        "rs"
    ],
    "model_species": [
        "C",
        "N"
    ],
    "obj_fun": 0.827007447835784,
    "zone_cols": 5,
    "zone_coords": [
        9,
        15
    ],
    "zone_rows": 5
}