{
    "argv": 722,
    "bounds": [
        [
            6.437222058477453e-12,
            0.006437222058477453
        ],
        [
            0.06437222058477453,
            0.12874444116954906
        ],
        [
            0.0,
            11.0
        ],
        [
            0.0,
            null
        ],
        [
            0.0,
            null
        ],
        [
            0.0,
            null
        ],
        [
            0.0,
            null
        ],
        [
            0.0,
            null
        ],
        [
            0.0,
            null
        ],
        [
            0.0,
            null
        ],
        [
            0.0,
            null
        ],
        [
            0.0,
            null
        ],
        [
            0.0,
            null
        ],
        [
            0.0,
            null
        ],
        [
            0.0,
            null
        ],
        [
            0.0,
            null
        ],
        [
            0.0,
            null
        ],
        [
            0.0,
            null
        ],
        [
            0.0,
            null
        ],
        [
            0.0,
            null
        ],
        [
            0.0,
            null
        ],
        [
            0.0,
            null
        ],
        [
            0.0,
            null
        ],
        [
            0.0,
            null
        ],
        [
            0.0,
            null
        ],
        [
            0.0,
            null
        ],
        [
            0.0,
            null
        ],
        [
            0.0,
            null
        ]
    ],
    "comp_est": [
        5.335122869078817e-07,
        0.06437278690061031,
        7.000057336292424,
        74.99941360557527,
        75.0018133496094,
        74.99971298170134,
        75.00122083320686,
        74.99936729509231,
        75.00029851323252,
        75.00000872664752,
        75.00136821012904,
        74.99832161559186,
        75.00172293792754,
        75.00116816303131,
        75.00045526882042,
        74.99777644427759,
        75.0016115690208,
        74.99888971118975,
        74.99990203713074,
        75.0011112292672,
        74.99976033792416,
        75.00067451379145,
        74.9999935050247,
        74.99953749289745,
        75.00023903029432,
        75.02034464784455,
        75.00014765689205,
        74.99925995399477
    ],
    "fit_time": 72830.6818921566,
    "init_guess": [
        6.437222058477454e-07,
        0.06437222058477453,
        7.0,
        75.0,
        75.0,
        75.0,
        75.0,
        75.0,
        75.0,
        75.0,
        75.0,
        75.0,
        75.0,
        75.0,
        75.0,
        75.0,
        75.0,
        75.0,
        75.0,
        75.0,
        75.0,
        75.0,
        75.0,
        75.0,
        75.0,
        75.0,
        75.0,
        75.0
    ],
    "model": "Competition Model",
    "model_params": [
        "C_0",
        "N_0",
        "kn",
        "rs"
    ],
    "model_species": [
        "C",
        "N"
    ],
    "obj_fun": 0.5725645831997004,
    "zone_cols": 5,
    "zone_coords": [
        9,
        15
    ],
    "zone_rows": 5
}