{
    "argv": 707,
    "bounds": [
        [
            5.848410588726615e-12,
            0.005848410588726615
        ],
        [
            0.05848410588726615,
            0.1169682117745323
        ],
        [
            0.0,
            11.0
        ],
        [
            0.0,
            null
        ],
        [
            0.0,
            null
        ],
        [
            0.0,
            null
        ],
        [
            0.0,
            null
        ],
        [
            0.0,
            null
        ],
        [
            0.0,
            null
        ],
        [
            0.0,
            null
        ],
        [
            0.0,
            null
        ],
        [
            0.0,
            null
        ],
        [
            0.0,
            null
        ],
        [
            0.0,
            null
        ],
        [
            0.0,
            null
        ],
        [
            0.0,
            null
        ],
        [
            0.0,
            null
        ],
        [
            0.0,
            null
        ],
        [
            0.0,
            null
        ],
        [
            0.0,
            null
        ],
        [
            0.0,
            null
        ],
        [
            0.0,
            null
        ],
        [
            0.0,
            null
        ],
        [
            0.0,
            null
        ],
        [
            0.0,
            null
        ],
        [
            0.0,
            null
        ],
        [
            0.0,
            null
        ],
        [
            0.0,
            null
        ]
    ],
    "comp_est": [
        1.0028476177056594e-07,
        0.08015050814064476,
        3.002687008309711,
        70.23537132036006,
        69.75033875062434,
        70.17411191119825,
        69.86166447002473,
        69.06241457798785,
        69.10548554167458,
        66.99881737879899,
        69.49859594138799,
        69.45608758417019,
        73.10741391878926,
        70.22063030281348,
        70.06459218724827,
        69.267650783812,
        73.05786494699244,
        68.85504141168205,
        70.11835932813585,
        69.9089424917232,
        68.94345551008276,
        69.14437147503028,
        69.47831494035886,
        69.33595007498575,
        69.65551448374072,
        73.3233441351588,
        69.30736618022847,
        69.45606837293269
    ],
    "fit_time": 23943.616727352142,
    "init_guess": [
        5.848410588726616e-07,
        0.05848410588726615,
        3.0,
        70.0,
        70.0,
        70.0,
        70.0,
        70.0,
        70.0,
        70.0,
        70.0,
        70.0,
        70.0,
        70.0,
        70.0,
        70.0,
        70.0,
        70.0,
        70.0,
        70.0,
        70.0,
        70.0,
        70.0,
        70.0,
        70.0,
        70.0,
        70.0,
        70.0
    ],
    "model": "Competition Model",
    "model_params": [
        "C_0",
        "N_0",
        "kn",
        "rs"
    ],
    "model_species": [
        "C",
        "N"
    ],
    "obj_fun": 0.3804657543369513,
    "zone_cols": 5,
    "zone_coords": [
        7,
        13
    ],
    "zone_rows": 5
}