{
    "argv": 334,
    "bounds": [
        [
            5.848410588726615e-12,
            0.005848410588726615
        ],
        [
            0.05848410588726615,
            0.1169682117745323
        ],
        [
            0.0,
            11.0
        ],
        [
            0.0,
            null
        ],
        [
            0.0,
            null
        ],
        [
            0.0,
            null
        ],
        [
            0.0,
            null
        ],
        [
            0.0,
            null
        ],
        [
            0.0,
            null
        ],
        [
            0.0,
            null
        ],
        [
            0.0,
            null
        ],
        [
            0.0,
            null
        ],
        [
            0.0,
            null
        ],
        [
            0.0,
            null
        ],
        [
            0.0,
            null
        ],
        [
            0.0,
            null
        ],
        [
            0.0,
            null
        ],
        [
            0.0,
            null
        ],
        [
            0.0,
            null
        ],
        [
            0.0,
            null
        ],
        [
            0.0,
            null
        ],
        [
            0.0,
            null
        ],
        [
            0.0,
            null
        ],
        [
            0.0,
            null
        ],
        [
            0.0,
            null
        ],
        [
            0.0,
            null
        ],
        [
            0.0,
            null
        ],
        [
            0.0,
            null
        ]
    ],
    "comp_est": [
        1.5885181868532497e-09,
        0.05848714742549532,
        3.9999999999924145,
        64.99998941584217,
        64.99999106244964,
        64.99999076782997,
        64.99999060963368,
        64.99999044028283,
        64.9999910624493,
        64.99999278859129,
        64.99999108307227,
        64.99999122592314,
        64.99999050896866,
        64.99999076783,
        64.99999108307254,
        64.99999120962346,
        64.99999089619584,
        64.9999904840683,
        64.9999906096339,
        64.99999122592321,
        64.99999089619426,
        64.99999118734658,
        64.99999061745005,
        64.99999044028314,
        64.99999050896756,
        64.99999048406966,
        64.99999061744997,
        64.99999048291417
    ],
    "fit_time": 21083.19696688652,
    "init_guess": [
        5.848410588726615e-10,
        0.05848410588726615,
        4.0,
        65.0,
        65.0,
        65.0,
        65.0,
        65.0,
        65.0,
        65.0,
        65.0,
        65.0,
        65.0,
        65.0,
        65.0,
        65.0,
        65.0,
        65.0,
        65.0,
        65.0,
        65.0,
        65.0,
        65.0,
        65.0,
        65.0,
        65.0,
        65.0,
        65.0
    ],
    "model": "Competition Model",
    "model_params": [
        "C_0",
        "N_0",
        "kn",
        "rs"
    ],
    "model_species": [
        "C",
        "N"
    ],
    "obj_fun": 0.6290396998862825,
    "zone_cols": 5,
    "zone_coords": [
        7,
        13
    ],
    "zone_rows": 5
}