{
    "argv": 1069,
    "bounds": [
        [
            5.848410588726615e-12,
            0.005848410588726615
        ],
        [
            0.05848410588726615,
            0.1169682117745323
        ],
        [
            0.0,
            11.0
        ],
        [
            0.0,
            null
        ],
        [
            0.0,
            null
        ],
        [
            0.0,
            null
        ],
        [
            0.0,
            null
        ],
        [
            0.0,
            null
        ],
        [
            0.0,
            null
        ],
        [
            0.0,
            null
        ],
        [
            0.0,
            null
        ],
        [
            0.0,
            null
        ],
        [
            0.0,
            null
        ],
        [
            0.0,
            null
        ],
        [
            0.0,
            null
        ],
        [
            0.0,
            null
        ],
        [
            0.0,
            null
        ],
        [
            0.0,
            null
        ],
        [
            0.0,
            null
        ],
        [
            0.0,
            null
        ],
        [
            0.0,
            null
        ],
        [
            0.0,
            null
        ],
        [
            0.0,
            null
        ],
        [
            0.0,
            null
        ],
        [
            0.0,
            null
        ],
        [
            0.0,
            null
        ],
        [
            0.0,
            null
        ],
        [
            0.0,
            null
        ]
    ],
    "comp_est": [
        6.921173884393133e-07,
        0.06242575973390248,
        2.274655829177031,
        69.38493410087895,
        70.59076088226455,
        70.39911301686318,
        69.53878402157976,
        69.65179654390359,
        70.3454476391941,
        69.61004157462831,
        69.05688346239474,
        70.13465103313344,
        70.75280751337914,
        70.41281475836242,
        69.20679769454507,
        71.49929387718454,
        72.28156832145649,
        71.33154037274225,
        69.70507081943836,
        70.54041439513026,
        70.82461303434742,
        70.35348840032518,
        69.21030751675666,
        69.87290571764264,
        69.70185276254975,
        73.11353527318614,
        69.0690345228743,
        70.15666285085692
    ],
    "fit_time": 14287.396544456482,
    "init_guess": [
        0.0005848410588726615,
        0.05848410588726615,
        2.0,
        70.0,
        70.0,
        70.0,
        70.0,
        70.0,
        70.0,
        70.0,
        70.0,
        70.0,
        70.0,
        70.0,
        70.0,
        70.0,
        70.0,
        70.0,
        70.0,
        70.0,
        70.0,
        70.0,
        70.0,
        70.0,
        70.0,
        70.0,
        70.0,
        70.0
    ],
    "model": "Competition Model",
    "model_params": [
        "C_0",
        "N_0",
        "kn",
        "rs"
    ],
    "model_species": [
        "C",
        "N"
    ],
    "obj_fun": 0.3880718779094955,
    "zone_cols": 5,
    "zone_coords": [
        7,
        13
    ],
    "zone_rows": 5
}