{
    "argv": 319,
    "bounds": [
        [
            6.437222058477453e-12,
            0.006437222058477453
        ],
        [
            0.06437222058477453,
            0.12874444116954906
        ],
        [
            0.0,
            11.0
        ],
        [
            0.0,
            null
        ],
        [
            0.0,
            null
        ],
        [
            0.0,
            null
        ],
        [
            0.0,
            null
        ],
        [
            0.0,
            null
        ],
        [
            0.0,
            null
        ],
        [
            0.0,
            null
        ],
        [
            0.0,
            null
        ],
        [
            0.0,
            null
        ],
        [
            0.0,
            null
        ],
        [
            0.0,
            null
        ],
        [
            0.0,
            null
        ],
        [
            0.0,
            null
        ],
        [
            0.0,
            null
        ],
        [
            0.0,
            null
        ],
        [
            0.0,
            null
        ],
        [
            0.0,
            null
        ],
        [
            0.0,
            null
        ],
        [
            0.0,
            null
        ],
        [
            0.0,
            null
        ],
        [
            0.0,
            null
        ],
        [
            0.0,
            null
        ],
        [
            0.0,
            null
        ],
        [
            0.0,
            null
        ],
        [
            0.0,
            null
        ]
    ],
    "comp_est": [
        4.4337915301709094e-06,
        0.06823014823547799,
        1.1757098416519023,
        52.524973031417396,
        71.63435297479775,
        51.77720950621104,
        54.41256501123424,
        57.70648992003323,
        51.85684674743205,
        52.12277947614517,
        51.587082994889144,
        51.03332178637352,
        84.67170224932978,
        75.2562345272151,
        55.005696259315535,
        51.89855576605317,
        70.83352294219765,
        56.09347990425073,
        45.32568355702404,
        65.91847400196762,
        48.616617560673376,
        78.32845604423528,
        51.82281410718884,
        45.87322675435166,
        51.69294845498862,
        52.181564190362344,
        53.07889586954365,
        40.68114662739956
    ],
    "fit_time": 6195.006229877472,
    "init_guess": [
        6.437222058477453e-10,
        0.06437222058477453,
        0.0,
        60.0,
        60.0,
        60.0,
        60.0,
        60.0,
        60.0,
        60.0,
        60.0,
        60.0,
        60.0,
        60.0,
        60.0,
        60.0,
        60.0,
        60.0,
        60.0,
        60.0,
        60.0,
        60.0,
        60.0,
        60.0,
        60.0,
        60.0,
        60.0,
        60.0
    ],
    "model": "Competition Model",
    "model_params": [
        "C_0",
        "N_0",
        "kn",
        "rs"
    ],
    "model_species": [
        "C",
        "N"
    ],
    "obj_fun": 0.04924590345896031,
    "zone_cols": 5,
    "zone_coords": [
        9,
        15
    ],
    "zone_rows": 5
}