{
    "argv": 1073,
    "bounds": [
        [
            5.848410588726615e-12,
            0.005848410588726615
        ],
        [
            0.05848410588726615,
            0.1169682117745323
        ],
        [
            0.0,
            11.0
        ],
        [
            0.0,
            null
        ],
        [
            0.0,
            null
        ],
        [
            0.0,
            null
        ],
        [
            0.0,
            null
        ],
        [
            0.0,
            null
        ],
        [
            0.0,
            null
        ],
        [
            0.0,
            null
        ],
        [
            0.0,
            null
        ],
        [
            0.0,
            null
        ],
        [
            0.0,
            null
        ],
        [
            0.0,
            null
        ],
        [
            0.0,
            null
        ],
        [
            0.0,
            null
        ],
        [
            0.0,
            null
        ],
        [
            0.0,
            null
        ],
        [
            0.0,
            null
        ],
        [
            0.0,
            null
        ],
        [
            0.0,
            null
        ],
        [
            0.0,
            null
        ],
        [
            0.0,
            null
        ],
        [
            0.0,
            null
        ],
        [
            0.0,
            null
        ],
        [
            0.0,
            null
        ],
        [
            0.0,
            null
        ],
        [
            0.0,
            null
        ]
    ],
    "comp_est": [
        0.0005848410585330686,
        0.05848410588726615,
        6.0,
        70.00000000533923,
        70.00000000331029,
        70.00000000079405,
        70.00000000042387,
        69.99999999508552,
        70.00000000334927,
        69.99999999986916,
        69.99999999890069,
        69.99999999849965,
        70.00000000338677,
        70.00000000036275,
        69.9999999988996,
        70.00000000276279,
        70.00000000219359,
        69.9999999995423,
        70.00000000058657,
        70.00000000235437,
        69.99999999875845,
        69.99999999833564,
        70.00000000377547,
        69.99999999521117,
        70.00000000337707,
        69.99999999961081,
        70.00000000377615,
        70.00000000155593
    ],
    "fit_time": 31592.755088329315,
    "init_guess": [
        0.0005848410588726615,
        0.05848410588726615,
        6.0,
        70.0,
        70.0,
        70.0,
        70.0,
        70.0,
        70.0,
        70.0,
        70.0,
        70.0,
        70.0,
        70.0,
        70.0,
        70.0,
        70.0,
        70.0,
        70.0,
        70.0,
        70.0,
        70.0,
        70.0,
        70.0,
        70.0,
        70.0,
        70.0,
        70.0
    ],
    "model": "Competition Model",
    "model_params": [
        "C_0",
        "N_0",
        "kn",
        "rs"
    ],
    "model_species": [
        "C",
        "N"
    ],
    "obj_fun": 0.5540646171323671,
    "zone_cols": 5,
    "zone_coords": [
        7,
        13
    ],
    "zone_rows": 5
}