{
    "argv": 76,
    "bounds": [
        [
            6.437222058477453e-12,
            0.006437222058477453
        ],
        [
            0.06437222058477453,
            0.12874444116954906
        ],
        [
            0.0,
            11.0
        ],
        [
            0.0,
            null
        ],
        [
            0.0,
            null
        ],
        [
            0.0,
            null
        ],
        [
            0.0,
            null
        ],
        [
            0.0,
            null
        ],
        [
            0.0,
            null
        ],
        [
            0.0,
            null
        ],
        [
            0.0,
            null
        ],
        [
            0.0,
            null
        ],
        [
            0.0,
            null
        ],
        [
            0.0,
            null
        ],
        [
            0.0,
            null
        ],
        [
            0.0,
            null
        ],
        [
            0.0,
            null
        ],
        [
            0.0,
            null
        ],
        [
            0.0,
            null
        ],
        [
            0.0,
            null
        ],
        [
            0.0,
            null
        ],
        [
            0.0,
            null
        ],
        [
            0.0,
            null
        ],
        [
            0.0,
            null
        ],
        [
            0.0,
            null
        ],
        [
            0.0,
            null
        ],
        [
            0.0,
            null
        ],
        [
            0.0,
            null
        ]
    ],
    "comp_est": [
        5.473807474244843e-06,
        0.06833802107445534,
        10.00000590734511,
        54.953210537990216,
        55.1072739721199,
        55.10228273858811,
        55.10317211835247,
        54.95316397827235,
        55.10726334121354,
        54.97265926001667,
        54.98076714302216,
        54.97261399900317,
        54.953213502518686,
        55.102285776351536,
        54.98072385039696,
        54.977154939578725,
        54.98076396351694,
        55.10274816637587,
        55.10316307539443,
        54.972614123552525,
        54.98072049578444,
        54.972656576998595,
        54.95316774327382,
        54.95316354913895,
        54.95316738447815,
        55.10274697736075,
        54.95317296510588,
        55.04637039293507
    ],
    "fit_time": 40726.795441389084,
    "init_guess": [
        6.437222058477453e-12,
        0.06437222058477453,
        10.0,
        55.0,
        55.0,
        55.0,
        55.0,
        55.0,
        55.0,
        55.0,
        55.0,
        55.0,
        55.0,
        55.0,
        55.0,
        55.0,
        55.0,
        55.0,
        55.0,
        55.0,
        55.0,
        55.0,
        55.0,
        55.0,
        55.0,
        55.0,
        55.0,
        55.0
    ],
    "model": "Competition Model",
    "model_params": [
        "C_0",
        "N_0",
        "kn",
        "rs"
    ],
    "model_species": [
        "C",
        "N"
    ],
    "obj_fun": 0.5717599984861935,
    "zone_cols": 5,
    "zone_coords": [
        9,
        15
    ],
    "zone_rows": 5
}