{
    "argv": 1191,
    "bounds": [
        [
            5.848410588726615e-12,
            0.005848410588726615
        ],
        [
            0.05848410588726615,
            0.1169682117745323
        ],
        [
            0.0,
            11.0
        ],
        [
            0.0,
            null
        ],
        [
            0.0,
            null
        ],
        [
            0.0,
            null
        ],
        [
            0.0,
            null
        ],
        [
            0.0,
            null
        ],
        [
            0.0,
            null
        ],
        [
            0.0,
            null
        ],
        [
            0.0,
            null
        ],
        [
            0.0,
            null
        ],
        [
            0.0,
            null
        ],
        [
            0.0,
            null
        ],
        [
            0.0,
            null
        ],
        [
            0.0,
            null
        ],
        [
            0.0,
            null
        ],
        [
            0.0,
            null
        ],
        [
            0.0,
            null
        ],
        [
            0.0,
            null
        ],
        [
            0.0,
            null
        ],
        [
            0.0,
            null
        ],
        [
            0.0,
            null
        ],
        [
            0.0,
            null
        ],
        [
            0.0,
            null
        ],
        [
            0.0,
            null
        ],
        [
            0.0,
            null
        ],
        [
            0.0,
            null
        ]
    ],
    "comp_est": [
        0.005848410588648356,
        0.05848410588726615,
        3.0,
        70.00000004287978,
        70.0000000697565,
        70.00000010113288,
        70.00000017475737,
        70.00000007345972,
        70.00000007009317,
        70.0000001228251,
        70.00000012338499,
        70.00000009178798,
        70.0000000748982,
        70.00000010113655,
        70.00000012345103,
        70.0000001367615,
        70.00000010567521,
        70.0000001268041,
        70.00000017479483,
        70.00000009184986,
        70.00000010636145,
        70.0000001513802,
        70.00000003812188,
        70.000000073492,
        70.00000007448149,
        70.00000012724618,
        70.00000003833195,
        70.00000003124326
    ],
    "fit_time": 6249.777392864227,
    "init_guess": [
        0.005848410588726615,
        0.05848410588726615,
        3.0,
        70.0,
        70.0,
        70.0,
        70.0,
        70.0,
        70.0,
        70.0,
        70.0,
        70.0,
        70.0,
        70.0,
        70.0,
        70.0,
        70.0,
        70.0,
        70.0,
        70.0,
        70.0,
        70.0,
        70.0,
        70.0,
        70.0,
        70.0,
        70.0,
        70.0
    ],
    "model": "Competition Model",
    "model_params": [
        "C_0",
        "N_0",
        "kn",
        "rs"
    ],
    "model_species": [
        "C",
        "N"
    ],
    "obj_fun": 0.7288949214499495,
    "zone_cols": 5,
    "zone_coords": [
        7,
        13
    ],
    "zone_rows": 5
}