{
    "argv": 492,
    "bounds": [
        [
            6.437222058477453e-12,
            0.006437222058477453
        ],
        [
            0.06437222058477453,
            0.12874444116954906
        ],
        [
            0.0,
            11.0
        ],
        [
            0.0,
            null
        ],
        [
            0.0,
            null
        ],
        [
            0.0,
            null
        ],
        [
            0.0,
            null
        ],
        [
            0.0,
            null
        ],
        [
            0.0,
            null
        ],
        [
            0.0,
            null
        ],
        [
            0.0,
            null
        ],
        [
            0.0,
            null
        ],
        [
            0.0,
            null
        ],
        [
            0.0,
            null
        ],
        [
            0.0,
            null
        ],
        [
            0.0,
            null
        ],
        [
            0.0,
            null
        ],
        [
            0.0,
            null
        ],
        [
            0.0,
            null
        ],
        [
            0.0,
            null
        ],
        [
            0.0,
            null
        ],
        [
            0.0,
            null
        ],
        [
            0.0,
            null
        ],
        [
            0.0,
            null
        ],
        [
            0.0,
            null
        ],
        [
            0.0,
            null
        ],
        [
            0.0,
            null
        ],
        [
            0.0,
            null
        ]
    ],
    "comp_est": [
        6.437120024907561e-08,
        0.06437222390317206,
        7.999999999915332,
        24.999999823724796,
        24.999999949774868,
        25.000000103182934,
        24.99999998492487,
        24.999999898390413,
        24.99999997620983,
        24.999999859054945,
        24.999999748814584,
        24.999999851383055,
        24.99999993946173,
        25.000000182524655,
        24.999999748330232,
        24.999999770115267,
        24.999999757824312,
        25.000000122400735,
        24.99999995068773,
        24.999999830917098,
        24.999999748618727,
        24.999999791359862,
        24.999999950354464,
        24.999999966313904,
        24.999999948361577,
        24.999999964060635,
        25.000000199821976,
        24.999999899283676
    ],
    "fit_time": 71845.66852521896,
    "init_guess": [
        6.437222058477452e-08,
        0.06437222058477453,
        8.0,
        25.0,
        25.0,
        25.0,
        25.0,
        25.0,
        25.0,
        25.0,
        25.0,
        25.0,
        25.0,
        25.0,
        25.0,
        25.0,
        25.0,
        25.0,
        25.0,
        25.0,
        25.0,
        25.0,
        25.0,
        25.0,
        25.0,
        25.0,
        25.0,
        25.0
    ],
    "model": "Competition Model",
    "model_params": [
        "C_0",
        "N_0",
        "kn",
        "rs"
    ],
    "model_species": [
        "C",
        "N"
    ],
    "obj_fun": 0.8274664896027732,
    "zone_cols": 5,
    "zone_coords": [
        9,
        15
    ],
    "zone_rows": 5
}