{
    "argv": 1074,
    "bounds": [
        [
            6.437222058477453e-12,
            0.006437222058477453
        ],
        [
            0.06437222058477453,
            0.12874444116954906
        ],
        [
            0.0,
            11.0
        ],
        [
            0.0,
            null
        ],
        [
            0.0,
            null
        ],
        [
            0.0,
            null
        ],
        [
            0.0,
            null
        ],
        [
            0.0,
            null
        ],
        [
            0.0,
            null
        ],
        [
            0.0,
            null
        ],
        [
            0.0,
            null
        ],
        [
            0.0,
            null
        ],
        [
            0.0,
            null
        ],
        [
            0.0,
            null
        ],
        [
            0.0,
            null
        ],
        [
            0.0,
            null
        ],
        [
            0.0,
            null
        ],
        [
            0.0,
            null
        ],
        [
            0.0,
            null
        ],
        [
            0.0,
            null
        ],
        [
            0.0,
            null
        ],
        [
            0.0,
            null
        ],
        [
            0.0,
            null
        ],
        [
            0.0,
            null
        ],
        [
            0.0,
            null
        ],
        [
            0.0,
            null
        ],
        [
            0.0,
            null
        ],
        [
            0.0,
            null
        ]
    ],
    "comp_est": [
        0.0006437222058435808,
        0.06437222058477453,
        7.0,
        70.00000002014951,
        70.0000000167196,
        69.99999999488219,
        69.9999999911863,
        70.00000000414965,
        70.00000001671076,
        70.00000000200326,
        70.00000000194838,
        70.0000000019949,
        69.99999999497888,
        69.99999999489066,
        70.00000000193909,
        70.00000002570242,
        70.00000001452902,
        70.00000001124737,
        69.99999999118326,
        70.00000000199292,
        70.00000001453414,
        70.00000000197636,
        69.99999999159094,
        70.00000000413999,
        69.9999999949717,
        70.00000001124899,
        69.99999999159438,
        70.00000000768812
    ],
    "fit_time": 30453.45772600174,
    "init_guess": [
        0.0006437222058477453,
        0.06437222058477453,
        7.0,
        70.0,
        70.0,
        70.0,
        70.0,
        70.0,
        70.0,
        70.0,
        70.0,
        70.0,
        70.0,
        70.0,
        70.0,
        70.0,
        70.0,
        70.0,
        70.0,
        70.0,
        70.0,
        70.0,
        70.0,
        70.0,
        70.0,
        70.0,
        70.0,
        70.0
    ],
    "model": "Competition Model",
    "model_params": [
        "C_0",
        "N_0",
        "kn",
        "rs"
    ],
    "model_species": [
        "C",
        "N"
    ],
    "obj_fun": 0.7314399503049656,
    "zone_cols": 5,
    "zone_coords": [
        9,
        15
    ],
    "zone_rows": 5
}