{
    "argv": 506,
    "bounds": [
        [
            5.848410588726615e-12,
            0.005848410588726615
        ],
        [
            0.05848410588726615,
            0.1169682117745323
        ],
        [
            0.0,
            11.0
        ],
        [
            0.0,
            null
        ],
        [
            0.0,
            null
        ],
        [
            0.0,
            null
        ],
        [
            0.0,
            null
        ],
        [
            0.0,
            null
        ],
        [
            0.0,
            null
        ],
        [
            0.0,
            null
        ],
        [
            0.0,
            null
        ],
        [
            0.0,
            null
        ],
        [
            0.0,
            null
        ],
        [
            0.0,
            null
        ],
        [
            0.0,
            null
        ],
        [
            0.0,
            null
        ],
        [
            0.0,
            null
        ],
        [
            0.0,
            null
        ],
        [
            0.0,
            null
        ],
        [
            0.0,
            null
        ],
        [
            0.0,
            null
        ],
        [
            0.0,
            null
        ],
        [
            0.0,
            null
        ],
        [
            0.0,
            null
        ],
        [
            0.0,
            null
        ],
        [
            0.0,
            null
        ],
        [
            0.0,
            null
        ],
        [
            0.0,
            null
        ]
    ],
    "comp_est": [
        0.0003445554613400739,
        0.06133109759624355,
        10.819250066862343,
        33.66869911248975,
        31.61968531777165,
        35.2063121313603,
        35.51046349137205,
        32.63141197678417,
        27.224043914324273,
        28.826071709128488,
        31.880859141252518,
        35.56208051979911,
        44.74699539297295,
        34.092653193827466,
        33.93127307256121,
        31.78002635694823,
        43.41512888755848,
        32.03377022475553,
        34.12897112750659,
        33.87888641977564,
        30.4546822438441,
        31.142024979148236,
        31.35037624595228,
        29.774628400655917,
        34.42802055876433,
        44.08711955552826,
        32.44482210231781,
        30.024054958270614
    ],
    "fit_time": 4466.8983862400055,
    "init_guess": [
        5.8484105887266145e-08,
        0.05848410588726615,
        0.0,
        35.0,
        35.0,
        35.0,
        35.0,
        35.0,
        35.0,
        35.0,
        35.0,
        35.0,
        35.0,
        35.0,
        35.0,
        35.0,
        35.0,
        35.0,
        35.0,
        35.0,
        35.0,
        35.0,
        35.0,
        35.0,
        35.0,
        35.0,
        35.0,
        35.0
    ],
    "model": "Competition Model",
    "model_params": [
        "C_0",
        "N_0",
        "kn",
        "rs"
    ],
    "model_species": [
        "C",
        "N"
    ],
    "obj_fun": 0.06813334991634479,
    "zone_cols": 5,
    "zone_coords": [
        7,
        13
    ],
    "zone_rows": 5
}