{
    "argv": 131,
    "bounds": [
        [
            5.848410588726615e-12,
            0.005848410588726615
        ],
        [
            0.05848410588726615,
            0.1169682117745323
        ],
        [
            0.0,
            11.0
        ],
        [
            0.0,
            null
        ],
        [
            0.0,
            null
        ],
        [
            0.0,
            null
        ],
        [
            0.0,
            null
        ],
        [
            0.0,
            null
        ],
        [
            0.0,
            null
        ],
        [
            0.0,
            null
        ],
        [
            0.0,
            null
        ],
        [
            0.0,
            null
        ],
        [
            0.0,
            null
        ],
        [
            0.0,
            null
        ],
        [
            0.0,
            null
        ],
        [
            0.0,
            null
        ],
        [
            0.0,
            null
        ],
        [
            0.0,
            null
        ],
        [
            0.0,
            null
        ],
        [
            0.0,
            null
        ],
        [
            0.0,
            null
        ],
        [
            0.0,
            null
        ],
        [
            0.0,
            null
        ],
        [
            0.0,
            null
        ],
        [
            0.0,
            null
        ],
        [
            0.0,
            null
        ],
        [
            0.0,
            null
        ],
        [
            0.0,
            null
        ]
    ],
    "comp_est": [
        7.198315479216767e-09,
        0.058484110908187954,
        10.0,
        25.00030317887582,
        25.000294221817565,
        25.00029398121912,
        25.00029422156892,
        25.000303178636564,
        25.000294221817565,
        25.000122364078283,
        25.00032761184945,
        25.000122362558283,
        25.00029422187855,
        25.00029398121912,
        25.00032761184945,
        25.000324337545784,
        25.000327611896363,
        25.00029398128949,
        25.00029422156892,
        25.000122362558283,
        25.00032761189402,
        25.000122363925815,
        25.000294221846886,
        25.000303178636564,
        25.00029422187738,
        25.000293981290664,
        25.000294221846886,
        25.00030317872218
    ],
    "fit_time": 24562.921688318253,
    "init_guess": [
        5.848410588726616e-11,
        0.05848410588726615,
        10.0,
        25.0,
        25.0,
        25.0,
        25.0,
        25.0,
        25.0,
        25.0,
        25.0,
        25.0,
        25.0,
        25.0,
        25.0,
        25.0,
        25.0,
        25.0,
        25.0,
        25.0,
        25.0,
        25.0,
        25.0,
        25.0,
        25.0,
        25.0,
        25.0,
        25.0
    ],
    "model": "Competition Model",
    "model_params": [
        "C_0",
        "N_0",
        "kn",
        "rs"
    ],
    "model_species": [
        "C",
        "N"
    ],
    "obj_fun": 0.6702087436393132,
    "zone_cols": 5,
    "zone_coords": [
        7,
        13
    ],
    "zone_rows": 5
}