{
    "argv": 771,
    "bounds": [
        [
            6.437222058477453e-12,
            0.006437222058477453
        ],
        [
            0.06437222058477453,
            0.12874444116954906
        ],
        [
            0.0,
            11.0
        ],
        [
            0.0,
            null
        ],
        [
            0.0,
            null
        ],
        [
            0.0,
            null
        ],
        [
            0.0,
            null
        ],
        [
            0.0,
            null
        ],
        [
            0.0,
            null
        ],
        [
            0.0,
            null
        ],
        [
            0.0,
            null
        ],
        [
            0.0,
            null
        ],
        [
            0.0,
            null
        ],
        [
            0.0,
            null
        ],
        [
            0.0,
            null
        ],
        [
            0.0,
            null
        ],
        [
            0.0,
            null
        ],
        [
            0.0,
            null
        ],
        [
            0.0,
            null
        ],
        [
            0.0,
            null
        ],
        [
            0.0,
            null
        ],
        [
            0.0,
            null
        ],
        [
            0.0,
            null
        ],
        [
            0.0,
            null
        ],
        [
            0.0,
            null
        ],
        [
            0.0,
            null
        ],
        [
            0.0,
            null
        ],
        [
            0.0,
            null
        ]
    ],
    "comp_est": [
        5.3921984191435056e-05,
        0.06527573185287493,
        4.297847610363432,
        42.44923537413557,
        55.28024104340213,
        42.10437554212474,
        44.51040777770621,
        45.077723436890906,
        41.09981077339928,
        41.91986454069242,
        42.123171900592304,
        38.92766448220848,
        59.63100399475354,
        55.801018916699526,
        44.1038283992318,
        41.62885433247469,
        54.574799507663684,
        41.5251069525169,
        37.047448282956815,
        52.94904047356958,
        37.91042202759326,
        58.40739484102769,
        41.63624043301414,
        38.781610888723286,
        43.93278361638394,
        43.94770800779375,
        44.55559187282457,
        35.306332483372984
    ],
    "fit_time": 3541.9273097515106,
    "init_guess": [
        6.437222058477453e-06,
        0.06437222058477453,
        1.0,
        45.0,
        45.0,
        45.0,
        45.0,
        45.0,
        45.0,
        45.0,
        45.0,
        45.0,
        45.0,
        45.0,
        45.0,
        45.0,
        45.0,
        45.0,
        45.0,
        45.0,
        45.0,
        45.0,
        45.0,
        45.0,
        45.0,
        45.0,
        45.0,
        45.0
    ],
    "model": "Competition Model",
    "model_params": [
        "C_0",
        "N_0",
        "kn",
        "rs"
    ],
    "model_species": [
        "C",
        "N"
    ],
    "obj_fun": 0.07431772247321614,
    "zone_cols": 5,
    "zone_coords": [
        9,
        15
    ],
    "zone_rows": 5
}