{
    "argv": 101,
    "bounds": [
        [
            5.848410588726615e-12,
            0.005848410588726615
        ],
        [
            0.05848410588726615,
            0.1169682117745323
        ],
        [
            0.0,
            11.0
        ],
        [
            0.0,
            null
        ],
        [
            0.0,
            null
        ],
        [
            0.0,
            null
        ],
        [
            0.0,
            null
        ],
        [
            0.0,
            null
        ],
        [
            0.0,
            null
        ],
        [
            0.0,
            null
        ],
        [
            0.0,
            null
        ],
        [
            0.0,
            null
        ],
        [
            0.0,
            null
        ],
        [
            0.0,
            null
        ],
        [
            0.0,
            null
        ],
        [
            0.0,
            null
        ],
        [
            0.0,
            null
        ],
        [
            0.0,
            null
        ],
        [
            0.0,
            null
        ],
        [
            0.0,
            null
        ],
        [
            0.0,
            null
        ],
        [
            0.0,
            null
        ],
        [
            0.0,
            null
        ],
        [
            0.0,
            null
        ],
        [
            0.0,
            null
        ],
        [
            0.0,
            null
        ],
        [
            0.0,
            null
        ],
        [
            0.0,
            null
        ]
    ],
    "comp_est": [
        2.446866127393951e-06,
        0.05848410588726615,
        9.210394345653121,
        69.22657649496307,
        67.74432752678479,
        70.41159842473391,
        70.79954063449334,
        67.54529487865135,
        64.42487773090839,
        65.50263421148864,
        67.96413878322272,
        70.85418529507739,
        82.82036480306826,
        69.86617915886758,
        69.76624534763403,
        68.01657376345747,
        80.82359831754002,
        66.84962428520299,
        70.08501676990129,
        70.22395200564027,
        66.79831427239009,
        67.45200494696273,
        67.53630328743223,
        66.39829085578916,
        71.17092299862715,
        80.7215139416792,
        68.75415667716166,
        66.4440991025301
    ],
    "fit_time": 31046.079446077347,
    "init_guess": [
        5.848410588726615e-12,
        0.05848410588726615,
        2.0,
        70.0,
        70.0,
        70.0,
        70.0,
        70.0,
        70.0,
        70.0,
        70.0,
        70.0,
        70.0,
        70.0,
        70.0,
        70.0,
        70.0,
        70.0,
        70.0,
        70.0,
        70.0,
        70.0,
        70.0,
        70.0,
        70.0,
        70.0,
        70.0,
        70.0
    ],
    "model": "Competition Model",
    "model_params": [
        "C_0",
        "N_0",
        "kn",
        "rs"
    ],
    "model_species": [
        "C",
        "N"
    ],
    "obj_fun": 0.10228795127860253,
    "zone_cols": 5,
    "zone_coords": [
        7,
        13
    ],
    "zone_rows": 5
}