{
    "argv": 221,
    "bounds": [
        [
            6.437222058477453e-12,
            0.006437222058477453
        ],
        [
            0.06437222058477453,
            0.12874444116954906
        ],
        [
            0.0,
            11.0
        ],
        [
            0.0,
            null
        ],
        [
            0.0,
            null
        ],
        [
            0.0,
            null
        ],
        [
            0.0,
            null
        ],
        [
            0.0,
            null
        ],
        [
            0.0,
            null
        ],
        [
            0.0,
            null
        ],
        [
            0.0,
            null
        ],
        [
            0.0,
            null
        ],
        [
            0.0,
            null
        ],
        [
            0.0,
            null
        ],
        [
            0.0,
            null
        ],
        [
            0.0,
            null
        ],
        [
            0.0,
            null
        ],
        [
            0.0,
            null
        ],
        [
            0.0,
            null
        ],
        [
            0.0,
            null
        ],
        [
            0.0,
            null
        ],
        [
            0.0,
            null
        ],
        [
            0.0,
            null
        ],
        [
            0.0,
            null
        ],
        [
            0.0,
            null
        ],
        [
            0.0,
            null
        ],
        [
            0.0,
            null
        ],
        [
            0.0,
            null
        ]
    ],
    "comp_est": [
        1.8432316508778309e-06,
        0.06437222058477453,
        6.272751510629054,
        67.29249498969064,
        80.64066216311144,
        67.29868306593039,
        68.9953661341431,
        67.23488608380644,
        66.38195982568419,
        67.03201391189823,
        68.18092109949146,
        64.2422208562678,
        83.88038538673217,
        82.57802254488365,
        67.11368985258062,
        66.9588120701134,
        79.49484168515107,
        65.15741416602478,
        64.3112698387726,
        78.43857963819397,
        64.26161989547447,
        83.68877141725334,
        66.9154054302214,
        67.71311490053431,
        69.54788170688049,
        69.57091870014366,
        68.62877986383828,
        65.5611829269622
    ],
    "fit_time": 38124.84772157669,
    "init_guess": [
        6.437222058477453e-11,
        0.06437222058477453,
        1.0,
        70.0,
        70.0,
        70.0,
        70.0,
        70.0,
        70.0,
        70.0,
        70.0,
        70.0,
        70.0,
        70.0,
        70.0,
        70.0,
        70.0,
        70.0,
        70.0,
        70.0,
        70.0,
        70.0,
        70.0,
        70.0,
        70.0,
        70.0,
        70.0,
        70.0
    ],
    "model": "Competition Model",
    "model_params": [
        "C_0",
        "N_0",
        "kn",
        "rs"
    ],
    "model_species": [
        "C",
        "N"
    ],
    "obj_fun": 0.11504165461201006,
    "zone_cols": 5,
    "zone_coords": [
        9,
        15
    ],
    "zone_rows": 5
}