{
    "argv": 5,
    "bounds": [
        [
            5.848410588726615e-12,
            0.005848410588726615
        ],
        [
            0.05848410588726615,
            0.1169682117745323
        ],
        [
            0.0,
            11.0
        ],
        [
            0.0,
            null
        ],
        [
            0.0,
            null
        ],
        [
            0.0,
            null
        ],
        [
            0.0,
            null
        ],
        [
            0.0,
            null
        ],
        [
            0.0,
            null
        ],
        [
            0.0,
            null
        ],
        [
            0.0,
            null
        ],
        [
            0.0,
            null
        ],
        [
            0.0,
            null
        ],
        [
            0.0,
            null
        ],
        [
            0.0,
            null
        ],
        [
            0.0,
            null
        ],
        [
            0.0,
            null
        ],
        [
            0.0,
            null
        ],
        [
            0.0,
            null
        ],
        [
            0.0,
            null
        ],
        [
            0.0,
            null
        ],
        [
            0.0,
            null
        ],
        [
            0.0,
            null
        ],
        [
            0.0,
            null
        ],
        [
            0.0,
            null
        ],
        [
            0.0,
            null
        ],
        [
            0.0,
            null
        ],
        [
            0.0,
            null
        ]
    ],
    "comp_est": [
        0.0005380335715781064,
        0.07005382775207665,
        1.7165934211240088,
        23.289104098925787,
        22.35567592307605,
        25.58429554564963,
        26.956426592180676,
        26.381901285309755,
        14.729265496230159,
        18.233001221690913,
        23.609648901252218,
        27.3422529041407,
        39.383766427539534,
        24.136026301698543,
        24.30260702764512,
        22.93252801350313,
        35.6876477918039,
        24.743334547549473,
        24.488074179007025,
        24.982827933416825,
        22.07076188498817,
        22.483913122372982,
        23.637068864221284,
        20.824084117308796,
        25.582767621959093,
        36.86331959558614,
        24.07799770777154,
        21.550763360586416
    ],
    "fit_time": 27937.023798704147,
    "init_guess": [
        5.848410588726615e-12,
        0.05848410588726615,
        5.0,
        25.0,
        25.0,
        25.0,
        25.0,
        25.0,
        25.0,
        25.0,
        25.0,
        25.0,
        25.0,
        25.0,
        25.0,
        25.0,
        25.0,
        25.0,
        25.0,
        25.0,
        25.0,
        25.0,
        25.0,
        25.0,
        25.0,
        25.0,
        25.0,
        25.0
    ],
    "model": "Competition Model",
    "model_params": [
        "C_0",
        "N_0",
        "kn",
        "rs"
    ],
    "model_species": [
        "C",
        "N"
    ],
    "obj_fun": 0.06872014427005999,
    "zone_cols": 5,
    "zone_coords": [
        7,
        13
    ],
    "zone_rows": 5
}