{
    "argv": 900,
    "bounds": [
        [
            6.437222058477453e-12,
            0.006437222058477453
        ],
        [
            0.06437222058477453,
            0.12874444116954906
        ],
        [
            0.0,
            11.0
        ],
        [
            0.0,
            null
        ],
        [
            0.0,
            null
        ],
        [
            0.0,
            null
        ],
        [
            0.0,
            null
        ],
        [
            0.0,
            null
        ],
        [
            0.0,
            null
        ],
        [
            0.0,
            null
        ],
        [
            0.0,
            null
        ],
        [
            0.0,
            null
        ],
        [
            0.0,
            null
        ],
        [
            0.0,
            null
        ],
        [
            0.0,
            null
        ],
        [
            0.0,
            null
        ],
        [
            0.0,
            null
        ],
        [
            0.0,
            null
        ],
        [
            0.0,
            null
        ],
        [
            0.0,
            null
        ],
        [
            0.0,
            null
        ],
        [
            0.0,
            null
        ],
        [
            0.0,
            null
        ],
        [
            0.0,
            null
        ],
        [
            0.0,
            null
        ],
        [
            0.0,
            null
        ],
        [
            0.0,
            null
        ],
        [
            0.0,
            null
        ]
    ],
    "comp_est": [
        6.437109936076889e-05,
        0.0643881366320734,
        8.999999971752036,
        44.99997580081832,
        45.00000785005756,
        44.99997705440447,
        45.00001272644605,
        44.99999118521978,
        45.00001408743924,
        44.99995332076652,
        44.999947749904074,
        44.99998235606619,
        44.99996675953803,
        44.99997185477249,
        44.99996911575551,
        45.00002949551485,
        44.999972964321124,
        44.99997081630923,
        45.00000513286282,
        44.999972868447294,
        44.99996592288171,
        44.99996025631216,
        44.99998849801148,
        44.99998705036074,
        45.00000178777517,
        44.999963939197386,
        44.99998368162216,
        44.99997307295446
    ],
    "fit_time": 42819.69024896622,
    "init_guess": [
        6.437222058477453e-05,
        0.06437222058477453,
        9.0,
        45.0,
        45.0,
        45.0,
        45.0,
        45.0,
        45.0,
        45.0,
        45.0,
        45.0,
        45.0,
        45.0,
        45.0,
        45.0,
        45.0,
        45.0,
        45.0,
        45.0,
        45.0,
        45.0,
        45.0,
        45.0,
        45.0,
        45.0,
        45.0,
        45.0
    ],
    "model": "Competition Model",
    "model_params": [
        "C_0",
        "N_0",
        "kn",
        "rs"
    ],
    "model_species": [
        "C",
        "N"
    ],
    "obj_fun": 0.5707853832130491,
    "zone_cols": 5,
    "zone_coords": [
        9,
        15
    ],
    "zone_rows": 5
}