{
    "argv": 52,
    "bounds": [
        [
            5.848410588726615e-12,
            0.005848410588726615
        ],
        [
            0.05848410588726615,
            0.1169682117745323
        ],
        [
            0.0,
            11.0
        ],
        [
            0.0,
            null
        ],
        [
            0.0,
            null
        ],
        [
            0.0,
            null
        ],
        [
            0.0,
            null
        ],
        [
            0.0,
            null
        ],
        [
            0.0,
            null
        ],
        [
            0.0,
            null
        ],
        [
            0.0,
            null
        ],
        [
            0.0,
            null
        ],
        [
            0.0,
            null
        ],
        [
            0.0,
            null
        ],
        [
            0.0,
            null
        ],
        [
            0.0,
            null
        ],
        [
            0.0,
            null
        ],
        [
            0.0,
            null
        ],
        [
            0.0,
            null
        ],
        [
            0.0,
            null
        ],
        [
            0.0,
            null
        ],
        [
            0.0,
            null
        ],
        [
            0.0,
            null
        ],
        [
            0.0,
            null
        ],
        [
            0.0,
            null
        ],
        [
            0.0,
            null
        ],
        [
            0.0,
            null
        ],
        [
            0.0,
            null
        ]
    ],
    "comp_est": [
        4.718416884757078e-05,
        0.06255332548001896,
        7.999965548265345,
        45.17708459168443,
        45.181345252928026,
        45.185394552947606,
        45.18142015989319,
        45.17705201168684,
        45.18137047451876,
        45.01816905498961,
        45.21811964736652,
        45.017865058640496,
        45.18143718894416,
        45.185402813064684,
        45.21812336099233,
        45.237862561179774,
        45.218588085197,
        45.18552643078485,
        45.18151071809467,
        45.01789599238858,
        45.21848623143085,
        45.017881028381204,
        45.18140735125327,
        45.1770515432611,
        45.18099950290267,
        45.185571452442446,
        45.18138916844593,
        45.177101472151165
    ],
    "fit_time": 15768.27661895752,
    "init_guess": [
        5.848410588726615e-12,
        0.05848410588726615,
        8.0,
        45.0,
        45.0,
        45.0,
        45.0,
        45.0,
        45.0,
        45.0,
        45.0,
        45.0,
        45.0,
        45.0,
        45.0,
        45.0,
        45.0,
        45.0,
        45.0,
        45.0,
        45.0,
        45.0,
        45.0,
        45.0,
        45.0,
        45.0,
        45.0,
        45.0
    ],
    "model": "Competition Model",
    "model_params": [
        "C_0",
        "N_0",
        "kn",
        "rs"
    ],
    "model_species": [
        "C",
        "N"
    ],
    "obj_fun": 0.4119989791149406,
    "zone_cols": 5,
    "zone_coords": [
        7,
        13
    ],
    "zone_rows": 5
}