{
    "argv": 137,
    "bounds": [
        [
            6.437222058477453e-12,
            0.006437222058477453
        ],
        [
            0.06437222058477453,
            0.12874444116954906
        ],
        [
            0.0,
            11.0
        ],
        [
            0.0,
            null
        ],
        [
            0.0,
            null
        ],
        [
            0.0,
            null
        ],
        [
            0.0,
            null
        ],
        [
            0.0,
            null
        ],
        [
            0.0,
            null
        ],
        [
            0.0,
            null
        ],
        [
            0.0,
            null
        ],
        [
            0.0,
            null
        ],
        [
            0.0,
            null
        ],
        [
            0.0,
            null
        ],
        [
            0.0,
            null
        ],
        [
            0.0,
            null
        ],
        [
            0.0,
            null
        ],
        [
            0.0,
            null
        ],
        [
            0.0,
            null
        ],
        [
            0.0,
            null
        ],
        [
            0.0,
            null
        ],
        [
            0.0,
            null
        ],
        [
            0.0,
            null
        ],
        [
            0.0,
            null
        ],
        [
            0.0,
            null
        ],
        [
            0.0,
            null
        ],
        [
            0.0,
            null
        ],
        [
            0.0,
            null
        ]
    ],
    "comp_est": [
        0.00014724627388797235,
        0.07578870683853779,
        0.9932530439855551,
        28.168914541976015,
        41.70909574518618,
        27.60025620614671,
        29.192437579783842,
        31.05397951299453,
        27.222093511104827,
        27.742485423936685,
        27.33085083035677,
        25.473781084564337,
        49.2232829802496,
        43.654796875193895,
        29.38415711887984,
        27.227177133219108,
        40.35920997071601,
        29.206361184494657,
        21.553628261512024,
        37.77726262862256,
        23.528039570300237,
        45.61553059643013,
        26.936621569809354,
        23.876183277615763,
        28.02966051298407,
        28.159803486157347,
        28.558967302228446,
        19.00013408704522
    ],
    "fit_time": 74330.98831105232,
    "init_guess": [
        6.437222058477453e-11,
        0.06437222058477453,
        5.0,
        30.0,
        30.0,
        30.0,
        30.0,
        30.0,
        30.0,
        30.0,
        30.0,
        30.0,
        30.0,
        30.0,
        30.0,
        30.0,
        30.0,
        30.0,
        30.0,
        30.0,
        30.0,
        30.0,
        30.0,
        30.0,
        30.0,
        30.0,
        30.0,
        30.0
    ],
    "model": "Competition Model",
    "model_params": [
        "C_0",
        "N_0",
        "kn",
        "rs"
    ],
    "model_species": [
        "C",
        "N"
    ],
    "obj_fun": 0.07264748231109172,
    "zone_cols": 5,
    "zone_coords": [
        9,
        15
    ],
    "zone_rows": 5
}