{
    "argv": 1056,
    "bounds": [
        [
            6.437222058477453e-12,
            0.006437222058477453
        ],
        [
            0.06437222058477453,
            0.12874444116954906
        ],
        [
            0.0,
            11.0
        ],
        [
            0.0,
            null
        ],
        [
            0.0,
            null
        ],
        [
            0.0,
            null
        ],
        [
            0.0,
            null
        ],
        [
            0.0,
            null
        ],
        [
            0.0,
            null
        ],
        [
            0.0,
            null
        ],
        [
            0.0,
            null
        ],
        [
            0.0,
            null
        ],
        [
            0.0,
            null
        ],
        [
            0.0,
            null
        ],
        [
            0.0,
            null
        ],
        [
            0.0,
            null
        ],
        [
            0.0,
            null
        ],
        [
            0.0,
            null
        ],
        [
            0.0,
            null
        ],
        [
            0.0,
            null
        ],
        [
            0.0,
            null
        ],
        [
            0.0,
            null
        ],
        [
            0.0,
            null
        ],
        [
            0.0,
            null
        ],
        [
            0.0,
            null
        ],
        [
            0.0,
            null
        ],
        [
            0.0,
            null
        ],
        [
            0.0,
            null
        ]
    ],
    "comp_est": [
        2.117501493762353e-06,
        0.06755682382341502,
        1.1815806168204466,
        57.60681420523955,
        77.78620786152435,
        56.56710115565307,
        59.06302058196897,
        63.103908922773684,
        57.065616272408526,
        57.234866865209725,
        56.30162866137292,
        56.073158478293365,
        91.9819170221619,
        81.7786964035229,
        60.598087676046866,
        57.05282708185279,
        77.16196814254414,
        61.479364475541296,
        50.38908079403294,
        71.56189151714541,
        53.722278137087855,
        84.91623212871025,
        56.96497362137549,
        50.24514607951803,
        56.6442067003535,
        56.99494726475202,
        58.30065312923024,
        45.05864928103561
    ],
    "fit_time": 4874.876409769058,
    "init_guess": [
        0.0006437222058477453,
        0.06437222058477453,
        0.0,
        65.0,
        65.0,
        65.0,
        65.0,
        65.0,
        65.0,
        65.0,
        65.0,
        65.0,
        65.0,
        65.0,
        65.0,
        65.0,
        65.0,
        65.0,
        65.0,
        65.0,
        65.0,
        65.0,
        65.0,
        65.0,
        65.0,
        65.0,
        65.0,
        65.0
    ],
    "model": "Competition Model",
    "model_params": [
        "C_0",
        "N_0",
        "kn",
        "rs"
    ],
    "model_species": [
        "C",
        "N"
    ],
    "obj_fun": 0.04994301730732331,
    "zone_cols": 5,
    "zone_coords": [
        9,
        15
    ],
    "zone_rows": 5
}