{
    "argv": 1169,
    "bounds": [
        [
            5.848410588726615e-12,
            0.005848410588726615
        ],
        [
            0.05848410588726615,
            0.1169682117745323
        ],
        [
            0.0,
            11.0
        ],
        [
            0.0,
            null
        ],
        [
            0.0,
            null
        ],
        [
            0.0,
            null
        ],
        [
            0.0,
            null
        ],
        [
            0.0,
            null
        ],
        [
            0.0,
            null
        ],
        [
            0.0,
            null
        ],
        [
            0.0,
            null
        ],
        [
            0.0,
            null
        ],
        [
            0.0,
            null
        ],
        [
            0.0,
            null
        ],
        [
            0.0,
            null
        ],
        [
            0.0,
            null
        ],
        [
            0.0,
            null
        ],
        [
            0.0,
            null
        ],
        [
            0.0,
            null
        ],
        [
            0.0,
            null
        ],
        [
            0.0,
            null
        ],
        [
            0.0,
            null
        ],
        [
            0.0,
            null
        ],
        [
            0.0,
            null
        ],
        [
            0.0,
            null
        ],
        [
            0.0,
            null
        ],
        [
            0.0,
            null
        ],
        [
            0.0,
            null
        ]
    ],
    "comp_est": [
        0.005848410588726615,
        0.05848410588726615,
        3.0000000000000013,
        60.000000000088136,
        60.00000000007664,
        59.9999999999106,
        60.000000000073584,
        60.00000000008907,
        60.000000000001215,
        60.00000000013719,
        60.000000000012825,
        60.000000000111434,
        60.00000000014164,
        59.99999999993917,
        60.000000000100776,
        59.99999999994505,
        60.00000000011473,
        60.00000000012823,
        59.9999999999866,
        60.000000000139714,
        60.000000000103384,
        60.00000000008951,
        60.00000000006849,
        60.00000000010478,
        60.000000000111605,
        60.00000000012197,
        60.000000000068134,
        60.00000000003594
    ],
    "fit_time": 12056.109377622604,
    "init_guess": [
        0.005848410588726615,
        0.05848410588726615,
        3.0,
        60.0,
        60.0,
        60.0,
        60.0,
        60.0,
        60.0,
        60.0,
        60.0,
        60.0,
        60.0,
        60.0,
        60.0,
        60.0,
        60.0,
        60.0,
        60.0,
        60.0,
        60.0,
        60.0,
        60.0,
        60.0,
        60.0,
        60.0,
        60.0,
        60.0
    ],
    "model": "Competition Model",
    "model_params": [
        "C_0",
        "N_0",
        "kn",
        "rs"
    ],
    "model_species": [
        "C",
        "N"
    ],
    "obj_fun": 0.701629009661637,
    "zone_cols": 5,
    "zone_coords": [
        7,
        13
    ],
    "zone_rows": 5
}