{
    "argv": 795,
    "bounds": [
        [
            6.437222058477453e-12,
            0.006437222058477453
        ],
        [
            0.06437222058477453,
            0.12874444116954906
        ],
        [
            0.0,
            11.0
        ],
        [
            0.0,
            null
        ],
        [
            0.0,
            null
        ],
        [
            0.0,
            null
        ],
        [
            0.0,
            null
        ],
        [
            0.0,
            null
        ],
        [
            0.0,
            null
        ],
        [
            0.0,
            null
        ],
        [
            0.0,
            null
        ],
        [
            0.0,
            null
        ],
        [
            0.0,
            null
        ],
        [
            0.0,
            null
        ],
        [
            0.0,
            null
        ],
        [
            0.0,
            null
        ],
        [
            0.0,
            null
        ],
        [
            0.0,
            null
        ],
        [
            0.0,
            null
        ],
        [
            0.0,
            null
        ],
        [
            0.0,
            null
        ],
        [
            0.0,
            null
        ],
        [
            0.0,
            null
        ],
        [
            0.0,
            null
        ],
        [
            0.0,
            null
        ],
        [
            0.0,
            null
        ],
        [
            0.0,
            null
        ],
        [
            0.0,
            null
        ]
    ],
    "comp_est": [
        3.0643262541910887e-06,
        0.06821894800532756,
        1.136750604565339,
        54.390605451365495,
        73.71970466979754,
        53.07724554232934,
        55.76523467971353,
        60.0017324862773,
        53.79769389633315,
        54.034995467843444,
        53.34362610350339,
        52.56509488828287,
        88.09613845356161,
        78.52944320629804,
        57.86886079307524,
        53.91907946330002,
        73.543571734807,
        58.27866720437697,
        47.470731751581425,
        68.16966487537972,
        50.47912199221032,
        81.62661368088509,
        54.02483485244471,
        47.60953128539176,
        54.033176064535745,
        54.38496419490441,
        55.534812978433536,
        42.698077302290145
    ],
    "fit_time": 72410.45116901398,
    "init_guess": [
        6.437222058477453e-06,
        0.06437222058477453,
        3.0,
        55.0,
        55.0,
        55.0,
        55.0,
        55.0,
        55.0,
        55.0,
        55.0,
        55.0,
        55.0,
        55.0,
        55.0,
        55.0,
        55.0,
        55.0,
        55.0,
        55.0,
        55.0,
        55.0,
        55.0,
        55.0,
        55.0,
        55.0,
        55.0,
        55.0
    ],
    "model": "Competition Model",
    "model_params": [
        "C_0",
        "N_0",
        "kn",
        "rs"
    ],
    "model_species": [
        "C",
        "N"
    ],
    "obj_fun": 0.05044319130043266,
    "zone_cols": 5,
    "zone_coords": [
        9,
        15
    ],
    "zone_rows": 5
}