{
    "argv": 878,
    "bounds": [
        [
            6.437222058477453e-12,
            0.006437222058477453
        ],
        [
            0.06437222058477453,
            0.12874444116954906
        ],
        [
            0.0,
            11.0
        ],
        [
            0.0,
            null
        ],
        [
            0.0,
            null
        ],
        [
            0.0,
            null
        ],
        [
            0.0,
            null
        ],
        [
            0.0,
            null
        ],
        [
            0.0,
            null
        ],
        [
            0.0,
            null
        ],
        [
            0.0,
            null
        ],
        [
            0.0,
            null
        ],
        [
            0.0,
            null
        ],
        [
            0.0,
            null
        ],
        [
            0.0,
            null
        ],
        [
            0.0,
            null
        ],
        [
            0.0,
            null
        ],
        [
            0.0,
            null
        ],
        [
            0.0,
            null
        ],
        [
            0.0,
            null
        ],
        [
            0.0,
            null
        ],
        [
            0.0,
            null
        ],
        [
            0.0,
            null
        ],
        [
            0.0,
            null
        ],
        [
            0.0,
            null
        ],
        [
            0.0,
            null
        ],
        [
            0.0,
            null
        ],
        [
            0.0,
            null
        ]
    ],
    "comp_est": [
        6.437222058485262e-05,
        0.06437222058562887,
        9.0,
        35.00000000087361,
        35.0000000000907,
        35.00000000011428,
        35.00000000064998,
        35.00000000152899,
        35.00000000009062,
        35.000000007801276,
        34.9999999995489,
        35.00000000783734,
        35.000000000972825,
        35.00000000011435,
        34.9999999995489,
        35.000000008519294,
        34.99999999956291,
        35.00000000013598,
        35.000000000649976,
        35.00000000783739,
        34.99999999956285,
        35.00000000784183,
        35.00000000001688,
        35.00000000152898,
        35.000000000972854,
        35.00000000013599,
        35.0000000000169,
        35.00000000151818
    ],
    "fit_time": 43947.28428649902,
    "init_guess": [
        6.437222058477453e-05,
        0.06437222058477453,
        9.0,
        35.0,
        35.0,
        35.0,
        35.0,
        35.0,
        35.0,
        35.0,
        35.0,
        35.0,
        35.0,
        35.0,
        35.0,
        35.0,
        35.0,
        35.0,
        35.0,
        35.0,
        35.0,
        35.0,
        35.0,
        35.0,
        35.0,
        35.0,
        35.0,
        35.0
    ],
    "model": "Competition Model",
    "model_params": [
        "C_0",
        "N_0",
        "kn",
        "rs"
    ],
    "model_species": [
        "C",
        "N"
    ],
    "obj_fun": 0.607100491837378,
    "zone_cols": 5,
    "zone_coords": [
        9,
        15
    ],
    "zone_rows": 5
}