{
    "argv": 696,
    "bounds": [
        [
            6.437222058477453e-12,
            0.006437222058477453
        ],
        [
            0.06437222058477453,
            0.12874444116954906
        ],
        [
            0.0,
            11.0
        ],
        [
            0.0,
            null
        ],
        [
            0.0,
            null
        ],
        [
            0.0,
            null
        ],
        [
            0.0,
            null
        ],
        [
            0.0,
            null
        ],
        [
            0.0,
            null
        ],
        [
            0.0,
            null
        ],
        [
            0.0,
            null
        ],
        [
            0.0,
            null
        ],
        [
            0.0,
            null
        ],
        [
            0.0,
            null
        ],
        [
            0.0,
            null
        ],
        [
            0.0,
            null
        ],
        [
            0.0,
            null
        ],
        [
            0.0,
            null
        ],
        [
            0.0,
            null
        ],
        [
            0.0,
            null
        ],
        [
            0.0,
            null
        ],
        [
            0.0,
            null
        ],
        [
            0.0,
            null
        ],
        [
            0.0,
            null
        ],
        [
            0.0,
            null
        ],
        [
            0.0,
            null
        ],
        [
            0.0,
            null
        ],
        [
            0.0,
            null
        ]
    ],
    "comp_est": [
        9.432098559895203e-07,
        0.07117276346003963,
        2.9808630132053944,
        61.45294053172366,
        74.78449576504218,
        61.605368536226905,
        63.368447881359884,
        61.55350354927505,
        60.54611425172104,
        61.10240097481303,
        62.48681286351808,
        58.524765107344955,
        77.75248110212587,
        76.02105569661859,
        61.20272581272769,
        61.02075677537857,
        71.05628914961166,
        60.04378913324344,
        58.10538989919194,
        73.21854298237187,
        58.25174628445327,
        79.14474741421138,
        60.83913000836063,
        62.35103105519505,
        63.56197143278208,
        63.8210099346333,
        62.8424872456697,
        60.2508314115139
    ],
    "fit_time": 31971.616468906403,
    "init_guess": [
        6.437222058477454e-07,
        0.06437222058477453,
        3.0,
        65.0,
        65.0,
        65.0,
        65.0,
        65.0,
        65.0,
        65.0,
        65.0,
        65.0,
        65.0,
        65.0,
        65.0,
        65.0,
        65.0,
        65.0,
        65.0,
        65.0,
        65.0,
        65.0,
        65.0,
        65.0,
        65.0,
        65.0,
        65.0,
        65.0
    ],
    "model": "Competition Model",
    "model_params": [
        "C_0",
        "N_0",
        "kn",
        "rs"
    ],
    "model_species": [
        "C",
        "N"
    ],
    "obj_fun": 0.1520513651199332,
    "zone_cols": 5,
    "zone_coords": [
        9,
        15
    ],
    "zone_rows": 5
}