{
    "argv": 104,
    "bounds": [
        [
            5.848410588726615e-12,
            0.005848410588726615
        ],
        [
            0.05848410588726615,
            0.1169682117745323
        ],
        [
            0.0,
            11.0
        ],
        [
            0.0,
            null
        ],
        [
            0.0,
            null
        ],
        [
            0.0,
            null
        ],
        [
            0.0,
            null
        ],
        [
            0.0,
            null
        ],
        [
            0.0,
            null
        ],
        [
            0.0,
            null
        ],
        [
            0.0,
            null
        ],
        [
            0.0,
            null
        ],
        [
            0.0,
            null
        ],
        [
            0.0,
            null
        ],
        [
            0.0,
            null
        ],
        [
            0.0,
            null
        ],
        [
            0.0,
            null
        ],
        [
            0.0,
            null
        ],
        [
            0.0,
            null
        ],
        [
            0.0,
            null
        ],
        [
            0.0,
            null
        ],
        [
            0.0,
            null
        ],
        [
            0.0,
            null
        ],
        [
            0.0,
            null
        ],
        [
            0.0,
            null
        ],
        [
            0.0,
            null
        ],
        [
            0.0,
            null
        ],
        [
            0.0,
            null
        ]
    ],
    "comp_est": [
        2.0621632168299022e-07,
        0.05848617011558829,
        5.000000000000001,
        69.99753118716713,
        69.99753121800805,
        69.99753097909738,
        69.99753124981812,
        69.99753118714446,
        69.99753121800777,
        69.99753094942986,
        69.99753090081157,
        69.99753095202773,
        69.99753120696354,
        69.99753097909742,
        69.99753090081174,
        69.99753085265662,
        69.99753090018287,
        69.99753097967063,
        69.9975312498182,
        69.99753095202787,
        69.99753090018127,
        69.99753094889648,
        69.99753120716574,
        69.99753118714453,
        69.99753120696222,
        69.9975309796723,
        69.99753120716571,
        69.99753118716505
    ],
    "fit_time": 42717.14901018143,
    "init_guess": [
        5.848410588726615e-12,
        0.05848410588726615,
        5.0,
        70.0,
        70.0,
        70.0,
        70.0,
        70.0,
        70.0,
        70.0,
        70.0,
        70.0,
        70.0,
        70.0,
        70.0,
        70.0,
        70.0,
        70.0,
        70.0,
        70.0,
        70.0,
        70.0,
        70.0,
        70.0,
        70.0,
        70.0,
        70.0,
        70.0
    ],
    "model": "Competition Model",
    "model_params": [
        "C_0",
        "N_0",
        "kn",
        "rs"
    ],
    "model_species": [
        "C",
        "N"
    ],
    "obj_fun": 0.4486637413209957,
    "zone_cols": 5,
    "zone_coords": [
        7,
        13
    ],
    "zone_rows": 5
}