{
    "argv": 49,
    "bounds": [
        [
            5.848410588726615e-12,
            0.005848410588726615
        ],
        [
            0.05848410588726615,
            0.1169682117745323
        ],
        [
            0.0,
            11.0
        ],
        [
            0.0,
            null
        ],
        [
            0.0,
            null
        ],
        [
            0.0,
            null
        ],
        [
            0.0,
            null
        ],
        [
            0.0,
            null
        ],
        [
            0.0,
            null
        ],
        [
            0.0,
            null
        ],
        [
            0.0,
            null
        ],
        [
            0.0,
            null
        ],
        [
            0.0,
            null
        ],
        [
            0.0,
            null
        ],
        [
            0.0,
            null
        ],
        [
            0.0,
            null
        ],
        [
            0.0,
            null
        ],
        [
            0.0,
            null
        ],
        [
            0.0,
            null
        ],
        [
            0.0,
            null
        ],
        [
            0.0,
            null
        ],
        [
            0.0,
            null
        ],
        [
            0.0,
            null
        ],
        [
            0.0,
            null
        ],
        [
            0.0,
            null
        ],
        [
            0.0,
            null
        ],
        [
            0.0,
            null
        ],
        [
            0.0,
            null
        ]
    ],
    "comp_est": [
        8.659944503136677e-05,
        0.05993782806127594,
        7.5764668319784745,
        44.7742380302756,
        43.299777426040805,
        45.50074701913797,
        45.08398471295009,
        41.442464646263524,
        40.20236271879702,
        41.034209120233335,
        42.52200943785343,
        44.75006940186005,
        55.884448983373616,
        45.23750992311716,
        44.95423564658407,
        41.81828162080114,
        55.09569576420943,
        40.78932646300426,
        45.07342889366334,
        44.84883227697839,
        41.184262066044205,
        41.80947906575267,
        41.784469193861526,
        41.72346591506046,
        44.566119735185204,
        55.494302491764785,
        42.487027212681994,
        41.811588890148556
    ],
    "fit_time": 40653.80118203163,
    "init_guess": [
        5.848410588726615e-12,
        0.05848410588726615,
        5.0,
        45.0,
        45.0,
        45.0,
        45.0,
        45.0,
        45.0,
        45.0,
        45.0,
        45.0,
        45.0,
        45.0,
        45.0,
        45.0,
        45.0,
        45.0,
        45.0,
        45.0,
        45.0,
        45.0,
        45.0,
        45.0,
        45.0,
        45.0,
        45.0,
        45.0
    ],
    "model": "Competition Model",
    "model_params": [
        "C_0",
        "N_0",
        "kn",
        "rs"
    ],
    "model_species": [
        "C",
        "N"
    ],
    "obj_fun": 0.08709562815199022,
    "zone_cols": 5,
    "zone_coords": [
        7,
        13
    ],
    "zone_rows": 5
}