{
    "argv": 1062,
    "bounds": [
        [
            5.848410588726615e-12,
            0.005848410588726615
        ],
        [
            0.05848410588726615,
            0.1169682117745323
        ],
        [
            0.0,
            11.0
        ],
        [
            0.0,
            null
        ],
        [
            0.0,
            null
        ],
        [
            0.0,
            null
        ],
        [
            0.0,
            null
        ],
        [
            0.0,
            null
        ],
        [
            0.0,
            null
        ],
        [
            0.0,
            null
        ],
        [
            0.0,
            null
        ],
        [
            0.0,
            null
        ],
        [
            0.0,
            null
        ],
        [
            0.0,
            null
        ],
        [
            0.0,
            null
        ],
        [
            0.0,
            null
        ],
        [
            0.0,
            null
        ],
        [
            0.0,
            null
        ],
        [
            0.0,
            null
        ],
        [
            0.0,
            null
        ],
        [
            0.0,
            null
        ],
        [
            0.0,
            null
        ],
        [
            0.0,
            null
        ],
        [
            0.0,
            null
        ],
        [
            0.0,
            null
        ],
        [
            0.0,
            null
        ],
        [
            0.0,
            null
        ],
        [
            0.0,
            null
        ]
    ],
    "comp_est": [
        0.0005848410510407924,
        0.05848410588726615,
        6.000000000000017,
        64.99999996977623,
        64.9999999964923,
        64.9999998931966,
        65.0000000228334,
        64.99999996289418,
        65.00000000231543,
        64.99999987018268,
        64.99999996222061,
        65.0000000046246,
        65.00000000538252,
        64.99999990293706,
        64.99999996739044,
        64.9999998455074,
        64.99999998082409,
        64.99999995430817,
        65.00000003383857,
        64.99999998731693,
        64.99999994897023,
        64.99999995719534,
        65.00000006942157,
        64.99999996329977,
        64.99999999994324,
        64.9999999447834,
        65.00000003328714,
        64.99999999055632
    ],
    "fit_time": 25722.07722568512,
    "init_guess": [
        0.0005848410588726615,
        0.05848410588726615,
        6.0,
        65.0,
        65.0,
        65.0,
        65.0,
        65.0,
        65.0,
        65.0,
        65.0,
        65.0,
        65.0,
        65.0,
        65.0,
        65.0,
        65.0,
        65.0,
        65.0,
        65.0,
        65.0,
        65.0,
        65.0,
        65.0,
        65.0,
        65.0,
        65.0,
        65.0
    ],
    "model": "Competition Model",
    "model_params": [
        "C_0",
        "N_0",
        "kn",
        "rs"
    ],
    "model_species": [
        "C",
        "N"
    ],
    "obj_fun": 0.5361004168231432,
    "zone_cols": 5,
    "zone_coords": [
        7,
        13
    ],
    "zone_rows": 5
}