{
    "argv": 919,
    "bounds": [
        [
            5.848410588726615e-12,
            0.005848410588726615
        ],
        [
            0.05848410588726615,
            0.1169682117745323
        ],
        [
            0.0,
            11.0
        ],
        [
            0.0,
            null
        ],
        [
            0.0,
            null
        ],
        [
            0.0,
            null
        ],
        [
            0.0,
            null
        ],
        [
            0.0,
            null
        ],
        [
            0.0,
            null
        ],
        [
            0.0,
            null
        ],
        [
            0.0,
            null
        ],
        [
            0.0,
            null
        ],
        [
            0.0,
            null
        ],
        [
            0.0,
            null
        ],
        [
            0.0,
            null
        ],
        [
            0.0,
            null
        ],
        [
            0.0,
            null
        ],
        [
            0.0,
            null
        ],
        [
            0.0,
            null
        ],
        [
            0.0,
            null
        ],
        [
            0.0,
            null
        ],
        [
            0.0,
            null
        ],
        [
            0.0,
            null
        ],
        [
            0.0,
            null
        ],
        [
            0.0,
            null
        ],
        [
            0.0,
            null
        ],
        [
            0.0,
            null
        ],
        [
            0.0,
            null
        ]
    ],
    "comp_est": [
        5.84841058860768e-05,
        0.05848410588726615,
        6.0,
        54.999999999083634,
        54.99999999765329,
        54.99999999337863,
        54.999999997620016,
        54.99999999962839,
        54.999999997652445,
        55.00000000293495,
        55.00000000090812,
        55.00000000389081,
        54.99999999014275,
        54.99999999337865,
        55.0000000009088,
        55.00000000417778,
        55.00000000095759,
        54.99999999748866,
        54.99999999762028,
        55.00000000389114,
        55.00000000095269,
        55.00000000352301,
        54.99999999741726,
        54.99999999962853,
        54.99999999013837,
        54.99999999749413,
        54.99999999741716,
        54.99999999875832
    ],
    "fit_time": 23215.864816904068,
    "init_guess": [
        5.848410588726615e-05,
        0.05848410588726615,
        6.0,
        55.0,
        55.0,
        55.0,
        55.0,
        55.0,
        55.0,
        55.0,
        55.0,
        55.0,
        55.0,
        55.0,
        55.0,
        55.0,
        55.0,
        55.0,
        55.0,
        55.0,
        55.0,
        55.0,
        55.0,
        55.0,
        55.0,
        55.0,
        55.0,
        55.0
    ],
    "model": "Competition Model",
    "model_params": [
        "C_0",
        "N_0",
        "kn",
        "rs"
    ],
    "model_species": [
        "C",
        "N"
    ],
    "obj_fun": 0.41767933835177323,
    "zone_cols": 5,
    "zone_coords": [
        7,
        13
    ],
    "zone_rows": 5
}