{
    "argv": 608,
    "bounds": [
        [
            6.437222058477453e-12,
            0.006437222058477453
        ],
        [
            0.06437222058477453,
            0.12874444116954906
        ],
        [
            0.0,
            11.0
        ],
        [
            0.0,
            null
        ],
        [
            0.0,
            null
        ],
        [
            0.0,
            null
        ],
        [
            0.0,
            null
        ],
        [
            0.0,
            null
        ],
        [
            0.0,
            null
        ],
        [
            0.0,
            null
        ],
        [
            0.0,
            null
        ],
        [
            0.0,
            null
        ],
        [
            0.0,
            null
        ],
        [
            0.0,
            null
        ],
        [
            0.0,
            null
        ],
        [
            0.0,
            null
        ],
        [
            0.0,
            null
        ],
        [
            0.0,
            null
        ],
        [
            0.0,
            null
        ],
        [
            0.0,
            null
        ],
        [
            0.0,
            null
        ],
        [
            0.0,
            null
        ],
        [
            0.0,
            null
        ],
        [
            0.0,
            null
        ],
        [
            0.0,
            null
        ],
        [
            0.0,
            null
        ],
        [
            0.0,
            null
        ],
        [
            0.0,
            null
        ]
    ],
    "comp_est": [
        6.437222064893091e-07,
        0.06437222058668383,
        3.0,
        24.999999999330313,
        25.000000003234778,
        25.000000003339572,
        25.000000003215764,
        24.999999999330317,
        25.000000003234774,
        24.99999999932979,
        24.999999999329432,
        24.999999999329827,
        25.00000000321538,
        25.000000003339572,
        24.999999999329432,
        24.999999999329358,
        24.999999999329326,
        25.000000003349527,
        25.000000003215764,
        24.999999999329827,
        24.999999999329326,
        24.999999999329738,
        25.000000003224685,
        24.999999999330317,
        25.00000000321538,
        25.000000003349527,
        25.000000003224688,
        24.99999999933031
    ],
    "fit_time": 21576.121057510376,
    "init_guess": [
        6.437222058477454e-07,
        0.06437222058477453,
        3.0,
        25.0,
        25.0,
        25.0,
        25.0,
        25.0,
        25.0,
        25.0,
        25.0,
        25.0,
        25.0,
        25.0,
        25.0,
        25.0,
        25.0,
        25.0,
        25.0,
        25.0,
        25.0,
        25.0,
        25.0,
        25.0,
        25.0,
        25.0,
        25.0,
        25.0
    ],
    "model": "Competition Model",
    "model_params": [
        "C_0",
        "N_0",
        "kn",
        "rs"
    ],
    "model_species": [
        "C",
        "N"
    ],
    "obj_fun": 0.8260319511833093,
    "zone_cols": 5,
    "zone_coords": [
        9,
        15
    ],
    "zone_rows": 5
}