{
    "argv": 786,
    "bounds": [
        [
            6.437222058477453e-12,
            0.006437222058477453
        ],
        [
            0.06437222058477453,
            0.12874444116954906
        ],
        [
            0.0,
            11.0
        ],
        [
            0.0,
            null
        ],
        [
            0.0,
            null
        ],
        [
            0.0,
            null
        ],
        [
            0.0,
            null
        ],
        [
            0.0,
            null
        ],
        [
            0.0,
            null
        ],
        [
            0.0,
            null
        ],
        [
            0.0,
            null
        ],
        [
            0.0,
            null
        ],
        [
            0.0,
            null
        ],
        [
            0.0,
            null
        ],
        [
            0.0,
            null
        ],
        [
            0.0,
            null
        ],
        [
            0.0,
            null
        ],
        [
            0.0,
            null
        ],
        [
            0.0,
            null
        ],
        [
            0.0,
            null
        ],
        [
            0.0,
            null
        ],
        [
            0.0,
            null
        ],
        [
            0.0,
            null
        ],
        [
            0.0,
            null
        ],
        [
            0.0,
            null
        ],
        [
            0.0,
            null
        ],
        [
            0.0,
            null
        ],
        [
            0.0,
            null
        ]
    ],
    "comp_est": [
        6.437222088998991e-06,
        0.06437222131966787,
        4.999999999999998,
        50.00000000493247,
        50.00000000225963,
        50.000000001526786,
        50.00000000363836,
        50.00000000546715,
        50.00000000223332,
        50.00000000242709,
        50.00000000074342,
        50.00000000219943,
        50.000000000107434,
        50.00000000155657,
        49.99999999902504,
        50.0000000019354,
        49.99999999873205,
        50.000000000682796,
        50.000000003638306,
        50.000000002209404,
        49.99999999873067,
        50.00000000190592,
        50.000000000191875,
        50.00000000496025,
        50.000000000078515,
        50.00000000067592,
        50.00000000019224,
        50.000000005252936
    ],
    "fit_time": 32285.495947360992,
    "init_guess": [
        6.437222058477453e-06,
        0.06437222058477453,
        5.0,
        50.0,
        50.0,
        50.0,
        50.0,
        50.0,
        50.0,
        50.0,
        50.0,
        50.0,
        50.0,
        50.0,
        50.0,
        50.0,
        50.0,
        50.0,
        50.0,
        50.0,
        50.0,
        50.0,
        50.0,
        50.0,
        50.0,
        50.0,
        50.0,
        50.0
    ],
    "model": "Competition Model",
    "model_params": [
        "C_0",
        "N_0",
        "kn",
        "rs"
    ],
    "model_species": [
        "C",
        "N"
    ],
    "obj_fun": 0.5896516849620446,
    "zone_cols": 5,
    "zone_coords": [
        9,
        15
    ],
    "zone_rows": 5
}