{
    "argv": 674,
    "bounds": [
        [
            5.848410588726615e-12,
            0.005848410588726615
        ],
        [
            0.05848410588726615,
            0.1169682117745323
        ],
        [
            0.0,
            11.0
        ],
        [
            0.0,
            null
        ],
        [
            0.0,
            null
        ],
        [
            0.0,
            null
        ],
        [
            0.0,
            null
        ],
        [
            0.0,
            null
        ],
        [
            0.0,
            null
        ],
        [
            0.0,
            null
        ],
        [
            0.0,
            null
        ],
        [
            0.0,
            null
        ],
        [
            0.0,
            null
        ],
        [
            0.0,
            null
        ],
        [
            0.0,
            null
        ],
        [
            0.0,
            null
        ],
        [
            0.0,
            null
        ],
        [
            0.0,
            null
        ],
        [
            0.0,
            null
        ],
        [
            0.0,
            null
        ],
        [
            0.0,
            null
        ],
        [
            0.0,
            null
        ],
        [
            0.0,
            null
        ],
        [
            0.0,
            null
        ],
        [
            0.0,
            null
        ],
        [
            0.0,
            null
        ],
        [
            0.0,
            null
        ],
        [
            0.0,
            null
        ]
    ],
    "comp_est": [
        1.319660138695974e-08,
        0.061784686843505195,
        3.7528042930865455,
        95.09269896199926,
        95.62014293407104,
        95.8030321732843,
        95.69590834302461,
        94.2181210099016,
        95.16110126561681,
        94.88614129782654,
        94.80040660034777,
        94.95082016653859,
        98.07521486089377,
        95.84474148103747,
        95.18735910332866,
        97.98650100674858,
        97.37636539845909,
        94.85908486577891,
        95.87463434092717,
        95.26459555665278,
        94.4507342176981,
        94.66082453720502,
        95.38537583371472,
        94.4059639742634,
        95.54323966494249,
        98.10168613683643,
        95.29187612450795,
        94.43895608453673
    ],
    "fit_time": 32573.51013469696,
    "init_guess": [
        5.848410588726616e-07,
        0.05848410588726615,
        3.0,
        55.0,
        55.0,
        55.0,
        55.0,
        55.0,
        55.0,
        55.0,
        55.0,
        55.0,
        55.0,
        55.0,
        55.0,
        55.0,
        55.0,
        55.0,
        55.0,
        55.0,
        55.0,
        55.0,
        55.0,
        55.0,
        55.0,
        55.0,
        55.0,
        55.0
    ],
    "model": "Competition Model",
    "model_params": [
        "C_0",
        "N_0",
        "kn",
        "rs"
    ],
    "model_species": [
        "C",
        "N"
    ],
    "obj_fun": 0.37034677896422113,
    "zone_cols": 5,
    "zone_coords": [
        7,
        13
    ],
    "zone_rows": 5
}