{
    "argv": 817,
    "bounds": [
        [
            5.848410588726615e-12,
            0.005848410588726615
        ],
        [
            0.05848410588726615,
            0.1169682117745323
        ],
        [
            0.0,
            11.0
        ],
        [
            0.0,
            null
        ],
        [
            0.0,
            null
        ],
        [
            0.0,
            null
        ],
        [
            0.0,
            null
        ],
        [
            0.0,
            null
        ],
        [
            0.0,
            null
        ],
        [
            0.0,
            null
        ],
        [
            0.0,
            null
        ],
        [
            0.0,
            null
        ],
        [
            0.0,
            null
        ],
        [
            0.0,
            null
        ],
        [
            0.0,
            null
        ],
        [
            0.0,
            null
        ],
        [
            0.0,
            null
        ],
        [
            0.0,
            null
        ],
        [
            0.0,
            null
        ],
        [
            0.0,
            null
        ],
        [
            0.0,
            null
        ],
        [
            0.0,
            null
        ],
        [
            0.0,
            null
        ],
        [
            0.0,
            null
        ],
        [
            0.0,
            null
        ],
        [
            0.0,
            null
        ],
        [
            0.0,
            null
        ],
        [
            0.0,
            null
        ]
    ],
    "comp_est": [
        5.714734247267561e-06,
        0.05848410588726615,
        5.423512464745637,
        65.08836008661822,
        63.44798161157768,
        65.38083162116934,
        65.11181308368032,
        61.48465563196825,
        60.331353693634675,
        61.099208585056,
        63.03174548986245,
        64.05137230215043,
        79.80131750260472,
        65.25665399517455,
        65.28207519879065,
        62.2530363428768,
        75.79907873296926,
        60.88534583937933,
        65.42552387176663,
        64.8086552055041,
        61.17467891524111,
        61.816883505980606,
        62.699222188061846,
        61.64445937327034,
        64.85609863686092,
        78.31929845244983,
        62.8705332061895,
        61.900288266316274
    ],
    "fit_time": 18606.87836241722,
    "init_guess": [
        5.848410588726615e-06,
        0.05848410588726615,
        3.0,
        65.0,
        65.0,
        65.0,
        65.0,
        65.0,
        65.0,
        65.0,
        65.0,
        65.0,
        65.0,
        65.0,
        65.0,
        65.0,
        65.0,
        65.0,
        65.0,
        65.0,
        65.0,
        65.0,
        65.0,
        65.0,
        65.0,
        65.0,
        65.0,
        65.0
    ],
    "model": "Competition Model",
    "model_params": [
        "C_0",
        "N_0",
        "kn",
        "rs"
    ],
    "model_species": [
        "C",
        "N"
    ],
    "obj_fun": 0.11186385610297876,
    "zone_cols": 5,
    "zone_coords": [
        7,
        13
    ],
    "zone_rows": 5
}