{
    "argv": 923,
    "bounds": [
        [
            6.437222058477453e-12,
            0.006437222058477453
        ],
        [
            0.06437222058477453,
            0.12874444116954906
        ],
        [
            0.0,
            11.0
        ],
        [
            0.0,
            null
        ],
        [
            0.0,
            null
        ],
        [
            0.0,
            null
        ],
        [
            0.0,
            null
        ],
        [
            0.0,
            null
        ],
        [
            0.0,
            null
        ],
        [
            0.0,
            null
        ],
        [
            0.0,
            null
        ],
        [
            0.0,
            null
        ],
        [
            0.0,
            null
        ],
        [
            0.0,
            null
        ],
        [
            0.0,
            null
        ],
        [
            0.0,
            null
        ],
        [
            0.0,
            null
        ],
        [
            0.0,
            null
        ],
        [
            0.0,
            null
        ],
        [
            0.0,
            null
        ],
        [
            0.0,
            null
        ],
        [
            0.0,
            null
        ],
        [
            0.0,
            null
        ],
        [
            0.0,
            null
        ],
        [
            0.0,
            null
        ],
        [
            0.0,
            null
        ],
        [
            0.0,
            null
        ],
        [
            0.0,
            null
        ]
    ],
    "comp_est": [
        6.437222051185948e-05,
        0.06437222058477453,
        10.0,
        54.99999975436031,
        55.00000027407352,
        54.9999999972638,
        54.99999959820533,
        54.999999746939444,
        55.00000027393009,
        54.99999958759751,
        54.999999582116516,
        54.99999982398719,
        54.99999996091773,
        54.999999997423025,
        54.99999958209954,
        54.99999999679313,
        54.99999970045823,
        54.99999991715343,
        54.99999959814956,
        54.99999982414246,
        54.99999970032699,
        54.999999921478434,
        54.99999959614905,
        54.99999974694631,
        54.999999960745924,
        54.999999917191815,
        54.99999959615981,
        54.999999625563774
    ],
    "fit_time": 46755.26526045799,
    "init_guess": [
        6.437222058477453e-05,
        0.06437222058477453,
        10.0,
        55.0,
        55.0,
        55.0,
        55.0,
        55.0,
        55.0,
        55.0,
        55.0,
        55.0,
        55.0,
        55.0,
        55.0,
        55.0,
        55.0,
        55.0,
        55.0,
        55.0,
        55.0,
        55.0,
        55.0,
        55.0,
        55.0,
        55.0,
        55.0,
        55.0
    ],
    "model": "Competition Model",
    "model_params": [
        "C_0",
        "N_0",
        "kn",
        "rs"
    ],
    "model_species": [
        "C",
        "N"
    ],
    "obj_fun": 0.583137411991768,
    "zone_cols": 5,
    "zone_coords": [
        9,
        15
    ],
    "zone_rows": 5
}