{
    "argv": 1146,
    "bounds": [
        [
            6.437222058477453e-12,
            0.006437222058477453
        ],
        [
            0.06437222058477453,
            0.12874444116954906
        ],
        [
            0.0,
            11.0
        ],
        [
            0.0,
            null
        ],
        [
            0.0,
            null
        ],
        [
            0.0,
            null
        ],
        [
            0.0,
            null
        ],
        [
            0.0,
            null
        ],
        [
            0.0,
            null
        ],
        [
            0.0,
            null
        ],
        [
            0.0,
            null
        ],
        [
            0.0,
            null
        ],
        [
            0.0,
            null
        ],
        [
            0.0,
            null
        ],
        [
            0.0,
            null
        ],
        [
            0.0,
            null
        ],
        [
            0.0,
            null
        ],
        [
            0.0,
            null
        ],
        [
            0.0,
            null
        ],
        [
            0.0,
            null
        ],
        [
            0.0,
            null
        ],
        [
            0.0,
            null
        ],
        [
            0.0,
            null
        ],
        [
            0.0,
            null
        ],
        [
            0.0,
            null
        ],
        [
            0.0,
            null
        ],
        [
            0.0,
            null
        ],
        [
            0.0,
            null
        ]
    ],
    "comp_est": [
        3.634569423520354e-05,
        0.06940972915335357,
        1.422484536043617,
        39.54492049577183,
        55.31467485929428,
        40.02106181315319,
        42.20892777872478,
        44.64094878190085,
        38.79053223463195,
        39.23220780591261,
        39.696910236142706,
        38.68637865012561,
        65.05425424055674,
        56.91150485353102,
        41.454766381354126,
        39.24517118861438,
        54.563984421425445,
        42.55343874700508,
        32.009348955007376,
        50.40999880831069,
        26.686411282285263,
        59.453390835995265,
        39.35203484290602,
        34.8032591617129,
        39.48012199109238,
        39.75856744230233,
        40.41574618691856,
        28.50590892231091
    ],
    "fit_time": 81869.63329100609,
    "init_guess": [
        0.006437222058477453,
        0.06437222058477453,
        2.0,
        50.0,
        50.0,
        50.0,
        50.0,
        50.0,
        50.0,
        50.0,
        50.0,
        50.0,
        50.0,
        50.0,
        50.0,
        50.0,
        50.0,
        50.0,
        50.0,
        50.0,
        50.0,
        50.0,
        50.0,
        50.0,
        50.0,
        50.0,
        50.0,
        50.0
    ],
    "model": "Competition Model",
    "model_params": [
        "C_0",
        "N_0",
        "kn",
        "rs"
    ],
    "model_species": [
        "C",
        "N"
    ],
    "obj_fun": 0.06009061251141675,
    "zone_cols": 5,
    "zone_coords": [
        9,
        15
    ],
    "zone_rows": 5
}