{
    "argv": 1130,
    "bounds": [
        [
            6.437222058477453e-12,
            0.006437222058477453
        ],
        [
            0.06437222058477453,
            0.12874444116954906
        ],
        [
            0.0,
            11.0
        ],
        [
            0.0,
            null
        ],
        [
            0.0,
            null
        ],
        [
            0.0,
            null
        ],
        [
            0.0,
            null
        ],
        [
            0.0,
            null
        ],
        [
            0.0,
            null
        ],
        [
            0.0,
            null
        ],
        [
            0.0,
            null
        ],
        [
            0.0,
            null
        ],
        [
            0.0,
            null
        ],
        [
            0.0,
            null
        ],
        [
            0.0,
            null
        ],
        [
            0.0,
            null
        ],
        [
            0.0,
            null
        ],
        [
            0.0,
            null
        ],
        [
            0.0,
            null
        ],
        [
            0.0,
            null
        ],
        [
            0.0,
            null
        ],
        [
            0.0,
            null
        ],
        [
            0.0,
            null
        ],
        [
            0.0,
            null
        ],
        [
            0.0,
            null
        ],
        [
            0.0,
            null
        ],
        [
            0.0,
            null
        ],
        [
            0.0,
            null
        ]
    ],
    "comp_est": [
        0.006437222058377551,
        0.06437222058477453,
        7.999999999999811,
        39.999999979393785,
        39.99999992378743,
        40.00000004694454,
        39.999999930066,
        39.99999997823876,
        39.99999992405149,
        39.99999995181829,
        39.999999888613665,
        39.9999999306026,
        39.999999927561745,
        40.00000004829479,
        39.999999889270164,
        39.99999992505222,
        39.99999996352798,
        39.999999929496724,
        39.99999993084709,
        39.999999930416415,
        39.99999996469273,
        39.99999995856496,
        40.000000045451934,
        39.99999997845291,
        39.999999930574326,
        39.99999992948804,
        40.00000004865688,
        39.999999883516374
    ],
    "fit_time": 50630.4231441021,
    "init_guess": [
        0.006437222058477453,
        0.06437222058477453,
        8.0,
        40.0,
        40.0,
        40.0,
        40.0,
        40.0,
        40.0,
        40.0,
        40.0,
        40.0,
        40.0,
        40.0,
        40.0,
        40.0,
        40.0,
        40.0,
        40.0,
        40.0,
        40.0,
        40.0,
        40.0,
        40.0,
        40.0,
        40.0,
        40.0,
        40.0
    ],
    "model": "Competition Model",
    "model_params": [
        "C_0",
        "N_0",
        "kn",
        "rs"
    ],
    "model_species": [
        "C",
        "N"
    ],
    "obj_fun": 0.7896350116757981,
    "zone_cols": 5,
    "zone_coords": [
        9,
        15
    ],
    "zone_rows": 5
}