{
    "argv": 616,
    "bounds": [
        [
            5.848410588726615e-12,
            0.005848410588726615
        ],
        [
            0.05848410588726615,
            0.1169682117745323
        ],
        [
            0.0,
            11.0
        ],
        [
            0.0,
            null
        ],
        [
            0.0,
            null
        ],
        [
            0.0,
            null
        ],
        [
            0.0,
            null
        ],
        [
            0.0,
            null
        ],
        [
            0.0,
            null
        ],
        [
            0.0,
            null
        ],
        [
            0.0,
            null
        ],
        [
            0.0,
            null
        ],
        [
            0.0,
            null
        ],
        [
            0.0,
            null
        ],
        [
            0.0,
            null
        ],
        [
            0.0,
            null
        ],
        [
            0.0,
            null
        ],
        [
            0.0,
            null
        ],
        [
            0.0,
            null
        ],
        [
            0.0,
            null
        ],
        [
            0.0,
            null
        ],
        [
            0.0,
            null
        ],
        [
            0.0,
            null
        ],
        [
            0.0,
            null
        ],
        [
            0.0,
            null
        ],
        [
            0.0,
            null
        ],
        [
            0.0,
            null
        ],
        [
            0.0,
            null
        ]
    ],
    "comp_est": [
        0.0005140668603171971,
        0.06413835788234463,
        6.311256132818076,
        29.205021377777747,
        27.19821304897447,
        30.50878077552239,
        30.439227715378554,
        27.608118780212376,
        23.195061484144052,
        24.694364342576222,
        27.270152929700377,
        29.901729223383725,
        39.497436323241224,
        29.55866180527103,
        29.375620562329576,
        26.838074256863315,
        38.0477504590847,
        26.885908560506724,
        29.63380028708472,
        29.05883775551241,
        25.647024399392873,
        26.31344676852454,
        26.852329750387653,
        25.574893812353487,
        29.098125087148844,
        39.38291038182084,
        27.355704270800274,
        25.82358361282291
    ],
    "fit_time": 13708.928141832352,
    "init_guess": [
        5.848410588726616e-07,
        0.05848410588726615,
        0.0,
        30.0,
        30.0,
        30.0,
        30.0,
        30.0,
        30.0,
        30.0,
        30.0,
        30.0,
        30.0,
        30.0,
        30.0,
        30.0,
        30.0,
        30.0,
        30.0,
        30.0,
        30.0,
        30.0,
        30.0,
        30.0,
        30.0,
        30.0,
        30.0,
        30.0
    ],
    "model": "Competition Model",
    "model_params": [
        "C_0",
        "N_0",
        "kn",
        "rs"
    ],
    "model_species": [
        "C",
        "N"
    ],
    "obj_fun": 0.0786835018680347,
    "zone_cols": 5,
    "zone_coords": [
        7,
        13
    ],
    "zone_rows": 5
}