{
    "argv": 599,
    "bounds": [
        [
            5.848410588726615e-12,
            0.005848410588726615
        ],
        [
            0.05848410588726615,
            0.1169682117745323
        ],
        [
            0.0,
            11.0
        ],
        [
            0.0,
            null
        ],
        [
            0.0,
            null
        ],
        [
            0.0,
            null
        ],
        [
            0.0,
            null
        ],
        [
            0.0,
            null
        ],
        [
            0.0,
            null
        ],
        [
            0.0,
            null
        ],
        [
            0.0,
            null
        ],
        [
            0.0,
            null
        ],
        [
            0.0,
            null
        ],
        [
            0.0,
            null
        ],
        [
            0.0,
            null
        ],
        [
            0.0,
            null
        ],
        [
            0.0,
            null
        ],
        [
            0.0,
            null
        ],
        [
            0.0,
            null
        ],
        [
            0.0,
            null
        ],
        [
            0.0,
            null
        ],
        [
            0.0,
            null
        ],
        [
            0.0,
            null
        ],
        [
            0.0,
            null
        ],
        [
            0.0,
            null
        ],
        [
            0.0,
            null
        ],
        [
            0.0,
            null
        ],
        [
            0.0,
            null
        ]
    ],
    "comp_est": [
        9.961315570813695e-07,
        0.058484108844837866,
        4.999996423568521,
        74.99505074420453,
        75.045131569041,
        75.03272089822596,
        74.98776184950755,
        75.00361496949728,
        75.0445739157365,
        74.99573065160675,
        74.9822514698869,
        74.99651249557259,
        75.00190287049492,
        75.0327793942894,
        74.98266982927976,
        74.99667268089237,
        75.02345764550175,
        75.02923842871246,
        74.9879738221239,
        74.9968782758015,
        74.99834101268289,
        75.00017483391511,
        74.99957169979558,
        75.0038576668396,
        74.99903478929816,
        75.03298864912679,
        74.99947876409819,
        74.98367717647345
    ],
    "fit_time": 28770.92929172516,
    "init_guess": [
        5.8484105887266145e-08,
        0.05848410588726615,
        5.0,
        75.0,
        75.0,
        75.0,
        75.0,
        75.0,
        75.0,
        75.0,
        75.0,
        75.0,
        75.0,
        75.0,
        75.0,
        75.0,
        75.0,
        75.0,
        75.0,
        75.0,
        75.0,
        75.0,
        75.0,
        75.0,
        75.0,
        75.0,
        75.0,
        75.0
    ],
    "model": "Competition Model",
    "model_params": [
        "C_0",
        "N_0",
        "kn",
        "rs"
    ],
    "model_species": [
        "C",
        "N"
    ],
    "obj_fun": 0.41633992397250746,
    "zone_cols": 5,
    "zone_coords": [
        7,
        13
    ],
    "zone_rows": 5
}