{
    "argv": 196,
    "bounds": [
        [
            5.848410588726615e-12,
            0.005848410588726615
        ],
        [
            0.05848410588726615,
            0.1169682117745323
        ],
        [
            0.0,
            11.0
        ],
        [
            0.0,
            null
        ],
        [
            0.0,
            null
        ],
        [
            0.0,
            null
        ],
        [
            0.0,
            null
        ],
        [
            0.0,
            null
        ],
        [
            0.0,
            null
        ],
        [
            0.0,
            null
        ],
        [
            0.0,
            null
        ],
        [
            0.0,
            null
        ],
        [
            0.0,
            null
        ],
        [
            0.0,
            null
        ],
        [
            0.0,
            null
        ],
        [
            0.0,
            null
        ],
        [
            0.0,
            null
        ],
        [
            0.0,
            null
        ],
        [
            0.0,
            null
        ],
        [
            0.0,
            null
        ],
        [
            0.0,
            null
        ],
        [
            0.0,
            null
        ],
        [
            0.0,
            null
        ],
        [
            0.0,
            null
        ],
        [
            0.0,
            null
        ],
        [
            0.0,
            null
        ],
        [
            0.0,
            null
        ],
        [
            0.0,
            null
        ]
    ],
    "comp_est": [
        5.900011687438341e-11,
        0.058484105891750494,
        9.0,
        55.00000030369669,
        55.000000376766714,
        55.00000040337107,
        55.00000037673508,
        55.00000030369766,
        55.000000376766714,
        55.00000037005623,
        55.00000038644693,
        55.00000037005326,
        55.00000037673418,
        55.00000040337107,
        55.00000038644693,
        55.00000037365073,
        55.00000038644805,
        55.0000004033832,
        55.00000037673508,
        55.00000037005326,
        55.00000038644805,
        55.00000037005613,
        55.000000376764596,
        55.00000030369766,
        55.00000037673418,
        55.0000004033832,
        55.000000376764596,
        55.00000030369733
    ],
    "fit_time": 32645.00269985199,
    "init_guess": [
        5.848410588726616e-11,
        0.05848410588726615,
        9.0,
        55.0,
        55.0,
        55.0,
        55.0,
        55.0,
        55.0,
        55.0,
        55.0,
        55.0,
        55.0,
        55.0,
        55.0,
        55.0,
        55.0,
        55.0,
        55.0,
        55.0,
        55.0,
        55.0,
        55.0,
        55.0,
        55.0,
        55.0,
        55.0,
        55.0
    ],
    "model": "Competition Model",
    "model_params": [
        "C_0",
        "N_0",
        "kn",
        "rs"
    ],
    "model_species": [
        "C",
        "N"
    ],
    "obj_fun": 0.6699058937207556,
    "zone_cols": 5,
    "zone_coords": [
        7,
        13
    ],
    "zone_rows": 5
}