{
    "argv": 156,
    "bounds": [
        [
            6.437222058477453e-12,
            0.006437222058477453
        ],
        [
            0.06437222058477453,
            0.12874444116954906
        ],
        [
            0.0,
            11.0
        ],
        [
            0.0,
            null
        ],
        [
            0.0,
            null
        ],
        [
            0.0,
            null
        ],
        [
            0.0,
            null
        ],
        [
            0.0,
            null
        ],
        [
            0.0,
            null
        ],
        [
            0.0,
            null
        ],
        [
            0.0,
            null
        ],
        [
            0.0,
            null
        ],
        [
            0.0,
            null
        ],
        [
            0.0,
            null
        ],
        [
            0.0,
            null
        ],
        [
            0.0,
            null
        ],
        [
            0.0,
            null
        ],
        [
            0.0,
            null
        ],
        [
            0.0,
            null
        ],
        [
            0.0,
            null
        ],
        [
            0.0,
            null
        ],
        [
            0.0,
            null
        ],
        [
            0.0,
            null
        ],
        [
            0.0,
            null
        ],
        [
            0.0,
            null
        ],
        [
            0.0,
            null
        ],
        [
            0.0,
            null
        ],
        [
            0.0,
            null
        ]
    ],
    "comp_est": [
        7.342754751509679e-05,
        0.06805120567443448,
        1.912733193402562,
        36.541871504035036,
        51.26434365598321,
        36.4683415166417,
        37.955667455892,
        37.00645273777091,
        35.53105315929662,
        36.10461773547334,
        36.890150587120125,
        33.69587665741837,
        56.47315891717029,
        53.71929434271205,
        36.844329085078066,
        35.965294549954464,
        50.02427345278897,
        34.76534615534492,
        33.20674718763816,
        48.62623782738762,
        33.58333811149551,
        54.79531383501131,
        36.02272312470239,
        36.21972697424869,
        38.69581260923235,
        38.72452185163683,
        38.29341362549955,
        33.99466107246013
    ],
    "fit_time": 32267.28953051567,
    "init_guess": [
        6.437222058477453e-11,
        0.06437222058477453,
        2.0,
        40.0,
        40.0,
        40.0,
        40.0,
        40.0,
        40.0,
        40.0,
        40.0,
        40.0,
        40.0,
        40.0,
        40.0,
        40.0,
        40.0,
        40.0,
        40.0,
        40.0,
        40.0,
        40.0,
        40.0,
        40.0,
        40.0,
        40.0,
        40.0,
        40.0
    ],
    "model": "Competition Model",
    "model_params": [
        "C_0",
        "N_0",
        "kn",
        "rs"
    ],
    "model_species": [
        "C",
        "N"
    ],
    "obj_fun": 0.08748492747954333,
    "zone_cols": 5,
    "zone_coords": [
        9,
        15
    ],
    "zone_rows": 5
}