{
    "argv": 299,
    "bounds": [
        [
            6.437222058477453e-12,
            0.006437222058477453
        ],
        [
            0.06437222058477453,
            0.12874444116954906
        ],
        [
            0.0,
            11.0
        ],
        [
            0.0,
            null
        ],
        [
            0.0,
            null
        ],
        [
            0.0,
            null
        ],
        [
            0.0,
            null
        ],
        [
            0.0,
            null
        ],
        [
            0.0,
            null
        ],
        [
            0.0,
            null
        ],
        [
            0.0,
            null
        ],
        [
            0.0,
            null
        ],
        [
            0.0,
            null
        ],
        [
            0.0,
            null
        ],
        [
            0.0,
            null
        ],
        [
            0.0,
            null
        ],
        [
            0.0,
            null
        ],
        [
            0.0,
            null
        ],
        [
            0.0,
            null
        ],
        [
            0.0,
            null
        ],
        [
            0.0,
            null
        ],
        [
            0.0,
            null
        ],
        [
            0.0,
            null
        ],
        [
            0.0,
            null
        ],
        [
            0.0,
            null
        ],
        [
            0.0,
            null
        ],
        [
            0.0,
            null
        ],
        [
            0.0,
            null
        ]
    ],
    "comp_est": [
        2.154569649031557e-05,
        0.06560866463811688,
        2.1871209303276844,
        46.364531418034495,
        62.300972502495455,
        46.408783410398534,
        47.43038475825585,
        46.75854104941909,
        45.50492964860629,
        46.10920474314874,
        46.46418428837434,
        43.68091152612903,
        68.01467959961049,
        65.12311345501921,
        46.64242779212841,
        45.882951772299265,
        61.018998701430796,
        44.631810397461436,
        43.354272297981595,
        59.128614515739166,
        43.661515195545306,
        66.20111684086524,
        46.02873362395042,
        46.013043058989616,
        48.589881030100685,
        48.5004278299601,
        48.12637413151894,
        44.10646512916827
    ],
    "fit_time": 33177.06326365471,
    "init_guess": [
        6.437222058477453e-10,
        0.06437222058477453,
        2.0,
        50.0,
        50.0,
        50.0,
        50.0,
        50.0,
        50.0,
        50.0,
        50.0,
        50.0,
        50.0,
        50.0,
        50.0,
        50.0,
        50.0,
        50.0,
        50.0,
        50.0,
        50.0,
        50.0,
        50.0,
        50.0,
        50.0,
        50.0,
        50.0,
        50.0
    ],
    "model": "Competition Model",
    "model_params": [
        "C_0",
        "N_0",
        "kn",
        "rs"
    ],
    "model_species": [
        "C",
        "N"
    ],
    "obj_fun": 0.08834700484945114,
    "zone_cols": 5,
    "zone_coords": [
        9,
        15
    ],
    "zone_rows": 5
}