{
    "argv": 12,
    "bounds": [
        [
            6.437222058477453e-12,
            0.006437222058477453
        ],
        [
            0.06437222058477453,
            0.12874444116954906
        ],
        [
            0.0,
            11.0
        ],
        [
            0.0,
            null
        ],
        [
            0.0,
            null
        ],
        [
            0.0,
            null
        ],
        [
            0.0,
            null
        ],
        [
            0.0,
            null
        ],
        [
            0.0,
            null
        ],
        [
            0.0,
            null
        ],
        [
            0.0,
            null
        ],
        [
            0.0,
            null
        ],
        [
            0.0,
            null
        ],
        [
            0.0,
            null
        ],
        [
            0.0,
            null
        ],
        [
            0.0,
            null
        ],
        [
            0.0,
            null
        ],
        [
            0.0,
            null
        ],
        [
            0.0,
            null
        ],
        [
            0.0,
            null
        ],
        [
            0.0,
            null
        ],
        [
            0.0,
            null
        ],
        [
            0.0,
            null
        ],
        [
            0.0,
            null
        ],
        [
            0.0,
            null
        ],
        [
            0.0,
            null
        ],
        [
            0.0,
            null
        ],
        [
            0.0,
            null
        ]
    ],
    "comp_est": [
        0.00035198047178180037,
        0.06863895143351231,
        8.286893472815573,
        28.075453011591012,
        39.20202492739734,
        28.00296292595959,
        29.58019561406075,
        28.723777945328628,
        27.63363191519865,
        27.997982259270024,
        28.988442638210977,
        25.793845532710996,
        41.174696632704496,
        39.86438327522132,
        28.167081436820517,
        28.122463996995407,
        37.89620680059143,
        27.108508524206492,
        23.085322074497302,
        37.54095347841063,
        24.529881138629136,
        40.768078869168335,
        28.04066198143931,
        28.237128100050136,
        29.776673860490092,
        29.995887440948966,
        29.372923910538546,
        24.933365512858288
    ],
    "fit_time": 50866.676226615906,
    "init_guess": [
        6.437222058477453e-12,
        0.06437222058477453,
        1.0,
        30.0,
        30.0,
        30.0,
        30.0,
        30.0,
        30.0,
        30.0,
        30.0,
        30.0,
        30.0,
        30.0,
        30.0,
        30.0,
        30.0,
        30.0,
        30.0,
        30.0,
        30.0,
        30.0,
        30.0,
        30.0,
        30.0,
        30.0,
        30.0,
        30.0
    ],
    "model": "Competition Model",
    "model_params": [
        "C_0",
        "N_0",
        "kn",
        "rs"
    ],
    "model_species": [
        "C",
        "N"
    ],
    "obj_fun": 0.10078412353504895,
    "zone_cols": 5,
    "zone_coords": [
        9,
        15
    ],
    "zone_rows": 5
}