{
    "argv": 664,
    "bounds": [
        [
            6.437222058477453e-12,
            0.006437222058477453
        ],
        [
            0.06437222058477453,
            0.12874444116954906
        ],
        [
            0.0,
            11.0
        ],
        [
            0.0,
            null
        ],
        [
            0.0,
            null
        ],
        [
            0.0,
            null
        ],
        [
            0.0,
            null
        ],
        [
            0.0,
            null
        ],
        [
            0.0,
            null
        ],
        [
            0.0,
            null
        ],
        [
            0.0,
            null
        ],
        [
            0.0,
            null
        ],
        [
            0.0,
            null
        ],
        [
            0.0,
            null
        ],
        [
            0.0,
            null
        ],
        [
            0.0,
            null
        ],
        [
            0.0,
            null
        ],
        [
            0.0,
            null
        ],
        [
            0.0,
            null
        ],
        [
            0.0,
            null
        ],
        [
            0.0,
            null
        ],
        [
            0.0,
            null
        ],
        [
            0.0,
            null
        ],
        [
            0.0,
            null
        ],
        [
            0.0,
            null
        ],
        [
            0.0,
            null
        ],
        [
            0.0,
            null
        ],
        [
            0.0,
            null
        ]
    ],
    "comp_est": [
        6.437222189682359e-07,
        0.06437222058597841,
        4.0,
        49.999999999064904,
        50.00000001866419,
        50.00000002127863,
        50.000000018453605,
        49.999999999740055,
        50.00000001866412,
        49.999999999064904,
        49.999999999064904,
        49.999999999064904,
        50.000000018664124,
        50.0000000212787,
        49.999999999064904,
        49.999999999064904,
        49.999999999064904,
        50.000000021277174,
        50.00000001845359,
        49.999999999064904,
        49.999999999064904,
        49.999999999064904,
        50.00000001845681,
        49.999999999740055,
        50.00000001866405,
        50.00000002127718,
        50.00000001845682,
        49.999999999064904
    ],
    "fit_time": 48629.938271045685,
    "init_guess": [
        6.437222058477454e-07,
        0.06437222058477453,
        4.0,
        50.0,
        50.0,
        50.0,
        50.0,
        50.0,
        50.0,
        50.0,
        50.0,
        50.0,
        50.0,
        50.0,
        50.0,
        50.0,
        50.0,
        50.0,
        50.0,
        50.0,
        50.0,
        50.0,
        50.0,
        50.0,
        50.0,
        50.0,
        50.0,
        50.0
    ],
    "model": "Competition Model",
    "model_params": [
        "C_0",
        "N_0",
        "kn",
        "rs"
    ],
    "model_species": [
        "C",
        "N"
    ],
    "obj_fun": 0.6770038378464309,
    "zone_cols": 5,
    "zone_coords": [
        9,
        15
    ],
    "zone_rows": 5
}