{
    "argv": 1152,
    "bounds": [
        [
            6.437222058477453e-12,
            0.006437222058477453
        ],
        [
            0.06437222058477453,
            0.12874444116954906
        ],
        [
            0.0,
            11.0
        ],
        [
            0.0,
            null
        ],
        [
            0.0,
            null
        ],
        [
            0.0,
            null
        ],
        [
            0.0,
            null
        ],
        [
            0.0,
            null
        ],
        [
            0.0,
            null
        ],
        [
            0.0,
            null
        ],
        [
            0.0,
            null
        ],
        [
            0.0,
            null
        ],
        [
            0.0,
            null
        ],
        [
            0.0,
            null
        ],
        [
            0.0,
            null
        ],
        [
            0.0,
            null
        ],
        [
            0.0,
            null
        ],
        [
            0.0,
            null
        ],
        [
            0.0,
            null
        ],
        [
            0.0,
            null
        ],
        [
            0.0,
            null
        ],
        [
            0.0,
            null
        ],
        [
            0.0,
            null
        ],
        [
            0.0,
            null
        ],
        [
            0.0,
            null
        ],
        [
            0.0,
            null
        ],
        [
            0.0,
            null
        ],
        [
            0.0,
            null
        ]
    ],
    "comp_est": [
        0.006437222058476891,
        0.06437222058477453,
        8.0,
        50.00000003204017,
        50.00000003715725,
        50.000000022253836,
        50.00000002978472,
        50.000000036466915,
        50.00000003415369,
        50.00000001036026,
        50.00000000354345,
        50.00000002962225,
        50.000000048076004,
        50.000000022556385,
        50.00000000353716,
        50.00000002725057,
        50.00000001851058,
        50.00000003888169,
        50.00000003358453,
        50.00000003007802,
        50.00000002218125,
        50.000000013975594,
        50.00000001977707,
        50.00000003916286,
        50.0000000523459,
        50.00000003840141,
        50.000000022858956,
        50.00000001076439
    ],
    "fit_time": 41791.415244817734,
    "init_guess": [
        0.006437222058477453,
        0.06437222058477453,
        8.0,
        50.0,
        50.0,
        50.0,
        50.0,
        50.0,
        50.0,
        50.0,
        50.0,
        50.0,
        50.0,
        50.0,
        50.0,
        50.0,
        50.0,
        50.0,
        50.0,
        50.0,
        50.0,
        50.0,
        50.0,
        50.0,
        50.0,
        50.0,
        50.0,
        50.0
    ],
    "model": "Competition Model",
    "model_params": [
        "C_0",
        "N_0",
        "kn",
        "rs"
    ],
    "model_species": [
        "C",
        "N"
    ],
    "obj_fun": 0.8383306159453716,
    "zone_cols": 5,
    "zone_coords": [
        9,
        15
    ],
    "zone_rows": 5
}