{
    "argv": 899,
    "bounds": [
        [
            6.437222058477453e-12,
            0.006437222058477453
        ],
        [
            0.06437222058477453,
            0.12874444116954906
        ],
        [
            0.0,
            11.0
        ],
        [
            0.0,
            null
        ],
        [
            0.0,
            null
        ],
        [
            0.0,
            null
        ],
        [
            0.0,
            null
        ],
        [
            0.0,
            null
        ],
        [
            0.0,
            null
        ],
        [
            0.0,
            null
        ],
        [
            0.0,
            null
        ],
        [
            0.0,
            null
        ],
        [
            0.0,
            null
        ],
        [
            0.0,
            null
        ],
        [
            0.0,
            null
        ],
        [
            0.0,
            null
        ],
        [
            0.0,
            null
        ],
        [
            0.0,
            null
        ],
        [
            0.0,
            null
        ],
        [
            0.0,
            null
        ],
        [
            0.0,
            null
        ],
        [
            0.0,
            null
        ],
        [
            0.0,
            null
        ],
        [
            0.0,
            null
        ],
        [
            0.0,
            null
        ],
        [
            0.0,
            null
        ],
        [
            0.0,
            null
        ],
        [
            0.0,
            null
        ]
    ],
    "comp_est": [
        6.43722201264211e-05,
        0.0643722424342052,
        8.000000000000053,
        44.999999893615275,
        45.000001511776766,
        45.00000010742737,
        45.00000153772616,
        45.00000140915657,
        45.000001509571085,
        45.00000126119028,
        45.0000012093342,
        44.99999966204017,
        45.00000152721744,
        45.000000109835696,
        45.00000120938899,
        45.00000051497503,
        45.00000120416785,
        44.999999966398384,
        45.000001537158035,
        44.999999664222486,
        45.000001202323304,
        45.00000001656312,
        45.000001528933325,
        45.00000140907951,
        45.00000152480752,
        44.99999996689997,
        45.000001529160464,
        45.00000132695993
    ],
    "fit_time": 24629.763835191727,
    "init_guess": [
        6.437222058477453e-05,
        0.06437222058477453,
        8.0,
        45.0,
        45.0,
        45.0,
        45.0,
        45.0,
        45.0,
        45.0,
        45.0,
        45.0,
        45.0,
        45.0,
        45.0,
        45.0,
        45.0,
        45.0,
        45.0,
        45.0,
        45.0,
        45.0,
        45.0,
        45.0,
        45.0,
        45.0,
        45.0,
        45.0
    ],
    "model": "Competition Model",
    "model_params": [
        "C_0",
        "N_0",
        "kn",
        "rs"
    ],
    "model_species": [
        "C",
        "N"
    ],
    "obj_fun": 0.5707921101327142,
    "zone_cols": 5,
    "zone_coords": [
        9,
        15
    ],
    "zone_rows": 5
}