{
    "argv": 37,
    "bounds": [
        [
            6.437222058477453e-12,
            0.006437222058477453
        ],
        [
            0.06437222058477453,
            0.12874444116954906
        ],
        [
            0.0,
            11.0
        ],
        [
            0.0,
            null
        ],
        [
            0.0,
            null
        ],
        [
            0.0,
            null
        ],
        [
            0.0,
            null
        ],
        [
            0.0,
            null
        ],
        [
            0.0,
            null
        ],
        [
            0.0,
            null
        ],
        [
            0.0,
            null
        ],
        [
            0.0,
            null
        ],
        [
            0.0,
            null
        ],
        [
            0.0,
            null
        ],
        [
            0.0,
            null
        ],
        [
            0.0,
            null
        ],
        [
            0.0,
            null
        ],
        [
            0.0,
            null
        ],
        [
            0.0,
            null
        ],
        [
            0.0,
            null
        ],
        [
            0.0,
            null
        ],
        [
            0.0,
            null
        ],
        [
            0.0,
            null
        ],
        [
            0.0,
            null
        ],
        [
            0.0,
            null
        ],
        [
            0.0,
            null
        ],
        [
            0.0,
            null
        ],
        [
            0.0,
            null
        ]
    ],
    "comp_est": [
        0.00010070442804964556,
        0.0673319219452614,
        6.017597966315241,
        37.060657732740545,
        48.39055292722336,
        36.79112078682071,
        39.91753131318362,
        39.56001658130984,
        35.738769686985066,
        36.50861245615682,
        37.13487051498434,
        34.44581526975644,
        51.90130281571245,
        48.872353064464335,
        38.3451988945262,
        36.2155313532076,
        47.28899717759388,
        36.81574886011725,
        32.02759599836499,
        46.54015974962349,
        32.951780534940205,
        50.63661034652601,
        36.101607340941214,
        33.88301271060072,
        38.49475500273646,
        38.3458447046046,
        38.524605284767986,
        30.906939779490298
    ],
    "fit_time": 86849.30163669586,
    "init_guess": [
        6.437222058477453e-12,
        0.06437222058477453,
        4.0,
        40.0,
        40.0,
        40.0,
        40.0,
        40.0,
        40.0,
        40.0,
        40.0,
        40.0,
        40.0,
        40.0,
        40.0,
        40.0,
        40.0,
        40.0,
        40.0,
        40.0,
        40.0,
        40.0,
        40.0,
        40.0,
        40.0,
        40.0,
        40.0,
        40.0
    ],
    "model": "Competition Model",
    "model_params": [
        "C_0",
        "N_0",
        "kn",
        "rs"
    ],
    "model_species": [
        "C",
        "N"
    ],
    "obj_fun": 0.07807739493625744,
    "zone_cols": 5,
    "zone_coords": [
        9,
        15
    ],
    "zone_rows": 5
}