{
    "argv": 250,
    "bounds": [
        [
            6.437222058477453e-12,
            0.006437222058477453
        ],
        [
            0.06437222058477453,
            0.12874444116954906
        ],
        [
            0.0,
            11.0
        ],
        [
            0.0,
            null
        ],
        [
            0.0,
            null
        ],
        [
            0.0,
            null
        ],
        [
            0.0,
            null
        ],
        [
            0.0,
            null
        ],
        [
            0.0,
            null
        ],
        [
            0.0,
            null
        ],
        [
            0.0,
            null
        ],
        [
            0.0,
            null
        ],
        [
            0.0,
            null
        ],
        [
            0.0,
            null
        ],
        [
            0.0,
            null
        ],
        [
            0.0,
            null
        ],
        [
            0.0,
            null
        ],
        [
            0.0,
            null
        ],
        [
            0.0,
            null
        ],
        [
            0.0,
            null
        ],
        [
            0.0,
            null
        ],
        [
            0.0,
            null
        ],
        [
            0.0,
            null
        ],
        [
            0.0,
            null
        ],
        [
            0.0,
            null
        ],
        [
            0.0,
            null
        ],
        [
            0.0,
            null
        ],
        [
            0.0,
            null
        ]
    ],
    "comp_est": [
        6.584942017473059e-10,
        0.06437222058477453,
        7.999999999766479,
        25.000000918006208,
        25.000000921837128,
        25.000000919336305,
        25.000000921519252,
        25.000000964937332,
        25.00000092183735,
        25.000001181062892,
        24.999985637643057,
        25.000001146489183,
        25.00000092171918,
        25.000000919336397,
        24.999985637642975,
        25.000001191247353,
        25.000001217933946,
        25.00000091940887,
        25.00000092151935,
        25.000001146489456,
        25.000001217933985,
        25.000001137834218,
        25.000000921561682,
        25.00000096493726,
        25.000000921719078,
        25.000000919409068,
        25.00000092156108,
        25.000001009596108
    ],
    "fit_time": 75391.43246817589,
    "init_guess": [
        6.437222058477453e-10,
        0.06437222058477453,
        8.0,
        25.0,
        25.0,
        25.0,
        25.0,
        25.0,
        25.0,
        25.0,
        25.0,
        25.0,
        25.0,
        25.0,
        25.0,
        25.0,
        25.0,
        25.0,
        25.0,
        25.0,
        25.0,
        25.0,
        25.0,
        25.0,
        25.0,
        25.0,
        25.0,
        25.0
    ],
    "model": "Competition Model",
    "model_params": [
        "C_0",
        "N_0",
        "kn",
        "rs"
    ],
    "model_species": [
        "C",
        "N"
    ],
    "obj_fun": 0.8276329939943345,
    "zone_cols": 5,
    "zone_coords": [
        9,
        15
    ],
    "zone_rows": 5
}