{
    "argv": 352,
    "bounds": [
        [
            6.437222058477453e-12,
            0.006437222058477453
        ],
        [
            0.06437222058477453,
            0.12874444116954906
        ],
        [
            0.0,
            11.0
        ],
        [
            0.0,
            null
        ],
        [
            0.0,
            null
        ],
        [
            0.0,
            null
        ],
        [
            0.0,
            null
        ],
        [
            0.0,
            null
        ],
        [
            0.0,
            null
        ],
        [
            0.0,
            null
        ],
        [
            0.0,
            null
        ],
        [
            0.0,
            null
        ],
        [
            0.0,
            null
        ],
        [
            0.0,
            null
        ],
        [
            0.0,
            null
        ],
        [
            0.0,
            null
        ],
        [
            0.0,
            null
        ],
        [
            0.0,
            null
        ],
        [
            0.0,
            null
        ],
        [
            0.0,
            null
        ],
        [
            0.0,
            null
        ],
        [
            0.0,
            null
        ],
        [
            0.0,
            null
        ],
        [
            0.0,
            null
        ],
        [
            0.0,
            null
        ],
        [
            0.0,
            null
        ],
        [
            0.0,
            null
        ],
        [
            0.0,
            null
        ]
    ],
    "comp_est": [
        6.578428710120408e-07,
        0.06582131646109361,
        1.186649401461768,
        66.92883446670243,
        89.32212594264506,
        65.11581371970642,
        67.94195293501761,
        72.39920511820154,
        66.2018789682073,
        66.52107552967777,
        65.08356901610499,
        64.90126493382404,
        104.25474692061897,
        93.88656010231792,
        70.32807660417573,
        66.21538544280492,
        88.3968995852954,
        70.55321878158635,
        34.20614877506189,
        82.05199560266105,
        63.081362121452614,
        97.0046214003039,
        65.14443816008439,
        57.92399200292903,
        65.495384516539,
        66.07395243429757,
        66.73546191668028,
        17.991174041646477
    ],
    "fit_time": 6586.3966608047485,
    "init_guess": [
        6.437222058477453e-10,
        0.06437222058477453,
        0.0,
        75.0,
        75.0,
        75.0,
        75.0,
        75.0,
        75.0,
        75.0,
        75.0,
        75.0,
        75.0,
        75.0,
        75.0,
        75.0,
        75.0,
        75.0,
        75.0,
        75.0,
        75.0,
        75.0,
        75.0,
        75.0,
        75.0,
        75.0,
        75.0,
        75.0
    ],
    "model": "Competition Model",
    "model_params": [
        "C_0",
        "N_0",
        "kn",
        "rs"
    ],
    "model_species": [
        "C",
        "N"
    ],
    "obj_fun": 0.06124741875866874,
    "zone_cols": 5,
    "zone_coords": [
        9,
        15
    ],
    "zone_rows": 5
}