{
    "argv": 1017,
    "bounds": [
        [
            5.848410588726615e-12,
            0.005848410588726615
        ],
        [
            0.05848410588726615,
            0.1169682117745323
        ],
        [
            0.0,
            11.0
        ],
        [
            0.0,
            null
        ],
        [
            0.0,
            null
        ],
        [
            0.0,
            null
        ],
        [
            0.0,
            null
        ],
        [
            0.0,
            null
        ],
        [
            0.0,
            null
        ],
        [
            0.0,
            null
        ],
        [
            0.0,
            null
        ],
        [
            0.0,
            null
        ],
        [
            0.0,
            null
        ],
        [
            0.0,
            null
        ],
        [
            0.0,
            null
        ],
        [
            0.0,
            null
        ],
        [
            0.0,
            null
        ],
        [
            0.0,
            null
        ],
        [
            0.0,
            null
        ],
        [
            0.0,
            null
        ],
        [
            0.0,
            null
        ],
        [
            0.0,
            null
        ],
        [
            0.0,
            null
        ],
        [
            0.0,
            null
        ],
        [
            0.0,
            null
        ],
        [
            0.0,
            null
        ],
        [
            0.0,
            null
        ],
        [
            0.0,
            null
        ]
    ],
    "comp_est": [
        0.00010366773430902645,
        0.058786978753609345,
        5.860556462271549,
        44.13372808472707,
        42.388429705181174,
        45.459732791798096,
        45.10775766691222,
        42.18016876070192,
        38.769530398662944,
        40.58612610749196,
        41.83001540707937,
        45.91017411715494,
        59.12078786025655,
        44.77162390568893,
        44.41739736607389,
        43.14746039938104,
        55.920359149942065,
        42.04835036102818,
        44.97195428347717,
        45.001775209170994,
        39.827973881467294,
        42.52823805557994,
        41.947464709569694,
        41.41524758142265,
        46.28300447525095,
        56.88905105136138,
        42.366767817524135,
        41.5645716086097
    ],
    "fit_time": 42924.01580119133,
    "init_guess": [
        0.0005848410588726615,
        0.05848410588726615,
        5.0,
        45.0,
        45.0,
        45.0,
        45.0,
        45.0,
        45.0,
        45.0,
        45.0,
        45.0,
        45.0,
        45.0,
        45.0,
        45.0,
        45.0,
        45.0,
        45.0,
        45.0,
        45.0,
        45.0,
        45.0,
        45.0,
        45.0,
        45.0,
        45.0,
        45.0
    ],
    "model": "Competition Model",
    "model_params": [
        "C_0",
        "N_0",
        "kn",
        "rs"
    ],
    "model_species": [
        "C",
        "N"
    ],
    "obj_fun": 0.07961760547283063,
    "zone_cols": 5,
    "zone_coords": [
        7,
        13
    ],
    "zone_rows": 5
}