{
    "argv": 937,
    "bounds": [
        [
            5.848410588726615e-12,
            0.005848410588726615
        ],
        [
            0.05848410588726615,
            0.1169682117745323
        ],
        [
            0.0,
            11.0
        ],
        [
            0.0,
            null
        ],
        [
            0.0,
            null
        ],
        [
            0.0,
            null
        ],
        [
            0.0,
            null
        ],
        [
            0.0,
            null
        ],
        [
            0.0,
            null
        ],
        [
            0.0,
            null
        ],
        [
            0.0,
            null
        ],
        [
            0.0,
            null
        ],
        [
            0.0,
            null
        ],
        [
            0.0,
            null
        ],
        [
            0.0,
            null
        ],
        [
            0.0,
            null
        ],
        [
            0.0,
            null
        ],
        [
            0.0,
            null
        ],
        [
            0.0,
            null
        ],
        [
            0.0,
            null
        ],
        [
            0.0,
            null
        ],
        [
            0.0,
            null
        ],
        [
            0.0,
            null
        ],
        [
            0.0,
            null
        ],
        [
            0.0,
            null
        ],
        [
            0.0,
            null
        ],
        [
            0.0,
            null
        ],
        [
            0.0,
            null
        ]
    ],
    "comp_est": [
        5.9508659446282335e-06,
        0.05848410588726615,
        6.42280142129403,
        63.68853128722194,
        62.66803275639991,
        65.40503900094711,
        64.82854725903049,
        60.72457293463753,
        60.00477867820298,
        61.22701686417091,
        63.973217519565395,
        61.34985270473407,
        79.19871766200556,
        65.29670020846963,
        65.85963768707198,
        63.22661992472329,
        75.78831883420094,
        64.21132566462141,
        64.43649911552602,
        64.08663277818802,
        63.96723140187552,
        62.14098378482785,
        60.876491897950935,
        61.89387648307837,
        66.36843428251323,
        77.7189279483827,
        61.32446656677,
        61.9681085765166
    ],
    "fit_time": 30192.833315610886,
    "init_guess": [
        5.848410588726615e-05,
        0.05848410588726615,
        2.0,
        65.0,
        65.0,
        65.0,
        65.0,
        65.0,
        65.0,
        65.0,
        65.0,
        65.0,
        65.0,
        65.0,
        65.0,
        65.0,
        65.0,
        65.0,
        65.0,
        65.0,
        65.0,
        65.0,
        65.0,
        65.0,
        65.0,
        65.0,
        65.0,
        65.0
    ],
    "model": "Competition Model",
    "model_params": [
        "C_0",
        "N_0",
        "kn",
        "rs"
    ],
    "model_species": [
        "C",
        "N"
    ],
    "obj_fun": 0.12029944684429095,
    "zone_cols": 5,
    "zone_coords": [
        7,
        13
    ],
    "zone_rows": 5
}