{
    "argv": 1086,
    "bounds": [
        [
            5.848410588726615e-12,
            0.005848410588726615
        ],
        [
            0.05848410588726615,
            0.1169682117745323
        ],
        [
            0.0,
            11.0
        ],
        [
            0.0,
            null
        ],
        [
            0.0,
            null
        ],
        [
            0.0,
            null
        ],
        [
            0.0,
            null
        ],
        [
            0.0,
            null
        ],
        [
            0.0,
            null
        ],
        [
            0.0,
            null
        ],
        [
            0.0,
            null
        ],
        [
            0.0,
            null
        ],
        [
            0.0,
            null
        ],
        [
            0.0,
            null
        ],
        [
            0.0,
            null
        ],
        [
            0.0,
            null
        ],
        [
            0.0,
            null
        ],
        [
            0.0,
            null
        ],
        [
            0.0,
            null
        ],
        [
            0.0,
            null
        ],
        [
            0.0,
            null
        ],
        [
            0.0,
            null
        ],
        [
            0.0,
            null
        ],
        [
            0.0,
            null
        ],
        [
            0.0,
            null
        ],
        [
            0.0,
            null
        ],
        [
            0.0,
            null
        ],
        [
            0.0,
            null
        ]
    ],
    "comp_est": [
        0.0005848410582968651,
        0.05848410588726615,
        8.000000000081368,
        74.99999858044195,
        74.99999895596183,
        74.99999837914122,
        74.9999988743071,
        75.00000042598242,
        74.9999989090832,
        74.99999816941337,
        74.99999935502181,
        74.99999827673203,
        74.99999888005831,
        74.99999803074623,
        74.9999993478728,
        74.9999976736336,
        74.99999921427019,
        75.000000339511,
        74.99999883672885,
        74.99999828016166,
        74.99999920663275,
        74.99999820636357,
        74.99999900342291,
        75.00000042071393,
        74.99999883375611,
        75.00000034187325,
        74.99999890754661,
        74.99999831533482
    ],
    "fit_time": 29435.802607536316,
    "init_guess": [
        0.0005848410588726615,
        0.05848410588726615,
        8.0,
        75.0,
        75.0,
        75.0,
        75.0,
        75.0,
        75.0,
        75.0,
        75.0,
        75.0,
        75.0,
        75.0,
        75.0,
        75.0,
        75.0,
        75.0,
        75.0,
        75.0,
        75.0,
        75.0,
        75.0,
        75.0,
        75.0,
        75.0,
        75.0,
        75.0
    ],
    "model": "Competition Model",
    "model_params": [
        "C_0",
        "N_0",
        "kn",
        "rs"
    ],
    "model_species": [
        "C",
        "N"
    ],
    "obj_fun": 0.5702308129512778,
    "zone_cols": 5,
    "zone_coords": [
        7,
        13
    ],
    "zone_rows": 5
}