{
    "argv": 140,
    "bounds": [
        [
            5.848410588726615e-12,
            0.005848410588726615
        ],
        [
            0.05848410588726615,
            0.1169682117745323
        ],
        [
            0.0,
            11.0
        ],
        [
            0.0,
            null
        ],
        [
            0.0,
            null
        ],
        [
            0.0,
            null
        ],
        [
            0.0,
            null
        ],
        [
            0.0,
            null
        ],
        [
            0.0,
            null
        ],
        [
            0.0,
            null
        ],
        [
            0.0,
            null
        ],
        [
            0.0,
            null
        ],
        [
            0.0,
            null
        ],
        [
            0.0,
            null
        ],
        [
            0.0,
            null
        ],
        [
            0.0,
            null
        ],
        [
            0.0,
            null
        ],
        [
            0.0,
            null
        ],
        [
            0.0,
            null
        ],
        [
            0.0,
            null
        ],
        [
            0.0,
            null
        ],
        [
            0.0,
            null
        ],
        [
            0.0,
            null
        ],
        [
            0.0,
            null
        ],
        [
            0.0,
            null
        ],
        [
            0.0,
            null
        ],
        [
            0.0,
            null
        ],
        [
            0.0,
            null
        ]
    ],
    "comp_est": [
        3.329686940838987e-08,
        0.05862687462568526,
        8.000000058392171,
        30.000023415565288,
        30.000056746103756,
        30.000059885692803,
        30.00005701349336,
        30.00004509357635,
        30.000056746194797,
        30.00005882741083,
        30.000057118021783,
        30.00005847977261,
        30.00005619322666,
        30.000059885700466,
        30.000057118021708,
        30.000062836692326,
        30.00005762983839,
        30.000059678216832,
        30.000057013476127,
        30.000058479882064,
        30.00005762953612,
        30.00005856482581,
        30.000050205122236,
        30.000045093633876,
        30.000056193042386,
        30.0000596784054,
        30.000050205118455,
        29.999940425919274
    ],
    "fit_time": 40088.15210270882,
    "init_guess": [
        5.848410588726616e-11,
        0.05848410588726615,
        8.0,
        30.0,
        30.0,
        30.0,
        30.0,
        30.0,
        30.0,
        30.0,
        30.0,
        30.0,
        30.0,
        30.0,
        30.0,
        30.0,
        30.0,
        30.0,
        30.0,
        30.0,
        30.0,
        30.0,
        30.0,
        30.0,
        30.0,
        30.0,
        30.0,
        30.0
    ],
    "model": "Competition Model",
    "model_params": [
        "C_0",
        "N_0",
        "kn",
        "rs"
    ],
    "model_species": [
        "C",
        "N"
    ],
    "obj_fun": 0.6700406306650956,
    "zone_cols": 5,
    "zone_coords": [
        7,
        13
    ],
    "zone_rows": 5
}