{
    "argv": 946,
    "bounds": [
        [
            5.848410588726615e-12,
            0.005848410588726615
        ],
        [
            0.05848410588726615,
            0.1169682117745323
        ],
        [
            0.0,
            11.0
        ],
        [
            0.0,
            null
        ],
        [
            0.0,
            null
        ],
        [
            0.0,
            null
        ],
        [
            0.0,
            null
        ],
        [
            0.0,
            null
        ],
        [
            0.0,
            null
        ],
        [
            0.0,
            null
        ],
        [
            0.0,
            null
        ],
        [
            0.0,
            null
        ],
        [
            0.0,
            null
        ],
        [
            0.0,
            null
        ],
        [
            0.0,
            null
        ],
        [
            0.0,
            null
        ],
        [
            0.0,
            null
        ],
        [
            0.0,
            null
        ],
        [
            0.0,
            null
        ],
        [
            0.0,
            null
        ],
        [
            0.0,
            null
        ],
        [
            0.0,
            null
        ],
        [
            0.0,
            null
        ],
        [
            0.0,
            null
        ],
        [
            0.0,
            null
        ],
        [
            0.0,
            null
        ],
        [
            0.0,
            null
        ],
        [
            0.0,
            null
        ]
    ],
    "comp_est": [
        2.890531004030661e-06,
        0.05848410588726615,
        4.365686401626026,
        68.5711879435178,
        67.14754808742659,
        69.65790791947187,
        70.11851994026586,
        68.21454612552466,
        63.94095083083933,
        65.07721660657582,
        67.42565203410774,
        70.6306054028315,
        86.59936251356815,
        68.8500722653474,
        68.69535407557728,
        67.64822555097038,
        81.43673122431801,
        67.98722152179862,
        68.81692872944394,
        68.92025669737282,
        66.72497927185836,
        67.17209353718378,
        67.02389160421085,
        65.7675193600059,
        69.75675456434,
        85.52268069759667,
        68.3577698621802,
        65.93692123980406
    ],
    "fit_time": 15354.960414886475,
    "init_guess": [
        5.848410588726615e-05,
        0.05848410588726615,
        0.0,
        70.0,
        70.0,
        70.0,
        70.0,
        70.0,
        70.0,
        70.0,
        70.0,
        70.0,
        70.0,
        70.0,
        70.0,
        70.0,
        70.0,
        70.0,
        70.0,
        70.0,
        70.0,
        70.0,
        70.0,
        70.0,
        70.0,
        70.0,
        70.0,
        70.0
    ],
    "model": "Competition Model",
    "model_params": [
        "C_0",
        "N_0",
        "kn",
        "rs"
    ],
    "model_species": [
        "C",
        "N"
    ],
    "obj_fun": 0.10723403313363447,
    "zone_cols": 5,
    "zone_coords": [
        7,
        13
    ],
    "zone_rows": 5
}