{
    "argv": 685,
    "bounds": [
        [
            5.848410588726615e-12,
            0.005848410588726615
        ],
        [
            0.05848410588726615,
            0.1169682117745323
        ],
        [
            0.0,
            11.0
        ],
        [
            0.0,
            null
        ],
        [
            0.0,
            null
        ],
        [
            0.0,
            null
        ],
        [
            0.0,
            null
        ],
        [
            0.0,
            null
        ],
        [
            0.0,
            null
        ],
        [
            0.0,
            null
        ],
        [
            0.0,
            null
        ],
        [
            0.0,
            null
        ],
        [
            0.0,
            null
        ],
        [
            0.0,
            null
        ],
        [
            0.0,
            null
        ],
        [
            0.0,
            null
        ],
        [
            0.0,
            null
        ],
        [
            0.0,
            null
        ],
        [
            0.0,
            null
        ],
        [
            0.0,
            null
        ],
        [
            0.0,
            null
        ],
        [
            0.0,
            null
        ],
        [
            0.0,
            null
        ],
        [
            0.0,
            null
        ],
        [
            0.0,
            null
        ],
        [
            0.0,
            null
        ],
        [
            0.0,
            null
        ],
        [
            0.0,
            null
        ]
    ],
    "comp_est": [
        1.188377527845677e-05,
        0.05848410588726615,
        11.0,
        60.78210503999568,
        59.3394419356214,
        61.10767076823952,
        59.757460445259206,
        56.9872270902986,
        57.24963743156832,
        57.16644380276845,
        57.57022925525932,
        57.74262413663098,
        70.68682391507329,
        61.26773042822049,
        59.56102947687494,
        57.15436095686816,
        70.36451888857957,
        57.13485089544882,
        60.56841200873735,
        59.27000491500322,
        55.71682262976307,
        56.37181240050573,
        58.75298507231809,
        57.81151542034679,
        59.55273487053628,
        71.41575368762922,
        58.47104243034182,
        57.83724543413087
    ],
    "fit_time": 42691.596250772476,
    "init_guess": [
        5.848410588726616e-07,
        0.05848410588726615,
        3.0,
        60.0,
        60.0,
        60.0,
        60.0,
        60.0,
        60.0,
        60.0,
        60.0,
        60.0,
        60.0,
        60.0,
        60.0,
        60.0,
        60.0,
        60.0,
        60.0,
        60.0,
        60.0,
        60.0,
        60.0,
        60.0,
        60.0,
        60.0,
        60.0,
        60.0
    ],
    "model": "Competition Model",
    "model_params": [
        "C_0",
        "N_0",
        "kn",
        "rs"
    ],
    "model_species": [
        "C",
        "N"
    ],
    "obj_fun": 0.11749447338782482,
    "zone_cols": 5,
    "zone_coords": [
        7,
        13
    ],
    "zone_rows": 5
}