{
    "argv": 415,
    "bounds": [
        [
            5.848410588726615e-12,
            0.005848410588726615
        ],
        [
            0.05848410588726615,
            0.1169682117745323
        ],
        [
            0.0,
            11.0
        ],
        [
            0.0,
            null
        ],
        [
            0.0,
            null
        ],
        [
            0.0,
            null
        ],
        [
            0.0,
            null
        ],
        [
            0.0,
            null
        ],
        [
            0.0,
            null
        ],
        [
            0.0,
            null
        ],
        [
            0.0,
            null
        ],
        [
            0.0,
            null
        ],
        [
            0.0,
            null
        ],
        [
            0.0,
            null
        ],
        [
            0.0,
            null
        ],
        [
            0.0,
            null
        ],
        [
            0.0,
            null
        ],
        [
            0.0,
            null
        ],
        [
            0.0,
            null
        ],
        [
            0.0,
            null
        ],
        [
            0.0,
            null
        ],
        [
            0.0,
            null
        ],
        [
            0.0,
            null
        ],
        [
            0.0,
            null
        ],
        [
            0.0,
            null
        ],
        [
            0.0,
            null
        ],
        [
            0.0,
            null
        ],
        [
            0.0,
            null
        ]
    ],
    "comp_est": [
        0.0003085125375128901,
        0.05848410588726615,
        7.992253023586549,
        45.007375398958956,
        44.91517784101992,
        45.08977003739616,
        44.91719389315961,
        44.89012276513358,
        44.95689822112401,
        45.1126100069783,
        44.84340033106183,
        44.99811597756657,
        44.97069057160011,
        45.069573574463256,
        44.90404186729881,
        45.08964917011166,
        44.9575438380582,
        44.96944518719375,
        44.966971891114355,
        45.08742448406975,
        44.93431466324007,
        44.96011607954179,
        44.97329552535904,
        44.99109102545218,
        44.90423505078706,
        45.057137622655794,
        44.97026841292842,
        44.962912937941844
    ],
    "fit_time": 43612.97284293175,
    "init_guess": [
        5.848410588726615e-09,
        0.05848410588726615,
        8.0,
        45.0,
        45.0,
        45.0,
        45.0,
        45.0,
        45.0,
        45.0,
        45.0,
        45.0,
        45.0,
        45.0,
        45.0,
        45.0,
        45.0,
        45.0,
        45.0,
        45.0,
        45.0,
        45.0,
        45.0,
        45.0,
        45.0,
        45.0,
        45.0,
        45.0
    ],
    "model": "Competition Model",
    "model_params": [
        "C_0",
        "N_0",
        "kn",
        "rs"
    ],
    "model_species": [
        "C",
        "N"
    ],
    "obj_fun": 0.4243587311550761,
    "zone_cols": 5,
    "zone_coords": [
        7,
        13
    ],
    "zone_rows": 5
}