{
    "argv": 290,
    "bounds": [
        [
            6.437222058477453e-12,
            0.006437222058477453
        ],
        [
            0.06437222058477453,
            0.12874444116954906
        ],
        [
            0.0,
            11.0
        ],
        [
            0.0,
            null
        ],
        [
            0.0,
            null
        ],
        [
            0.0,
            null
        ],
        [
            0.0,
            null
        ],
        [
            0.0,
            null
        ],
        [
            0.0,
            null
        ],
        [
            0.0,
            null
        ],
        [
            0.0,
            null
        ],
        [
            0.0,
            null
        ],
        [
            0.0,
            null
        ],
        [
            0.0,
            null
        ],
        [
            0.0,
            null
        ],
        [
            0.0,
            null
        ],
        [
            0.0,
            null
        ],
        [
            0.0,
            null
        ],
        [
            0.0,
            null
        ],
        [
            0.0,
            null
        ],
        [
            0.0,
            null
        ],
        [
            0.0,
            null
        ],
        [
            0.0,
            null
        ],
        [
            0.0,
            null
        ],
        [
            0.0,
            null
        ],
        [
            0.0,
            null
        ],
        [
            0.0,
            null
        ],
        [
            0.0,
            null
        ]
    ],
    "comp_est": [
        1.2803928510640218e-06,
        0.06438752267986017,
        4.0,
        44.988634886949434,
        44.988634886949434,
        44.988634886949434,
        44.988634886949434,
        44.988634886949434,
        44.988634886949434,
        44.988634886949434,
        44.988634886949434,
        44.988634886949434,
        44.988634886949434,
        44.988634886949434,
        44.988634886949434,
        44.988634886949434,
        44.988634886949434,
        44.988634886949434,
        44.988634886949434,
        44.988634886949434,
        44.988634886949434,
        44.988634886949434,
        44.988634886949434,
        44.988634886949434,
        44.988634886949434,
        44.988634886949434,
        44.988634886949434,
        44.988634886949434
    ],
    "fit_time": 16653.91528725624,
    "init_guess": [
        6.437222058477453e-10,
        0.06437222058477453,
        4.0,
        45.0,
        45.0,
        45.0,
        45.0,
        45.0,
        45.0,
        45.0,
        45.0,
        45.0,
        45.0,
        45.0,
        45.0,
        45.0,
        45.0,
        45.0,
        45.0,
        45.0,
        45.0,
        45.0,
        45.0,
        45.0,
        45.0,
        45.0,
        45.0,
        45.0
    ],
    "model": "Competition Model",
    "model_params": [
        "C_0",
        "N_0",
        "kn",
        "rs"
    ],
    "model_species": [
        "C",
        "N"
    ],
    "obj_fun": 0.6972481723714761,
    "zone_cols": 5,
    "zone_coords": [
        9,
        15
    ],
    "zone_rows": 5
}