{
    "argv": 27,
    "bounds": [
        [
            5.848410588726615e-12,
            0.005848410588726615
        ],
        [
            0.05848410588726615,
            0.1169682117745323
        ],
        [
            0.0,
            11.0
        ],
        [
            0.0,
            null
        ],
        [
            0.0,
            null
        ],
        [
            0.0,
            null
        ],
        [
            0.0,
            null
        ],
        [
            0.0,
            null
        ],
        [
            0.0,
            null
        ],
        [
            0.0,
            null
        ],
        [
            0.0,
            null
        ],
        [
            0.0,
            null
        ],
        [
            0.0,
            null
        ],
        [
            0.0,
            null
        ],
        [
            0.0,
            null
        ],
        [
            0.0,
            null
        ],
        [
            0.0,
            null
        ],
        [
            0.0,
            null
        ],
        [
            0.0,
            null
        ],
        [
            0.0,
            null
        ],
        [
            0.0,
            null
        ],
        [
            0.0,
            null
        ],
        [
            0.0,
            null
        ],
        [
            0.0,
            null
        ],
        [
            0.0,
            null
        ],
        [
            0.0,
            null
        ],
        [
            0.0,
            null
        ],
        [
            0.0,
            null
        ]
    ],
    "comp_est": [
        5.848410588726615e-12,
        0.058484145790831985,
        5.0,
        34.999875082304314,
        34.99995451698065,
        34.99997887226755,
        34.9999544870021,
        34.99987505041809,
        34.99995451698065,
        34.99991080435391,
        34.99988319283125,
        34.999910771546915,
        34.999954769816846,
        34.99997887226755,
        34.99988319283125,
        34.99984864576463,
        34.99988319280581,
        34.99997885936654,
        34.9999544870021,
        34.99991077154183,
        34.99988319280072,
        34.999910764180726,
        34.99995477224341,
        34.99987505041809,
        34.99995476981176,
        34.99997885936654,
        34.9999547722485,
        34.99987505633444
    ],
    "fit_time": 6512.335616350174,
    "init_guess": [
        5.848410588726615e-12,
        0.05848410588726615,
        5.0,
        35.0,
        35.0,
        35.0,
        35.0,
        35.0,
        35.0,
        35.0,
        35.0,
        35.0,
        35.0,
        35.0,
        35.0,
        35.0,
        35.0,
        35.0,
        35.0,
        35.0,
        35.0,
        35.0,
        35.0,
        35.0,
        35.0,
        35.0,
        35.0,
        35.0
    ],
    "model": "Competition Model",
    "model_params": [
        "C_0",
        "N_0",
        "kn",
        "rs"
    ],
    "model_species": [
        "C",
        "N"
    ],
    "obj_fun": 0.6702274882587376,
    "zone_cols": 5,
    "zone_coords": [
        7,
        13
    ],
    "zone_rows": 5
}