{
    "argv": 15,
    "bounds": [
        [
            6.437222058477453e-12,
            0.006437222058477453
        ],
        [
            0.06437222058477453,
            0.12874444116954906
        ],
        [
            0.0,
            11.0
        ],
        [
            0.0,
            null
        ],
        [
            0.0,
            null
        ],
        [
            0.0,
            null
        ],
        [
            0.0,
            null
        ],
        [
            0.0,
            null
        ],
        [
            0.0,
            null
        ],
        [
            0.0,
            null
        ],
        [
            0.0,
            null
        ],
        [
            0.0,
            null
        ],
        [
            0.0,
            null
        ],
        [
            0.0,
            null
        ],
        [
            0.0,
            null
        ],
        [
            0.0,
            null
        ],
        [
            0.0,
            null
        ],
        [
            0.0,
            null
        ],
        [
            0.0,
            null
        ],
        [
            0.0,
            null
        ],
        [
            0.0,
            null
        ],
        [
            0.0,
            null
        ],
        [
            0.0,
            null
        ],
        [
            0.0,
            null
        ],
        [
            0.0,
            null
        ],
        [
            0.0,
            null
        ],
        [
            0.0,
            null
        ],
        [
            0.0,
            null
        ]
    ],
    "comp_est": [
        0.00010255606019843559,
        0.08059257284892808,
        4.000000014174623,
        29.999979698897402,
        30.000096344157047,
        29.99996128767968,
        29.999976837539272,
        29.999983534962674,
        29.999957494123585,
        30.000069795193166,
        30.00007645191155,
        29.999947318866933,
        30.00012826718168,
        30.000106056168285,
        30.00007074715663,
        30.00007539002606,
        30.000110221667214,
        29.99995222242986,
        29.999939793791164,
        30.000080919980757,
        29.99998923656102,
        30.00013392114524,
        29.999960698829458,
        29.999976583821525,
        29.999980147827912,
        29.999977858479976,
        29.999974979317532,
        29.99995814694671
    ],
    "fit_time": 7736.7860770225525,
    "init_guess": [
        6.437222058477453e-12,
        0.06437222058477453,
        4.0,
        30.0,
        30.0,
        30.0,
        30.0,
        30.0,
        30.0,
        30.0,
        30.0,
        30.0,
        30.0,
        30.0,
        30.0,
        30.0,
        30.0,
        30.0,
        30.0,
        30.0,
        30.0,
        30.0,
        30.0,
        30.0,
        30.0,
        30.0,
        30.0,
        30.0
    ],
    "model": "Competition Model",
    "model_params": [
        "C_0",
        "N_0",
        "kn",
        "rs"
    ],
    "model_species": [
        "C",
        "N"
    ],
    "obj_fun": 0.576021315811699,
    "zone_cols": 5,
    "zone_coords": [
        9,
        15
    ],
    "zone_rows": 5
}