{
    "argv": 844,
    "bounds": [
        [
            5.848410588726615e-12,
            0.005848410588726615
        ],
        [
            0.05848410588726615,
            0.1169682117745323
        ],
        [
            0.0,
            11.0
        ],
        [
            0.0,
            null
        ],
        [
            0.0,
            null
        ],
        [
            0.0,
            null
        ],
        [
            0.0,
            null
        ],
        [
            0.0,
            null
        ],
        [
            0.0,
            null
        ],
        [
            0.0,
            null
        ],
        [
            0.0,
            null
        ],
        [
            0.0,
            null
        ],
        [
            0.0,
            null
        ],
        [
            0.0,
            null
        ],
        [
            0.0,
            null
        ],
        [
            0.0,
            null
        ],
        [
            0.0,
            null
        ],
        [
            0.0,
            null
        ],
        [
            0.0,
            null
        ],
        [
            0.0,
            null
        ],
        [
            0.0,
            null
        ],
        [
            0.0,
            null
        ],
        [
            0.0,
            null
        ],
        [
            0.0,
            null
        ],
        [
            0.0,
            null
        ],
        [
            0.0,
            null
        ],
        [
            0.0,
            null
        ],
        [
            0.0,
            null
        ]
    ],
    "comp_est": [
        5.847504297151164e-06,
        0.05848410588726615,
        7.9999999985885974,
        75.00000463639958,
        75.00000292236922,
        75.00000185974568,
        75.00000235542137,
        75.00000004853713,
        75.0000047741102,
        75.00000264469168,
        75.00000689665563,
        75.00000346217315,
        75.00000246044542,
        75.000004477937,
        75.00000605226627,
        75.00000167840788,
        75.00000279202762,
        75.00000138871786,
        75.00000258361231,
        75.00000077637947,
        75.00000708841506,
        75.00000110237123,
        75.00000279578917,
        74.99999917997057,
        74.99999904305113,
        75.00000174199391,
        75.00000409325531,
        75.00000006170728
    ],
    "fit_time": 44580.58706140518,
    "init_guess": [
        5.848410588726615e-06,
        0.05848410588726615,
        8.0,
        75.0,
        75.0,
        75.0,
        75.0,
        75.0,
        75.0,
        75.0,
        75.0,
        75.0,
        75.0,
        75.0,
        75.0,
        75.0,
        75.0,
        75.0,
        75.0,
        75.0,
        75.0,
        75.0,
        75.0,
        75.0,
        75.0,
        75.0,
        75.0,
        75.0
    ],
    "model": "Competition Model",
    "model_params": [
        "C_0",
        "N_0",
        "kn",
        "rs"
    ],
    "model_species": [
        "C",
        "N"
    ],
    "obj_fun": 0.4224933238240569,
    "zone_cols": 5,
    "zone_coords": [
        7,
        13
    ],
    "zone_rows": 5
}