{
    "argv": 902,
    "bounds": [
        [
            6.437222058477453e-12,
            0.006437222058477453
        ],
        [
            0.06437222058477453,
            0.12874444116954906
        ],
        [
            0.0,
            11.0
        ],
        [
            0.0,
            null
        ],
        [
            0.0,
            null
        ],
        [
            0.0,
            null
        ],
        [
            0.0,
            null
        ],
        [
            0.0,
            null
        ],
        [
            0.0,
            null
        ],
        [
            0.0,
            null
        ],
        [
            0.0,
            null
        ],
        [
            0.0,
            null
        ],
        [
            0.0,
            null
        ],
        [
            0.0,
            null
        ],
        [
            0.0,
            null
        ],
        [
            0.0,
            null
        ],
        [
            0.0,
            null
        ],
        [
            0.0,
            null
        ],
        [
            0.0,
            null
        ],
        [
            0.0,
            null
        ],
        [
            0.0,
            null
        ],
        [
            0.0,
            null
        ],
        [
            0.0,
            null
        ],
        [
            0.0,
            null
        ],
        [
            0.0,
            null
        ],
        [
            0.0,
            null
        ],
        [
            0.0,
            null
        ],
        [
            0.0,
            null
        ]
    ],
    "comp_est": [
        1.3516218546313171e-05,
        0.06945632543621913,
        1.223725559909605,
        44.922590022238204,
        62.082878943687845,
        44.61467918171828,
        46.89981135613207,
        49.992664382238885,
        44.15199180488823,
        44.66900732624239,
        44.38546835664082,
        43.64926332832726,
        73.76265380309539,
        64.91210211330824,
        47.2872315927288,
        44.77681346310164,
        61.62460930739084,
        48.322922704825906,
        38.34337300826884,
        57.161299010809344,
        41.28516128932039,
        67.87659174900406,
        44.75965581433387,
        39.127676411713864,
        44.530779049382716,
        44.87502373000607,
        45.817750450585,
        34.15716527918833
    ],
    "fit_time": 78148.25752854347,
    "init_guess": [
        6.437222058477453e-05,
        0.06437222058477453,
        0.0,
        50.0,
        50.0,
        50.0,
        50.0,
        50.0,
        50.0,
        50.0,
        50.0,
        50.0,
        50.0,
        50.0,
        50.0,
        50.0,
        50.0,
        50.0,
        50.0,
        50.0,
        50.0,
        50.0,
        50.0,
        50.0,
        50.0,
        50.0,
        50.0,
        50.0
    ],
    "model": "Competition Model",
    "model_params": [
        "C_0",
        "N_0",
        "kn",
        "rs"
    ],
    "model_species": [
        "C",
        "N"
    ],
    "obj_fun": 0.05015809172999397,
    "zone_cols": 5,
    "zone_coords": [
        9,
        15
    ],
    "zone_rows": 5
}