{
    "argv": 1093,
    "bounds": [
        [
            6.437222058477453e-12,
            0.006437222058477453
        ],
        [
            0.06437222058477453,
            0.12874444116954906
        ],
        [
            0.0,
            11.0
        ],
        [
            0.0,
            null
        ],
        [
            0.0,
            null
        ],
        [
            0.0,
            null
        ],
        [
            0.0,
            null
        ],
        [
            0.0,
            null
        ],
        [
            0.0,
            null
        ],
        [
            0.0,
            null
        ],
        [
            0.0,
            null
        ],
        [
            0.0,
            null
        ],
        [
            0.0,
            null
        ],
        [
            0.0,
            null
        ],
        [
            0.0,
            null
        ],
        [
            0.0,
            null
        ],
        [
            0.0,
            null
        ],
        [
            0.0,
            null
        ],
        [
            0.0,
            null
        ],
        [
            0.0,
            null
        ],
        [
            0.0,
            null
        ],
        [
            0.0,
            null
        ],
        [
            0.0,
            null
        ],
        [
            0.0,
            null
        ],
        [
            0.0,
            null
        ],
        [
            0.0,
            null
        ],
        [
            0.0,
            null
        ],
        [
            0.0,
            null
        ]
    ],
    "comp_est": [
        0.006437222058351263,
        0.06437222058477453,
        4.0,
        25.000000001964793,
        25.00000001459286,
        25.00000000868922,
        25.00000001677185,
        25.00000000431637,
        25.000000013540777,
        25.00000000550187,
        25.000000009723383,
        24.999999993945472,
        24.999999992106897,
        25.00000000266151,
        25.000000005347122,
        25.000000022760513,
        24.999999997907715,
        25.000000006641542,
        25.000000009785037,
        24.99999999619093,
        24.999999998158216,
        24.999999995818698,
        25.000000015335957,
        25.00000000919912,
        25.000000000486775,
        24.99999999841606,
        25.000000005359713,
        25.000000008428124
    ],
    "fit_time": 32659.38043642044,
    "init_guess": [
        0.006437222058477453,
        0.06437222058477453,
        4.0,
        25.0,
        25.0,
        25.0,
        25.0,
        25.0,
        25.0,
        25.0,
        25.0,
        25.0,
        25.0,
        25.0,
        25.0,
        25.0,
        25.0,
        25.0,
        25.0,
        25.0,
        25.0,
        25.0,
        25.0,
        25.0,
        25.0,
        25.0,
        25.0,
        25.0
    ],
    "model": "Competition Model",
    "model_params": [
        "C_0",
        "N_0",
        "kn",
        "rs"
    ],
    "model_species": [
        "C",
        "N"
    ],
    "obj_fun": 0.6772742668343528,
    "zone_cols": 5,
    "zone_coords": [
        9,
        15
    ],
    "zone_rows": 5
}