{
    "argv": 35,
    "bounds": [
        [
            6.437222058477453e-12,
            0.006437222058477453
        ],
        [
            0.06437222058477453,
            0.12874444116954906
        ],
        [
            0.0,
            11.0
        ],
        [
            0.0,
            null
        ],
        [
            0.0,
            null
        ],
        [
            0.0,
            null
        ],
        [
            0.0,
            null
        ],
        [
            0.0,
            null
        ],
        [
            0.0,
            null
        ],
        [
            0.0,
            null
        ],
        [
            0.0,
            null
        ],
        [
            0.0,
            null
        ],
        [
            0.0,
            null
        ],
        [
            0.0,
            null
        ],
        [
            0.0,
            null
        ],
        [
            0.0,
            null
        ],
        [
            0.0,
            null
        ],
        [
            0.0,
            null
        ],
        [
            0.0,
            null
        ],
        [
            0.0,
            null
        ],
        [
            0.0,
            null
        ],
        [
            0.0,
            null
        ],
        [
            0.0,
            null
        ],
        [
            0.0,
            null
        ],
        [
            0.0,
            null
        ],
        [
            0.0,
            null
        ],
        [
            0.0,
            null
        ],
        [
            0.0,
            null
        ]
    ],
    "comp_est": [
        4.424025390652712e-06,
        0.06623430423772964,
        3.796398197995635,
        56.14118812870069,
        69.87586166062708,
        56.23822674139215,
        60.86366946125343,
        56.371390693264004,
        55.19051262186913,
        55.80718742298009,
        58.19753670683919,
        53.15382961819307,
        72.92214174224047,
        71.10024362429917,
        56.03549383797367,
        55.479382123843685,
        67.98128813006487,
        54.052477446436654,
        52.69123032719459,
        68.25699602476361,
        52.858824955437804,
        74.06168052842101,
        55.44653334395975,
        57.07423200618336,
        61.59605744331029,
        62.126346566461116,
        58.939723971524494,
        54.69492895002436
    ],
    "fit_time": 1644.500011920929,
    "init_guess": [
        6.437222058477453e-12,
        0.06437222058477453,
        2.0,
        40.0,
        40.0,
        40.0,
        40.0,
        40.0,
        40.0,
        40.0,
        40.0,
        40.0,
        40.0,
        40.0,
        40.0,
        40.0,
        40.0,
        40.0,
        40.0,
        40.0,
        40.0,
        40.0,
        40.0,
        40.0,
        40.0,
        40.0,
        40.0,
        40.0
    ],
    "model": "Competition Model",
    "model_params": [
        "C_0",
        "N_0",
        "kn",
        "rs"
    ],
    "model_species": [
        "C",
        "N"
    ],
    "obj_fun": 0.13026037730240822,
    "zone_cols": 5,
    "zone_coords": [
        9,
        15
    ],
    "zone_rows": 5
}