{
    "argv": 937,
    "bounds": [
        [
            6.437222058477453e-12,
            0.006437222058477453
        ],
        [
            0.06437222058477453,
            0.12874444116954906
        ],
        [
            0.0,
            11.0
        ],
        [
            0.0,
            null
        ],
        [
            0.0,
            null
        ],
        [
            0.0,
            null
        ],
        [
            0.0,
            null
        ],
        [
            0.0,
            null
        ],
        [
            0.0,
            null
        ],
        [
            0.0,
            null
        ],
        [
            0.0,
            null
        ],
        [
            0.0,
            null
        ],
        [
            0.0,
            null
        ],
        [
            0.0,
            null
        ],
        [
            0.0,
            null
        ],
        [
            0.0,
            null
        ],
        [
            0.0,
            null
        ],
        [
            0.0,
            null
        ],
        [
            0.0,
            null
        ],
        [
            0.0,
            null
        ],
        [
            0.0,
            null
        ],
        [
            0.0,
            null
        ],
        [
            0.0,
            null
        ],
        [
            0.0,
            null
        ],
        [
            0.0,
            null
        ],
        [
            0.0,
            null
        ],
        [
            0.0,
            null
        ],
        [
            0.0,
            null
        ]
    ],
    "comp_est": [
        4.807712715711452e-06,
        0.06437222058477453,
        9.550436239490068,
        59.548953162158774,
        71.47777389040431,
        59.83306864507195,
        62.5963161787697,
        59.62756008758381,
        58.24886032639871,
        59.13313839436492,
        61.338702118586106,
        55.10796485416222,
        73.8127038576274,
        72.56374667675136,
        59.06020196511204,
        59.02556088430371,
        69.55218319661519,
        56.219597822410144,
        54.708358265009245,
        70.29437754054848,
        54.770499938555055,
        74.20156526334387,
        58.71915349693418,
        61.07096074613526,
        62.845941330484585,
        63.35570337648722,
        61.54975046419644,
        58.22122453687646
    ],
    "fit_time": 82931.3771803379,
    "init_guess": [
        6.437222058477453e-05,
        0.06437222058477453,
        2.0,
        65.0,
        65.0,
        65.0,
        65.0,
        65.0,
        65.0,
        65.0,
        65.0,
        65.0,
        65.0,
        65.0,
        65.0,
        65.0,
        65.0,
        65.0,
        65.0,
        65.0,
        65.0,
        65.0,
        65.0,
        65.0,
        65.0,
        65.0,
        65.0,
        65.0
    ],
    "model": "Competition Model",
    "model_params": [
        "C_0",
        "N_0",
        "kn",
        "rs"
    ],
    "model_species": [
        "C",
        "N"
    ],
    "obj_fun": 0.11991806145565496,
    "zone_cols": 5,
    "zone_coords": [
        9,
        15
    ],
    "zone_rows": 5
}