{
    "argv": 247,
    "bounds": [
        [
            5.848410588726615e-12,
            0.005848410588726615
        ],
        [
            0.05848410588726615,
            0.1169682117745323
        ],
        [
            0.0,
            11.0
        ],
        [
            0.0,
            null
        ],
        [
            0.0,
            null
        ],
        [
            0.0,
            null
        ],
        [
            0.0,
            null
        ],
        [
            0.0,
            null
        ],
        [
            0.0,
            null
        ],
        [
            0.0,
            null
        ],
        [
            0.0,
            null
        ],
        [
            0.0,
            null
        ],
        [
            0.0,
            null
        ],
        [
            0.0,
            null
        ],
        [
            0.0,
            null
        ],
        [
            0.0,
            null
        ],
        [
            0.0,
            null
        ],
        [
            0.0,
            null
        ],
        [
            0.0,
            null
        ],
        [
            0.0,
            null
        ],
        [
            0.0,
            null
        ],
        [
            0.0,
            null
        ],
        [
            0.0,
            null
        ],
        [
            0.0,
            null
        ],
        [
            0.0,
            null
        ],
        [
            0.0,
            null
        ],
        [
            0.0,
            null
        ],
        [
            0.0,
            null
        ]
    ],
    "comp_est": [
        6.093612673407702e-10,
        0.05848410604717143,
        4.999999999999219,
        25.000000810496815,
        25.0000021550339,
        25.00000284892622,
        25.000002151351513,
        25.000000811711104,
        25.0000021550339,
        25.00000205437573,
        25.000005802632124,
        25.00000205394933,
        25.00000215319016,
        25.000002848926215,
        25.00000580263213,
        25.00000747155228,
        25.000005802714327,
        25.000002848345225,
        25.00000215135153,
        25.00000205394933,
        25.00000580271429,
        25.000002054375898,
        25.000002156860997,
        25.00000081171109,
        25.00000215319016,
        25.000002848345254,
        25.000002156861008,
        25.00000081050273
    ],
    "fit_time": 12019.16821718216,
    "init_guess": [
        5.848410588726615e-10,
        0.05848410588726615,
        5.0,
        25.0,
        25.0,
        25.0,
        25.0,
        25.0,
        25.0,
        25.0,
        25.0,
        25.0,
        25.0,
        25.0,
        25.0,
        25.0,
        25.0,
        25.0,
        25.0,
        25.0,
        25.0,
        25.0,
        25.0,
        25.0,
        25.0,
        25.0,
        25.0,
        25.0
    ],
    "model": "Competition Model",
    "model_params": [
        "C_0",
        "N_0",
        "kn",
        "rs"
    ],
    "model_species": [
        "C",
        "N"
    ],
    "obj_fun": 0.6702258117333154,
    "zone_cols": 5,
    "zone_coords": [
        7,
        13
    ],
    "zone_rows": 5
}