{
    "argv": 715,
    "bounds": [
        [
            6.437222058477453e-12,
            0.006437222058477453
        ],
        [
            0.06437222058477453,
            0.12874444116954906
        ],
        [
            0.0,
            11.0
        ],
        [
            0.0,
            null
        ],
        [
            0.0,
            null
        ],
        [
            0.0,
            null
        ],
        [
            0.0,
            null
        ],
        [
            0.0,
            null
        ],
        [
            0.0,
            null
        ],
        [
            0.0,
            null
        ],
        [
            0.0,
            null
        ],
        [
            0.0,
            null
        ],
        [
            0.0,
            null
        ],
        [
            0.0,
            null
        ],
        [
            0.0,
            null
        ],
        [
            0.0,
            null
        ],
        [
            0.0,
            null
        ],
        [
            0.0,
            null
        ],
        [
            0.0,
            null
        ],
        [
            0.0,
            null
        ],
        [
            0.0,
            null
        ],
        [
            0.0,
            null
        ],
        [
            0.0,
            null
        ],
        [
            0.0,
            null
        ],
        [
            0.0,
            null
        ],
        [
            0.0,
            null
        ],
        [
            0.0,
            null
        ],
        [
            0.0,
            null
        ]
    ],
    "comp_est": [
        6.95070651325744e-07,
        0.0652471372278263,
        1.1079117179578515,
        67.21809254852856,
        89.56349827209843,
        67.75021306467936,
        66.97206871999882,
        69.47602388939862,
        64.22040954170026,
        65.69718126912844,
        67.02158909208656,
        61.94501893739835,
        101.09119724276323,
        95.02473445581367,
        68.47218847144953,
        64.27941433918754,
        85.30305063392589,
        64.58044604950462,
        57.08167093089083,
        86.40267724397401,
        59.216969617807294,
        100.93095654616354,
        64.04106615145157,
        62.108666003899245,
        67.99654315949947,
        69.62769613910088,
        68.77363834610699,
        56.010657407014726
    ],
    "fit_time": 51231.51880455017,
    "init_guess": [
        6.437222058477454e-07,
        0.06437222058477453,
        0.0,
        75.0,
        75.0,
        75.0,
        75.0,
        75.0,
        75.0,
        75.0,
        75.0,
        75.0,
        75.0,
        75.0,
        75.0,
        75.0,
        75.0,
        75.0,
        75.0,
        75.0,
        75.0,
        75.0,
        75.0,
        75.0,
        75.0,
        75.0,
        75.0,
        75.0
    ],
    "model": "Competition Model",
    "model_params": [
        "C_0",
        "N_0",
        "kn",
        "rs"
    ],
    "model_species": [
        "C",
        "N"
    ],
    "obj_fun": 0.09347017210750355,
    "zone_cols": 5,
    "zone_coords": [
        9,
        15
    ],
    "zone_rows": 5
}