{
    "argv": 1187,
    "bounds": [
        [
            6.437222058477453e-12,
            0.006437222058477453
        ],
        [
            0.06437222058477453,
            0.12874444116954906
        ],
        [
            0.0,
            11.0
        ],
        [
            0.0,
            null
        ],
        [
            0.0,
            null
        ],
        [
            0.0,
            null
        ],
        [
            0.0,
            null
        ],
        [
            0.0,
            null
        ],
        [
            0.0,
            null
        ],
        [
            0.0,
            null
        ],
        [
            0.0,
            null
        ],
        [
            0.0,
            null
        ],
        [
            0.0,
            null
        ],
        [
            0.0,
            null
        ],
        [
            0.0,
            null
        ],
        [
            0.0,
            null
        ],
        [
            0.0,
            null
        ],
        [
            0.0,
            null
        ],
        [
            0.0,
            null
        ],
        [
            0.0,
            null
        ],
        [
            0.0,
            null
        ],
        [
            0.0,
            null
        ],
        [
            0.0,
            null
        ],
        [
            0.0,
            null
        ],
        [
            0.0,
            null
        ],
        [
            0.0,
            null
        ],
        [
            0.0,
            null
        ],
        [
            0.0,
            null
        ]
    ],
    "comp_est": [
        0.006437222058407442,
        0.06437222058477453,
        9.999999999999995,
        65.00000002783281,
        65.000000049488,
        65.0000000447415,
        65.00000004272712,
        65.00000004333167,
        65.00000005016551,
        65.00000004166483,
        65.00000008819688,
        65.000000051914,
        65.00000001072338,
        65.00000004594048,
        65.00000008967143,
        65.0000000393728,
        65.00000004610256,
        65.00000004575972,
        65.00000003980868,
        65.00000005237376,
        65.00000004285913,
        65.00000002321534,
        65.0000000481157,
        65.00000004146106,
        65.0000000040308,
        65.00000004724811,
        65.00000004568307,
        65.00000001865392
    ],
    "fit_time": 36479.4410443306,
    "init_guess": [
        0.006437222058477453,
        0.06437222058477453,
        10.0,
        65.0,
        65.0,
        65.0,
        65.0,
        65.0,
        65.0,
        65.0,
        65.0,
        65.0,
        65.0,
        65.0,
        65.0,
        65.0,
        65.0,
        65.0,
        65.0,
        65.0,
        65.0,
        65.0,
        65.0,
        65.0,
        65.0,
        65.0,
        65.0,
        65.0
    ],
    "model": "Competition Model",
    "model_params": [
        "C_0",
        "N_0",
        "kn",
        "rs"
    ],
    "model_species": [
        "C",
        "N"
    ],
    "obj_fun": 0.8866950042897673,
    "zone_cols": 5,
    "zone_coords": [
        9,
        15
    ],
    "zone_rows": 5
}