{
    "argv": 979,
    "bounds": [
        [
            6.437222058477453e-12,
            0.006437222058477453
        ],
        [
            0.06437222058477453,
            0.12874444116954906
        ],
        [
            0.0,
            11.0
        ],
        [
            0.0,
            null
        ],
        [
            0.0,
            null
        ],
        [
            0.0,
            null
        ],
        [
            0.0,
            null
        ],
        [
            0.0,
            null
        ],
        [
            0.0,
            null
        ],
        [
            0.0,
            null
        ],
        [
            0.0,
            null
        ],
        [
            0.0,
            null
        ],
        [
            0.0,
            null
        ],
        [
            0.0,
            null
        ],
        [
            0.0,
            null
        ],
        [
            0.0,
            null
        ],
        [
            0.0,
            null
        ],
        [
            0.0,
            null
        ],
        [
            0.0,
            null
        ],
        [
            0.0,
            null
        ],
        [
            0.0,
            null
        ],
        [
            0.0,
            null
        ],
        [
            0.0,
            null
        ],
        [
            0.0,
            null
        ],
        [
            0.0,
            null
        ],
        [
            0.0,
            null
        ],
        [
            0.0,
            null
        ],
        [
            0.0,
            null
        ]
    ],
    "comp_est": [
        0.00013881048336138695,
        0.07018697898777251,
        1.3459833843051376,
        31.425222618676198,
        46.041442813371106,
        31.417995918977915,
        33.66862963073269,
        35.76884147147151,
        30.615506630149174,
        31.394223949132442,
        31.21298147972072,
        23.185882252690636,
        53.76404268391132,
        47.908228986898834,
        32.7893392938756,
        31.25423299475419,
        44.85679860954178,
        30.858235350419083,
        17.613167469161223,
        41.852825576508515,
        20.80836225566071,
        49.157026698055944,
        30.776061420468594,
        27.363626322845974,
        31.14660191291318,
        31.44234349845154,
        31.722018817177606,
        15.730660013166514
    ],
    "fit_time": 61662.72091674805,
    "init_guess": [
        0.0006437222058477453,
        0.06437222058477453,
        0.0,
        30.0,
        30.0,
        30.0,
        30.0,
        30.0,
        30.0,
        30.0,
        30.0,
        30.0,
        30.0,
        30.0,
        30.0,
        30.0,
        30.0,
        30.0,
        30.0,
        30.0,
        30.0,
        30.0,
        30.0,
        30.0,
        30.0,
        30.0,
        30.0,
        30.0
    ],
    "model": "Competition Model",
    "model_params": [
        "C_0",
        "N_0",
        "kn",
        "rs"
    ],
    "model_species": [
        "C",
        "N"
    ],
    "obj_fun": 0.08064484278972657,
    "zone_cols": 5,
    "zone_coords": [
        9,
        15
    ],
    "zone_rows": 5
}