{
    "argv": 1123,
    "bounds": [
        [
            6.437222058477453e-12,
            0.006437222058477453
        ],
        [
            0.06437222058477453,
            0.12874444116954906
        ],
        [
            0.0,
            11.0
        ],
        [
            0.0,
            null
        ],
        [
            0.0,
            null
        ],
        [
            0.0,
            null
        ],
        [
            0.0,
            null
        ],
        [
            0.0,
            null
        ],
        [
            0.0,
            null
        ],
        [
            0.0,
            null
        ],
        [
            0.0,
            null
        ],
        [
            0.0,
            null
        ],
        [
            0.0,
            null
        ],
        [
            0.0,
            null
        ],
        [
            0.0,
            null
        ],
        [
            0.0,
            null
        ],
        [
            0.0,
            null
        ],
        [
            0.0,
            null
        ],
        [
            0.0,
            null
        ],
        [
            0.0,
            null
        ],
        [
            0.0,
            null
        ],
        [
            0.0,
            null
        ],
        [
            0.0,
            null
        ],
        [
            0.0,
            null
        ],
        [
            0.0,
            null
        ],
        [
            0.0,
            null
        ],
        [
            0.0,
            null
        ],
        [
            0.0,
            null
        ]
    ],
    "comp_est": [
        0.0001168315342983715,
        0.06737119166296349,
        3.7038374615226086,
        35.18976623307991,
        47.29542784114751,
        35.38935325057222,
        37.38972790675576,
        34.67468229511529,
        34.13854339904552,
        34.76816289651607,
        36.53107178107239,
        31.95501045261559,
        51.32478924360906,
        49.38179867584144,
        34.396343514243,
        34.714747189573316,
        45.634335985050434,
        32.473677597293175,
        32.04766538475442,
        45.85854073145904,
        31.91145399002607,
        50.25755205299679,
        34.31278692112366,
        36.495354098207855,
        37.051868358134705,
        37.64484334996166,
        35.8778534839606,
        34.92528246912596
    ],
    "fit_time": 26308.13492822647,
    "init_guess": [
        0.006437222058477453,
        0.06437222058477453,
        1.0,
        40.0,
        40.0,
        40.0,
        40.0,
        40.0,
        40.0,
        40.0,
        40.0,
        40.0,
        40.0,
        40.0,
        40.0,
        40.0,
        40.0,
        40.0,
        40.0,
        40.0,
        40.0,
        40.0,
        40.0,
        40.0,
        40.0,
        40.0,
        40.0,
        40.0
    ],
    "model": "Competition Model",
    "model_params": [
        "C_0",
        "N_0",
        "kn",
        "rs"
    ],
    "model_species": [
        "C",
        "N"
    ],
    "obj_fun": 0.10957358638462342,
    "zone_cols": 5,
    "zone_coords": [
        9,
        15
    ],
    "zone_rows": 5
}