{
    "argv": 322,
    "bounds": [
        [
            6.437222058477453e-12,
            0.006437222058477453
        ],
        [
            0.06437222058477453,
            0.12874444116954906
        ],
        [
            0.0,
            11.0
        ],
        [
            0.0,
            null
        ],
        [
            0.0,
            null
        ],
        [
            0.0,
            null
        ],
        [
            0.0,
            null
        ],
        [
            0.0,
            null
        ],
        [
            0.0,
            null
        ],
        [
            0.0,
            null
        ],
        [
            0.0,
            null
        ],
        [
            0.0,
            null
        ],
        [
            0.0,
            null
        ],
        [
            0.0,
            null
        ],
        [
            0.0,
            null
        ],
        [
            0.0,
            null
        ],
        [
            0.0,
            null
        ],
        [
            0.0,
            null
        ],
        [
            0.0,
            null
        ],
        [
            0.0,
            null
        ],
        [
            0.0,
            null
        ],
        [
            0.0,
            null
        ],
        [
            0.0,
            null
        ],
        [
            0.0,
            null
        ],
        [
            0.0,
            null
        ],
        [
            0.0,
            null
        ],
        [
            0.0,
            null
        ],
        [
            0.0,
            null
        ]
    ],
    "comp_est": [
        7.660777376226443e-06,
        0.06437222058477453,
        3.2591651093562604,
        56.102683375244084,
        71.28800275802423,
        56.091824661918146,
        57.49824668570406,
        56.30323537315394,
        54.82398517851671,
        53.487631734623086,
        57.41616367289327,
        50.93066922580335,
        75.0270843079207,
        73.1748328716361,
        56.12385927172377,
        54.579895350490496,
        67.48540552086557,
        53.99152018110976,
        52.51306828698849,
        67.47370975576187,
        53.321467140026655,
        74.8441427393081,
        55.01170472136999,
        56.936872385706465,
        57.77927611861881,
        58.362343886137594,
        56.96118936022227,
        54.905012780541306
    ],
    "fit_time": 34254.13882517815,
    "init_guess": [
        6.437222058477453e-10,
        0.06437222058477453,
        3.0,
        60.0,
        60.0,
        60.0,
        60.0,
        60.0,
        60.0,
        60.0,
        60.0,
        60.0,
        60.0,
        60.0,
        60.0,
        60.0,
        60.0,
        60.0,
        60.0,
        60.0,
        60.0,
        60.0,
        60.0,
        60.0,
        60.0,
        60.0,
        60.0,
        60.0
    ],
    "model": "Competition Model",
    "model_params": [
        "C_0",
        "N_0",
        "kn",
        "rs"
    ],
    "model_species": [
        "C",
        "N"
    ],
    "obj_fun": 0.11471112852661998,
    "zone_cols": 5,
    "zone_coords": [
        9,
        15
    ],
    "zone_rows": 5
}