{
    "argv": 493,
    "bounds": [
        [
            5.848410588726615e-12,
            0.005848410588726615
        ],
        [
            0.05848410588726615,
            0.1169682117745323
        ],
        [
            0.0,
            11.0
        ],
        [
            0.0,
            null
        ],
        [
            0.0,
            null
        ],
        [
            0.0,
            null
        ],
        [
            0.0,
            null
        ],
        [
            0.0,
            null
        ],
        [
            0.0,
            null
        ],
        [
            0.0,
            null
        ],
        [
            0.0,
            null
        ],
        [
            0.0,
            null
        ],
        [
            0.0,
            null
        ],
        [
            0.0,
            null
        ],
        [
            0.0,
            null
        ],
        [
            0.0,
            null
        ],
        [
            0.0,
            null
        ],
        [
            0.0,
            null
        ],
        [
            0.0,
            null
        ],
        [
            0.0,
            null
        ],
        [
            0.0,
            null
        ],
        [
            0.0,
            null
        ],
        [
            0.0,
            null
        ],
        [
            0.0,
            null
        ],
        [
            0.0,
            null
        ],
        [
            0.0,
            null
        ],
        [
            0.0,
            null
        ],
        [
            0.0,
            null
        ]
    ],
    "comp_est": [
        5.847434029093054e-08,
        0.058484116852412595,
        8.999993526030517,
        25.000000002127766,
        24.99999951274947,
        24.99993999502497,
        24.999995381848287,
        24.999984927395843,
        24.999999512635558,
        24.999940142551033,
        25.000081196695387,
        24.99991271066898,
        25.000000879052365,
        24.999939995000027,
        25.00008119674879,
        24.99982115401729,
        25.00008470286804,
        24.999976483528236,
        24.99999538185121,
        24.999912710672458,
        25.000084702270698,
        24.999933149780002,
        24.99999558427881,
        24.999984927400934,
        25.000000878747578,
        24.99997648403467,
        24.99999558432694,
        24.99998008985004
    ],
    "fit_time": 42560.273050785065,
    "init_guess": [
        5.8484105887266145e-08,
        0.05848410588726615,
        9.0,
        25.0,
        25.0,
        25.0,
        25.0,
        25.0,
        25.0,
        25.0,
        25.0,
        25.0,
        25.0,
        25.0,
        25.0,
        25.0,
        25.0,
        25.0,
        25.0,
        25.0,
        25.0,
        25.0,
        25.0,
        25.0,
        25.0,
        25.0,
        25.0,
        25.0
    ],
    "model": "Competition Model",
    "model_params": [
        "C_0",
        "N_0",
        "kn",
        "rs"
    ],
    "model_species": [
        "C",
        "N"
    ],
    "obj_fun": 0.6701245052494417,
    "zone_cols": 5,
    "zone_coords": [
        7,
        13
    ],
    "zone_rows": 5
}