{
    "argv": 875,
    "bounds": [
        [
            5.848410588726615e-12,
            0.005848410588726615
        ],
        [
            0.05848410588726615,
            0.1169682117745323
        ],
        [
            0.0,
            11.0
        ],
        [
            0.0,
            null
        ],
        [
            0.0,
            null
        ],
        [
            0.0,
            null
        ],
        [
            0.0,
            null
        ],
        [
            0.0,
            null
        ],
        [
            0.0,
            null
        ],
        [
            0.0,
            null
        ],
        [
            0.0,
            null
        ],
        [
            0.0,
            null
        ],
        [
            0.0,
            null
        ],
        [
            0.0,
            null
        ],
        [
            0.0,
            null
        ],
        [
            0.0,
            null
        ],
        [
            0.0,
            null
        ],
        [
            0.0,
            null
        ],
        [
            0.0,
            null
        ],
        [
            0.0,
            null
        ],
        [
            0.0,
            null
        ],
        [
            0.0,
            null
        ],
        [
            0.0,
            null
        ],
        [
            0.0,
            null
        ],
        [
            0.0,
            null
        ],
        [
            0.0,
            null
        ],
        [
            0.0,
            null
        ],
        [
            0.0,
            null
        ]
    ],
    "comp_est": [
        5.848409849493035e-05,
        0.05848433946613583,
        5.99999999999964,
        34.99999997183445,
        35.00000007071709,
        35.000000310131384,
        35.00000005455775,
        34.999999861838575,
        35.00000004750347,
        35.00000019727743,
        34.99999981811821,
        35.00000012068169,
        35.00000005235445,
        35.00000032679033,
        34.999999816221624,
        34.999999954864506,
        34.99999981772204,
        35.00000029961949,
        35.00000005116234,
        35.00000019864278,
        34.99999981549508,
        35.00000017800154,
        35.00000005399485,
        34.999999862723875,
        35.0000000510712,
        35.00000031990089,
        35.0000000601431,
        35.000000012392775
    ],
    "fit_time": 45177.54081702232,
    "init_guess": [
        5.848410588726615e-05,
        0.05848410588726615,
        6.0,
        35.0,
        35.0,
        35.0,
        35.0,
        35.0,
        35.0,
        35.0,
        35.0,
        35.0,
        35.0,
        35.0,
        35.0,
        35.0,
        35.0,
        35.0,
        35.0,
        35.0,
        35.0,
        35.0,
        35.0,
        35.0,
        35.0,
        35.0,
        35.0,
        35.0
    ],
    "model": "Competition Model",
    "model_params": [
        "C_0",
        "N_0",
        "kn",
        "rs"
    ],
    "model_species": [
        "C",
        "N"
    ],
    "obj_fun": 0.47726697447129307,
    "zone_cols": 5,
    "zone_coords": [
        7,
        13
    ],
    "zone_rows": 5
}