{
    "argv": 475,
    "bounds": [
        [
            6.437222058477453e-12,
            0.006437222058477453
        ],
        [
            0.06437222058477453,
            0.12874444116954906
        ],
        [
            0.0,
            11.0
        ],
        [
            0.0,
            null
        ],
        [
            0.0,
            null
        ],
        [
            0.0,
            null
        ],
        [
            0.0,
            null
        ],
        [
            0.0,
            null
        ],
        [
            0.0,
            null
        ],
        [
            0.0,
            null
        ],
        [
            0.0,
            null
        ],
        [
            0.0,
            null
        ],
        [
            0.0,
            null
        ],
        [
            0.0,
            null
        ],
        [
            0.0,
            null
        ],
        [
            0.0,
            null
        ],
        [
            0.0,
            null
        ],
        [
            0.0,
            null
        ],
        [
            0.0,
            null
        ],
        [
            0.0,
            null
        ],
        [
            0.0,
            null
        ],
        [
            0.0,
            null
        ],
        [
            0.0,
            null
        ],
        [
            0.0,
            null
        ],
        [
            0.0,
            null
        ],
        [
            0.0,
            null
        ],
        [
            0.0,
            null
        ],
        [
            0.0,
            null
        ]
    ],
    "comp_est": [
        3.2405476829633366e-07,
        0.06681929857387042,
        1.0941314432039626,
        69.13507276853767,
        92.42441950327871,
        66.69342671112439,
        69.90009124434566,
        75.66710507920524,
        69.10117765748443,
        68.89339973074874,
        67.15046949329844,
        66.77524922630752,
        108.42740353478094,
        99.12517830418608,
        73.62125820491863,
        68.9984007668764,
        91.82123875998062,
        73.1973292577676,
        63.101455391581275,
        85.46832718392069,
        66.29957933976101,
        101.95521307962213,
        68.98471070586822,
        60.511544829661155,
        67.86329876202426,
        68.68428703100646,
        70.12584023642705,
        54.808277154534196
    ],
    "fit_time": 71444.4115023613,
    "init_guess": [
        6.437222058477453e-09,
        0.06437222058477453,
        2.0,
        75.0,
        75.0,
        75.0,
        75.0,
        75.0,
        75.0,
        75.0,
        75.0,
        75.0,
        75.0,
        75.0,
        75.0,
        75.0,
        75.0,
        75.0,
        75.0,
        75.0,
        75.0,
        75.0,
        75.0,
        75.0,
        75.0,
        75.0,
        75.0,
        75.0
    ],
    "model": "Competition Model",
    "model_params": [
        "C_0",
        "N_0",
        "kn",
        "rs"
    ],
    "model_species": [
        "C",
        "N"
    ],
    "obj_fun": 0.056596298759691,
    "zone_cols": 5,
    "zone_coords": [
        9,
        15
    ],
    "zone_rows": 5
}