{
    "argv": 538,
    "bounds": [
        [
            5.848410588726615e-12,
            0.005848410588726615
        ],
        [
            0.05848410588726615,
            0.1169682117745323
        ],
        [
            0.0,
            11.0
        ],
        [
            0.0,
            null
        ],
        [
            0.0,
            null
        ],
        [
            0.0,
            null
        ],
        [
            0.0,
            null
        ],
        [
            0.0,
            null
        ],
        [
            0.0,
            null
        ],
        [
            0.0,
            null
        ],
        [
            0.0,
            null
        ],
        [
            0.0,
            null
        ],
        [
            0.0,
            null
        ],
        [
            0.0,
            null
        ],
        [
            0.0,
            null
        ],
        [
            0.0,
            null
        ],
        [
            0.0,
            null
        ],
        [
            0.0,
            null
        ],
        [
            0.0,
            null
        ],
        [
            0.0,
            null
        ],
        [
            0.0,
            null
        ],
        [
            0.0,
            null
        ],
        [
            0.0,
            null
        ],
        [
            0.0,
            null
        ],
        [
            0.0,
            null
        ],
        [
            0.0,
            null
        ],
        [
            0.0,
            null
        ],
        [
            0.0,
            null
        ]
    ],
    "comp_est": [
        5.848679201013871e-08,
        0.05848410588726615,
        10.000000000001771,
        44.999999961271136,
        44.9999999620639,
        44.99999996141061,
        44.999999962087735,
        44.99999996126626,
        44.99999996206502,
        44.9999999614423,
        45.00000222061813,
        44.99999996142005,
        44.99999996220295,
        44.99999996140993,
        45.00000222062168,
        44.99999996198604,
        45.00000222480343,
        44.99999996133663,
        44.99999996208483,
        44.99999996141937,
        45.00000222402174,
        44.999999961348166,
        44.999999962199375,
        44.99999996126487,
        44.999999962198025,
        44.99999996133647,
        44.99999996219684,
        44.99999996120277
    ],
    "fit_time": 26726.91878604889,
    "init_guess": [
        5.8484105887266145e-08,
        0.05848410588726615,
        10.0,
        45.0,
        45.0,
        45.0,
        45.0,
        45.0,
        45.0,
        45.0,
        45.0,
        45.0,
        45.0,
        45.0,
        45.0,
        45.0,
        45.0,
        45.0,
        45.0,
        45.0,
        45.0,
        45.0,
        45.0,
        45.0,
        45.0,
        45.0,
        45.0,
        45.0
    ],
    "model": "Competition Model",
    "model_params": [
        "C_0",
        "N_0",
        "kn",
        "rs"
    ],
    "model_species": [
        "C",
        "N"
    ],
    "obj_fun": 0.6615595349452001,
    "zone_cols": 5,
    "zone_coords": [
        7,
        13
    ],
    "zone_rows": 5
}