{
    "argv": 649,
    "bounds": [
        [
            6.437222058477453e-12,
            0.006437222058477453
        ],
        [
            0.06437222058477453,
            0.12874444116954906
        ],
        [
            0.0,
            11.0
        ],
        [
            0.0,
            null
        ],
        [
            0.0,
            null
        ],
        [
            0.0,
            null
        ],
        [
            0.0,
            null
        ],
        [
            0.0,
            null
        ],
        [
            0.0,
            null
        ],
        [
            0.0,
            null
        ],
        [
            0.0,
            null
        ],
        [
            0.0,
            null
        ],
        [
            0.0,
            null
        ],
        [
            0.0,
            null
        ],
        [
            0.0,
            null
        ],
        [
            0.0,
            null
        ],
        [
            0.0,
            null
        ],
        [
            0.0,
            null
        ],
        [
            0.0,
            null
        ],
        [
            0.0,
            null
        ],
        [
            0.0,
            null
        ],
        [
            0.0,
            null
        ],
        [
            0.0,
            null
        ],
        [
            0.0,
            null
        ],
        [
            0.0,
            null
        ],
        [
            0.0,
            null
        ],
        [
            0.0,
            null
        ],
        [
            0.0,
            null
        ]
    ],
    "comp_est": [
        2.6266477588212984e-05,
        0.0706377233459579,
        1.1697295609224474,
        40.33929803244326,
        56.605463431638526,
        39.86173506753747,
        42.06820136036425,
        44.662213929024766,
        39.564099751837624,
        39.97207646438044,
        39.71215715625083,
        38.610485752590236,
        67.03464871193829,
        59.21718340396202,
        42.28908955542017,
        39.74911493280237,
        55.706161529991284,
        42.79289561391497,
        33.701113470383,
        52.01133675160042,
        36.413788107831735,
        61.8677083563616,
        39.6274419835283,
        35.04328820748269,
        40.02210667995194,
        40.34947327864772,
        40.9993228830453,
        30.435855389891575
    ],
    "fit_time": 61594.209386110306,
    "init_guess": [
        6.437222058477454e-07,
        0.06437222058477453,
        0.0,
        45.0,
        45.0,
        45.0,
        45.0,
        45.0,
        45.0,
        45.0,
        45.0,
        45.0,
        45.0,
        45.0,
        45.0,
        45.0,
        45.0,
        45.0,
        45.0,
        45.0,
        45.0,
        45.0,
        45.0,
        45.0,
        45.0,
        45.0,
        45.0,
        45.0
    ],
    "model": "Competition Model",
    "model_params": [
        "C_0",
        "N_0",
        "kn",
        "rs"
    ],
    "model_species": [
        "C",
        "N"
    ],
    "obj_fun": 0.05310895372511205,
    "zone_cols": 5,
    "zone_coords": [
        9,
        15
    ],
    "zone_rows": 5
}