{
    "argv": 1108,
    "bounds": [
        [
            5.848410588726615e-12,
            0.005848410588726615
        ],
        [
            0.05848410588726615,
            0.1169682117745323
        ],
        [
            0.0,
            11.0
        ],
        [
            0.0,
            null
        ],
        [
            0.0,
            null
        ],
        [
            0.0,
            null
        ],
        [
            0.0,
            null
        ],
        [
            0.0,
            null
        ],
        [
            0.0,
            null
        ],
        [
            0.0,
            null
        ],
        [
            0.0,
            null
        ],
        [
            0.0,
            null
        ],
        [
            0.0,
            null
        ],
        [
            0.0,
            null
        ],
        [
            0.0,
            null
        ],
        [
            0.0,
            null
        ],
        [
            0.0,
            null
        ],
        [
            0.0,
            null
        ],
        [
            0.0,
            null
        ],
        [
            0.0,
            null
        ],
        [
            0.0,
            null
        ],
        [
            0.0,
            null
        ],
        [
            0.0,
            null
        ],
        [
            0.0,
            null
        ],
        [
            0.0,
            null
        ],
        [
            0.0,
            null
        ],
        [
            0.0,
            null
        ],
        [
            0.0,
            null
        ]
    ],
    "comp_est": [
        0.005848410588721478,
        0.05848410588726615,
        8.000000000134582,
        30.000000456406898,
        30.00000016440243,
        30.000000382220524,
        30.00000037180971,
        30.00000040823043,
        30.000000164347345,
        30.00000009705684,
        30.000000555226784,
        30.000000099554548,
        30.000000319942085,
        30.00000038128084,
        30.0000005620089,
        29.99999988473955,
        30.00000056924195,
        29.99999993215466,
        30.000000373338032,
        30.000000094729035,
        30.00000056981229,
        30.00000016326592,
        30.000000449449338,
        30.000000406382377,
        30.000000320033276,
        29.99999993190676,
        30.000000448951855,
        30.000000398097388
    ],
    "fit_time": 10472.69382071495,
    "init_guess": [
        0.005848410588726615,
        0.05848410588726615,
        8.0,
        30.0,
        30.0,
        30.0,
        30.0,
        30.0,
        30.0,
        30.0,
        30.0,
        30.0,
        30.0,
        30.0,
        30.0,
        30.0,
        30.0,
        30.0,
        30.0,
        30.0,
        30.0,
        30.0,
        30.0,
        30.0,
        30.0,
        30.0,
        30.0,
        30.0
    ],
    "model": "Competition Model",
    "model_params": [
        "C_0",
        "N_0",
        "kn",
        "rs"
    ],
    "model_species": [
        "C",
        "N"
    ],
    "obj_fun": 0.5433636744217685,
    "zone_cols": 5,
    "zone_coords": [
        7,
        13
    ],
    "zone_rows": 5
}