{
    "argv": 884,
    "bounds": [
        [
            5.848410588726615e-12,
            0.005848410588726615
        ],
        [
            0.05848410588726615,
            0.1169682117745323
        ],
        [
            0.0,
            11.0
        ],
        [
            0.0,
            null
        ],
        [
            0.0,
            null
        ],
        [
            0.0,
            null
        ],
        [
            0.0,
            null
        ],
        [
            0.0,
            null
        ],
        [
            0.0,
            null
        ],
        [
            0.0,
            null
        ],
        [
            0.0,
            null
        ],
        [
            0.0,
            null
        ],
        [
            0.0,
            null
        ],
        [
            0.0,
            null
        ],
        [
            0.0,
            null
        ],
        [
            0.0,
            null
        ],
        [
            0.0,
            null
        ],
        [
            0.0,
            null
        ],
        [
            0.0,
            null
        ],
        [
            0.0,
            null
        ],
        [
            0.0,
            null
        ],
        [
            0.0,
            null
        ],
        [
            0.0,
            null
        ],
        [
            0.0,
            null
        ],
        [
            0.0,
            null
        ],
        [
            0.0,
            null
        ],
        [
            0.0,
            null
        ],
        [
            0.0,
            null
        ]
    ],
    "comp_est": [
        5.8484097766687207e-05,
        0.058484105928582615,
        3.9999999999999947,
        39.99999999712679,
        40.000000070211485,
        39.99999998440755,
        40.0000000688486,
        39.99999991612668,
        40.000000070210376,
        39.999999934827656,
        40.00000004921072,
        40.00000009835479,
        40.00000001323688,
        39.99999998642906,
        40.00000005071373,
        39.9999999980213,
        40.00000004919973,
        39.9999999864947,
        40.00000008125966,
        39.99999996574161,
        40.00000005850674,
        39.99999996529276,
        40.00000006931709,
        39.99999991708689,
        40.0000000808984,
        39.99999998624111,
        40.00000006959664,
        40.0000000289607
    ],
    "fit_time": 15216.668210029602,
    "init_guess": [
        5.848410588726615e-05,
        0.05848410588726615,
        4.0,
        40.0,
        40.0,
        40.0,
        40.0,
        40.0,
        40.0,
        40.0,
        40.0,
        40.0,
        40.0,
        40.0,
        40.0,
        40.0,
        40.0,
        40.0,
        40.0,
        40.0,
        40.0,
        40.0,
        40.0,
        40.0,
        40.0,
        40.0,
        40.0,
        40.0
    ],
    "model": "Competition Model",
    "model_params": [
        "C_0",
        "N_0",
        "kn",
        "rs"
    ],
    "model_species": [
        "C",
        "N"
    ],
    "obj_fun": 0.4350110150227166,
    "zone_cols": 5,
    "zone_coords": [
        7,
        13
    ],
    "zone_rows": 5
}