{
    "argv": 65,
    "bounds": [
        [
            5.848410588726615e-12,
            0.005848410588726615
        ],
        [
            0.05848410588726615,
            0.1169682117745323
        ],
        [
            0.0,
            11.0
        ],
        [
            0.0,
            null
        ],
        [
            0.0,
            null
        ],
        [
            0.0,
            null
        ],
        [
            0.0,
            null
        ],
        [
            0.0,
            null
        ],
        [
            0.0,
            null
        ],
        [
            0.0,
            null
        ],
        [
            0.0,
            null
        ],
        [
            0.0,
            null
        ],
        [
            0.0,
            null
        ],
        [
            0.0,
            null
        ],
        [
            0.0,
            null
        ],
        [
            0.0,
            null
        ],
        [
            0.0,
            null
        ],
        [
            0.0,
            null
        ],
        [
            0.0,
            null
        ],
        [
            0.0,
            null
        ],
        [
            0.0,
            null
        ],
        [
            0.0,
            null
        ],
        [
            0.0,
            null
        ],
        [
            0.0,
            null
        ],
        [
            0.0,
            null
        ],
        [
            0.0,
            null
        ],
        [
            0.0,
            null
        ],
        [
            0.0,
            null
        ]
    ],
    "comp_est": [
        1.3766886478753798e-06,
        0.07096510903058138,
        9.999999811944642,
        50.03516682462857,
        50.041331100343314,
        50.042957797423334,
        50.04132972769228,
        50.0351648684421,
        50.041331108172166,
        50.04472034809296,
        50.04634706531392,
        50.04471616229947,
        50.0413301297777,
        50.04295752757936,
        50.0463470677448,
        50.04748624652965,
        50.046347500714035,
        50.0429553586224,
        50.04132970393948,
        50.04471636215193,
        50.04634759018921,
        50.0446782389784,
        50.04133183400148,
        50.03516492857203,
        50.041330138001406,
        50.04295505900255,
        50.04133137623265,
        50.03516377280244
    ],
    "fit_time": 48064.14616727829,
    "init_guess": [
        5.848410588726615e-12,
        0.05848410588726615,
        10.0,
        50.0,
        50.0,
        50.0,
        50.0,
        50.0,
        50.0,
        50.0,
        50.0,
        50.0,
        50.0,
        50.0,
        50.0,
        50.0,
        50.0,
        50.0,
        50.0,
        50.0,
        50.0,
        50.0,
        50.0,
        50.0,
        50.0,
        50.0,
        50.0,
        50.0
    ],
    "model": "Competition Model",
    "model_params": [
        "C_0",
        "N_0",
        "kn",
        "rs"
    ],
    "model_species": [
        "C",
        "N"
    ],
    "obj_fun": 0.43835770996691203,
    "zone_cols": 5,
    "zone_coords": [
        7,
        13
    ],
    "zone_rows": 5
}