{
    "argv": 316,
    "bounds": [
        [
            6.437222058477453e-12,
            0.006437222058477453
        ],
        [
            0.06437222058477453,
            0.12874444116954906
        ],
        [
            0.0,
            11.0
        ],
        [
            0.0,
            null
        ],
        [
            0.0,
            null
        ],
        [
            0.0,
            null
        ],
        [
            0.0,
            null
        ],
        [
            0.0,
            null
        ],
        [
            0.0,
            null
        ],
        [
            0.0,
            null
        ],
        [
            0.0,
            null
        ],
        [
            0.0,
            null
        ],
        [
            0.0,
            null
        ],
        [
            0.0,
            null
        ],
        [
            0.0,
            null
        ],
        [
            0.0,
            null
        ],
        [
            0.0,
            null
        ],
        [
            0.0,
            null
        ],
        [
            0.0,
            null
        ],
        [
            0.0,
            null
        ],
        [
            0.0,
            null
        ],
        [
            0.0,
            null
        ],
        [
            0.0,
            null
        ],
        [
            0.0,
            null
        ],
        [
            0.0,
            null
        ],
        [
            0.0,
            null
        ],
        [
            0.0,
            null
        ],
        [
            0.0,
            null
        ]
    ],
    "comp_est": [
        6.421142943656558e-10,
        0.0643722205858208,
        8.000000000000005,
        54.99999999904022,
        55.00000012455155,
        55.00000029102765,
        55.00000012446399,
        55.000000085347004,
        55.00000012455155,
        55.00000052546127,
        55.000000639034724,
        55.00000040201601,
        55.00000012451386,
        55.00000029102765,
        55.000000639034724,
        55.00000059602194,
        55.00000063878088,
        55.00000029075627,
        55.00000012446399,
        55.00000040201602,
        55.000000638780875,
        55.00000042762293,
        55.000000124597584,
        55.000000085347004,
        55.00000012451386,
        55.00000029075627,
        55.000000124597584,
        55.000000117642905
    ],
    "fit_time": 51285.781459093094,
    "init_guess": [
        6.437222058477453e-10,
        0.06437222058477453,
        8.0,
        55.0,
        55.0,
        55.0,
        55.0,
        55.0,
        55.0,
        55.0,
        55.0,
        55.0,
        55.0,
        55.0,
        55.0,
        55.0,
        55.0,
        55.0,
        55.0,
        55.0,
        55.0,
        55.0,
        55.0,
        55.0,
        55.0,
        55.0,
        55.0,
        55.0
    ],
    "model": "Competition Model",
    "model_params": [
        "C_0",
        "N_0",
        "kn",
        "rs"
    ],
    "model_species": [
        "C",
        "N"
    ],
    "obj_fun": 0.8193378053739953,
    "zone_cols": 5,
    "zone_coords": [
        9,
        15
    ],
    "zone_rows": 5
}