{
    "argv": 551,
    "bounds": [
        [
            5.848410588726615e-12,
            0.005848410588726615
        ],
        [
            0.05848410588726615,
            0.1169682117745323
        ],
        [
            0.0,
            11.0
        ],
        [
            0.0,
            null
        ],
        [
            0.0,
            null
        ],
        [
            0.0,
            null
        ],
        [
            0.0,
            null
        ],
        [
            0.0,
            null
        ],
        [
            0.0,
            null
        ],
        [
            0.0,
            null
        ],
        [
            0.0,
            null
        ],
        [
            0.0,
            null
        ],
        [
            0.0,
            null
        ],
        [
            0.0,
            null
        ],
        [
            0.0,
            null
        ],
        [
            0.0,
            null
        ],
        [
            0.0,
            null
        ],
        [
            0.0,
            null
        ],
        [
            0.0,
            null
        ],
        [
            0.0,
            null
        ],
        [
            0.0,
            null
        ],
        [
            0.0,
            null
        ],
        [
            0.0,
            null
        ],
        [
            0.0,
            null
        ],
        [
            0.0,
            null
        ],
        [
            0.0,
            null
        ],
        [
            0.0,
            null
        ],
        [
            0.0,
            null
        ]
    ],
    "comp_est": [
        2.6974155368036158e-05,
        0.05848410588726615,
        10.999999966457477,
        54.96236624755838,
        53.3153468223843,
        55.64634021217757,
        55.06929545133986,
        51.76785712500118,
        50.41744760218673,
        51.33782708793479,
        52.911501020805325,
        53.64414660073619,
        67.01752777411036,
        55.22190713885716,
        55.05360975205914,
        52.27708220480699,
        65.40373462013115,
        50.64865317401141,
        55.24439290305029,
        54.683401605405,
        50.96185016294707,
        51.83653247479942,
        52.91294327767051,
        51.631797654312926,
        54.21626922524709,
        65.03396717963714,
        52.53484227642981,
        52.337372720610944
    ],
    "fit_time": 54026.60067772865,
    "init_guess": [
        5.8484105887266145e-08,
        0.05848410588726615,
        1.0,
        55.0,
        55.0,
        55.0,
        55.0,
        55.0,
        55.0,
        55.0,
        55.0,
        55.0,
        55.0,
        55.0,
        55.0,
        55.0,
        55.0,
        55.0,
        55.0,
        55.0,
        55.0,
        55.0,
        55.0,
        55.0,
        55.0,
        55.0,
        55.0,
        55.0
    ],
    "model": "Competition Model",
    "model_params": [
        "C_0",
        "N_0",
        "kn",
        "rs"
    ],
    "model_species": [
        "C",
        "N"
    ],
    "obj_fun": 0.09882686460906416,
    "zone_cols": 5,
    "zone_coords": [
        7,
        13
    ],
    "zone_rows": 5
}