{
    "argv": 938,
    "bounds": [
        [
            5.848410588726615e-12,
            0.005848410588726615
        ],
        [
            0.05848410588726615,
            0.1169682117745323
        ],
        [
            0.0,
            11.0
        ],
        [
            0.0,
            null
        ],
        [
            0.0,
            null
        ],
        [
            0.0,
            null
        ],
        [
            0.0,
            null
        ],
        [
            0.0,
            null
        ],
        [
            0.0,
            null
        ],
        [
            0.0,
            null
        ],
        [
            0.0,
            null
        ],
        [
            0.0,
            null
        ],
        [
            0.0,
            null
        ],
        [
            0.0,
            null
        ],
        [
            0.0,
            null
        ],
        [
            0.0,
            null
        ],
        [
            0.0,
            null
        ],
        [
            0.0,
            null
        ],
        [
            0.0,
            null
        ],
        [
            0.0,
            null
        ],
        [
            0.0,
            null
        ],
        [
            0.0,
            null
        ],
        [
            0.0,
            null
        ],
        [
            0.0,
            null
        ],
        [
            0.0,
            null
        ],
        [
            0.0,
            null
        ],
        [
            0.0,
            null
        ],
        [
            0.0,
            null
        ]
    ],
    "comp_est": [
        5.449976146173456e-06,
        0.05848410588726615,
        3.203224770291725,
        67.67733962126499,
        68.84475952992496,
        69.06653957976876,
        68.63363886280811,
        60.83061336104081,
        65.74835134252153,
        63.994908897197575,
        66.03003113170338,
        64.4571943757092,
        84.77558563444877,
        69.31163913667966,
        68.75936823265866,
        67.74391793182302,
        82.70304782066576,
        66.42157479125258,
        69.83440669833486,
        66.71537533768873,
        63.18184928509855,
        62.988461594795,
        68.16070000109879,
        62.2111875282762,
        67.74856552651208,
        88.31982268526873,
        67.26351176824717,
        58.76629528869978
    ],
    "fit_time": 5512.520902872086,
    "init_guess": [
        5.848410588726615e-05,
        0.05848410588726615,
        3.0,
        65.0,
        65.0,
        65.0,
        65.0,
        65.0,
        65.0,
        65.0,
        65.0,
        65.0,
        65.0,
        65.0,
        65.0,
        65.0,
        65.0,
        65.0,
        65.0,
        65.0,
        65.0,
        65.0,
        65.0,
        65.0,
        65.0,
        65.0,
        65.0,
        65.0
    ],
    "model": "Competition Model",
    "model_params": [
        "C_0",
        "N_0",
        "kn",
        "rs"
    ],
    "model_species": [
        "C",
        "N"
    ],
    "obj_fun": 0.15473947973846738,
    "zone_cols": 5,
    "zone_coords": [
        7,
        13
    ],
    "zone_rows": 5
}