{
    "argv": 781,
    "bounds": [
        [
            6.437222058477453e-12,
            0.006437222058477453
        ],
        [
            0.06437222058477453,
            0.12874444116954906
        ],
        [
            0.0,
            11.0
        ],
        [
            0.0,
            null
        ],
        [
            0.0,
            null
        ],
        [
            0.0,
            null
        ],
        [
            0.0,
            null
        ],
        [
            0.0,
            null
        ],
        [
            0.0,
            null
        ],
        [
            0.0,
            null
        ],
        [
            0.0,
            null
        ],
        [
            0.0,
            null
        ],
        [
            0.0,
            null
        ],
        [
            0.0,
            null
        ],
        [
            0.0,
            null
        ],
        [
            0.0,
            null
        ],
        [
            0.0,
            null
        ],
        [
            0.0,
            null
        ],
        [
            0.0,
            null
        ],
        [
            0.0,
            null
        ],
        [
            0.0,
            null
        ],
        [
            0.0,
            null
        ],
        [
            0.0,
            null
        ],
        [
            0.0,
            null
        ],
        [
            0.0,
            null
        ],
        [
            0.0,
            null
        ],
        [
            0.0,
            null
        ],
        [
            0.0,
            null
        ]
    ],
    "comp_est": [
        7.872361443522026e-06,
        0.06903027534264006,
        1.1776200706624487,
        48.413930328100314,
        66.44166335317254,
        47.95348564624095,
        50.207492449809834,
        53.647082124230735,
        47.517337729482676,
        48.034403236714674,
        47.55926691997135,
        47.418916932337254,
        79.16881779156859,
        69.6603336188553,
        50.833826593771725,
        47.85266637732369,
        66.05669495298628,
        52.01149071819656,
        41.56470475045816,
        61.05906588792702,
        44.659291183740514,
        72.66766170834057,
        47.78303547146683,
        42.11429835611656,
        47.83371597105812,
        48.154093807868655,
        48.892595553189146,
        36.8025564226657
    ],
    "fit_time": 6173.66797375679,
    "init_guess": [
        6.437222058477453e-06,
        0.06437222058477453,
        0.0,
        50.0,
        50.0,
        50.0,
        50.0,
        50.0,
        50.0,
        50.0,
        50.0,
        50.0,
        50.0,
        50.0,
        50.0,
        50.0,
        50.0,
        50.0,
        50.0,
        50.0,
        50.0,
        50.0,
        50.0,
        50.0,
        50.0,
        50.0,
        50.0,
        50.0
    ],
    "model": "Competition Model",
    "model_params": [
        "C_0",
        "N_0",
        "kn",
        "rs"
    ],
    "model_species": [
        "C",
        "N"
    ],
    "obj_fun": 0.04919035131717239,
    "zone_cols": 5,
    "zone_coords": [
        9,
        15
    ],
    "zone_rows": 5
}