{
    "argv": 759,
    "bounds": [
        [
            6.437222058477453e-12,
            0.006437222058477453
        ],
        [
            0.06437222058477453,
            0.12874444116954906
        ],
        [
            0.0,
            11.0
        ],
        [
            0.0,
            null
        ],
        [
            0.0,
            null
        ],
        [
            0.0,
            null
        ],
        [
            0.0,
            null
        ],
        [
            0.0,
            null
        ],
        [
            0.0,
            null
        ],
        [
            0.0,
            null
        ],
        [
            0.0,
            null
        ],
        [
            0.0,
            null
        ],
        [
            0.0,
            null
        ],
        [
            0.0,
            null
        ],
        [
            0.0,
            null
        ],
        [
            0.0,
            null
        ],
        [
            0.0,
            null
        ],
        [
            0.0,
            null
        ],
        [
            0.0,
            null
        ],
        [
            0.0,
            null
        ],
        [
            0.0,
            null
        ],
        [
            0.0,
            null
        ],
        [
            0.0,
            null
        ],
        [
            0.0,
            null
        ],
        [
            0.0,
            null
        ],
        [
            0.0,
            null
        ],
        [
            0.0,
            null
        ],
        [
            0.0,
            null
        ]
    ],
    "comp_est": [
        4.378092434081291e-05,
        0.07166956751580726,
        1.1883813231652207,
        36.77608214695224,
        52.05348599484009,
        36.446478049814615,
        38.610385949662586,
        41.00163355707219,
        36.02719582248131,
        36.513788873765286,
        36.365613083709796,
        35.25186539627078,
        61.76955226063573,
        54.48879391486086,
        38.56350316661456,
        36.402310659383936,
        51.431974852966185,
        39.30479688157287,
        30.638470767816308,
        47.712787565373375,
        33.2512773202006,
        56.87051878095001,
        36.23187576533702,
        32.03100140828265,
        36.68604537726109,
        36.967056132843325,
        37.45773772089336,
        26.795313107224047
    ],
    "fit_time": 3979.88583445549,
    "init_guess": [
        6.437222058477453e-06,
        0.06437222058477453,
        0.0,
        40.0,
        40.0,
        40.0,
        40.0,
        40.0,
        40.0,
        40.0,
        40.0,
        40.0,
        40.0,
        40.0,
        40.0,
        40.0,
        40.0,
        40.0,
        40.0,
        40.0,
        40.0,
        40.0,
        40.0,
        40.0,
        40.0,
        40.0,
        40.0,
        40.0
    ],
    "model": "Competition Model",
    "model_params": [
        "C_0",
        "N_0",
        "kn",
        "rs"
    ],
    "model_species": [
        "C",
        "N"
    ],
    "obj_fun": 0.05659847433092143,
    "zone_cols": 5,
    "zone_coords": [
        9,
        15
    ],
    "zone_rows": 5
}