{
    "argv": 606,
    "bounds": [
        [
            5.848410588726615e-12,
            0.005848410588726615
        ],
        [
            0.05848410588726615,
            0.1169682117745323
        ],
        [
            0.0,
            11.0
        ],
        [
            0.0,
            null
        ],
        [
            0.0,
            null
        ],
        [
            0.0,
            null
        ],
        [
            0.0,
            null
        ],
        [
            0.0,
            null
        ],
        [
            0.0,
            null
        ],
        [
            0.0,
            null
        ],
        [
            0.0,
            null
        ],
        [
            0.0,
            null
        ],
        [
            0.0,
            null
        ],
        [
            0.0,
            null
        ],
        [
            0.0,
            null
        ],
        [
            0.0,
            null
        ],
        [
            0.0,
            null
        ],
        [
            0.0,
            null
        ],
        [
            0.0,
            null
        ],
        [
            0.0,
            null
        ],
        [
            0.0,
            null
        ],
        [
            0.0,
            null
        ],
        [
            0.0,
            null
        ],
        [
            0.0,
            null
        ],
        [
            0.0,
            null
        ],
        [
            0.0,
            null
        ],
        [
            0.0,
            null
        ],
        [
            0.0,
            null
        ]
    ],
    "comp_est": [
        0.0003531832430115855,
        0.07079772363982405,
        1.3226290202849926,
        24.168458028704514,
        22.980049040861193,
        27.31791050661452,
        28.880445547106422,
        27.637042287494506,
        17.320829238700146,
        20.090632037841225,
        24.92860595836531,
        29.9857634160004,
        42.78816867781541,
        25.768664818785535,
        26.083541397815242,
        24.97457712896447,
        38.53829474091171,
        26.51229056198025,
        26.355013728769393,
        26.61452635822641,
        24.1969384313667,
        24.7383779662319,
        24.61334154214328,
        22.62881031164047,
        27.689699138830328,
        40.242185670671425,
        26.083794362576388,
        22.851195676562416
    ],
    "fit_time": 32947.06790494919,
    "init_guess": [
        5.848410588726616e-07,
        0.05848410588726615,
        1.0,
        25.0,
        25.0,
        25.0,
        25.0,
        25.0,
        25.0,
        25.0,
        25.0,
        25.0,
        25.0,
        25.0,
        25.0,
        25.0,
        25.0,
        25.0,
        25.0,
        25.0,
        25.0,
        25.0,
        25.0,
        25.0,
        25.0,
        25.0,
        25.0,
        25.0
    ],
    "model": "Competition Model",
    "model_params": [
        "C_0",
        "N_0",
        "kn",
        "rs"
    ],
    "model_species": [
        "C",
        "N"
    ],
    "obj_fun": 0.06397294006129418,
    "zone_cols": 5,
    "zone_coords": [
        7,
        13
    ],
    "zone_rows": 5
}