{
    "argv": 510,
    "bounds": [
        [
            6.437222058477453e-12,
            0.006437222058477453
        ],
        [
            0.06437222058477453,
            0.12874444116954906
        ],
        [
            0.0,
            11.0
        ],
        [
            0.0,
            null
        ],
        [
            0.0,
            null
        ],
        [
            0.0,
            null
        ],
        [
            0.0,
            null
        ],
        [
            0.0,
            null
        ],
        [
            0.0,
            null
        ],
        [
            0.0,
            null
        ],
        [
            0.0,
            null
        ],
        [
            0.0,
            null
        ],
        [
            0.0,
            null
        ],
        [
            0.0,
            null
        ],
        [
            0.0,
            null
        ],
        [
            0.0,
            null
        ],
        [
            0.0,
            null
        ],
        [
            0.0,
            null
        ],
        [
            0.0,
            null
        ],
        [
            0.0,
            null
        ],
        [
            0.0,
            null
        ],
        [
            0.0,
            null
        ],
        [
            0.0,
            null
        ],
        [
            0.0,
            null
        ],
        [
            0.0,
            null
        ],
        [
            0.0,
            null
        ],
        [
            0.0,
            null
        ],
        [
            0.0,
            null
        ]
    ],
    "comp_est": [
        6.43722334611266e-08,
        0.06437222077283487,
        4.0,
        35.00000000567291,
        34.99999999943569,
        35.00000000370676,
        34.99999999941376,
        35.000000002347505,
        34.99999999943569,
        35.00000000510031,
        35.000000005897625,
        35.00000000510741,
        34.99999999944391,
        35.00000000370676,
        35.000000005897625,
        35.000000007281415,
        35.0000000061008,
        35.000000002975604,
        34.99999999941376,
        35.00000000510741,
        35.0000000061008,
        35.00000000500336,
        34.99999999927054,
        35.000000002347505,
        34.99999999944391,
        35.000000002975604,
        34.99999999927054,
        35.000000005625324
    ],
    "fit_time": 31767.795035123825,
    "init_guess": [
        6.437222058477452e-08,
        0.06437222058477453,
        4.0,
        35.0,
        35.0,
        35.0,
        35.0,
        35.0,
        35.0,
        35.0,
        35.0,
        35.0,
        35.0,
        35.0,
        35.0,
        35.0,
        35.0,
        35.0,
        35.0,
        35.0,
        35.0,
        35.0,
        35.0,
        35.0,
        35.0,
        35.0,
        35.0,
        35.0
    ],
    "model": "Competition Model",
    "model_params": [
        "C_0",
        "N_0",
        "kn",
        "rs"
    ],
    "model_species": [
        "C",
        "N"
    ],
    "obj_fun": 0.8256594087017736,
    "zone_cols": 5,
    "zone_coords": [
        9,
        15
    ],
    "zone_rows": 5
}