{
    "argv": 999,
    "bounds": [
        [
            5.848410588726615e-12,
            0.005848410588726615
        ],
        [
            0.05848410588726615,
            0.1169682117745323
        ],
        [
            0.0,
            11.0
        ],
        [
            0.0,
            null
        ],
        [
            0.0,
            null
        ],
        [
            0.0,
            null
        ],
        [
            0.0,
            null
        ],
        [
            0.0,
            null
        ],
        [
            0.0,
            null
        ],
        [
            0.0,
            null
        ],
        [
            0.0,
            null
        ],
        [
            0.0,
            null
        ],
        [
            0.0,
            null
        ],
        [
            0.0,
            null
        ],
        [
            0.0,
            null
        ],
        [
            0.0,
            null
        ],
        [
            0.0,
            null
        ],
        [
            0.0,
            null
        ],
        [
            0.0,
            null
        ],
        [
            0.0,
            null
        ],
        [
            0.0,
            null
        ],
        [
            0.0,
            null
        ],
        [
            0.0,
            null
        ],
        [
            0.0,
            null
        ],
        [
            0.0,
            null
        ],
        [
            0.0,
            null
        ],
        [
            0.0,
            null
        ],
        [
            0.0,
            null
        ]
    ],
    "comp_est": [
        0.0005848410588890603,
        0.05848410588726615,
        9.0,
        34.999999993691006,
        35.00000000101956,
        35.00000000679848,
        35.00000000278348,
        34.99999997896137,
        35.000000001017916,
        34.999999987650625,
        34.999999992884625,
        34.999999986293965,
        35.00000003245864,
        35.000000006790785,
        34.99999999288537,
        35.00000000191976,
        34.999999994518845,
        34.999999992061106,
        35.00000000278933,
        34.99999998629258,
        34.999999994564085,
        34.999999975624824,
        35.00000000212698,
        34.9999999789691,
        35.000000032595246,
        34.99999999208414,
        35.00000000152473,
        34.99999997582102
    ],
    "fit_time": 33959.15437793732,
    "init_guess": [
        0.0005848410588726615,
        0.05848410588726615,
        9.0,
        35.0,
        35.0,
        35.0,
        35.0,
        35.0,
        35.0,
        35.0,
        35.0,
        35.0,
        35.0,
        35.0,
        35.0,
        35.0,
        35.0,
        35.0,
        35.0,
        35.0,
        35.0,
        35.0,
        35.0,
        35.0,
        35.0,
        35.0,
        35.0,
        35.0
    ],
    "model": "Competition Model",
    "model_params": [
        "C_0",
        "N_0",
        "kn",
        "rs"
    ],
    "model_species": [
        "C",
        "N"
    ],
    "obj_fun": 0.4154043351585134,
    "zone_cols": 5,
    "zone_coords": [
        7,
        13
    ],
    "zone_rows": 5
}