{
    "argv": 139,
    "bounds": [
        [
            5.848410588726615e-12,
            0.005848410588726615
        ],
        [
            0.05848410588726615,
            0.1169682117745323
        ],
        [
            0.0,
            11.0
        ],
        [
            0.0,
            null
        ],
        [
            0.0,
            null
        ],
        [
            0.0,
            null
        ],
        [
            0.0,
            null
        ],
        [
            0.0,
            null
        ],
        [
            0.0,
            null
        ],
        [
            0.0,
            null
        ],
        [
            0.0,
            null
        ],
        [
            0.0,
            null
        ],
        [
            0.0,
            null
        ],
        [
            0.0,
            null
        ],
        [
            0.0,
            null
        ],
        [
            0.0,
            null
        ],
        [
            0.0,
            null
        ],
        [
            0.0,
            null
        ],
        [
            0.0,
            null
        ],
        [
            0.0,
            null
        ],
        [
            0.0,
            null
        ],
        [
            0.0,
            null
        ],
        [
            0.0,
            null
        ],
        [
            0.0,
            null
        ],
        [
            0.0,
            null
        ],
        [
            0.0,
            null
        ],
        [
            0.0,
            null
        ],
        [
            0.0,
            null
        ]
    ],
    "comp_est": [
        1.8819925219351634e-05,
        0.08757228563359562,
        7.00007276272749,
        30.13289894385123,
        30.142427616456924,
        30.158254976748456,
        30.141900951526573,
        30.132802036394967,
        30.142341295056127,
        30.36133225595413,
        30.36833157303945,
        30.361253835789608,
        30.142402392338045,
        30.158324992573444,
        30.36825661966671,
        30.36607233893209,
        30.368080603280948,
        30.158265832567665,
        30.141866369557096,
        30.361196134425448,
        30.368017099353885,
        30.361655111965938,
        30.142418168096885,
        30.132890497276346,
        30.142393649027728,
        30.158263541788514,
        30.14247487880291,
        30.132875150676877
    ],
    "fit_time": 47154.564397096634,
    "init_guess": [
        5.848410588726616e-11,
        0.05848410588726615,
        7.0,
        30.0,
        30.0,
        30.0,
        30.0,
        30.0,
        30.0,
        30.0,
        30.0,
        30.0,
        30.0,
        30.0,
        30.0,
        30.0,
        30.0,
        30.0,
        30.0,
        30.0,
        30.0,
        30.0,
        30.0,
        30.0,
        30.0,
        30.0,
        30.0,
        30.0
    ],
    "model": "Competition Model",
    "model_params": [
        "C_0",
        "N_0",
        "kn",
        "rs"
    ],
    "model_species": [
        "C",
        "N"
    ],
    "obj_fun": 0.44414688595388513,
    "zone_cols": 5,
    "zone_coords": [
        7,
        13
    ],
    "zone_rows": 5
}