{
    "argv": 240,
    "bounds": [
        [
            6.437222058477453e-12,
            0.006437222058477453
        ],
        [
            0.06437222058477453,
            0.12874444116954906
        ],
        [
            0.0,
            11.0
        ],
        [
            0.0,
            null
        ],
        [
            0.0,
            null
        ],
        [
            0.0,
            null
        ],
        [
            0.0,
            null
        ],
        [
            0.0,
            null
        ],
        [
            0.0,
            null
        ],
        [
            0.0,
            null
        ],
        [
            0.0,
            null
        ],
        [
            0.0,
            null
        ],
        [
            0.0,
            null
        ],
        [
            0.0,
            null
        ],
        [
            0.0,
            null
        ],
        [
            0.0,
            null
        ],
        [
            0.0,
            null
        ],
        [
            0.0,
            null
        ],
        [
            0.0,
            null
        ],
        [
            0.0,
            null
        ],
        [
            0.0,
            null
        ],
        [
            0.0,
            null
        ],
        [
            0.0,
            null
        ],
        [
            0.0,
            null
        ],
        [
            0.0,
            null
        ],
        [
            0.0,
            null
        ],
        [
            0.0,
            null
        ],
        [
            0.0,
            null
        ]
    ],
    "comp_est": [
        2.2981180472509667e-09,
        0.06437236148859041,
        8.99863889599195,
        74.99971046582098,
        74.99939565195989,
        74.30804332256963,
        74.9990160126648,
        75.00084032667763,
        74.99966948319107,
        74.54054739093371,
        74.692954218143,
        74.99853168998062,
        75.0011009719947,
        74.30949287455617,
        74.69343267088217,
        74.54250670768748,
        75.00008892257898,
        74.76651656815355,
        74.99908356242489,
        75.00059028002258,
        74.99947935851199,
        75.00038737559427,
        74.99984846028184,
        74.99961572445726,
        75.00067396362283,
        74.76670700669477,
        74.99974075629771,
        74.99910609505216
    ],
    "fit_time": 84096.15793657303,
    "init_guess": [
        6.437222058477453e-11,
        0.06437222058477453,
        9.0,
        75.0,
        75.0,
        75.0,
        75.0,
        75.0,
        75.0,
        75.0,
        75.0,
        75.0,
        75.0,
        75.0,
        75.0,
        75.0,
        75.0,
        75.0,
        75.0,
        75.0,
        75.0,
        75.0,
        75.0,
        75.0,
        75.0,
        75.0,
        75.0,
        75.0
    ],
    "model": "Competition Model",
    "model_params": [
        "C_0",
        "N_0",
        "kn",
        "rs"
    ],
    "model_species": [
        "C",
        "N"
    ],
    "obj_fun": 0.667621474232725,
    "zone_cols": 5,
    "zone_coords": [
        9,
        15
    ],
    "zone_rows": 5
}