{
    "argv": 159,
    "bounds": [
        [
            6.437222058477453e-12,
            0.006437222058477453
        ],
        [
            0.06437222058477453,
            0.12874444116954906
        ],
        [
            0.0,
            11.0
        ],
        [
            0.0,
            null
        ],
        [
            0.0,
            null
        ],
        [
            0.0,
            null
        ],
        [
            0.0,
            null
        ],
        [
            0.0,
            null
        ],
        [
            0.0,
            null
        ],
        [
            0.0,
            null
        ],
        [
            0.0,
            null
        ],
        [
            0.0,
            null
        ],
        [
            0.0,
            null
        ],
        [
            0.0,
            null
        ],
        [
            0.0,
            null
        ],
        [
            0.0,
            null
        ],
        [
            0.0,
            null
        ],
        [
            0.0,
            null
        ],
        [
            0.0,
            null
        ],
        [
            0.0,
            null
        ],
        [
            0.0,
            null
        ],
        [
            0.0,
            null
        ],
        [
            0.0,
            null
        ],
        [
            0.0,
            null
        ],
        [
            0.0,
            null
        ],
        [
            0.0,
            null
        ],
        [
            0.0,
            null
        ],
        [
            0.0,
            null
        ]
    ],
    "comp_est": [
        3.2052219033273694e-05,
        0.07440348329287394,
        5.000004803018781,
        39.66518343947192,
        40.00681040354859,
        39.94494117667328,
        40.007060120799736,
        39.77200493532293,
        40.00658555092791,
        39.97410372799346,
        39.665180730890974,
        39.97160722112292,
        40.0073298624144,
        39.94518056597074,
        39.665179899471006,
        39.6631658028633,
        39.665315156464914,
        39.944883786748804,
        40.007004629041646,
        39.97181228610492,
        39.66491566241682,
        39.96690663410138,
        40.00702260403793,
        39.77199631140431,
        40.00707730639371,
        39.94493993774612,
        40.00705880475186,
        39.665166928903915
    ],
    "fit_time": 38969.41599917412,
    "init_guess": [
        6.437222058477453e-11,
        0.06437222058477453,
        5.0,
        40.0,
        40.0,
        40.0,
        40.0,
        40.0,
        40.0,
        40.0,
        40.0,
        40.0,
        40.0,
        40.0,
        40.0,
        40.0,
        40.0,
        40.0,
        40.0,
        40.0,
        40.0,
        40.0,
        40.0,
        40.0,
        40.0,
        40.0,
        40.0,
        40.0
    ],
    "model": "Competition Model",
    "model_params": [
        "C_0",
        "N_0",
        "kn",
        "rs"
    ],
    "model_species": [
        "C",
        "N"
    ],
    "obj_fun": 0.5692349025278461,
    "zone_cols": 5,
    "zone_coords": [
        9,
        15
    ],
    "zone_rows": 5
}