{
    "argv": 896,
    "bounds": [
        [
            6.437222058477453e-12,
            0.006437222058477453
        ],
        [
            0.06437222058477453,
            0.12874444116954906
        ],
        [
            0.0,
            11.0
        ],
        [
            0.0,
            null
        ],
        [
            0.0,
            null
        ],
        [
            0.0,
            null
        ],
        [
            0.0,
            null
        ],
        [
            0.0,
            null
        ],
        [
            0.0,
            null
        ],
        [
            0.0,
            null
        ],
        [
            0.0,
            null
        ],
        [
            0.0,
            null
        ],
        [
            0.0,
            null
        ],
        [
            0.0,
            null
        ],
        [
            0.0,
            null
        ],
        [
            0.0,
            null
        ],
        [
            0.0,
            null
        ],
        [
            0.0,
            null
        ],
        [
            0.0,
            null
        ],
        [
            0.0,
            null
        ],
        [
            0.0,
            null
        ],
        [
            0.0,
            null
        ],
        [
            0.0,
            null
        ],
        [
            0.0,
            null
        ],
        [
            0.0,
            null
        ],
        [
            0.0,
            null
        ],
        [
            0.0,
            null
        ],
        [
            0.0,
            null
        ]
    ],
    "comp_est": [
        6.437394459679427e-05,
        0.06527036984461916,
        4.999999999510996,
        45.01290090095933,
        45.001151967356336,
        44.99932728240031,
        44.997749130497965,
        45.00008952819306,
        45.001058740556935,
        44.99827369069712,
        44.998452732679176,
        44.98403340308551,
        45.01022742833784,
        44.99942401397593,
        44.99845296668858,
        45.01624361573432,
        44.99671765624811,
        45.00102052777897,
        44.997725698499835,
        44.98411119599361,
        44.996639767101335,
        45.0016324723268,
        45.00060365276126,
        45.00008658109947,
        45.01012778790781,
        45.00103858259439,
        45.00061504902884,
        44.994441941006436
    ],
    "fit_time": 22955.694469213486,
    "init_guess": [
        6.437222058477453e-05,
        0.06437222058477453,
        5.0,
        45.0,
        45.0,
        45.0,
        45.0,
        45.0,
        45.0,
        45.0,
        45.0,
        45.0,
        45.0,
        45.0,
        45.0,
        45.0,
        45.0,
        45.0,
        45.0,
        45.0,
        45.0,
        45.0,
        45.0,
        45.0,
        45.0,
        45.0,
        45.0,
        45.0
    ],
    "model": "Competition Model",
    "model_params": [
        "C_0",
        "N_0",
        "kn",
        "rs"
    ],
    "model_species": [
        "C",
        "N"
    ],
    "obj_fun": 0.5705541858125868,
    "zone_cols": 5,
    "zone_coords": [
        9,
        15
    ],
    "zone_rows": 5
}