{
    "argv": 963,
    "bounds": [
        [
            6.437222058477453e-12,
            0.006437222058477453
        ],
        [
            0.06437222058477453,
            0.12874444116954906
        ],
        [
            0.0,
            11.0
        ],
        [
            0.0,
            null
        ],
        [
            0.0,
            null
        ],
        [
            0.0,
            null
        ],
        [
            0.0,
            null
        ],
        [
            0.0,
            null
        ],
        [
            0.0,
            null
        ],
        [
            0.0,
            null
        ],
        [
            0.0,
            null
        ],
        [
            0.0,
            null
        ],
        [
            0.0,
            null
        ],
        [
            0.0,
            null
        ],
        [
            0.0,
            null
        ],
        [
            0.0,
            null
        ],
        [
            0.0,
            null
        ],
        [
            0.0,
            null
        ],
        [
            0.0,
            null
        ],
        [
            0.0,
            null
        ],
        [
            0.0,
            null
        ],
        [
            0.0,
            null
        ],
        [
            0.0,
            null
        ],
        [
            0.0,
            null
        ],
        [
            0.0,
            null
        ],
        [
            0.0,
            null
        ],
        [
            0.0,
            null
        ],
        [
            0.0,
            null
        ]
    ],
    "comp_est": [
        6.43715565467046e-05,
        0.06437222058477453,
        6.00000000000696,
        74.99992997251125,
        75.00015298040194,
        74.99990068300521,
        75.00004534548071,
        74.99998025404757,
        75.00015217575344,
        74.99993839874753,
        75.00001207062601,
        75.00002563663877,
        75.00015165929128,
        74.99990113101536,
        75.00001223087112,
        75.00001976489817,
        75.00004512217222,
        74.99996010064164,
        75.00004538648582,
        75.00002567453947,
        75.00004516710909,
        75.00005292413297,
        74.99982739750548,
        74.99998030302038,
        75.00015135980081,
        74.99996021593509,
        74.9998273552193,
        74.99989318172446
    ],
    "fit_time": 12325.543272256851,
    "init_guess": [
        6.437222058477453e-05,
        0.06437222058477453,
        6.0,
        75.0,
        75.0,
        75.0,
        75.0,
        75.0,
        75.0,
        75.0,
        75.0,
        75.0,
        75.0,
        75.0,
        75.0,
        75.0,
        75.0,
        75.0,
        75.0,
        75.0,
        75.0,
        75.0,
        75.0,
        75.0,
        75.0,
        75.0,
        75.0,
        75.0
    ],
    "model": "Competition Model",
    "model_params": [
        "C_0",
        "N_0",
        "kn",
        "rs"
    ],
    "model_species": [
        "C",
        "N"
    ],
    "obj_fun": 0.6566446211286937,
    "zone_cols": 5,
    "zone_coords": [
        9,
        15
    ],
    "zone_rows": 5
}