{
    "argv": 858,
    "bounds": [
        [
            6.437222058477453e-12,
            0.006437222058477453
        ],
        [
            0.06437222058477453,
            0.12874444116954906
        ],
        [
            0.0,
            11.0
        ],
        [
            0.0,
            null
        ],
        [
            0.0,
            null
        ],
        [
            0.0,
            null
        ],
        [
            0.0,
            null
        ],
        [
            0.0,
            null
        ],
        [
            0.0,
            null
        ],
        [
            0.0,
            null
        ],
        [
            0.0,
            null
        ],
        [
            0.0,
            null
        ],
        [
            0.0,
            null
        ],
        [
            0.0,
            null
        ],
        [
            0.0,
            null
        ],
        [
            0.0,
            null
        ],
        [
            0.0,
            null
        ],
        [
            0.0,
            null
        ],
        [
            0.0,
            null
        ],
        [
            0.0,
            null
        ],
        [
            0.0,
            null
        ],
        [
            0.0,
            null
        ],
        [
            0.0,
            null
        ],
        [
            0.0,
            null
        ],
        [
            0.0,
            null
        ],
        [
            0.0,
            null
        ],
        [
            0.0,
            null
        ],
        [
            0.0,
            null
        ]
    ],
    "comp_est": [
        0.004375113216003599,
        0.06437222058477453,
        10.999999999938375,
        28.053152842999495,
        38.45653738908194,
        27.80712056804199,
        28.991305700452813,
        28.321545308424938,
        26.72720144144041,
        27.804656666244018,
        28.017146234966315,
        26.48572463273129,
        42.61622122272887,
        40.18822892720342,
        27.856734076944928,
        27.173252046298398,
        35.90360114238612,
        27.790852627367222,
        25.298792778644135,
        36.47405647896849,
        26.21885155878044,
        42.06881411767823,
        27.311223616318287,
        27.338989704875658,
        28.94699507454298,
        29.4594333963101,
        28.75882340548307,
        26.059498465352934
    ],
    "fit_time": 47669.800515174866,
    "init_guess": [
        6.437222058477453e-05,
        0.06437222058477453,
        0.0,
        30.0,
        30.0,
        30.0,
        30.0,
        30.0,
        30.0,
        30.0,
        30.0,
        30.0,
        30.0,
        30.0,
        30.0,
        30.0,
        30.0,
        30.0,
        30.0,
        30.0,
        30.0,
        30.0,
        30.0,
        30.0,
        30.0,
        30.0,
        30.0,
        30.0
    ],
    "model": "Competition Model",
    "model_params": [
        "C_0",
        "N_0",
        "kn",
        "rs"
    ],
    "model_species": [
        "C",
        "N"
    ],
    "obj_fun": 0.45064530119943647,
    "zone_cols": 5,
    "zone_coords": [
        9,
        15
    ],
    "zone_rows": 5
}