{
    "argv": 247,
    "bounds": [
        [
            6.437222058477453e-12,
            0.006437222058477453
        ],
        [
            0.06437222058477453,
            0.12874444116954906
        ],
        [
            0.0,
            11.0
        ],
        [
            0.0,
            null
        ],
        [
            0.0,
            null
        ],
        [
            0.0,
            null
        ],
        [
            0.0,
            null
        ],
        [
            0.0,
            null
        ],
        [
            0.0,
            null
        ],
        [
            0.0,
            null
        ],
        [
            0.0,
            null
        ],
        [
            0.0,
            null
        ],
        [
            0.0,
            null
        ],
        [
            0.0,
            null
        ],
        [
            0.0,
            null
        ],
        [
            0.0,
            null
        ],
        [
            0.0,
            null
        ],
        [
            0.0,
            null
        ],
        [
            0.0,
            null
        ],
        [
            0.0,
            null
        ],
        [
            0.0,
            null
        ],
        [
            0.0,
            null
        ],
        [
            0.0,
            null
        ],
        [
            0.0,
            null
        ],
        [
            0.0,
            null
        ],
        [
            0.0,
            null
        ],
        [
            0.0,
            null
        ],
        [
            0.0,
            null
        ]
    ],
    "comp_est": [
        2.6044288990058777e-09,
        0.06437223450088796,
        5.000000000000002,
        24.999996404520274,
        24.999898306770408,
        24.999915813336113,
        24.99989805614938,
        24.99992750564321,
        24.999898306767637,
        24.99994933557569,
        24.999947427517487,
        24.999976046838643,
        24.99989831419312,
        24.999915813338887,
        24.99994742751818,
        25.00031755781522,
        24.999947417857424,
        24.999915810503484,
        24.99989805614938,
        24.999976046841415,
        24.999947417854997,
        25.00000929574519,
        24.999898323326164,
        24.99992750564217,
        24.999898314189654,
        24.999915810503484,
        24.99989832332686,
        24.999945760921626
    ],
    "fit_time": 25904.5478413105,
    "init_guess": [
        6.437222058477453e-10,
        0.06437222058477453,
        5.0,
        25.0,
        25.0,
        25.0,
        25.0,
        25.0,
        25.0,
        25.0,
        25.0,
        25.0,
        25.0,
        25.0,
        25.0,
        25.0,
        25.0,
        25.0,
        25.0,
        25.0,
        25.0,
        25.0,
        25.0,
        25.0,
        25.0,
        25.0,
        25.0,
        25.0
    ],
    "model": "Competition Model",
    "model_params": [
        "C_0",
        "N_0",
        "kn",
        "rs"
    ],
    "model_species": [
        "C",
        "N"
    ],
    "obj_fun": 0.8276251516625645,
    "zone_cols": 5,
    "zone_coords": [
        9,
        15
    ],
    "zone_rows": 5
}