{
    "argv": 437,
    "bounds": [
        [
            5.848410588726615e-12,
            0.005848410588726615
        ],
        [
            0.05848410588726615,
            0.1169682117745323
        ],
        [
            0.0,
            11.0
        ],
        [
            0.0,
            null
        ],
        [
            0.0,
            null
        ],
        [
            0.0,
            null
        ],
        [
            0.0,
            null
        ],
        [
            0.0,
            null
        ],
        [
            0.0,
            null
        ],
        [
            0.0,
            null
        ],
        [
            0.0,
            null
        ],
        [
            0.0,
            null
        ],
        [
            0.0,
            null
        ],
        [
            0.0,
            null
        ],
        [
            0.0,
            null
        ],
        [
            0.0,
            null
        ],
        [
            0.0,
            null
        ],
        [
            0.0,
            null
        ],
        [
            0.0,
            null
        ],
        [
            0.0,
            null
        ],
        [
            0.0,
            null
        ],
        [
            0.0,
            null
        ],
        [
            0.0,
            null
        ],
        [
            0.0,
            null
        ],
        [
            0.0,
            null
        ],
        [
            0.0,
            null
        ],
        [
            0.0,
            null
        ],
        [
            0.0,
            null
        ]
    ],
    "comp_est": [
        5.853497966042026e-09,
        0.058484167266143666,
        8.000000000001874,
        55.000000251686835,
        55.00000032561218,
        54.99999999945319,
        55.00000032662361,
        55.000000368261546,
        55.00000032561218,
        55.00000005226673,
        55.00000049292401,
        55.00000006204104,
        55.000000324350694,
        54.99999999945319,
        55.00000049292401,
        55.00000042235397,
        55.00000049973653,
        54.999999999193584,
        55.00000032662361,
        55.00000006204104,
        55.00000049973653,
        55.00000007637656,
        55.0000003278659,
        55.000000368261546,
        55.00000032435069,
        54.999999999193584,
        55.0000003278659,
        55.00000037002148
    ],
    "fit_time": 47137.09048986435,
    "init_guess": [
        5.848410588726615e-09,
        0.05848410588726615,
        8.0,
        55.0,
        55.0,
        55.0,
        55.0,
        55.0,
        55.0,
        55.0,
        55.0,
        55.0,
        55.0,
        55.0,
        55.0,
        55.0,
        55.0,
        55.0,
        55.0,
        55.0,
        55.0,
        55.0,
        55.0,
        55.0,
        55.0,
        55.0,
        55.0,
        55.0
    ],
    "model": "Competition Model",
    "model_params": [
        "C_0",
        "N_0",
        "kn",
        "rs"
    ],
    "model_species": [
        "C",
        "N"
    ],
    "obj_fun": 0.659620843140061,
    "zone_cols": 5,
    "zone_coords": [
        7,
        13
    ],
    "zone_rows": 5
}