{
    "argv": 508,
    "bounds": [
        [
            6.437222058477453e-12,
            0.006437222058477453
        ],
        [
            0.06437222058477453,
            0.12874444116954906
        ],
        [
            0.0,
            11.0
        ],
        [
            0.0,
            null
        ],
        [
            0.0,
            null
        ],
        [
            0.0,
            null
        ],
        [
            0.0,
            null
        ],
        [
            0.0,
            null
        ],
        [
            0.0,
            null
        ],
        [
            0.0,
            null
        ],
        [
            0.0,
            null
        ],
        [
            0.0,
            null
        ],
        [
            0.0,
            null
        ],
        [
            0.0,
            null
        ],
        [
            0.0,
            null
        ],
        [
            0.0,
            null
        ],
        [
            0.0,
            null
        ],
        [
            0.0,
            null
        ],
        [
            0.0,
            null
        ],
        [
            0.0,
            null
        ],
        [
            0.0,
            null
        ],
        [
            0.0,
            null
        ],
        [
            0.0,
            null
        ],
        [
            0.0,
            null
        ],
        [
            0.0,
            null
        ],
        [
            0.0,
            null
        ],
        [
            0.0,
            null
        ],
        [
            0.0,
            null
        ]
    ],
    "comp_est": [
        0.00010562574640721252,
        0.07211951742289478,
        1.5904719864685983,
        32.36607654713599,
        44.92156604876018,
        31.876304873562454,
        33.63757621548999,
        34.95976785102891,
        31.351368915057908,
        31.94792440803455,
        31.746286017770373,
        29.533888389144277,
        51.62697295970226,
        46.85584276482307,
        34.19722410732133,
        31.745128167410233,
        44.670509062040765,
        32.10469895328027,
        27.401514526417316,
        41.989228734420685,
        28.885949015294038,
        49.224000218108415,
        31.762293690586624,
        28.84834707237176,
        33.333056871549005,
        33.34250307803042,
        34.106643149845304,
        25.53119914914054
    ],
    "fit_time": 35164.62022614479,
    "init_guess": [
        6.437222058477452e-08,
        0.06437222058477453,
        2.0,
        35.0,
        35.0,
        35.0,
        35.0,
        35.0,
        35.0,
        35.0,
        35.0,
        35.0,
        35.0,
        35.0,
        35.0,
        35.0,
        35.0,
        35.0,
        35.0,
        35.0,
        35.0,
        35.0,
        35.0,
        35.0,
        35.0,
        35.0,
        35.0,
        35.0
    ],
    "model": "Competition Model",
    "model_params": [
        "C_0",
        "N_0",
        "kn",
        "rs"
    ],
    "model_species": [
        "C",
        "N"
    ],
    "obj_fun": 0.07176335697982443,
    "zone_cols": 5,
    "zone_coords": [
        9,
        15
    ],
    "zone_rows": 5
}