{
    "argv": 372,
    "bounds": [
        [
            5.848410588726615e-12,
            0.005848410588726615
        ],
        [
            0.05848410588726615,
            0.1169682117745323
        ],
        [
            0.0,
            11.0
        ],
        [
            0.0,
            null
        ],
        [
            0.0,
            null
        ],
        [
            0.0,
            null
        ],
        [
            0.0,
            null
        ],
        [
            0.0,
            null
        ],
        [
            0.0,
            null
        ],
        [
            0.0,
            null
        ],
        [
            0.0,
            null
        ],
        [
            0.0,
            null
        ],
        [
            0.0,
            null
        ],
        [
            0.0,
            null
        ],
        [
            0.0,
            null
        ],
        [
            0.0,
            null
        ],
        [
            0.0,
            null
        ],
        [
            0.0,
            null
        ],
        [
            0.0,
            null
        ],
        [
            0.0,
            null
        ],
        [
            0.0,
            null
        ],
        [
            0.0,
            null
        ],
        [
            0.0,
            null
        ],
        [
            0.0,
            null
        ],
        [
            0.0,
            null
        ],
        [
            0.0,
            null
        ],
        [
            0.0,
            null
        ],
        [
            0.0,
            null
        ]
    ],
    "comp_est": [
        5.848604360727496e-09,
        0.05848410695957855,
        9.000000000000195,
        25.00000081014564,
        25.000000916688155,
        25.00000093097448,
        25.000000916714246,
        25.00000097664618,
        25.000000916688155,
        25.00000151032705,
        25.000001453338182,
        25.000001125652215,
        25.000000916702415,
        25.000000930974476,
        25.000001453338186,
        25.000001157659995,
        25.000001453345817,
        25.000000930942868,
        25.000000916714246,
        25.000001125652215,
        25.000001453345813,
        25.000001323209062,
        25.000000916702195,
        25.00000097664618,
        25.000000916702415,
        25.00000093094287,
        25.0000009167022,
        25.00000132174413
    ],
    "fit_time": 26694.332253932953,
    "init_guess": [
        5.848410588726615e-09,
        0.05848410588726615,
        9.0,
        25.0,
        25.0,
        25.0,
        25.0,
        25.0,
        25.0,
        25.0,
        25.0,
        25.0,
        25.0,
        25.0,
        25.0,
        25.0,
        25.0,
        25.0,
        25.0,
        25.0,
        25.0,
        25.0,
        25.0,
        25.0,
        25.0,
        25.0,
        25.0,
        25.0
    ],
    "model": "Competition Model",
    "model_params": [
        "C_0",
        "N_0",
        "kn",
        "rs"
    ],
    "model_species": [
        "C",
        "N"
    ],
    "obj_fun": 0.6702140765978126,
    "zone_cols": 5,
    "zone_coords": [
        7,
        13
    ],
    "zone_rows": 5
}