{
    "argv": 1009,
    "bounds": [
        [
            6.437222058477453e-12,
            0.006437222058477453
        ],
        [
            0.06437222058477453,
            0.12874444116954906
        ],
        [
            0.0,
            11.0
        ],
        [
            0.0,
            null
        ],
        [
            0.0,
            null
        ],
        [
            0.0,
            null
        ],
        [
            0.0,
            null
        ],
        [
            0.0,
            null
        ],
        [
            0.0,
            null
        ],
        [
            0.0,
            null
        ],
        [
            0.0,
            null
        ],
        [
            0.0,
            null
        ],
        [
            0.0,
            null
        ],
        [
            0.0,
            null
        ],
        [
            0.0,
            null
        ],
        [
            0.0,
            null
        ],
        [
            0.0,
            null
        ],
        [
            0.0,
            null
        ],
        [
            0.0,
            null
        ],
        [
            0.0,
            null
        ],
        [
            0.0,
            null
        ],
        [
            0.0,
            null
        ],
        [
            0.0,
            null
        ],
        [
            0.0,
            null
        ],
        [
            0.0,
            null
        ],
        [
            0.0,
            null
        ],
        [
            0.0,
            null
        ],
        [
            0.0,
            null
        ]
    ],
    "comp_est": [
        0.0006437222058477374,
        0.06437222058477453,
        8.0,
        40.000000000002224,
        40.000000000282405,
        39.9999999998848,
        40.00000000031545,
        40.00000000000772,
        40.000000000282334,
        39.9999999998112,
        39.99999999982643,
        39.99999999981558,
        40.000000000291756,
        39.99999999988487,
        39.99999999982643,
        39.9999999998223,
        39.99999999984235,
        39.99999999988415,
        40.000000000315424,
        39.99999999981564,
        39.999999999842295,
        39.999999999821014,
        40.00000000025492,
        40.00000000000772,
        40.00000000029167,
        39.99999999988417,
        40.00000000025493,
        40.000000000138456
    ],
    "fit_time": 35545.75820970535,
    "init_guess": [
        0.0006437222058477453,
        0.06437222058477453,
        8.0,
        40.0,
        40.0,
        40.0,
        40.0,
        40.0,
        40.0,
        40.0,
        40.0,
        40.0,
        40.0,
        40.0,
        40.0,
        40.0,
        40.0,
        40.0,
        40.0,
        40.0,
        40.0,
        40.0,
        40.0,
        40.0,
        40.0,
        40.0,
        40.0,
        40.0
    ],
    "model": "Competition Model",
    "model_params": [
        "C_0",
        "N_0",
        "kn",
        "rs"
    ],
    "model_species": [
        "C",
        "N"
    ],
    "obj_fun": 0.6000302509815024,
    "zone_cols": 5,
    "zone_coords": [
        9,
        15
    ],
    "zone_rows": 5
}