{
    "argv": 234,
    "bounds": [
        [
            6.437222058477453e-12,
            0.006437222058477453
        ],
        [
            0.06437222058477453,
            0.12874444116954906
        ],
        [
            0.0,
            11.0
        ],
        [
            0.0,
            null
        ],
        [
            0.0,
            null
        ],
        [
            0.0,
            null
        ],
        [
            0.0,
            null
        ],
        [
            0.0,
            null
        ],
        [
            0.0,
            null
        ],
        [
            0.0,
            null
        ],
        [
            0.0,
            null
        ],
        [
            0.0,
            null
        ],
        [
            0.0,
            null
        ],
        [
            0.0,
            null
        ],
        [
            0.0,
            null
        ],
        [
            0.0,
            null
        ],
        [
            0.0,
            null
        ],
        [
            0.0,
            null
        ],
        [
            0.0,
            null
        ],
        [
            0.0,
            null
        ],
        [
            0.0,
            null
        ],
        [
            0.0,
            null
        ],
        [
            0.0,
            null
        ],
        [
            0.0,
            null
        ],
        [
            0.0,
            null
        ],
        [
            0.0,
            null
        ],
        [
            0.0,
            null
        ],
        [
            0.0,
            null
        ]
    ],
    "comp_est": [
        6.039829818507086e-07,
        0.06770292993172944,
        3.256527497290187,
        72.59684924836287,
        82.5349666511545,
        72.72562794969424,
        73.909537200579,
        72.65797314479586,
        72.08321839496993,
        72.42139398414916,
        73.33637967911842,
        70.76198556929327,
        84.83278704876254,
        83.51630640852578,
        72.40944789844053,
        72.37546759807118,
        79.71340211871636,
        71.26150534352261,
        70.58650746336528,
        81.42135207036019,
        70.63785429843355,
        85.89316876969231,
        72.23906373829624,
        73.24540679831752,
        74.02012447595277,
        74.23994604375027,
        73.4703201455875,
        71.973359247162
    ],
    "fit_time": 1067.1322083473206,
    "init_guess": [
        6.437222058477453e-11,
        0.06437222058477453,
        3.0,
        75.0,
        75.0,
        75.0,
        75.0,
        75.0,
        75.0,
        75.0,
        75.0,
        75.0,
        75.0,
        75.0,
        75.0,
        75.0,
        75.0,
        75.0,
        75.0,
        75.0,
        75.0,
        75.0,
        75.0,
        75.0,
        75.0,
        75.0,
        75.0,
        75.0
    ],
    "model": "Competition Model",
    "model_params": [
        "C_0",
        "N_0",
        "kn",
        "rs"
    ],
    "model_species": [
        "C",
        "N"
    ],
    "obj_fun": 0.23123968506642276,
    "zone_cols": 5,
    "zone_coords": [
        9,
        15
    ],
    "zone_rows": 5
}