{
    "argv": 111,
    "bounds": [
        [
            5.848410588726615e-12,
            0.005848410588726615
        ],
        [
            0.05848410588726615,
            0.1169682117745323
        ],
        [
            0.0,
            11.0
        ],
        [
            0.0,
            null
        ],
        [
            0.0,
            null
        ],
        [
            0.0,
            null
        ],
        [
            0.0,
            null
        ],
        [
            0.0,
            null
        ],
        [
            0.0,
            null
        ],
        [
            0.0,
            null
        ],
        [
            0.0,
            null
        ],
        [
            0.0,
            null
        ],
        [
            0.0,
            null
        ],
        [
            0.0,
            null
        ],
        [
            0.0,
            null
        ],
        [
            0.0,
            null
        ],
        [
            0.0,
            null
        ],
        [
            0.0,
            null
        ],
        [
            0.0,
            null
        ],
        [
            0.0,
            null
        ],
        [
            0.0,
            null
        ],
        [
            0.0,
            null
        ],
        [
            0.0,
            null
        ],
        [
            0.0,
            null
        ],
        [
            0.0,
            null
        ],
        [
            0.0,
            null
        ],
        [
            0.0,
            null
        ],
        [
            0.0,
            null
        ]
    ],
    "comp_est": [
        1.3027775256595618e-06,
        0.05848410588726615,
        11.0,
        75.86768616831294,
        74.1334288610089,
        75.6846312872366,
        75.04598165482155,
        72.92634310947655,
        71.92889185786771,
        72.64465869309235,
        73.83967267184725,
        74.307811529433,
        87.48817263301882,
        75.79925485611795,
        75.39060356882534,
        73.74440096111994,
        85.32434840510106,
        72.48706890341738,
        75.39061432623403,
        74.91974460958718,
        72.6747106000422,
        73.4800870701874,
        73.89720539525142,
        72.80576694791101,
        74.86579353255419,
        87.66551648234181,
        73.86278091226131,
        73.34585295234393
    ],
    "fit_time": 31222.291818141937,
    "init_guess": [
        5.848410588726615e-12,
        0.05848410588726615,
        1.0,
        75.0,
        75.0,
        75.0,
        75.0,
        75.0,
        75.0,
        75.0,
        75.0,
        75.0,
        75.0,
        75.0,
        75.0,
        75.0,
        75.0,
        75.0,
        75.0,
        75.0,
        75.0,
        75.0,
        75.0,
        75.0,
        75.0,
        75.0,
        75.0,
        75.0
    ],
    "model": "Competition Model",
    "model_params": [
        "C_0",
        "N_0",
        "kn",
        "rs"
    ],
    "model_species": [
        "C",
        "N"
    ],
    "obj_fun": 0.12437036337155519,
    "zone_cols": 5,
    "zone_coords": [
        7,
        13
    ],
    "zone_rows": 5
}