{
    "argv": 494,
    "bounds": [
        [
            5.848410588726615e-12,
            0.005848410588726615
        ],
        [
            0.05848410588726615,
            0.1169682117745323
        ],
        [
            0.0,
            11.0
        ],
        [
            0.0,
            null
        ],
        [
            0.0,
            null
        ],
        [
            0.0,
            null
        ],
        [
            0.0,
            null
        ],
        [
            0.0,
            null
        ],
        [
            0.0,
            null
        ],
        [
            0.0,
            null
        ],
        [
            0.0,
            null
        ],
        [
            0.0,
            null
        ],
        [
            0.0,
            null
        ],
        [
            0.0,
            null
        ],
        [
            0.0,
            null
        ],
        [
            0.0,
            null
        ],
        [
            0.0,
            null
        ],
        [
            0.0,
            null
        ],
        [
            0.0,
            null
        ],
        [
            0.0,
            null
        ],
        [
            0.0,
            null
        ],
        [
            0.0,
            null
        ],
        [
            0.0,
            null
        ],
        [
            0.0,
            null
        ],
        [
            0.0,
            null
        ],
        [
            0.0,
            null
        ],
        [
            0.0,
            null
        ],
        [
            0.0,
            null
        ]
    ],
    "comp_est": [
        5.8489187680944754e-08,
        0.05848410588726615,
        10.00000000002728,
        25.00000029475657,
        24.999999665912526,
        24.999999756676516,
        24.99999974206412,
        24.999999799437237,
        24.999999665302628,
        25.00000061688463,
        25.000000039174335,
        25.00000021216098,
        24.999999792307637,
        24.999999757920374,
        25.000000047497746,
        25.00000042695204,
        25.00000032239076,
        24.999999843633795,
        24.999999739732683,
        25.000000213838316,
        25.000000319613523,
        25.000000412875604,
        24.999999859447122,
        24.999999800919763,
        24.999999790048175,
        24.999999844621094,
        24.999999858760816,
        24.999999923048264
    ],
    "fit_time": 14276.960618257523,
    "init_guess": [
        5.8484105887266145e-08,
        0.05848410588726615,
        10.0,
        25.0,
        25.0,
        25.0,
        25.0,
        25.0,
        25.0,
        25.0,
        25.0,
        25.0,
        25.0,
        25.0,
        25.0,
        25.0,
        25.0,
        25.0,
        25.0,
        25.0,
        25.0,
        25.0,
        25.0,
        25.0,
        25.0,
        25.0,
        25.0,
        25.0
    ],
    "model": "Competition Model",
    "model_params": [
        "C_0",
        "N_0",
        "kn",
        "rs"
    ],
    "model_species": [
        "C",
        "N"
    ],
    "obj_fun": 0.6701274969944195,
    "zone_cols": 5,
    "zone_coords": [
        7,
        13
    ],
    "zone_rows": 5
}