{
    "argv": 901,
    "bounds": [
        [
            5.848410588726615e-12,
            0.005848410588726615
        ],
        [
            0.05848410588726615,
            0.1169682117745323
        ],
        [
            0.0,
            11.0
        ],
        [
            0.0,
            null
        ],
        [
            0.0,
            null
        ],
        [
            0.0,
            null
        ],
        [
            0.0,
            null
        ],
        [
            0.0,
            null
        ],
        [
            0.0,
            null
        ],
        [
            0.0,
            null
        ],
        [
            0.0,
            null
        ],
        [
            0.0,
            null
        ],
        [
            0.0,
            null
        ],
        [
            0.0,
            null
        ],
        [
            0.0,
            null
        ],
        [
            0.0,
            null
        ],
        [
            0.0,
            null
        ],
        [
            0.0,
            null
        ],
        [
            0.0,
            null
        ],
        [
            0.0,
            null
        ],
        [
            0.0,
            null
        ],
        [
            0.0,
            null
        ],
        [
            0.0,
            null
        ],
        [
            0.0,
            null
        ],
        [
            0.0,
            null
        ],
        [
            0.0,
            null
        ],
        [
            0.0,
            null
        ],
        [
            0.0,
            null
        ]
    ],
    "comp_est": [
        5.848410794394173e-05,
        0.05848410591109191,
        9.999999999999721,
        45.000000017825435,
        45.00000003749583,
        45.0000000545502,
        45.000000026455616,
        45.00000000953484,
        45.00000003758281,
        44.99999998785973,
        45.000000074160816,
        44.99999999145539,
        45.00000003421467,
        45.00000005438099,
        45.00000007416681,
        45.0000000497158,
        45.00000007649002,
        45.000000047217654,
        45.000000026621336,
        44.99999999148589,
        45.000000076554194,
        44.99999999568547,
        45.00000003342121,
        45.00000000687884,
        45.00000003421281,
        45.00000004722854,
        45.000000033291826,
        45.00000000444363
    ],
    "fit_time": 43768.803176641464,
    "init_guess": [
        5.848410588726615e-05,
        0.05848410588726615,
        10.0,
        45.0,
        45.0,
        45.0,
        45.0,
        45.0,
        45.0,
        45.0,
        45.0,
        45.0,
        45.0,
        45.0,
        45.0,
        45.0,
        45.0,
        45.0,
        45.0,
        45.0,
        45.0,
        45.0,
        45.0,
        45.0,
        45.0,
        45.0,
        45.0,
        45.0
    ],
    "model": "Competition Model",
    "model_params": [
        "C_0",
        "N_0",
        "kn",
        "rs"
    ],
    "model_species": [
        "C",
        "N"
    ],
    "obj_fun": 0.4157543557062435,
    "zone_cols": 5,
    "zone_coords": [
        7,
        13
    ],
    "zone_rows": 5
}