{
    "argv": 1030,
    "bounds": [
        [
            5.848410588726615e-12,
            0.005848410588726615
        ],
        [
            0.05848410588726615,
            0.1169682117745323
        ],
        [
            0.0,
            11.0
        ],
        [
            0.0,
            null
        ],
        [
            0.0,
            null
        ],
        [
            0.0,
            null
        ],
        [
            0.0,
            null
        ],
        [
            0.0,
            null
        ],
        [
            0.0,
            null
        ],
        [
            0.0,
            null
        ],
        [
            0.0,
            null
        ],
        [
            0.0,
            null
        ],
        [
            0.0,
            null
        ],
        [
            0.0,
            null
        ],
        [
            0.0,
            null
        ],
        [
            0.0,
            null
        ],
        [
            0.0,
            null
        ],
        [
            0.0,
            null
        ],
        [
            0.0,
            null
        ],
        [
            0.0,
            null
        ],
        [
            0.0,
            null
        ],
        [
            0.0,
            null
        ],
        [
            0.0,
            null
        ],
        [
            0.0,
            null
        ],
        [
            0.0,
            null
        ],
        [
            0.0,
            null
        ],
        [
            0.0,
            null
        ],
        [
            0.0,
            null
        ]
    ],
    "comp_est": [
        0.0005848410586151479,
        0.05848410588726615,
        7.000000000000062,
        50.00000015155449,
        49.999999889713486,
        49.99999996408128,
        49.99999988660425,
        50.000000167734214,
        49.99999988996416,
        49.999999982975474,
        50.00000009423608,
        49.99999999690762,
        49.999999881081926,
        49.99999996372335,
        50.00000009994382,
        49.99999985134492,
        50.0000000993326,
        49.99999995935233,
        49.99999988555955,
        49.99999999250789,
        50.00000009520995,
        49.99999995401739,
        49.99999988715742,
        50.00000016790531,
        49.9999998804897,
        49.999999959839734,
        49.999999887175385,
        50.00000019959785
    ],
    "fit_time": 22954.252596378326,
    "init_guess": [
        0.0005848410588726615,
        0.05848410588726615,
        7.0,
        50.0,
        50.0,
        50.0,
        50.0,
        50.0,
        50.0,
        50.0,
        50.0,
        50.0,
        50.0,
        50.0,
        50.0,
        50.0,
        50.0,
        50.0,
        50.0,
        50.0,
        50.0,
        50.0,
        50.0,
        50.0,
        50.0,
        50.0,
        50.0,
        50.0
    ],
    "model": "Competition Model",
    "model_params": [
        "C_0",
        "N_0",
        "kn",
        "rs"
    ],
    "model_species": [
        "C",
        "N"
    ],
    "obj_fun": 0.469645854905973,
    "zone_cols": 5,
    "zone_coords": [
        7,
        13
    ],
    "zone_rows": 5
}