{
    "argv": 939,
    "bounds": [
        [
            5.848410588726615e-12,
            0.005848410588726615
        ],
        [
            0.05848410588726615,
            0.1169682117745323
        ],
        [
            0.0,
            11.0
        ],
        [
            0.0,
            null
        ],
        [
            0.0,
            null
        ],
        [
            0.0,
            null
        ],
        [
            0.0,
            null
        ],
        [
            0.0,
            null
        ],
        [
            0.0,
            null
        ],
        [
            0.0,
            null
        ],
        [
            0.0,
            null
        ],
        [
            0.0,
            null
        ],
        [
            0.0,
            null
        ],
        [
            0.0,
            null
        ],
        [
            0.0,
            null
        ],
        [
            0.0,
            null
        ],
        [
            0.0,
            null
        ],
        [
            0.0,
            null
        ],
        [
            0.0,
            null
        ],
        [
            0.0,
            null
        ],
        [
            0.0,
            null
        ],
        [
            0.0,
            null
        ],
        [
            0.0,
            null
        ],
        [
            0.0,
            null
        ],
        [
            0.0,
            null
        ],
        [
            0.0,
            null
        ],
        [
            0.0,
            null
        ],
        [
            0.0,
            null
        ]
    ],
    "comp_est": [
        5.848410408172753e-05,
        0.05848410588726615,
        3.999999999999948,
        64.99999953290573,
        64.99999942976719,
        64.9999994642921,
        64.99999953258923,
        64.99999957581758,
        64.9999994299359,
        65.00000003887287,
        65.00000004339662,
        65.0000003873137,
        64.9999997253766,
        64.99999946407725,
        65.00000004069506,
        65.00000012819275,
        65.00000005373161,
        64.99999978266615,
        64.99999953187144,
        65.00000038551791,
        65.00000005008602,
        64.99999958854465,
        64.99999981248722,
        64.9999995751675,
        64.99999972288792,
        64.99999980073807,
        64.99999981052189,
        64.99999958676513
    ],
    "fit_time": 3748.7165563106537,
    "init_guess": [
        5.848410588726615e-05,
        0.05848410588726615,
        4.0,
        65.0,
        65.0,
        65.0,
        65.0,
        65.0,
        65.0,
        65.0,
        65.0,
        65.0,
        65.0,
        65.0,
        65.0,
        65.0,
        65.0,
        65.0,
        65.0,
        65.0,
        65.0,
        65.0,
        65.0,
        65.0,
        65.0,
        65.0,
        65.0,
        65.0
    ],
    "model": "Competition Model",
    "model_params": [
        "C_0",
        "N_0",
        "kn",
        "rs"
    ],
    "model_species": [
        "C",
        "N"
    ],
    "obj_fun": 0.4385734950002428,
    "zone_cols": 5,
    "zone_coords": [
        7,
        13
    ],
    "zone_rows": 5
}