{
    "argv": 279,
    "bounds": [
        [
            6.437222058477453e-12,
            0.006437222058477453
        ],
        [
            0.06437222058477453,
            0.12874444116954906
        ],
        [
            0.0,
            11.0
        ],
        [
            0.0,
            null
        ],
        [
            0.0,
            null
        ],
        [
            0.0,
            null
        ],
        [
            0.0,
            null
        ],
        [
            0.0,
            null
        ],
        [
            0.0,
            null
        ],
        [
            0.0,
            null
        ],
        [
            0.0,
            null
        ],
        [
            0.0,
            null
        ],
        [
            0.0,
            null
        ],
        [
            0.0,
            null
        ],
        [
            0.0,
            null
        ],
        [
            0.0,
            null
        ],
        [
            0.0,
            null
        ],
        [
            0.0,
            null
        ],
        [
            0.0,
            null
        ],
        [
            0.0,
            null
        ],
        [
            0.0,
            null
        ],
        [
            0.0,
            null
        ],
        [
            0.0,
            null
        ],
        [
            0.0,
            null
        ],
        [
            0.0,
            null
        ],
        [
            0.0,
            null
        ],
        [
            0.0,
            null
        ],
        [
            0.0,
            null
        ]
    ],
    "comp_est": [
        7.978570906487791e-10,
        0.0643722222455097,
        4.0,
        39.99999756609277,
        39.999997566080395,
        39.999997566076864,
        39.99999756607971,
        39.99999756609965,
        39.999997566080395,
        39.99999756607679,
        39.99999756608397,
        39.99999756607679,
        39.999997566079685,
        39.999997566076864,
        39.99999756608397,
        39.99999756609315,
        39.99999756608461,
        39.999997566076864,
        39.99999756607971,
        39.99999756607679,
        39.99999756608461,
        39.99999756607679,
        39.99999756608358,
        39.99999756609965,
        39.999997566079685,
        39.999997566076864,
        39.99999756608358,
        39.99999756609999
    ],
    "fit_time": 12871.249039888382,
    "init_guess": [
        6.437222058477453e-10,
        0.06437222058477453,
        4.0,
        40.0,
        40.0,
        40.0,
        40.0,
        40.0,
        40.0,
        40.0,
        40.0,
        40.0,
        40.0,
        40.0,
        40.0,
        40.0,
        40.0,
        40.0,
        40.0,
        40.0,
        40.0,
        40.0,
        40.0,
        40.0,
        40.0,
        40.0,
        40.0,
        40.0
    ],
    "model": "Competition Model",
    "model_params": [
        "C_0",
        "N_0",
        "kn",
        "rs"
    ],
    "model_species": [
        "C",
        "N"
    ],
    "obj_fun": 0.8274355523715635,
    "zone_cols": 5,
    "zone_coords": [
        9,
        15
    ],
    "zone_rows": 5
}