{
    "argv": 929,
    "bounds": [
        [
            5.848410588726615e-12,
            0.005848410588726615
        ],
        [
            0.05848410588726615,
            0.1169682117745323
        ],
        [
            0.0,
            11.0
        ],
        [
            0.0,
            null
        ],
        [
            0.0,
            null
        ],
        [
            0.0,
            null
        ],
        [
            0.0,
            null
        ],
        [
            0.0,
            null
        ],
        [
            0.0,
            null
        ],
        [
            0.0,
            null
        ],
        [
            0.0,
            null
        ],
        [
            0.0,
            null
        ],
        [
            0.0,
            null
        ],
        [
            0.0,
            null
        ],
        [
            0.0,
            null
        ],
        [
            0.0,
            null
        ],
        [
            0.0,
            null
        ],
        [
            0.0,
            null
        ],
        [
            0.0,
            null
        ],
        [
            0.0,
            null
        ],
        [
            0.0,
            null
        ],
        [
            0.0,
            null
        ],
        [
            0.0,
            null
        ],
        [
            0.0,
            null
        ],
        [
            0.0,
            null
        ],
        [
            0.0,
            null
        ],
        [
            0.0,
            null
        ],
        [
            0.0,
            null
        ]
    ],
    "comp_est": [
        5.848409356167358e-05,
        0.05848410588726615,
        4.999999999453224,
        59.999998868542235,
        60.000001713968516,
        60.000000566465786,
        60.00000038304163,
        60.00000194028177,
        60.00000171332706,
        59.99999975877196,
        60.00000077104654,
        60.00000065716458,
        59.99999995097054,
        60.00000056645585,
        60.00000077242126,
        60.000002447780965,
        60.0000007998195,
        60.00000182169508,
        60.00000038319124,
        60.00000066021838,
        60.00000079904881,
        59.99999967286458,
        60.0000016692402,
        60.00000194064659,
        59.99999994819055,
        60.00000182599071,
        60.00000166967508,
        60.000000667361114
    ],
    "fit_time": 8965.113454818726,
    "init_guess": [
        5.848410588726615e-05,
        0.05848410588726615,
        5.0,
        60.0,
        60.0,
        60.0,
        60.0,
        60.0,
        60.0,
        60.0,
        60.0,
        60.0,
        60.0,
        60.0,
        60.0,
        60.0,
        60.0,
        60.0,
        60.0,
        60.0,
        60.0,
        60.0,
        60.0,
        60.0,
        60.0,
        60.0,
        60.0,
        60.0
    ],
    "model": "Competition Model",
    "model_params": [
        "C_0",
        "N_0",
        "kn",
        "rs"
    ],
    "model_species": [
        "C",
        "N"
    ],
    "obj_fun": 0.4263495315376265,
    "zone_cols": 5,
    "zone_coords": [
        7,
        13
    ],
    "zone_rows": 5
}