{
    "argv": 953,
    "bounds": [
        [
            6.437222058477453e-12,
            0.006437222058477453
        ],
        [
            0.06437222058477453,
            0.12874444116954906
        ],
        [
            0.0,
            11.0
        ],
        [
            0.0,
            null
        ],
        [
            0.0,
            null
        ],
        [
            0.0,
            null
        ],
        [
            0.0,
            null
        ],
        [
            0.0,
            null
        ],
        [
            0.0,
            null
        ],
        [
            0.0,
            null
        ],
        [
            0.0,
            null
        ],
        [
            0.0,
            null
        ],
        [
            0.0,
            null
        ],
        [
            0.0,
            null
        ],
        [
            0.0,
            null
        ],
        [
            0.0,
            null
        ],
        [
            0.0,
            null
        ],
        [
            0.0,
            null
        ],
        [
            0.0,
            null
        ],
        [
            0.0,
            null
        ],
        [
            0.0,
            null
        ],
        [
            0.0,
            null
        ],
        [
            0.0,
            null
        ],
        [
            0.0,
            null
        ],
        [
            0.0,
            null
        ],
        [
            0.0,
            null
        ],
        [
            0.0,
            null
        ],
        [
            0.0,
            null
        ]
    ],
    "comp_est": [
        6.437222833658186e-05,
        0.06437222058477453,
        7.000000000173056,
        70.00000031464133,
        70.0000004036138,
        70.00000012497985,
        69.99999998063183,
        70.00000037355866,
        70.00000040586715,
        70.00000059903498,
        70.00000047312841,
        70.00000025666105,
        70.00000034602161,
        70.00000013328165,
        70.00000043281077,
        70.00000014676483,
        70.00000044077257,
        70.00000047247266,
        69.99999996191528,
        70.00000029672711,
        70.00000044381109,
        70.00000057103695,
        69.99999997936389,
        70.0000002880805,
        70.00000032758565,
        70.0000004522233,
        69.9999999616892,
        70.00000039828663
    ],
    "fit_time": 54231.277646780014,
    "init_guess": [
        6.437222058477453e-05,
        0.06437222058477453,
        7.0,
        70.0,
        70.0,
        70.0,
        70.0,
        70.0,
        70.0,
        70.0,
        70.0,
        70.0,
        70.0,
        70.0,
        70.0,
        70.0,
        70.0,
        70.0,
        70.0,
        70.0,
        70.0,
        70.0,
        70.0,
        70.0,
        70.0,
        70.0,
        70.0,
        70.0
    ],
    "model": "Competition Model",
    "model_params": [
        "C_0",
        "N_0",
        "kn",
        "rs"
    ],
    "model_species": [
        "C",
        "N"
    ],
    "obj_fun": 0.6366086448674697,
    "zone_cols": 5,
    "zone_coords": [
        9,
        15
    ],
    "zone_rows": 5
}