{
    "argv": 1140,
    "bounds": [
        [
            5.848410588726615e-12,
            0.005848410588726615
        ],
        [
            0.05848410588726615,
            0.1169682117745323
        ],
        [
            0.0,
            11.0
        ],
        [
            0.0,
            null
        ],
        [
            0.0,
            null
        ],
        [
            0.0,
            null
        ],
        [
            0.0,
            null
        ],
        [
            0.0,
            null
        ],
        [
            0.0,
            null
        ],
        [
            0.0,
            null
        ],
        [
            0.0,
            null
        ],
        [
            0.0,
            null
        ],
        [
            0.0,
            null
        ],
        [
            0.0,
            null
        ],
        [
            0.0,
            null
        ],
        [
            0.0,
            null
        ],
        [
            0.0,
            null
        ],
        [
            0.0,
            null
        ],
        [
            0.0,
            null
        ],
        [
            0.0,
            null
        ],
        [
            0.0,
            null
        ],
        [
            0.0,
            null
        ],
        [
            0.0,
            null
        ],
        [
            0.0,
            null
        ],
        [
            0.0,
            null
        ],
        [
            0.0,
            null
        ],
        [
            0.0,
            null
        ],
        [
            0.0,
            null
        ]
    ],
    "comp_est": [
        0.005848410586873568,
        0.05848410588726615,
        7.0000000000010845,
        45.00000008696135,
        45.00000008432658,
        45.0000000847106,
        45.00000005598785,
        45.000000076736434,
        45.000000009080196,
        45.00000017214758,
        44.99999999633979,
        45.000000087157495,
        45.00000002499948,
        45.00000021919414,
        45.00000004002479,
        44.99999994135068,
        44.99999992982972,
        45.00000006451554,
        44.999999995096616,
        45.000000022877266,
        44.99999993459489,
        45.00000005935561,
        44.99999995884498,
        45.00000011123908,
        45.00000008303465,
        45.0000001029293,
        45.0000000475002,
        45.000000099774525
    ],
    "fit_time": 33592.00145030022,
    "init_guess": [
        0.005848410588726615,
        0.05848410588726615,
        7.0,
        45.0,
        45.0,
        45.0,
        45.0,
        45.0,
        45.0,
        45.0,
        45.0,
        45.0,
        45.0,
        45.0,
        45.0,
        45.0,
        45.0,
        45.0,
        45.0,
        45.0,
        45.0,
        45.0,
        45.0,
        45.0,
        45.0,
        45.0,
        45.0,
        45.0
    ],
    "model": "Competition Model",
    "model_params": [
        "C_0",
        "N_0",
        "kn",
        "rs"
    ],
    "model_species": [
        "C",
        "N"
    ],
    "obj_fun": 0.641354447282622,
    "zone_cols": 5,
    "zone_coords": [
        7,
        13
    ],
    "zone_rows": 5
}