{
    "argv": 146,
    "bounds": [
        [
            5.848410588726615e-12,
            0.005848410588726615
        ],
        [
            0.05848410588726615,
            0.1169682117745323
        ],
        [
            0.0,
            11.0
        ],
        [
            0.0,
            null
        ],
        [
            0.0,
            null
        ],
        [
            0.0,
            null
        ],
        [
            0.0,
            null
        ],
        [
            0.0,
            null
        ],
        [
            0.0,
            null
        ],
        [
            0.0,
            null
        ],
        [
            0.0,
            null
        ],
        [
            0.0,
            null
        ],
        [
            0.0,
            null
        ],
        [
            0.0,
            null
        ],
        [
            0.0,
            null
        ],
        [
            0.0,
            null
        ],
        [
            0.0,
            null
        ],
        [
            0.0,
            null
        ],
        [
            0.0,
            null
        ],
        [
            0.0,
            null
        ],
        [
            0.0,
            null
        ],
        [
            0.0,
            null
        ],
        [
            0.0,
            null
        ],
        [
            0.0,
            null
        ],
        [
            0.0,
            null
        ],
        [
            0.0,
            null
        ],
        [
            0.0,
            null
        ],
        [
            0.0,
            null
        ]
    ],
    "comp_est": [
        0.00034160400847703403,
        0.0632392029385417,
        4.727914660402812,
        32.247415774794646,
        30.690449424601383,
        33.14626288880081,
        33.277330035295115,
        30.09117237032892,
        27.70297299314107,
        27.871316536596666,
        30.778109465435886,
        31.731307102355476,
        44.84208755162776,
        32.4896505724807,
        32.591169224409114,
        25.851930689299735,
        41.902046235062365,
        29.582296951166168,
        32.74333612899176,
        31.81595997289516,
        30.295286334189697,
        29.065805639886616,
        30.791887814684127,
        29.326205853842275,
        32.73619553231424,
        42.300400211286885,
        30.98531847532987,
        29.751661594234434
    ],
    "fit_time": 32740.646037101746,
    "init_guess": [
        5.848410588726616e-11,
        0.05848410588726615,
        3.0,
        35.0,
        35.0,
        35.0,
        35.0,
        35.0,
        35.0,
        35.0,
        35.0,
        35.0,
        35.0,
        35.0,
        35.0,
        35.0,
        35.0,
        35.0,
        35.0,
        35.0,
        35.0,
        35.0,
        35.0,
        35.0,
        35.0,
        35.0,
        35.0,
        35.0
    ],
    "model": "Competition Model",
    "model_params": [
        "C_0",
        "N_0",
        "kn",
        "rs"
    ],
    "model_species": [
        "C",
        "N"
    ],
    "obj_fun": 0.09376336488122321,
    "zone_cols": 5,
    "zone_coords": [
        7,
        13
    ],
    "zone_rows": 5
}