{
    "argv": 146,
    "bounds": [
        [
            6.437222058477453e-12,
            0.006437222058477453
        ],
        [
            0.06437222058477453,
            0.12874444116954906
        ],
        [
            0.0,
            11.0
        ],
        [
            0.0,
            null
        ],
        [
            0.0,
            null
        ],
        [
            0.0,
            null
        ],
        [
            0.0,
            null
        ],
        [
            0.0,
            null
        ],
        [
            0.0,
            null
        ],
        [
            0.0,
            null
        ],
        [
            0.0,
            null
        ],
        [
            0.0,
            null
        ],
        [
            0.0,
            null
        ],
        [
            0.0,
            null
        ],
        [
            0.0,
            null
        ],
        [
            0.0,
            null
        ],
        [
            0.0,
            null
        ],
        [
            0.0,
            null
        ],
        [
            0.0,
            null
        ],
        [
            0.0,
            null
        ],
        [
            0.0,
            null
        ],
        [
            0.0,
            null
        ],
        [
            0.0,
            null
        ],
        [
            0.0,
            null
        ],
        [
            0.0,
            null
        ],
        [
            0.0,
            null
        ],
        [
            0.0,
            null
        ],
        [
            0.0,
            null
        ]
    ],
    "comp_est": [
        6.999861453505346e-05,
        0.06745386239127532,
        3.1007738780423377,
        32.48866613846463,
        50.66475657859693,
        41.44445030347507,
        42.34413911924163,
        32.681532861455686,
        41.097312654337856,
        41.4475864290949,
        41.96085495356847,
        40.38787109001559,
        53.57326770531223,
        51.86250552162742,
        41.78093268042258,
        41.28780681615278,
        48.16821953626684,
        40.59798234497393,
        40.00290342787363,
        49.27890779751745,
        40.349563428169795,
        54.58430916229781,
        41.201629025095826,
        32.47633092699788,
        42.50418067368509,
        42.45432103009758,
        42.23923324697866,
        31.143221512011543
    ],
    "fit_time": 28421.911588430405,
    "init_guess": [
        6.437222058477453e-11,
        0.06437222058477453,
        3.0,
        35.0,
        35.0,
        35.0,
        35.0,
        35.0,
        35.0,
        35.0,
        35.0,
        35.0,
        35.0,
        35.0,
        35.0,
        35.0,
        35.0,
        35.0,
        35.0,
        35.0,
        35.0,
        35.0,
        35.0,
        35.0,
        35.0,
        35.0,
        35.0,
        35.0
    ],
    "model": "Competition Model",
    "model_params": [
        "C_0",
        "N_0",
        "kn",
        "rs"
    ],
    "model_species": [
        "C",
        "N"
    ],
    "obj_fun": 0.18106069583401518,
    "zone_cols": 5,
    "zone_coords": [
        9,
        15
    ],
    "zone_rows": 5
}