{
    "argv": 684,
    "bounds": [
        [
            5.848410588726615e-12,
            0.005848410588726615
        ],
        [
            0.05848410588726615,
            0.1169682117745323
        ],
        [
            0.0,
            11.0
        ],
        [
            0.0,
            null
        ],
        [
            0.0,
            null
        ],
        [
            0.0,
            null
        ],
        [
            0.0,
            null
        ],
        [
            0.0,
            null
        ],
        [
            0.0,
            null
        ],
        [
            0.0,
            null
        ],
        [
            0.0,
            null
        ],
        [
            0.0,
            null
        ],
        [
            0.0,
            null
        ],
        [
            0.0,
            null
        ],
        [
            0.0,
            null
        ],
        [
            0.0,
            null
        ],
        [
            0.0,
            null
        ],
        [
            0.0,
            null
        ],
        [
            0.0,
            null
        ],
        [
            0.0,
            null
        ],
        [
            0.0,
            null
        ],
        [
            0.0,
            null
        ],
        [
            0.0,
            null
        ],
        [
            0.0,
            null
        ],
        [
            0.0,
            null
        ],
        [
            0.0,
            null
        ],
        [
            0.0,
            null
        ],
        [
            0.0,
            null
        ]
    ],
    "comp_est": [
        1.2983709114176933e-05,
        0.05848410588726615,
        8.537697592109136,
        59.041644837635594,
        57.51925089495252,
        60.23568088065864,
        60.65397598385932,
        57.14440526103732,
        54.06420286425163,
        55.16372420534848,
        57.725970632783,
        60.657762515466075,
        73.2637008947879,
        59.68893034434851,
        59.56029093336918,
        57.850919923545405,
        70.74275024347222,
        56.27221351621286,
        59.888189471694574,
        60.04346497050874,
        56.37474173030829,
        57.05736154532812,
        57.191755426394806,
        56.033864461379714,
        60.888150473751594,
        70.83754674798591,
        58.37915692943917,
        56.04934461078053
    ],
    "fit_time": 33541.76422691345,
    "init_guess": [
        5.848410588726616e-07,
        0.05848410588726615,
        2.0,
        60.0,
        60.0,
        60.0,
        60.0,
        60.0,
        60.0,
        60.0,
        60.0,
        60.0,
        60.0,
        60.0,
        60.0,
        60.0,
        60.0,
        60.0,
        60.0,
        60.0,
        60.0,
        60.0,
        60.0,
        60.0,
        60.0,
        60.0,
        60.0,
        60.0
    ],
    "model": "Competition Model",
    "model_params": [
        "C_0",
        "N_0",
        "kn",
        "rs"
    ],
    "model_species": [
        "C",
        "N"
    ],
    "obj_fun": 0.09089027864432729,
    "zone_cols": 5,
    "zone_coords": [
        7,
        13
    ],
    "zone_rows": 5
}