{
    "argv": 274,
    "bounds": [
        [
            5.848410588726615e-12,
            0.005848410588726615
        ],
        [
            0.05848410588726615,
            0.1169682117745323
        ],
        [
            0.0,
            11.0
        ],
        [
            0.0,
            null
        ],
        [
            0.0,
            null
        ],
        [
            0.0,
            null
        ],
        [
            0.0,
            null
        ],
        [
            0.0,
            null
        ],
        [
            0.0,
            null
        ],
        [
            0.0,
            null
        ],
        [
            0.0,
            null
        ],
        [
            0.0,
            null
        ],
        [
            0.0,
            null
        ],
        [
            0.0,
            null
        ],
        [
            0.0,
            null
        ],
        [
            0.0,
            null
        ],
        [
            0.0,
            null
        ],
        [
            0.0,
            null
        ],
        [
            0.0,
            null
        ],
        [
            0.0,
            null
        ],
        [
            0.0,
            null
        ],
        [
            0.0,
            null
        ],
        [
            0.0,
            null
        ],
        [
            0.0,
            null
        ],
        [
            0.0,
            null
        ],
        [
            0.0,
            null
        ],
        [
            0.0,
            null
        ],
        [
            0.0,
            null
        ]
    ],
    "comp_est": [
        5.92014653033771e-10,
        0.05848410588726615,
        9.999999999999975,
        35.00000030216926,
        35.00000043004041,
        35.00000044022145,
        35.00000042955878,
        35.00000030216916,
        35.00000043004041,
        35.000000242724695,
        35.00000042358269,
        35.00000036142865,
        35.00000042957278,
        35.00000044022145,
        35.00000042358269,
        35.000000437709744,
        35.000000423462446,
        35.000000439646776,
        35.00000042955878,
        35.00000036142865,
        35.000000423462446,
        35.00000035749966,
        35.00000042907817,
        35.00000030216916,
        35.00000042957278,
        35.000000439646776,
        35.00000042907817,
        35.00000030216914
    ],
    "fit_time": 19186.28374862671,
    "init_guess": [
        5.848410588726615e-10,
        0.05848410588726615,
        10.0,
        35.0,
        35.0,
        35.0,
        35.0,
        35.0,
        35.0,
        35.0,
        35.0,
        35.0,
        35.0,
        35.0,
        35.0,
        35.0,
        35.0,
        35.0,
        35.0,
        35.0,
        35.0,
        35.0,
        35.0,
        35.0,
        35.0,
        35.0,
        35.0,
        35.0
    ],
    "model": "Competition Model",
    "model_params": [
        "C_0",
        "N_0",
        "kn",
        "rs"
    ],
    "model_species": [
        "C",
        "N"
    ],
    "obj_fun": 0.6701985057112313,
    "zone_cols": 5,
    "zone_coords": [
        7,
        13
    ],
    "zone_rows": 5
}