{
    "argv": 847,
    "bounds": [
        [
            5.848410588726615e-12,
            0.005848410588726615
        ],
        [
            0.05848410588726615,
            0.1169682117745323
        ],
        [
            0.0,
            11.0
        ],
        [
            0.0,
            null
        ],
        [
            0.0,
            null
        ],
        [
            0.0,
            null
        ],
        [
            0.0,
            null
        ],
        [
            0.0,
            null
        ],
        [
            0.0,
            null
        ],
        [
            0.0,
            null
        ],
        [
            0.0,
            null
        ],
        [
            0.0,
            null
        ],
        [
            0.0,
            null
        ],
        [
            0.0,
            null
        ],
        [
            0.0,
            null
        ],
        [
            0.0,
            null
        ],
        [
            0.0,
            null
        ],
        [
            0.0,
            null
        ],
        [
            0.0,
            null
        ],
        [
            0.0,
            null
        ],
        [
            0.0,
            null
        ],
        [
            0.0,
            null
        ],
        [
            0.0,
            null
        ],
        [
            0.0,
            null
        ],
        [
            0.0,
            null
        ],
        [
            0.0,
            null
        ],
        [
            0.0,
            null
        ],
        [
            0.0,
            null
        ]
    ],
    "comp_est": [
        0.00037306329350591573,
        0.06977420753605575,
        1.5101404711008786,
        24.58424668295388,
        23.490224716517396,
        27.562103586615347,
        29.474095063584553,
        27.904911346520432,
        18.250488050563785,
        20.740704252045873,
        25.267676153671058,
        29.914154878014276,
        42.821148793413876,
        25.880413263900536,
        26.371369110131127,
        25.36387553061081,
        38.66771380979267,
        27.216929439684463,
        26.5200837733893,
        27.159117227505003,
        24.76061886997647,
        25.22403031042769,
        24.9904518422934,
        23.08641309758839,
        28.212138321189073,
        40.25625009620012,
        26.554282004182138,
        23.26996858274289
    ],
    "fit_time": 22251.47922182083,
    "init_guess": [
        5.848410588726615e-05,
        0.05848410588726615,
        0.0,
        25.0,
        25.0,
        25.0,
        25.0,
        25.0,
        25.0,
        25.0,
        25.0,
        25.0,
        25.0,
        25.0,
        25.0,
        25.0,
        25.0,
        25.0,
        25.0,
        25.0,
        25.0,
        25.0,
        25.0,
        25.0,
        25.0,
        25.0,
        25.0,
        25.0
    ],
    "model": "Competition Model",
    "model_params": [
        "C_0",
        "N_0",
        "kn",
        "rs"
    ],
    "model_species": [
        "C",
        "N"
    ],
    "obj_fun": 0.06285558606007044,
    "zone_cols": 5,
    "zone_coords": [
        7,
        13
    ],
    "zone_rows": 5
}