{
    "argv": 79,
    "bounds": [
        [
            6.437222058477453e-12,
            0.006437222058477453
        ],
        [
            0.06437222058477453,
            0.12874444116954906
        ],
        [
            0.0,
            11.0
        ],
        [
            0.0,
            null
        ],
        [
            0.0,
            null
        ],
        [
            0.0,
            null
        ],
        [
            0.0,
            null
        ],
        [
            0.0,
            null
        ],
        [
            0.0,
            null
        ],
        [
            0.0,
            null
        ],
        [
            0.0,
            null
        ],
        [
            0.0,
            null
        ],
        [
            0.0,
            null
        ],
        [
            0.0,
            null
        ],
        [
            0.0,
            null
        ],
        [
            0.0,
            null
        ],
        [
            0.0,
            null
        ],
        [
            0.0,
            null
        ],
        [
            0.0,
            null
        ],
        [
            0.0,
            null
        ],
        [
            0.0,
            null
        ],
        [
            0.0,
            null
        ],
        [
            0.0,
            null
        ],
        [
            0.0,
            null
        ],
        [
            0.0,
            null
        ],
        [
            0.0,
            null
        ],
        [
            0.0,
            null
        ],
        [
            0.0,
            null
        ]
    ],
    "comp_est": [
        0.00018425672580946634,
        0.06437222058477453,
        1.9917801644868838,
        56.11889690050579,
        72.20233632326592,
        56.34548610965225,
        58.37231297204218,
        56.18908965153249,
        55.24069615727024,
        55.85051530981539,
        57.469052734621556,
        53.08633601264673,
        75.85975216936238,
        73.70694222459628,
        55.764218597599104,
        55.7979623506134,
        67.60418992760475,
        53.8444537480981,
        52.748384838243524,
        70.43941496944679,
        52.79825898233212,
        77.59580054882345,
        55.52030995511432,
        57.27617509497934,
        58.40055271793073,
        58.82189180178905,
        57.47532263745763,
        55.28276608311482
    ],
    "fit_time": 12246.016164779663,
    "init_guess": [
        6.437222058477453e-12,
        0.06437222058477453,
        2.0,
        60.0,
        60.0,
        60.0,
        60.0,
        60.0,
        60.0,
        60.0,
        60.0,
        60.0,
        60.0,
        60.0,
        60.0,
        60.0,
        60.0,
        60.0,
        60.0,
        60.0,
        60.0,
        60.0,
        60.0,
        60.0,
        60.0,
        60.0,
        60.0,
        60.0
    ],
    "model": "Competition Model",
    "model_params": [
        "C_0",
        "N_0",
        "kn",
        "rs"
    ],
    "model_species": [
        "C",
        "N"
    ],
    "obj_fun": 0.40268303214763423,
    "zone_cols": 5,
    "zone_coords": [
        9,
        15
    ],
    "zone_rows": 5
}