{
    "argv": 580,
    "bounds": [
        [
            6.437222058477453e-12,
            0.006437222058477453
        ],
        [
            0.06437222058477453,
            0.12874444116954906
        ],
        [
            0.0,
            11.0
        ],
        [
            0.0,
            null
        ],
        [
            0.0,
            null
        ],
        [
            0.0,
            null
        ],
        [
            0.0,
            null
        ],
        [
            0.0,
            null
        ],
        [
            0.0,
            null
        ],
        [
            0.0,
            null
        ],
        [
            0.0,
            null
        ],
        [
            0.0,
            null
        ],
        [
            0.0,
            null
        ],
        [
            0.0,
            null
        ],
        [
            0.0,
            null
        ],
        [
            0.0,
            null
        ],
        [
            0.0,
            null
        ],
        [
            0.0,
            null
        ],
        [
            0.0,
            null
        ],
        [
            0.0,
            null
        ],
        [
            0.0,
            null
        ],
        [
            0.0,
            null
        ],
        [
            0.0,
            null
        ],
        [
            0.0,
            null
        ],
        [
            0.0,
            null
        ],
        [
            0.0,
            null
        ],
        [
            0.0,
            null
        ],
        [
            0.0,
            null
        ]
    ],
    "comp_est": [
        6.43722259433371e-08,
        0.06437222059488833,
        8.0,
        64.99999999990385,
        65.00000000522576,
        65.0000000067836,
        65.00000000803242,
        64.9999999999047,
        65.00000000522576,
        65.00000000558578,
        65.00000000088754,
        65.00000000635421,
        65.00000000601987,
        65.0000000067836,
        65.00000000088755,
        64.99999999978262,
        65.00000000090445,
        65.00000000678453,
        65.0000000080324,
        65.00000000635421,
        65.00000000090445,
        65.00000000636442,
        65.0000000063137,
        64.9999999999047,
        65.00000000601986,
        65.00000000678453,
        65.0000000063137,
        64.99999999990281
    ],
    "fit_time": 53252.85212087631,
    "init_guess": [
        6.437222058477452e-08,
        0.06437222058477453,
        8.0,
        65.0,
        65.0,
        65.0,
        65.0,
        65.0,
        65.0,
        65.0,
        65.0,
        65.0,
        65.0,
        65.0,
        65.0,
        65.0,
        65.0,
        65.0,
        65.0,
        65.0,
        65.0,
        65.0,
        65.0,
        65.0,
        65.0,
        65.0,
        65.0,
        65.0
    ],
    "model": "Competition Model",
    "model_params": [
        "C_0",
        "N_0",
        "kn",
        "rs"
    ],
    "model_species": [
        "C",
        "N"
    ],
    "obj_fun": 0.6411330621800561,
    "zone_cols": 5,
    "zone_coords": [
        9,
        15
    ],
    "zone_rows": 5
}