{
    "argv": 338,
    "bounds": [
        [
            5.848410588726615e-12,
            0.005848410588726615
        ],
        [
            0.05848410588726615,
            0.1169682117745323
        ],
        [
            0.0,
            11.0
        ],
        [
            0.0,
            null
        ],
        [
            0.0,
            null
        ],
        [
            0.0,
            null
        ],
        [
            0.0,
            null
        ],
        [
            0.0,
            null
        ],
        [
            0.0,
            null
        ],
        [
            0.0,
            null
        ],
        [
            0.0,
            null
        ],
        [
            0.0,
            null
        ],
        [
            0.0,
            null
        ],
        [
            0.0,
            null
        ],
        [
            0.0,
            null
        ],
        [
            0.0,
            null
        ],
        [
            0.0,
            null
        ],
        [
            0.0,
            null
        ],
        [
            0.0,
            null
        ],
        [
            0.0,
            null
        ],
        [
            0.0,
            null
        ],
        [
            0.0,
            null
        ],
        [
            0.0,
            null
        ],
        [
            0.0,
            null
        ],
        [
            0.0,
            null
        ],
        [
            0.0,
            null
        ],
        [
            0.0,
            null
        ],
        [
            0.0,
            null
        ]
    ],
    "comp_est": [
        5.848483121866785e-10,
        0.05848410588733868,
        7.999999999999977,
        65.00000004687094,
        65.0000001230673,
        65.00000008439082,
        65.00000020427716,
        65.00000004681975,
        65.0000001230673,
        65.00000009645366,
        65.00000007298914,
        65.00000009677116,
        65.00000020638582,
        65.00000008439082,
        65.00000007298914,
        65.00000005142145,
        65.00000007302563,
        65.00000008438049,
        65.00000020427716,
        65.00000009677116,
        65.00000007302563,
        65.00000009696248,
        65.00000020772191,
        65.00000004681975,
        65.00000020638582,
        65.00000008438049,
        65.00000020772191,
        65.00000004675707
    ],
    "fit_time": 47529.34084701538,
    "init_guess": [
        5.848410588726615e-10,
        0.05848410588726615,
        8.0,
        65.0,
        65.0,
        65.0,
        65.0,
        65.0,
        65.0,
        65.0,
        65.0,
        65.0,
        65.0,
        65.0,
        65.0,
        65.0,
        65.0,
        65.0,
        65.0,
        65.0,
        65.0,
        65.0,
        65.0,
        65.0,
        65.0,
        65.0,
        65.0,
        65.0
    ],
    "model": "Competition Model",
    "model_params": [
        "C_0",
        "N_0",
        "kn",
        "rs"
    ],
    "model_species": [
        "C",
        "N"
    ],
    "obj_fun": 0.6465894015828024,
    "zone_cols": 5,
    "zone_coords": [
        7,
        13
    ],
    "zone_rows": 5
}