{
    "argv": 1113,
    "bounds": [
        [
            6.437222058477453e-12,
            0.006437222058477453
        ],
        [
            0.06437222058477453,
            0.12874444116954906
        ],
        [
            0.0,
            11.0
        ],
        [
            0.0,
            null
        ],
        [
            0.0,
            null
        ],
        [
            0.0,
            null
        ],
        [
            0.0,
            null
        ],
        [
            0.0,
            null
        ],
        [
            0.0,
            null
        ],
        [
            0.0,
            null
        ],
        [
            0.0,
            null
        ],
        [
            0.0,
            null
        ],
        [
            0.0,
            null
        ],
        [
            0.0,
            null
        ],
        [
            0.0,
            null
        ],
        [
            0.0,
            null
        ],
        [
            0.0,
            null
        ],
        [
            0.0,
            null
        ],
        [
            0.0,
            null
        ],
        [
            0.0,
            null
        ],
        [
            0.0,
            null
        ],
        [
            0.0,
            null
        ],
        [
            0.0,
            null
        ],
        [
            0.0,
            null
        ],
        [
            0.0,
            null
        ],
        [
            0.0,
            null
        ],
        [
            0.0,
            null
        ],
        [
            0.0,
            null
        ]
    ],
    "comp_est": [
        0.00022603212370559067,
        0.06803928010368832,
        3.25061159413751,
        31.367201099445303,
        43.09695130942928,
        31.17592790053702,
        31.33604470542606,
        31.946471650998674,
        30.70933442113677,
        31.171511154092943,
        30.994517808734766,
        28.540238316338527,
        46.90920091396431,
        44.30942773406316,
        31.03539327381457,
        30.925615677855145,
        41.36446014844932,
        20.921914133844922,
        19.292949611199163,
        40.679954523894516,
        27.232046122245354,
        45.1952199347758,
        30.90612557356766,
        29.90243566871216,
        31.571775212462892,
        31.502268641276938,
        31.653537068715323,
        27.649506878730257
    ],
    "fit_time": 47299.636726379395,
    "init_guess": [
        0.006437222058477453,
        0.06437222058477453,
        2.0,
        35.0,
        35.0,
        35.0,
        35.0,
        35.0,
        35.0,
        35.0,
        35.0,
        35.0,
        35.0,
        35.0,
        35.0,
        35.0,
        35.0,
        35.0,
        35.0,
        35.0,
        35.0,
        35.0,
        35.0,
        35.0,
        35.0,
        35.0,
        35.0,
        35.0
    ],
    "model": "Competition Model",
    "model_params": [
        "C_0",
        "N_0",
        "kn",
        "rs"
    ],
    "model_species": [
        "C",
        "N"
    ],
    "obj_fun": 0.10246756186264859,
    "zone_cols": 5,
    "zone_coords": [
        9,
        15
    ],
    "zone_rows": 5
}