{
    "argv": 235,
    "bounds": [
        [
            5.848410588726615e-12,
            0.005848410588726615
        ],
        [
            0.05848410588726615,
            0.1169682117745323
        ],
        [
            0.0,
            11.0
        ],
        [
            0.0,
            null
        ],
        [
            0.0,
            null
        ],
        [
            0.0,
            null
        ],
        [
            0.0,
            null
        ],
        [
            0.0,
            null
        ],
        [
            0.0,
            null
        ],
        [
            0.0,
            null
        ],
        [
            0.0,
            null
        ],
        [
            0.0,
            null
        ],
        [
            0.0,
            null
        ],
        [
            0.0,
            null
        ],
        [
            0.0,
            null
        ],
        [
            0.0,
            null
        ],
        [
            0.0,
            null
        ],
        [
            0.0,
            null
        ],
        [
            0.0,
            null
        ],
        [
            0.0,
            null
        ],
        [
            0.0,
            null
        ],
        [
            0.0,
            null
        ],
        [
            0.0,
            null
        ],
        [
            0.0,
            null
        ],
        [
            0.0,
            null
        ],
        [
            0.0,
            null
        ],
        [
            0.0,
            null
        ],
        [
            0.0,
            null
        ]
    ],
    "comp_est": [
        2.7997707104121394e-07,
        0.05848690507316279,
        4.0,
        75.00202324454253,
        75.01343575799719,
        74.99641032483757,
        75.01187147148227,
        75.00240850307898,
        75.01343575552627,
        74.99641032483757,
        75.00721513485755,
        74.99641032483757,
        75.01559194243582,
        74.99641032483757,
        75.00721513967822,
        75.00122118440194,
        75.00064183039969,
        74.99641032483757,
        75.0118714734085,
        74.99641032483757,
        75.00064181138536,
        74.99641032483757,
        75.0011504693959,
        75.00240850327454,
        75.01559192677131,
        74.99641032483757,
        75.00115047274411,
        74.99976311432265
    ],
    "fit_time": 10537.22763967514,
    "init_guess": [
        5.848410588726616e-11,
        0.05848410588726615,
        4.0,
        75.0,
        75.0,
        75.0,
        75.0,
        75.0,
        75.0,
        75.0,
        75.0,
        75.0,
        75.0,
        75.0,
        75.0,
        75.0,
        75.0,
        75.0,
        75.0,
        75.0,
        75.0,
        75.0,
        75.0,
        75.0,
        75.0,
        75.0,
        75.0,
        75.0
    ],
    "model": "Competition Model",
    "model_params": [
        "C_0",
        "N_0",
        "kn",
        "rs"
    ],
    "model_species": [
        "C",
        "N"
    ],
    "obj_fun": 0.4254830441148178,
    "zone_cols": 5,
    "zone_coords": [
        7,
        13
    ],
    "zone_rows": 5
}