{
    "argv": 684,
    "bounds": [
        [
            6.437222058477453e-12,
            0.006437222058477453
        ],
        [
            0.06437222058477453,
            0.12874444116954906
        ],
        [
            0.0,
            11.0
        ],
        [
            0.0,
            null
        ],
        [
            0.0,
            null
        ],
        [
            0.0,
            null
        ],
        [
            0.0,
            null
        ],
        [
            0.0,
            null
        ],
        [
            0.0,
            null
        ],
        [
            0.0,
            null
        ],
        [
            0.0,
            null
        ],
        [
            0.0,
            null
        ],
        [
            0.0,
            null
        ],
        [
            0.0,
            null
        ],
        [
            0.0,
            null
        ],
        [
            0.0,
            null
        ],
        [
            0.0,
            null
        ],
        [
            0.0,
            null
        ],
        [
            0.0,
            null
        ],
        [
            0.0,
            null
        ],
        [
            0.0,
            null
        ],
        [
            0.0,
            null
        ],
        [
            0.0,
            null
        ],
        [
            0.0,
            null
        ],
        [
            0.0,
            null
        ],
        [
            0.0,
            null
        ],
        [
            0.0,
            null
        ],
        [
            0.0,
            null
        ]
    ],
    "comp_est": [
        2.438244267976821e-06,
        0.06776405127807665,
        1.1755439086946926,
        56.290542077916825,
        76.2735585003728,
        55.66444374428181,
        58.036329082250326,
        62.129327843811176,
        55.745655847471795,
        56.151862697496355,
        55.26677955598592,
        54.882526051410885,
        90.72910803612572,
        80.29147553466747,
        59.49822086748007,
        56.05522364499223,
        75.90243550561352,
        60.715130820606355,
        49.07839183758065,
        70.40492440345737,
        52.751225820195906,
        83.45890534922455,
        55.69829328882637,
        49.70903067131106,
        55.67509265556361,
        55.85287389269696,
        56.935083042510136,
        44.02690182558854
    ],
    "fit_time": 6057.135976076126,
    "init_guess": [
        6.437222058477454e-07,
        0.06437222058477453,
        2.0,
        60.0,
        60.0,
        60.0,
        60.0,
        60.0,
        60.0,
        60.0,
        60.0,
        60.0,
        60.0,
        60.0,
        60.0,
        60.0,
        60.0,
        60.0,
        60.0,
        60.0,
        60.0,
        60.0,
        60.0,
        60.0,
        60.0,
        60.0,
        60.0,
        60.0
    ],
    "model": "Competition Model",
    "model_params": [
        "C_0",
        "N_0",
        "kn",
        "rs"
    ],
    "model_species": [
        "C",
        "N"
    ],
    "obj_fun": 0.0497239226095947,
    "zone_cols": 5,
    "zone_coords": [
        9,
        15
    ],
    "zone_rows": 5
}