{
    "argv": 134,
    "bounds": [
        [
            6.437222058477453e-12,
            0.006437222058477453
        ],
        [
            0.06437222058477453,
            0.12874444116954906
        ],
        [
            0.0,
            11.0
        ],
        [
            0.0,
            null
        ],
        [
            0.0,
            null
        ],
        [
            0.0,
            null
        ],
        [
            0.0,
            null
        ],
        [
            0.0,
            null
        ],
        [
            0.0,
            null
        ],
        [
            0.0,
            null
        ],
        [
            0.0,
            null
        ],
        [
            0.0,
            null
        ],
        [
            0.0,
            null
        ],
        [
            0.0,
            null
        ],
        [
            0.0,
            null
        ],
        [
            0.0,
            null
        ],
        [
            0.0,
            null
        ],
        [
            0.0,
            null
        ],
        [
            0.0,
            null
        ],
        [
            0.0,
            null
        ],
        [
            0.0,
            null
        ],
        [
            0.0,
            null
        ],
        [
            0.0,
            null
        ],
        [
            0.0,
            null
        ],
        [
            0.0,
            null
        ],
        [
            0.0,
            null
        ],
        [
            0.0,
            null
        ],
        [
            0.0,
            null
        ]
    ],
    "comp_est": [
        0.0002803338180059011,
        0.07172291927383194,
        2.1110369603833323,
        27.135551875809256,
        39.16825204480581,
        27.251589479669324,
        28.489354989253975,
        27.408147797315944,
        26.50002694672564,
        26.900952784216475,
        27.745497204539205,
        25.206108361125555,
        42.20109646460989,
        40.40860100701564,
        27.138865116520154,
        26.795917280163053,
        35.821787174182944,
        25.895067170167696,
        24.799132456144985,
        37.491426361906,
        25.00481764029309,
        43.167926730013725,
        26.68366703244549,
        27.436292368937437,
        28.67455378100145,
        28.823408045211256,
        28.11662746961608,
        25.867918026490397
    ],
    "fit_time": 800.8622107505798,
    "init_guess": [
        6.437222058477453e-11,
        0.06437222058477453,
        2.0,
        30.0,
        30.0,
        30.0,
        30.0,
        30.0,
        30.0,
        30.0,
        30.0,
        30.0,
        30.0,
        30.0,
        30.0,
        30.0,
        30.0,
        30.0,
        30.0,
        30.0,
        30.0,
        30.0,
        30.0,
        30.0,
        30.0,
        30.0,
        30.0,
        30.0
    ],
    "model": "Competition Model",
    "model_params": [
        "C_0",
        "N_0",
        "kn",
        "rs"
    ],
    "model_species": [
        "C",
        "N"
    ],
    "obj_fun": 0.1231881711299764,
    "zone_cols": 5,
    "zone_coords": [
        9,
        15
    ],
    "zone_rows": 5
}