{
    "argv": 939,
    "bounds": [
        [
            6.437222058477453e-12,
            0.006437222058477453
        ],
        [
            0.06437222058477453,
            0.12874444116954906
        ],
        [
            0.0,
            11.0
        ],
        [
            0.0,
            null
        ],
        [
            0.0,
            null
        ],
        [
            0.0,
            null
        ],
        [
            0.0,
            null
        ],
        [
            0.0,
            null
        ],
        [
            0.0,
            null
        ],
        [
            0.0,
            null
        ],
        [
            0.0,
            null
        ],
        [
            0.0,
            null
        ],
        [
            0.0,
            null
        ],
        [
            0.0,
            null
        ],
        [
            0.0,
            null
        ],
        [
            0.0,
            null
        ],
        [
            0.0,
            null
        ],
        [
            0.0,
            null
        ],
        [
            0.0,
            null
        ],
        [
            0.0,
            null
        ],
        [
            0.0,
            null
        ],
        [
            0.0,
            null
        ],
        [
            0.0,
            null
        ],
        [
            0.0,
            null
        ],
        [
            0.0,
            null
        ],
        [
            0.0,
            null
        ],
        [
            0.0,
            null
        ],
        [
            0.0,
            null
        ]
    ],
    "comp_est": [
        4.7335671809219545e-06,
        0.06437222058477453,
        4.391596584842831,
        60.53649555934173,
        72.9513761075905,
        59.18964783837401,
        62.245931964341814,
        62.35790439998559,
        59.76379516193322,
        61.21315419798908,
        61.916432909249124,
        57.87369200683155,
        77.23113632742573,
        73.90840467082408,
        62.33590343417621,
        58.784351318980704,
        65.4380280944492,
        57.11270530196296,
        58.432526540792125,
        70.75948387121774,
        60.86539870829897,
        78.19448460322319,
        60.6431928072173,
        62.53496237676921,
        61.973337460008665,
        60.11655414299671,
        61.96034069003147,
        61.410369756848766
    ],
    "fit_time": 45223.3269405365,
    "init_guess": [
        6.437222058477453e-05,
        0.06437222058477453,
        4.0,
        65.0,
        65.0,
        65.0,
        65.0,
        65.0,
        65.0,
        65.0,
        65.0,
        65.0,
        65.0,
        65.0,
        65.0,
        65.0,
        65.0,
        65.0,
        65.0,
        65.0,
        65.0,
        65.0,
        65.0,
        65.0,
        65.0,
        65.0,
        65.0,
        65.0
    ],
    "model": "Competition Model",
    "model_params": [
        "C_0",
        "N_0",
        "kn",
        "rs"
    ],
    "model_species": [
        "C",
        "N"
    ],
    "obj_fun": 0.19326946739983572,
    "zone_cols": 5,
    "zone_coords": [
        9,
        15
    ],
    "zone_rows": 5
}