{
    "argv": 289,
    "bounds": [
        [
            6.437222058477453e-12,
            0.006437222058477453
        ],
        [
            0.06437222058477453,
            0.12874444116954906
        ],
        [
            0.0,
            11.0
        ],
        [
            0.0,
            null
        ],
        [
            0.0,
            null
        ],
        [
            0.0,
            null
        ],
        [
            0.0,
            null
        ],
        [
            0.0,
            null
        ],
        [
            0.0,
            null
        ],
        [
            0.0,
            null
        ],
        [
            0.0,
            null
        ],
        [
            0.0,
            null
        ],
        [
            0.0,
            null
        ],
        [
            0.0,
            null
        ],
        [
            0.0,
            null
        ],
        [
            0.0,
            null
        ],
        [
            0.0,
            null
        ],
        [
            0.0,
            null
        ],
        [
            0.0,
            null
        ],
        [
            0.0,
            null
        ],
        [
            0.0,
            null
        ],
        [
            0.0,
            null
        ],
        [
            0.0,
            null
        ],
        [
            0.0,
            null
        ],
        [
            0.0,
            null
        ],
        [
            0.0,
            null
        ],
        [
            0.0,
            null
        ],
        [
            0.0,
            null
        ]
    ],
    "comp_est": [
        1.6908108816472473e-05,
        0.06967743092389607,
        1.2357189830320041,
        43.7207169239053,
        60.4262405701895,
        43.26318576400484,
        45.557869873332336,
        48.465820967476226,
        42.88238776432175,
        43.32203070564324,
        42.974532692242605,
        41.96721263050204,
        71.50113915064831,
        63.022755519449134,
        45.91955377603619,
        43.11482919491352,
        59.725117756686934,
        46.669436968986105,
        36.94792244386443,
        55.54609861923475,
        39.757005125850434,
        65.77176948637033,
        43.055054304183116,
        38.03068519174813,
        43.30741442330908,
        43.565809307325736,
        44.24475287208087,
        32.673653010307724
    ],
    "fit_time": 81494.55121326447,
    "init_guess": [
        6.437222058477453e-10,
        0.06437222058477453,
        3.0,
        45.0,
        45.0,
        45.0,
        45.0,
        45.0,
        45.0,
        45.0,
        45.0,
        45.0,
        45.0,
        45.0,
        45.0,
        45.0,
        45.0,
        45.0,
        45.0,
        45.0,
        45.0,
        45.0,
        45.0,
        45.0,
        45.0,
        45.0,
        45.0,
        45.0
    ],
    "model": "Competition Model",
    "model_params": [
        "C_0",
        "N_0",
        "kn",
        "rs"
    ],
    "model_species": [
        "C",
        "N"
    ],
    "obj_fun": 0.05080410787993621,
    "zone_cols": 5,
    "zone_coords": [
        9,
        15
    ],
    "zone_rows": 5
}