{
    "argv": 293,
    "bounds": [
        [
            6.437222058477453e-12,
            0.006437222058477453
        ],
        [
            0.06437222058477453,
            0.12874444116954906
        ],
        [
            0.0,
            11.0
        ],
        [
            0.0,
            null
        ],
        [
            0.0,
            null
        ],
        [
            0.0,
            null
        ],
        [
            0.0,
            null
        ],
        [
            0.0,
            null
        ],
        [
            0.0,
            null
        ],
        [
            0.0,
            null
        ],
        [
            0.0,
            null
        ],
        [
            0.0,
            null
        ],
        [
            0.0,
            null
        ],
        [
            0.0,
            null
        ],
        [
            0.0,
            null
        ],
        [
            0.0,
            null
        ],
        [
            0.0,
            null
        ],
        [
            0.0,
            null
        ],
        [
            0.0,
            null
        ],
        [
            0.0,
            null
        ],
        [
            0.0,
            null
        ],
        [
            0.0,
            null
        ],
        [
            0.0,
            null
        ],
        [
            0.0,
            null
        ],
        [
            0.0,
            null
        ],
        [
            0.0,
            null
        ],
        [
            0.0,
            null
        ],
        [
            0.0,
            null
        ]
    ],
    "comp_est": [
        4.046613025517531e-06,
        0.0786948685338931,
        7.000169755795476,
        44.97128189254814,
        44.9716146730901,
        44.971551270748364,
        44.97133215447014,
        45.00448369272973,
        44.97151351086797,
        44.99443658666135,
        44.99527197534612,
        45.01614699859172,
        44.97145043086733,
        44.97158707280334,
        44.99526274364595,
        45.016124566440986,
        44.99517571565583,
        44.97155776286826,
        44.97149842244249,
        45.0162304038593,
        44.9953968019314,
        45.03318809562463,
        44.971573616456574,
        45.0044114615313,
        44.97173171962446,
        44.971482143271004,
        44.97142290602789,
        44.97128873054605
    ],
    "fit_time": 60650.211154699326,
    "init_guess": [
        6.437222058477453e-10,
        0.06437222058477453,
        7.0,
        45.0,
        45.0,
        45.0,
        45.0,
        45.0,
        45.0,
        45.0,
        45.0,
        45.0,
        45.0,
        45.0,
        45.0,
        45.0,
        45.0,
        45.0,
        45.0,
        45.0,
        45.0,
        45.0,
        45.0,
        45.0,
        45.0,
        45.0,
        45.0,
        45.0
    ],
    "model": "Competition Model",
    "model_params": [
        "C_0",
        "N_0",
        "kn",
        "rs"
    ],
    "model_species": [
        "C",
        "N"
    ],
    "obj_fun": 0.5811663455873416,
    "zone_cols": 5,
    "zone_coords": [
        9,
        15
    ],
    "zone_rows": 5
}