{
    "argv": 763,
    "bounds": [
        [
            5.848410588726615e-12,
            0.005848410588726615
        ],
        [
            0.05848410588726615,
            0.1169682117745323
        ],
        [
            0.0,
            11.0
        ],
        [
            0.0,
            null
        ],
        [
            0.0,
            null
        ],
        [
            0.0,
            null
        ],
        [
            0.0,
            null
        ],
        [
            0.0,
            null
        ],
        [
            0.0,
            null
        ],
        [
            0.0,
            null
        ],
        [
            0.0,
            null
        ],
        [
            0.0,
            null
        ],
        [
            0.0,
            null
        ],
        [
            0.0,
            null
        ],
        [
            0.0,
            null
        ],
        [
            0.0,
            null
        ],
        [
            0.0,
            null
        ],
        [
            0.0,
            null
        ],
        [
            0.0,
            null
        ],
        [
            0.0,
            null
        ],
        [
            0.0,
            null
        ],
        [
            0.0,
            null
        ],
        [
            0.0,
            null
        ],
        [
            0.0,
            null
        ],
        [
            0.0,
            null
        ],
        [
            0.0,
            null
        ],
        [
            0.0,
            null
        ],
        [
            0.0,
            null
        ]
    ],
    "comp_est": [
        5.848410588739004e-06,
        0.0584841058873593,
        4.0,
        39.99999999992833,
        39.999999999930225,
        39.99999999992729,
        39.999999999930274,
        39.999999999924,
        39.999999999930225,
        40.00000000074203,
        39.99999999992436,
        39.99999999992411,
        39.99999999993023,
        39.99999999992729,
        39.99999999992436,
        39.999999999927205,
        39.99999999992436,
        39.99999999992721,
        39.999999999930274,
        39.99999999992411,
        39.99999999992436,
        39.999999999926736,
        39.99999999993028,
        39.999999999924,
        39.99999999993023,
        39.99999999992721,
        39.99999999993028,
        39.99999999992303
    ],
    "fit_time": 12695.473841667175,
    "init_guess": [
        5.848410588726615e-06,
        0.05848410588726615,
        4.0,
        40.0,
        40.0,
        40.0,
        40.0,
        40.0,
        40.0,
        40.0,
        40.0,
        40.0,
        40.0,
        40.0,
        40.0,
        40.0,
        40.0,
        40.0,
        40.0,
        40.0,
        40.0,
        40.0,
        40.0,
        40.0,
        40.0,
        40.0,
        40.0,
        40.0
    ],
    "model": "Competition Model",
    "model_params": [
        "C_0",
        "N_0",
        "kn",
        "rs"
    ],
    "model_species": [
        "C",
        "N"
    ],
    "obj_fun": 0.5554084165025743,
    "zone_cols": 5,
    "zone_coords": [
        7,
        13
    ],
    "zone_rows": 5
}