{
    "argv": 750,
    "bounds": [
        [
            6.437222058477453e-12,
            0.006437222058477453
        ],
        [
            0.06437222058477453,
            0.12874444116954906
        ],
        [
            0.0,
            11.0
        ],
        [
            0.0,
            null
        ],
        [
            0.0,
            null
        ],
        [
            0.0,
            null
        ],
        [
            0.0,
            null
        ],
        [
            0.0,
            null
        ],
        [
            0.0,
            null
        ],
        [
            0.0,
            null
        ],
        [
            0.0,
            null
        ],
        [
            0.0,
            null
        ],
        [
            0.0,
            null
        ],
        [
            0.0,
            null
        ],
        [
            0.0,
            null
        ],
        [
            0.0,
            null
        ],
        [
            0.0,
            null
        ],
        [
            0.0,
            null
        ],
        [
            0.0,
            null
        ],
        [
            0.0,
            null
        ],
        [
            0.0,
            null
        ],
        [
            0.0,
            null
        ],
        [
            0.0,
            null
        ],
        [
            0.0,
            null
        ],
        [
            0.0,
            null
        ],
        [
            0.0,
            null
        ],
        [
            0.0,
            null
        ],
        [
            0.0,
            null
        ]
    ],
    "comp_est": [
        0.00014997724053852053,
        0.06969938957501205,
        2.168512760034998,
        31.864095092696704,
        44.8288937861749,
        31.967989824246317,
        33.394253291303706,
        32.07776145317915,
        31.170669672947348,
        31.616229302246975,
        32.63920871187801,
        29.66310539462703,
        48.05534962395816,
        46.136654906778695,
        31.817310063807707,
        31.480710009378516,
        41.22048944699688,
        30.371822049674197,
        29.32268872780842,
        43.041288333343516,
        29.51669223027253,
        49.16164042755676,
        31.372393960056247,
        32.325250930148286,
        33.56839641891496,
        33.74502245149167,
        32.94234829916224,
        30.65091093975737
    ],
    "fit_time": 14340.451384544373,
    "init_guess": [
        6.437222058477453e-06,
        0.06437222058477453,
        2.0,
        35.0,
        35.0,
        35.0,
        35.0,
        35.0,
        35.0,
        35.0,
        35.0,
        35.0,
        35.0,
        35.0,
        35.0,
        35.0,
        35.0,
        35.0,
        35.0,
        35.0,
        35.0,
        35.0,
        35.0,
        35.0,
        35.0,
        35.0,
        35.0,
        35.0
    ],
    "model": "Competition Model",
    "model_params": [
        "C_0",
        "N_0",
        "kn",
        "rs"
    ],
    "model_species": [
        "C",
        "N"
    ],
    "obj_fun": 0.1183713028337081,
    "zone_cols": 5,
    "zone_coords": [
        9,
        15
    ],
    "zone_rows": 5
}