{
    "argv": 831,
    "bounds": [
        [
            5.848410588726615e-12,
            0.005848410588726615
        ],
        [
            0.05848410588726615,
            0.1169682117745323
        ],
        [
            0.0,
            11.0
        ],
        [
            0.0,
            null
        ],
        [
            0.0,
            null
        ],
        [
            0.0,
            null
        ],
        [
            0.0,
            null
        ],
        [
            0.0,
            null
        ],
        [
            0.0,
            null
        ],
        [
            0.0,
            null
        ],
        [
            0.0,
            null
        ],
        [
            0.0,
            null
        ],
        [
            0.0,
            null
        ],
        [
            0.0,
            null
        ],
        [
            0.0,
            null
        ],
        [
            0.0,
            null
        ],
        [
            0.0,
            null
        ],
        [
            0.0,
            null
        ],
        [
            0.0,
            null
        ],
        [
            0.0,
            null
        ],
        [
            0.0,
            null
        ],
        [
            0.0,
            null
        ],
        [
            0.0,
            null
        ],
        [
            0.0,
            null
        ],
        [
            0.0,
            null
        ],
        [
            0.0,
            null
        ],
        [
            0.0,
            null
        ],
        [
            0.0,
            null
        ]
    ],
    "comp_est": [
        5.848410710069615e-06,
        0.05848410588726615,
        5.999999999988338,
        69.99999851387848,
        70.00000196796337,
        70.00000044365568,
        69.99999902256143,
        69.99999855772036,
        70.00000196758916,
        70.00000171982862,
        69.99999271296372,
        70.0000004751632,
        70.00000069401673,
        70.00000044506079,
        69.99999277072682,
        69.99999323491002,
        69.99999377003988,
        69.99999980574349,
        69.99999902444031,
        70.00000047446785,
        69.99999376753722,
        70.0000021105295,
        70.00000167003321,
        69.99999855777826,
        70.00000069348908,
        69.99999980883602,
        70.00000166913587,
        69.99999853380505
    ],
    "fit_time": 9992.044457674026,
    "init_guess": [
        5.848410588726615e-06,
        0.05848410588726615,
        6.0,
        70.0,
        70.0,
        70.0,
        70.0,
        70.0,
        70.0,
        70.0,
        70.0,
        70.0,
        70.0,
        70.0,
        70.0,
        70.0,
        70.0,
        70.0,
        70.0,
        70.0,
        70.0,
        70.0,
        70.0,
        70.0,
        70.0,
        70.0,
        70.0,
        70.0
    ],
    "model": "Competition Model",
    "model_params": [
        "C_0",
        "N_0",
        "kn",
        "rs"
    ],
    "model_species": [
        "C",
        "N"
    ],
    "obj_fun": 0.4183402964866528,
    "zone_cols": 5,
    "zone_coords": [
        7,
        13
    ],
    "zone_rows": 5
}