{
    "argv": 934,
    "bounds": [
        [
            6.437222058477453e-12,
            0.006437222058477453
        ],
        [
            0.06437222058477453,
            0.12874444116954906
        ],
        [
            0.0,
            11.0
        ],
        [
            0.0,
            null
        ],
        [
            0.0,
            null
        ],
        [
            0.0,
            null
        ],
        [
            0.0,
            null
        ],
        [
            0.0,
            null
        ],
        [
            0.0,
            null
        ],
        [
            0.0,
            null
        ],
        [
            0.0,
            null
        ],
        [
            0.0,
            null
        ],
        [
            0.0,
            null
        ],
        [
            0.0,
            null
        ],
        [
            0.0,
            null
        ],
        [
            0.0,
            null
        ],
        [
            0.0,
            null
        ],
        [
            0.0,
            null
        ],
        [
            0.0,
            null
        ],
        [
            0.0,
            null
        ],
        [
            0.0,
            null
        ],
        [
            0.0,
            null
        ],
        [
            0.0,
            null
        ],
        [
            0.0,
            null
        ],
        [
            0.0,
            null
        ],
        [
            0.0,
            null
        ],
        [
            0.0,
            null
        ],
        [
            0.0,
            null
        ]
    ],
    "comp_est": [
        6.437222057892889e-05,
        0.06437222058477453,
        10.000000000000018,
        59.99999999007399,
        59.99999997228557,
        59.99999995944106,
        59.99999997769379,
        59.999999954238255,
        59.999999972278246,
        59.999999966615384,
        59.99999998985521,
        59.999999976340135,
        59.999999957923144,
        59.999999959456765,
        59.99999998984971,
        59.9999999634946,
        59.99999997998482,
        59.999999969335306,
        59.99999997767757,
        59.99999997636503,
        59.99999997997118,
        59.999999936102306,
        59.99999996256997,
        59.99999995424182,
        59.99999995790737,
        59.99999996934751,
        59.999999962569945,
        59.99999995916622
    ],
    "fit_time": 39244.873327732086,
    "init_guess": [
        6.437222058477453e-05,
        0.06437222058477453,
        10.0,
        60.0,
        60.0,
        60.0,
        60.0,
        60.0,
        60.0,
        60.0,
        60.0,
        60.0,
        60.0,
        60.0,
        60.0,
        60.0,
        60.0,
        60.0,
        60.0,
        60.0,
        60.0,
        60.0,
        60.0,
        60.0,
        60.0,
        60.0,
        60.0,
        60.0
    ],
    "model": "Competition Model",
    "model_params": [
        "C_0",
        "N_0",
        "kn",
        "rs"
    ],
    "model_species": [
        "C",
        "N"
    ],
    "obj_fun": 0.5972748067050201,
    "zone_cols": 5,
    "zone_coords": [
        9,
        15
    ],
    "zone_rows": 5
}