{
    "argv": 231,
    "bounds": [
        [
            5.848410588726615e-12,
            0.005848410588726615
        ],
        [
            0.05848410588726615,
            0.1169682117745323
        ],
        [
            0.0,
            11.0
        ],
        [
            0.0,
            null
        ],
        [
            0.0,
            null
        ],
        [
            0.0,
            null
        ],
        [
            0.0,
            null
        ],
        [
            0.0,
            null
        ],
        [
            0.0,
            null
        ],
        [
            0.0,
            null
        ],
        [
            0.0,
            null
        ],
        [
            0.0,
            null
        ],
        [
            0.0,
            null
        ],
        [
            0.0,
            null
        ],
        [
            0.0,
            null
        ],
        [
            0.0,
            null
        ],
        [
            0.0,
            null
        ],
        [
            0.0,
            null
        ],
        [
            0.0,
            null
        ],
        [
            0.0,
            null
        ],
        [
            0.0,
            null
        ],
        [
            0.0,
            null
        ],
        [
            0.0,
            null
        ],
        [
            0.0,
            null
        ],
        [
            0.0,
            null
        ],
        [
            0.0,
            null
        ],
        [
            0.0,
            null
        ],
        [
            0.0,
            null
        ]
    ],
    "comp_est": [
        1.4206477711614087e-06,
        0.05848410588726615,
        8.087768183366325,
        74.21795183564566,
        71.83825903803405,
        74.86672533749986,
        74.90882510069055,
        72.4798902876139,
        66.37033195024438,
        68.3012906252307,
        71.89851403291236,
        74.51342325494407,
        86.50583283177676,
        74.18681224647581,
        74.23398546135051,
        71.37413543302824,
        83.75053524252408,
        71.7006561979872,
        74.32091232267494,
        73.7070944838227,
        69.48451348398704,
        70.4650522629133,
        71.31071490233101,
        69.40962435275799,
        73.76600161201324,
        86.49711772926074,
        72.2332798686994,
        69.58609048275297
    ],
    "fit_time": 39753.1657538414,
    "init_guess": [
        5.848410588726616e-11,
        0.05848410588726615,
        0.0,
        75.0,
        75.0,
        75.0,
        75.0,
        75.0,
        75.0,
        75.0,
        75.0,
        75.0,
        75.0,
        75.0,
        75.0,
        75.0,
        75.0,
        75.0,
        75.0,
        75.0,
        75.0,
        75.0,
        75.0,
        75.0,
        75.0,
        75.0,
        75.0,
        75.0
    ],
    "model": "Competition Model",
    "model_params": [
        "C_0",
        "N_0",
        "kn",
        "rs"
    ],
    "model_species": [
        "C",
        "N"
    ],
    "obj_fun": 0.10809184889413248,
    "zone_cols": 5,
    "zone_coords": [
        7,
        13
    ],
    "zone_rows": 5
}