{
    "argv": 505,
    "bounds": [
        [
            6.437222058477453e-12,
            0.006437222058477453
        ],
        [
            0.06437222058477453,
            0.12874444116954906
        ],
        [
            0.0,
            11.0
        ],
        [
            0.0,
            null
        ],
        [
            0.0,
            null
        ],
        [
            0.0,
            null
        ],
        [
            0.0,
            null
        ],
        [
            0.0,
            null
        ],
        [
            0.0,
            null
        ],
        [
            0.0,
            null
        ],
        [
            0.0,
            null
        ],
        [
            0.0,
            null
        ],
        [
            0.0,
            null
        ],
        [
            0.0,
            null
        ],
        [
            0.0,
            null
        ],
        [
            0.0,
            null
        ],
        [
            0.0,
            null
        ],
        [
            0.0,
            null
        ],
        [
            0.0,
            null
        ],
        [
            0.0,
            null
        ],
        [
            0.0,
            null
        ],
        [
            0.0,
            null
        ],
        [
            0.0,
            null
        ],
        [
            0.0,
            null
        ],
        [
            0.0,
            null
        ],
        [
            0.0,
            null
        ],
        [
            0.0,
            null
        ],
        [
            0.0,
            null
        ]
    ],
    "comp_est": [
        6.436084373447993e-08,
        0.06437222059229487,
        9.999999999930784,
        30.00000038631826,
        29.999999219079314,
        29.999994328740655,
        29.99999921745863,
        29.999994672350034,
        29.999999219073718,
        29.999999162202197,
        30.000001023630215,
        29.999980677388017,
        30.00000049609667,
        29.999994328750493,
        30.00000102362899,
        29.99998073975937,
        29.999988504984223,
        29.99998067738747,
        29.999999217454913,
        29.99998067738793,
        29.999988827420676,
        29.999980716036642,
        30.000004149372927,
        29.99999467234826,
        30.000000493437277,
        29.999980677388066,
        30.00000414937689,
        29.999994581793263
    ],
    "fit_time": 62006.164331912994,
    "init_guess": [
        6.437222058477452e-08,
        0.06437222058477453,
        10.0,
        30.0,
        30.0,
        30.0,
        30.0,
        30.0,
        30.0,
        30.0,
        30.0,
        30.0,
        30.0,
        30.0,
        30.0,
        30.0,
        30.0,
        30.0,
        30.0,
        30.0,
        30.0,
        30.0,
        30.0,
        30.0,
        30.0,
        30.0,
        30.0,
        30.0
    ],
    "model": "Competition Model",
    "model_params": [
        "C_0",
        "N_0",
        "kn",
        "rs"
    ],
    "model_species": [
        "C",
        "N"
    ],
    "obj_fun": 0.8270433064198957,
    "zone_cols": 5,
    "zone_coords": [
        9,
        15
    ],
    "zone_rows": 5
}