{
    "argv": 75,
    "bounds": [
        [
            6.437222058477453e-12,
            0.006437222058477453
        ],
        [
            0.06437222058477453,
            0.12874444116954906
        ],
        [
            0.0,
            11.0
        ],
        [
            0.0,
            null
        ],
        [
            0.0,
            null
        ],
        [
            0.0,
            null
        ],
        [
            0.0,
            null
        ],
        [
            0.0,
            null
        ],
        [
            0.0,
            null
        ],
        [
            0.0,
            null
        ],
        [
            0.0,
            null
        ],
        [
            0.0,
            null
        ],
        [
            0.0,
            null
        ],
        [
            0.0,
            null
        ],
        [
            0.0,
            null
        ],
        [
            0.0,
            null
        ],
        [
            0.0,
            null
        ],
        [
            0.0,
            null
        ],
        [
            0.0,
            null
        ],
        [
            0.0,
            null
        ],
        [
            0.0,
            null
        ],
        [
            0.0,
            null
        ],
        [
            0.0,
            null
        ],
        [
            0.0,
            null
        ],
        [
            0.0,
            null
        ],
        [
            0.0,
            null
        ],
        [
            0.0,
            null
        ],
        [
            0.0,
            null
        ]
    ],
    "comp_est": [
        2.6708339320881043e-06,
        0.07106856480226528,
        8.999057206587345,
        54.980299445715346,
        54.980869933585566,
        55.04075335898423,
        54.9805707422237,
        54.9806672666244,
        54.979828340031375,
        55.00354640476315,
        55.00432378790486,
        55.003773664721244,
        54.981290131660295,
        55.041238181520036,
        55.00514872405168,
        54.99011949265261,
        55.00579139405736,
        55.040772341581736,
        54.980399079545855,
        55.00398852155766,
        55.00553914495957,
        55.00384556524299,
        54.98006237893412,
        54.98068832465671,
        54.9806691976188,
        55.04080861931733,
        54.98049818251312,
        54.980266946141384
    ],
    "fit_time": 69128.74073052406,
    "init_guess": [
        6.437222058477453e-12,
        0.06437222058477453,
        9.0,
        55.0,
        55.0,
        55.0,
        55.0,
        55.0,
        55.0,
        55.0,
        55.0,
        55.0,
        55.0,
        55.0,
        55.0,
        55.0,
        55.0,
        55.0,
        55.0,
        55.0,
        55.0,
        55.0,
        55.0,
        55.0,
        55.0,
        55.0,
        55.0,
        55.0
    ],
    "model": "Competition Model",
    "model_params": [
        "C_0",
        "N_0",
        "kn",
        "rs"
    ],
    "model_species": [
        "C",
        "N"
    ],
    "obj_fun": 0.5736003645420603,
    "zone_cols": 5,
    "zone_coords": [
        9,
        15
    ],
    "zone_rows": 5
}