{
    "argv": 1022,
    "bounds": [
        [
            5.848410588726615e-12,
            0.005848410588726615
        ],
        [
            0.05848410588726615,
            0.1169682117745323
        ],
        [
            0.0,
            11.0
        ],
        [
            0.0,
            null
        ],
        [
            0.0,
            null
        ],
        [
            0.0,
            null
        ],
        [
            0.0,
            null
        ],
        [
            0.0,
            null
        ],
        [
            0.0,
            null
        ],
        [
            0.0,
            null
        ],
        [
            0.0,
            null
        ],
        [
            0.0,
            null
        ],
        [
            0.0,
            null
        ],
        [
            0.0,
            null
        ],
        [
            0.0,
            null
        ],
        [
            0.0,
            null
        ],
        [
            0.0,
            null
        ],
        [
            0.0,
            null
        ],
        [
            0.0,
            null
        ],
        [
            0.0,
            null
        ],
        [
            0.0,
            null
        ],
        [
            0.0,
            null
        ],
        [
            0.0,
            null
        ],
        [
            0.0,
            null
        ],
        [
            0.0,
            null
        ],
        [
            0.0,
            null
        ],
        [
            0.0,
            null
        ],
        [
            0.0,
            null
        ]
    ],
    "comp_est": [
        0.0005848410588697082,
        0.05848410588726615,
        10.0,
        44.99999996598801,
        44.999999967064234,
        44.99999994572019,
        45.00000001167871,
        44.99999996960855,
        44.99999996706157,
        44.99999991761325,
        44.99999998624574,
        44.999999922494695,
        45.00000001922943,
        44.999999945719324,
        44.99999998624975,
        44.999999949393604,
        44.999999974354644,
        44.999999983099734,
        45.000000011685614,
        44.99999992249355,
        44.999999974331615,
        44.99999990910142,
        44.99999999229514,
        44.9999999696045,
        45.00000001921347,
        44.99999998312577,
        44.999999992296836,
        44.99999988573189
    ],
    "fit_time": 38271.69787526131,
    "init_guess": [
        0.0005848410588726615,
        0.05848410588726615,
        10.0,
        45.0,
        45.0,
        45.0,
        45.0,
        45.0,
        45.0,
        45.0,
        45.0,
        45.0,
        45.0,
        45.0,
        45.0,
        45.0,
        45.0,
        45.0,
        45.0,
        45.0,
        45.0,
        45.0,
        45.0,
        45.0,
        45.0,
        45.0,
        45.0,
        45.0
    ],
    "model": "Competition Model",
    "model_params": [
        "C_0",
        "N_0",
        "kn",
        "rs"
    ],
    "model_species": [
        "C",
        "N"
    ],
    "obj_fun": 0.44688713132726143,
    "zone_cols": 5,
    "zone_coords": [
        7,
        13
    ],
    "zone_rows": 5
}