{
    "argv": 110,
    "bounds": [
        [
            6.437222058477453e-12,
            0.006437222058477453
        ],
        [
            0.06437222058477453,
            0.12874444116954906
        ],
        [
            0.0,
            11.0
        ],
        [
            0.0,
            null
        ],
        [
            0.0,
            null
        ],
        [
            0.0,
            null
        ],
        [
            0.0,
            null
        ],
        [
            0.0,
            null
        ],
        [
            0.0,
            null
        ],
        [
            0.0,
            null
        ],
        [
            0.0,
            null
        ],
        [
            0.0,
            null
        ],
        [
            0.0,
            null
        ],
        [
            0.0,
            null
        ],
        [
            0.0,
            null
        ],
        [
            0.0,
            null
        ],
        [
            0.0,
            null
        ],
        [
            0.0,
            null
        ],
        [
            0.0,
            null
        ],
        [
            0.0,
            null
        ],
        [
            0.0,
            null
        ],
        [
            0.0,
            null
        ],
        [
            0.0,
            null
        ],
        [
            0.0,
            null
        ],
        [
            0.0,
            null
        ],
        [
            0.0,
            null
        ],
        [
            0.0,
            null
        ],
        [
            0.0,
            null
        ]
    ],
    "comp_est": [
        3.083970160464211e-07,
        0.06698433196712196,
        1.056646810975245,
        69.12260515500971,
        92.14316911408247,
        66.86755745156097,
        69.5753815120551,
        74.97147821496672,
        68.51282007477997,
        68.92582969799744,
        66.91414613106974,
        67.28143605488509,
        109.44837194856957,
        99.43403110060774,
        73.11310395449327,
        68.80892364664818,
        92.04511546736109,
        73.48974525537852,
        62.56380896015711,
        85.48570794119348,
        65.91302717720855,
        102.6190019534008,
        68.56807551852738,
        60.263477435966614,
        68.16180129573279,
        68.58592451777446,
        70.0728023108557,
        54.764739914030685
    ],
    "fit_time": 45285.95438861847,
    "init_guess": [
        6.437222058477453e-12,
        0.06437222058477453,
        0.0,
        75.0,
        75.0,
        75.0,
        75.0,
        75.0,
        75.0,
        75.0,
        75.0,
        75.0,
        75.0,
        75.0,
        75.0,
        75.0,
        75.0,
        75.0,
        75.0,
        75.0,
        75.0,
        75.0,
        75.0,
        75.0,
        75.0,
        75.0,
        75.0,
        75.0
    ],
    "model": "Competition Model",
    "model_params": [
        "C_0",
        "N_0",
        "kn",
        "rs"
    ],
    "model_species": [
        "C",
        "N"
    ],
    "obj_fun": 0.05550407813500725,
    "zone_cols": 5,
    "zone_coords": [
        9,
        15
    ],
    "zone_rows": 5
}