{
    "argv": 394,
    "bounds": [
        [
            6.437222058477453e-12,
            0.006437222058477453
        ],
        [
            0.06437222058477453,
            0.12874444116954906
        ],
        [
            0.0,
            11.0
        ],
        [
            0.0,
            null
        ],
        [
            0.0,
            null
        ],
        [
            0.0,
            null
        ],
        [
            0.0,
            null
        ],
        [
            0.0,
            null
        ],
        [
            0.0,
            null
        ],
        [
            0.0,
            null
        ],
        [
            0.0,
            null
        ],
        [
            0.0,
            null
        ],
        [
            0.0,
            null
        ],
        [
            0.0,
            null
        ],
        [
            0.0,
            null
        ],
        [
            0.0,
            null
        ],
        [
            0.0,
            null
        ],
        [
            0.0,
            null
        ],
        [
            0.0,
            null
        ],
        [
            0.0,
            null
        ],
        [
            0.0,
            null
        ],
        [
            0.0,
            null
        ],
        [
            0.0,
            null
        ],
        [
            0.0,
            null
        ],
        [
            0.0,
            null
        ],
        [
            0.0,
            null
        ],
        [
            0.0,
            null
        ],
        [
            0.0,
            null
        ]
    ],
    "comp_est": [
        6.440117231860833e-09,
        0.06437222084939367,
        9.0,
        34.99999972040834,
        35.00000586373643,
        35.00000048423735,
        35.00000586368632,
        34.99999972040834,
        35.000005863736405,
        35.0000008083465,
        35.000000166657344,
        35.00000078615619,
        35.00000586372321,
        35.00000048423738,
        35.00000016665735,
        34.99999972040834,
        35.00000016749431,
        35.000000486418735,
        35.00000586368633,
        35.000000786156214,
        35.000000167494285,
        35.000000785320054,
        35.000005863730564,
        34.99999972040834,
        35.00000586372318,
        35.00000048641873,
        35.00000586373058,
        34.99999972040834
    ],
    "fit_time": 45048.55599284172,
    "init_guess": [
        6.437222058477453e-09,
        0.06437222058477453,
        9.0,
        35.0,
        35.0,
        35.0,
        35.0,
        35.0,
        35.0,
        35.0,
        35.0,
        35.0,
        35.0,
        35.0,
        35.0,
        35.0,
        35.0,
        35.0,
        35.0,
        35.0,
        35.0,
        35.0,
        35.0,
        35.0,
        35.0,
        35.0,
        35.0,
        35.0
    ],
    "model": "Competition Model",
    "model_params": [
        "C_0",
        "N_0",
        "kn",
        "rs"
    ],
    "model_species": [
        "C",
        "N"
    ],
    "obj_fun": 0.8273584602049034,
    "zone_cols": 5,
    "zone_coords": [
        9,
        15
    ],
    "zone_rows": 5
}