{
    "argv": 39,
    "bounds": [
        [
            6.437222058477453e-12,
            0.006437222058477453
        ],
        [
            0.06437222058477453,
            0.12874444116954906
        ],
        [
            0.0,
            11.0
        ],
        [
            0.0,
            null
        ],
        [
            0.0,
            null
        ],
        [
            0.0,
            null
        ],
        [
            0.0,
            null
        ],
        [
            0.0,
            null
        ],
        [
            0.0,
            null
        ],
        [
            0.0,
            null
        ],
        [
            0.0,
            null
        ],
        [
            0.0,
            null
        ],
        [
            0.0,
            null
        ],
        [
            0.0,
            null
        ],
        [
            0.0,
            null
        ],
        [
            0.0,
            null
        ],
        [
            0.0,
            null
        ],
        [
            0.0,
            null
        ],
        [
            0.0,
            null
        ],
        [
            0.0,
            null
        ],
        [
            0.0,
            null
        ],
        [
            0.0,
            null
        ],
        [
            0.0,
            null
        ],
        [
            0.0,
            null
        ],
        [
            0.0,
            null
        ],
        [
            0.0,
            null
        ],
        [
            0.0,
            null
        ],
        [
            0.0,
            null
        ]
    ],
    "comp_est": [
        8.321544714029443e-05,
        0.0690162926418203,
        6.000851026935698,
        40.05119162524192,
        40.03774104357877,
        40.08553730296362,
        40.04229928703004,
        39.9751328562839,
        40.03593376499856,
        39.92018287173335,
        40.01223517662314,
        39.92234157293698,
        40.05504037656625,
        40.09817150297379,
        40.01023267566023,
        40.22311796921744,
        40.02647016630601,
        40.09015333330806,
        40.04074362169515,
        39.92120793097063,
        40.01219290686758,
        39.93815806368654,
        40.041292084171005,
        39.97904710212849,
        40.04415935516899,
        40.090191651381836,
        40.04115519311847,
        39.98214233443737
    ],
    "fit_time": 46123.93745088577,
    "init_guess": [
        6.437222058477453e-12,
        0.06437222058477453,
        6.0,
        40.0,
        40.0,
        40.0,
        40.0,
        40.0,
        40.0,
        40.0,
        40.0,
        40.0,
        40.0,
        40.0,
        40.0,
        40.0,
        40.0,
        40.0,
        40.0,
        40.0,
        40.0,
        40.0,
        40.0,
        40.0,
        40.0,
        40.0,
        40.0,
        40.0
    ],
    "model": "Competition Model",
    "model_params": [
        "C_0",
        "N_0",
        "kn",
        "rs"
    ],
    "model_species": [
        "C",
        "N"
    ],
    "obj_fun": 0.5709626016613554,
    "zone_cols": 5,
    "zone_coords": [
        9,
        15
    ],
    "zone_rows": 5
}