{
    "argv": 1134,
    "bounds": [
        [
            6.437222058477453e-12,
            0.006437222058477453
        ],
        [
            0.06437222058477453,
            0.12874444116954906
        ],
        [
            0.0,
            11.0
        ],
        [
            0.0,
            null
        ],
        [
            0.0,
            null
        ],
        [
            0.0,
            null
        ],
        [
            0.0,
            null
        ],
        [
            0.0,
            null
        ],
        [
            0.0,
            null
        ],
        [
            0.0,
            null
        ],
        [
            0.0,
            null
        ],
        [
            0.0,
            null
        ],
        [
            0.0,
            null
        ],
        [
            0.0,
            null
        ],
        [
            0.0,
            null
        ],
        [
            0.0,
            null
        ],
        [
            0.0,
            null
        ],
        [
            0.0,
            null
        ],
        [
            0.0,
            null
        ],
        [
            0.0,
            null
        ],
        [
            0.0,
            null
        ],
        [
            0.0,
            null
        ],
        [
            0.0,
            null
        ],
        [
            0.0,
            null
        ],
        [
            0.0,
            null
        ],
        [
            0.0,
            null
        ],
        [
            0.0,
            null
        ],
        [
            0.0,
            null
        ]
    ],
    "comp_est": [
        7.230597763328534e-05,
        0.06437222058477453,
        1.692692858800767,
        37.73971475943,
        54.866360194279004,
        38.02940716503458,
        41.56304964109527,
        36.62394090864626,
        35.70637892659065,
        36.9204637219638,
        40.114700542888464,
        31.671849663172555,
        62.077075107907376,
        59.10115055860016,
        36.098042697155336,
        36.81247271222256,
        55.98251445570606,
        32.5867472233242,
        31.927578049475112,
        52.0021246435397,
        31.653923932842037,
        60.58379529206009,
        36.080567915039396,
        39.77397449842315,
        41.38546293042037,
        42.338186863170655,
        39.16570194945778,
        37.05140771203405
    ],
    "fit_time": 20285.061343431473,
    "init_guess": [
        0.006437222058477453,
        0.06437222058477453,
        1.0,
        45.0,
        45.0,
        45.0,
        45.0,
        45.0,
        45.0,
        45.0,
        45.0,
        45.0,
        45.0,
        45.0,
        45.0,
        45.0,
        45.0,
        45.0,
        45.0,
        45.0,
        45.0,
        45.0,
        45.0,
        45.0,
        45.0,
        45.0,
        45.0,
        45.0
    ],
    "model": "Competition Model",
    "model_params": [
        "C_0",
        "N_0",
        "kn",
        "rs"
    ],
    "model_species": [
        "C",
        "N"
    ],
    "obj_fun": 0.12446120964732074,
    "zone_cols": 5,
    "zone_coords": [
        9,
        15
    ],
    "zone_rows": 5
}