{
    "argv": 820,
    "bounds": [
        [
            5.848410588726615e-12,
            0.005848410588726615
        ],
        [
            0.05848410588726615,
            0.1169682117745323
        ],
        [
            0.0,
            11.0
        ],
        [
            0.0,
            null
        ],
        [
            0.0,
            null
        ],
        [
            0.0,
            null
        ],
        [
            0.0,
            null
        ],
        [
            0.0,
            null
        ],
        [
            0.0,
            null
        ],
        [
            0.0,
            null
        ],
        [
            0.0,
            null
        ],
        [
            0.0,
            null
        ],
        [
            0.0,
            null
        ],
        [
            0.0,
            null
        ],
        [
            0.0,
            null
        ],
        [
            0.0,
            null
        ],
        [
            0.0,
            null
        ],
        [
            0.0,
            null
        ],
        [
            0.0,
            null
        ],
        [
            0.0,
            null
        ],
        [
            0.0,
            null
        ],
        [
            0.0,
            null
        ],
        [
            0.0,
            null
        ],
        [
            0.0,
            null
        ],
        [
            0.0,
            null
        ],
        [
            0.0,
            null
        ],
        [
            0.0,
            null
        ],
        [
            0.0,
            null
        ]
    ],
    "comp_est": [
        5.848409804345459e-06,
        0.05848410651387079,
        5.999999999997637,
        64.99999949413596,
        64.99999919612395,
        65.00000178324711,
        64.99999918907216,
        64.99999951818724,
        64.99999919640716,
        65.00000030208554,
        64.99999842833458,
        65.00000032998402,
        64.99999919833594,
        65.00000178463526,
        64.99999842867172,
        64.99999879256436,
        64.99999843587347,
        65.00000174644765,
        64.99999919103773,
        65.0000003301991,
        64.9999984333312,
        65.0000018178967,
        64.99999918288776,
        64.99999951776782,
        64.99999919570867,
        65.00000175135165,
        64.99999918280945,
        65.00000066521959
    ],
    "fit_time": 14861.842143774033,
    "init_guess": [
        5.848410588726615e-06,
        0.05848410588726615,
        6.0,
        65.0,
        65.0,
        65.0,
        65.0,
        65.0,
        65.0,
        65.0,
        65.0,
        65.0,
        65.0,
        65.0,
        65.0,
        65.0,
        65.0,
        65.0,
        65.0,
        65.0,
        65.0,
        65.0,
        65.0,
        65.0,
        65.0,
        65.0,
        65.0,
        65.0
    ],
    "model": "Competition Model",
    "model_params": [
        "C_0",
        "N_0",
        "kn",
        "rs"
    ],
    "model_species": [
        "C",
        "N"
    ],
    "obj_fun": 0.41508560645606546,
    "zone_cols": 5,
    "zone_coords": [
        7,
        13
    ],
    "zone_rows": 5
}