{
    "argv": 116,
    "bounds": [
        [
            5.848410588726615e-12,
            0.005848410588726615
        ],
        [
            0.05848410588726615,
            0.1169682117745323
        ],
        [
            0.0,
            11.0
        ],
        [
            0.0,
            null
        ],
        [
            0.0,
            null
        ],
        [
            0.0,
            null
        ],
        [
            0.0,
            null
        ],
        [
            0.0,
            null
        ],
        [
            0.0,
            null
        ],
        [
            0.0,
            null
        ],
        [
            0.0,
            null
        ],
        [
            0.0,
            null
        ],
        [
            0.0,
            null
        ],
        [
            0.0,
            null
        ],
        [
            0.0,
            null
        ],
        [
            0.0,
            null
        ],
        [
            0.0,
            null
        ],
        [
            0.0,
            null
        ],
        [
            0.0,
            null
        ],
        [
            0.0,
            null
        ],
        [
            0.0,
            null
        ],
        [
            0.0,
            null
        ],
        [
            0.0,
            null
        ],
        [
            0.0,
            null
        ],
        [
            0.0,
            null
        ],
        [
            0.0,
            null
        ],
        [
            0.0,
            null
        ],
        [
            0.0,
            null
        ]
    ],
    "comp_est": [
        6.930132866433595e-08,
        0.05848479884229604,
        6.0,
        74.99911135472783,
        74.99911135472944,
        74.99911135472112,
        74.99911135472996,
        74.99911135473033,
        74.99911135472944,
        74.99911135475176,
        74.99911135470656,
        74.999111354742,
        74.99911135473089,
        74.99911135472112,
        74.99911135470656,
        74.99911135471118,
        74.99911135470636,
        74.99911135472061,
        74.99911135472996,
        74.999111354742,
        74.99911135470636,
        74.99911135474505,
        74.99911135473346,
        74.99911135473033,
        74.99911135473089,
        74.99911135472061,
        74.99911135473346,
        74.99911135473272
    ],
    "fit_time": 27103.24709200859,
    "init_guess": [
        5.848410588726615e-12,
        0.05848410588726615,
        6.0,
        75.0,
        75.0,
        75.0,
        75.0,
        75.0,
        75.0,
        75.0,
        75.0,
        75.0,
        75.0,
        75.0,
        75.0,
        75.0,
        75.0,
        75.0,
        75.0,
        75.0,
        75.0,
        75.0,
        75.0,
        75.0,
        75.0,
        75.0,
        75.0,
        75.0
    ],
    "model": "Competition Model",
    "model_params": [
        "C_0",
        "N_0",
        "kn",
        "rs"
    ],
    "model_species": [
        "C",
        "N"
    ],
    "obj_fun": 0.45387376007923436,
    "zone_cols": 5,
    "zone_coords": [
        7,
        13
    ],
    "zone_rows": 5
}