{
    "argv": 887,
    "bounds": [
        [
            6.437222058477453e-12,
            0.006437222058477453
        ],
        [
            0.06437222058477453,
            0.12874444116954906
        ],
        [
            0.0,
            11.0
        ],
        [
            0.0,
            null
        ],
        [
            0.0,
            null
        ],
        [
            0.0,
            null
        ],
        [
            0.0,
            null
        ],
        [
            0.0,
            null
        ],
        [
            0.0,
            null
        ],
        [
            0.0,
            null
        ],
        [
            0.0,
            null
        ],
        [
            0.0,
            null
        ],
        [
            0.0,
            null
        ],
        [
            0.0,
            null
        ],
        [
            0.0,
            null
        ],
        [
            0.0,
            null
        ],
        [
            0.0,
            null
        ],
        [
            0.0,
            null
        ],
        [
            0.0,
            null
        ],
        [
            0.0,
            null
        ],
        [
            0.0,
            null
        ],
        [
            0.0,
            null
        ],
        [
            0.0,
            null
        ],
        [
            0.0,
            null
        ],
        [
            0.0,
            null
        ],
        [
            0.0,
            null
        ],
        [
            0.0,
            null
        ],
        [
            0.0,
            null
        ]
    ],
    "comp_est": [
        6.437206423592406e-05,
        0.06437249915850357,
        6.999999999957612,
        40.000001801300826,
        40.00000001380531,
        40.00000133362748,
        40.00000025675109,
        40.000002399653056,
        39.9999991490525,
        39.99999992950121,
        39.99999792778801,
        39.99999993435521,
        40.00000076240613,
        40.00000135087383,
        39.9999979289617,
        40.000002715552135,
        39.99999904161258,
        40.00000134323674,
        40.00000024443616,
        39.99999995670379,
        39.999999033367686,
        39.99999996285271,
        40.00000008234997,
        40.000002402535806,
        40.00000074144307,
        40.0000013460364,
        40.00000008562327,
        40.00000180363416
    ],
    "fit_time": 79749.0563454628,
    "init_guess": [
        6.437222058477453e-05,
        0.06437222058477453,
        7.0,
        40.0,
        40.0,
        40.0,
        40.0,
        40.0,
        40.0,
        40.0,
        40.0,
        40.0,
        40.0,
        40.0,
        40.0,
        40.0,
        40.0,
        40.0,
        40.0,
        40.0,
        40.0,
        40.0,
        40.0,
        40.0,
        40.0,
        40.0,
        40.0,
        40.0
    ],
    "model": "Competition Model",
    "model_params": [
        "C_0",
        "N_0",
        "kn",
        "rs"
    ],
    "model_species": [
        "C",
        "N"
    ],
    "obj_fun": 0.5787772158094778,
    "zone_cols": 5,
    "zone_coords": [
        9,
        15
    ],
    "zone_rows": 5
}