{
    "argv": 873,
    "bounds": [
        [
            5.848410588726615e-12,
            0.005848410588726615
        ],
        [
            0.05848410588726615,
            0.1169682117745323
        ],
        [
            0.0,
            11.0
        ],
        [
            0.0,
            null
        ],
        [
            0.0,
            null
        ],
        [
            0.0,
            null
        ],
        [
            0.0,
            null
        ],
        [
            0.0,
            null
        ],
        [
            0.0,
            null
        ],
        [
            0.0,
            null
        ],
        [
            0.0,
            null
        ],
        [
            0.0,
            null
        ],
        [
            0.0,
            null
        ],
        [
            0.0,
            null
        ],
        [
            0.0,
            null
        ],
        [
            0.0,
            null
        ],
        [
            0.0,
            null
        ],
        [
            0.0,
            null
        ],
        [
            0.0,
            null
        ],
        [
            0.0,
            null
        ],
        [
            0.0,
            null
        ],
        [
            0.0,
            null
        ],
        [
            0.0,
            null
        ],
        [
            0.0,
            null
        ],
        [
            0.0,
            null
        ],
        [
            0.0,
            null
        ],
        [
            0.0,
            null
        ],
        [
            0.0,
            null
        ]
    ],
    "comp_est": [
        5.848470145194052e-05,
        0.05894778825037133,
        4.000000000130182,
        35.000000328355526,
        35.00000002803283,
        34.9999996855193,
        35.000000274011974,
        35.000000245693236,
        34.9999993948704,
        34.99999967138616,
        35.000000364818106,
        34.999999783897266,
        34.999999604184815,
        34.99999967618168,
        35.000000203593835,
        35.00000015008423,
        35.000000492138554,
        34.999999384865056,
        35.00000022669962,
        34.99999978727667,
        34.99999977492063,
        35.000000463596706,
        35.000000614844566,
        35.000000243427884,
        34.99999931648161,
        34.99999972122854,
        35.000000713689246,
        35.00000027175
    ],
    "fit_time": 27415.73832464218,
    "init_guess": [
        5.848410588726615e-05,
        0.05848410588726615,
        4.0,
        35.0,
        35.0,
        35.0,
        35.0,
        35.0,
        35.0,
        35.0,
        35.0,
        35.0,
        35.0,
        35.0,
        35.0,
        35.0,
        35.0,
        35.0,
        35.0,
        35.0,
        35.0,
        35.0,
        35.0,
        35.0,
        35.0,
        35.0,
        35.0,
        35.0
    ],
    "model": "Competition Model",
    "model_params": [
        "C_0",
        "N_0",
        "kn",
        "rs"
    ],
    "model_species": [
        "C",
        "N"
    ],
    "obj_fun": 0.4737777288066858,
    "zone_cols": 5,
    "zone_coords": [
        7,
        13
    ],
    "zone_rows": 5
}