{
    "argv": 284,
    "bounds": [
        [
            5.848410588726615e-12,
            0.005848410588726615
        ],
        [
            0.05848410588726615,
            0.1169682117745323
        ],
        [
            0.0,
            11.0
        ],
        [
            0.0,
            null
        ],
        [
            0.0,
            null
        ],
        [
            0.0,
            null
        ],
        [
            0.0,
            null
        ],
        [
            0.0,
            null
        ],
        [
            0.0,
            null
        ],
        [
            0.0,
            null
        ],
        [
            0.0,
            null
        ],
        [
            0.0,
            null
        ],
        [
            0.0,
            null
        ],
        [
            0.0,
            null
        ],
        [
            0.0,
            null
        ],
        [
            0.0,
            null
        ],
        [
            0.0,
            null
        ],
        [
            0.0,
            null
        ],
        [
            0.0,
            null
        ],
        [
            0.0,
            null
        ],
        [
            0.0,
            null
        ],
        [
            0.0,
            null
        ],
        [
            0.0,
            null
        ],
        [
            0.0,
            null
        ],
        [
            0.0,
            null
        ],
        [
            0.0,
            null
        ],
        [
            0.0,
            null
        ],
        [
            0.0,
            null
        ]
    ],
    "comp_est": [
        1.8441995896902977e-09,
        0.05848576024925137,
        9.000016508280142,
        40.00001934981478,
        39.99994394696854,
        39.99999356108807,
        39.99998469602589,
        39.99998744478649,
        39.99994397555899,
        39.99968630818752,
        40.00003493808411,
        39.99966669408595,
        39.999989497405515,
        39.99999355870656,
        40.00003495426231,
        40.000092218236595,
        39.99999002456064,
        39.999994534836446,
        39.99998470212966,
        39.99966671161615,
        39.999990000213536,
        39.99971937227533,
        40.000030965484314,
        39.99998746062475,
        39.99998947139264,
        39.99999458639363,
        40.00003096279642,
        40.000003117924756
    ],
    "fit_time": 56862.79955601692,
    "init_guess": [
        5.848410588726615e-10,
        0.05848410588726615,
        9.0,
        40.0,
        40.0,
        40.0,
        40.0,
        40.0,
        40.0,
        40.0,
        40.0,
        40.0,
        40.0,
        40.0,
        40.0,
        40.0,
        40.0,
        40.0,
        40.0,
        40.0,
        40.0,
        40.0,
        40.0,
        40.0,
        40.0,
        40.0,
        40.0,
        40.0
    ],
    "model": "Competition Model",
    "model_params": [
        "C_0",
        "N_0",
        "kn",
        "rs"
    ],
    "model_species": [
        "C",
        "N"
    ],
    "obj_fun": 0.6700804855998437,
    "zone_cols": 5,
    "zone_coords": [
        7,
        13
    ],
    "zone_rows": 5
}