{
    "argv": 327,
    "bounds": [
        [
            6.437222058477453e-12,
            0.006437222058477453
        ],
        [
            0.06437222058477453,
            0.12874444116954906
        ],
        [
            0.0,
            11.0
        ],
        [
            0.0,
            null
        ],
        [
            0.0,
            null
        ],
        [
            0.0,
            null
        ],
        [
            0.0,
            null
        ],
        [
            0.0,
            null
        ],
        [
            0.0,
            null
        ],
        [
            0.0,
            null
        ],
        [
            0.0,
            null
        ],
        [
            0.0,
            null
        ],
        [
            0.0,
            null
        ],
        [
            0.0,
            null
        ],
        [
            0.0,
            null
        ],
        [
            0.0,
            null
        ],
        [
            0.0,
            null
        ],
        [
            0.0,
            null
        ],
        [
            0.0,
            null
        ],
        [
            0.0,
            null
        ],
        [
            0.0,
            null
        ],
        [
            0.0,
            null
        ],
        [
            0.0,
            null
        ],
        [
            0.0,
            null
        ],
        [
            0.0,
            null
        ],
        [
            0.0,
            null
        ],
        [
            0.0,
            null
        ],
        [
            0.0,
            null
        ]
    ],
    "comp_est": [
        6.437301564666421e-10,
        0.06437222058485403,
        8.0,
        60.00000010287813,
        60.000000522611565,
        60.00000051520919,
        60.00000051851861,
        60.00000010126721,
        60.00000052261156,
        60.00000015567991,
        60.000000109513486,
        60.000000155743024,
        60.00000051678328,
        60.00000051520919,
        60.000000109513486,
        60.00000015715457,
        60.000000109523015,
        60.000000515211205,
        60.00000051851861,
        60.000000155743024,
        60.000000109523015,
        60.00000015575658,
        60.00000051302988,
        60.00000010126721,
        60.00000051678328,
        60.000000515211205,
        60.00000051302988,
        60.00000010089247
    ],
    "fit_time": 48710.07616496086,
    "init_guess": [
        6.437222058477453e-10,
        0.06437222058477453,
        8.0,
        60.0,
        60.0,
        60.0,
        60.0,
        60.0,
        60.0,
        60.0,
        60.0,
        60.0,
        60.0,
        60.0,
        60.0,
        60.0,
        60.0,
        60.0,
        60.0,
        60.0,
        60.0,
        60.0,
        60.0,
        60.0,
        60.0,
        60.0,
        60.0,
        60.0
    ],
    "model": "Competition Model",
    "model_params": [
        "C_0",
        "N_0",
        "kn",
        "rs"
    ],
    "model_species": [
        "C",
        "N"
    ],
    "obj_fun": 0.8010685292900128,
    "zone_cols": 5,
    "zone_coords": [
        9,
        15
    ],
    "zone_rows": 5
}