{
    "argv": 1012,
    "bounds": [
        [
            5.848410588726615e-12,
            0.005848410588726615
        ],
        [
            0.05848410588726615,
            0.1169682117745323
        ],
        [
            0.0,
            11.0
        ],
        [
            0.0,
            null
        ],
        [
            0.0,
            null
        ],
        [
            0.0,
            null
        ],
        [
            0.0,
            null
        ],
        [
            0.0,
            null
        ],
        [
            0.0,
            null
        ],
        [
            0.0,
            null
        ],
        [
            0.0,
            null
        ],
        [
            0.0,
            null
        ],
        [
            0.0,
            null
        ],
        [
            0.0,
            null
        ],
        [
            0.0,
            null
        ],
        [
            0.0,
            null
        ],
        [
            0.0,
            null
        ],
        [
            0.0,
            null
        ],
        [
            0.0,
            null
        ],
        [
            0.0,
            null
        ],
        [
            0.0,
            null
        ],
        [
            0.0,
            null
        ],
        [
            0.0,
            null
        ],
        [
            0.0,
            null
        ],
        [
            0.0,
            null
        ],
        [
            0.0,
            null
        ],
        [
            0.0,
            null
        ],
        [
            0.0,
            null
        ]
    ],
    "comp_est": [
        0.00013350722306732434,
        0.06348623521110418,
        2.397508694140967,
        34.74525228216558,
        33.60663959723076,
        38.18478554228306,
        40.19067235461452,
        39.12138463484343,
        26.536159274720625,
        30.275062493500005,
        35.47286259974835,
        41.02817651337628,
        54.71619056870728,
        36.133215414562315,
        36.55893408308296,
        35.519563729286766,
        50.31735131214492,
        37.749801738477366,
        36.788396287024284,
        37.3708752615746,
        34.63604480561892,
        35.57239284456193,
        35.73356429842757,
        32.89865620972579,
        38.49389047895893,
        51.542834111338735,
        36.84030485706501,
        33.874111645240795
    ],
    "fit_time": 38331.26998376846,
    "init_guess": [
        0.0005848410588726615,
        0.05848410588726615,
        0.0,
        45.0,
        45.0,
        45.0,
        45.0,
        45.0,
        45.0,
        45.0,
        45.0,
        45.0,
        45.0,
        45.0,
        45.0,
        45.0,
        45.0,
        45.0,
        45.0,
        45.0,
        45.0,
        45.0,
        45.0,
        45.0,
        45.0,
        45.0,
        45.0,
        45.0
    ],
    "model": "Competition Model",
    "model_params": [
        "C_0",
        "N_0",
        "kn",
        "rs"
    ],
    "model_species": [
        "C",
        "N"
    ],
    "obj_fun": 0.051793143984679886,
    "zone_cols": 5,
    "zone_coords": [
        7,
        13
    ],
    "zone_rows": 5
}