{
    "argv": 369,
    "bounds": [
        [
            6.437222058477453e-12,
            0.006437222058477453
        ],
        [
            0.06437222058477453,
            0.12874444116954906
        ],
        [
            0.0,
            11.0
        ],
        [
            0.0,
            null
        ],
        [
            0.0,
            null
        ],
        [
            0.0,
            null
        ],
        [
            0.0,
            null
        ],
        [
            0.0,
            null
        ],
        [
            0.0,
            null
        ],
        [
            0.0,
            null
        ],
        [
            0.0,
            null
        ],
        [
            0.0,
            null
        ],
        [
            0.0,
            null
        ],
        [
            0.0,
            null
        ],
        [
            0.0,
            null
        ],
        [
            0.0,
            null
        ],
        [
            0.0,
            null
        ],
        [
            0.0,
            null
        ],
        [
            0.0,
            null
        ],
        [
            0.0,
            null
        ],
        [
            0.0,
            null
        ],
        [
            0.0,
            null
        ],
        [
            0.0,
            null
        ],
        [
            0.0,
            null
        ],
        [
            0.0,
            null
        ],
        [
            0.0,
            null
        ],
        [
            0.0,
            null
        ],
        [
            0.0,
            null
        ]
    ],
    "comp_est": [
        7.0077526455592796e-09,
        0.06437771378056033,
        6.00000000010338,
        24.999993289238432,
        24.99999365730691,
        24.99999444310924,
        24.999993662366602,
        24.999993289157356,
        24.999993657306764,
        24.99999536737466,
        24.99999463769023,
        24.99999532865913,
        24.99999366172923,
        24.999994443109372,
        24.99999463769026,
        24.99999520137257,
        24.99999463764088,
        24.999994443963047,
        24.999993662366553,
        24.999995328659246,
        24.99999463764075,
        24.9999953270004,
        24.999993667270232,
        24.99999328915732,
        24.999993661729043,
        24.999994443963047,
        24.99999366727028,
        24.99999328944215
    ],
    "fit_time": 36387.67992734909,
    "init_guess": [
        6.437222058477453e-09,
        0.06437222058477453,
        6.0,
        25.0,
        25.0,
        25.0,
        25.0,
        25.0,
        25.0,
        25.0,
        25.0,
        25.0,
        25.0,
        25.0,
        25.0,
        25.0,
        25.0,
        25.0,
        25.0,
        25.0,
        25.0,
        25.0,
        25.0,
        25.0,
        25.0,
        25.0,
        25.0,
        25.0
    ],
    "model": "Competition Model",
    "model_params": [
        "C_0",
        "N_0",
        "kn",
        "rs"
    ],
    "model_species": [
        "C",
        "N"
    ],
    "obj_fun": 0.8276150569488363,
    "zone_cols": 5,
    "zone_coords": [
        9,
        15
    ],
    "zone_rows": 5
}