{
    "argv": 1167,
    "bounds": [
        [
            5.848410588726615e-12,
            0.005848410588726615
        ],
        [
            0.05848410588726615,
            0.1169682117745323
        ],
        [
            0.0,
            11.0
        ],
        [
            0.0,
            null
        ],
        [
            0.0,
            null
        ],
        [
            0.0,
            null
        ],
        [
            0.0,
            null
        ],
        [
            0.0,
            null
        ],
        [
            0.0,
            null
        ],
        [
            0.0,
            null
        ],
        [
            0.0,
            null
        ],
        [
            0.0,
            null
        ],
        [
            0.0,
            null
        ],
        [
            0.0,
            null
        ],
        [
            0.0,
            null
        ],
        [
            0.0,
            null
        ],
        [
            0.0,
            null
        ],
        [
            0.0,
            null
        ],
        [
            0.0,
            null
        ],
        [
            0.0,
            null
        ],
        [
            0.0,
            null
        ],
        [
            0.0,
            null
        ],
        [
            0.0,
            null
        ],
        [
            0.0,
            null
        ],
        [
            0.0,
            null
        ],
        [
            0.0,
            null
        ],
        [
            0.0,
            null
        ],
        [
            0.0,
            null
        ]
    ],
    "comp_est": [
        1.5067000175862774e-05,
        0.05848410588726615,
        1.5704438430449188,
        59.2689868817717,
        56.05544063601678,
        58.61718071716851,
        56.43853269057176,
        49.87817684233402,
        52.07884296968676,
        53.34249675428405,
        54.30848184853679,
        50.855976222986996,
        76.15360898418375,
        58.7446966530842,
        58.05701472727732,
        51.66191689093338,
        75.6937086076007,
        47.41839879920286,
        57.93473228687239,
        56.42670008321657,
        49.044848218422636,
        50.935056777161684,
        54.66070564453234,
        53.20699864099704,
        53.177382400628574,
        77.4176617721502,
        51.61032382720875,
        54.39873080119573
    ],
    "fit_time": 8825.406703472137,
    "init_guess": [
        0.005848410588726615,
        0.05848410588726615,
        1.0,
        60.0,
        60.0,
        60.0,
        60.0,
        60.0,
        60.0,
        60.0,
        60.0,
        60.0,
        60.0,
        60.0,
        60.0,
        60.0,
        60.0,
        60.0,
        60.0,
        60.0,
        60.0,
        60.0,
        60.0,
        60.0,
        60.0,
        60.0,
        60.0,
        60.0
    ],
    "model": "Competition Model",
    "model_params": [
        "C_0",
        "N_0",
        "kn",
        "rs"
    ],
    "model_species": [
        "C",
        "N"
    ],
    "obj_fun": 0.1559037035293492,
    "zone_cols": 5,
    "zone_coords": [
        7,
        13
    ],
    "zone_rows": 5
}