{
    "argv": 1033,
    "bounds": [
        [
            6.437222058477453e-12,
            0.006437222058477453
        ],
        [
            0.06437222058477453,
            0.12874444116954906
        ],
        [
            0.0,
            11.0
        ],
        [
            0.0,
            null
        ],
        [
            0.0,
            null
        ],
        [
            0.0,
            null
        ],
        [
            0.0,
            null
        ],
        [
            0.0,
            null
        ],
        [
            0.0,
            null
        ],
        [
            0.0,
            null
        ],
        [
            0.0,
            null
        ],
        [
            0.0,
            null
        ],
        [
            0.0,
            null
        ],
        [
            0.0,
            null
        ],
        [
            0.0,
            null
        ],
        [
            0.0,
            null
        ],
        [
            0.0,
            null
        ],
        [
            0.0,
            null
        ],
        [
            0.0,
            null
        ],
        [
            0.0,
            null
        ],
        [
            0.0,
            null
        ],
        [
            0.0,
            null
        ],
        [
            0.0,
            null
        ],
        [
            0.0,
            null
        ],
        [
            0.0,
            null
        ],
        [
            0.0,
            null
        ],
        [
            0.0,
            null
        ],
        [
            0.0,
            null
        ]
    ],
    "comp_est": [
        0.0006437222058559922,
        0.06437222058477453,
        10.0,
        49.99999999963752,
        50.000000000094886,
        50.00000000073339,
        50.00000000022003,
        50.00000000008879,
        50.00000000022204,
        49.999999998567944,
        50.000000000200494,
        49.99999999867185,
        50.000000000125986,
        50.00000000071249,
        50.00000000017984,
        49.99999999876074,
        50.00000000024296,
        50.000000000385,
        50.00000000016232,
        49.99999999864095,
        50.000000000217426,
        49.99999999842763,
        50.00000000017723,
        50.00000000008917,
        50.000000000112635,
        50.00000000044092,
        50.00000000027006,
        49.99999999942937
    ],
    "fit_time": 55247.333560705185,
    "init_guess": [
        0.0006437222058477453,
        0.06437222058477453,
        10.0,
        50.0,
        50.0,
        50.0,
        50.0,
        50.0,
        50.0,
        50.0,
        50.0,
        50.0,
        50.0,
        50.0,
        50.0,
        50.0,
        50.0,
        50.0,
        50.0,
        50.0,
        50.0,
        50.0,
        50.0,
        50.0,
        50.0,
        50.0,
        50.0,
        50.0
    ],
    "model": "Competition Model",
    "model_params": [
        "C_0",
        "N_0",
        "kn",
        "rs"
    ],
    "model_species": [
        "C",
        "N"
    ],
    "obj_fun": 0.6494165432821779,
    "zone_cols": 5,
    "zone_coords": [
        9,
        15
    ],
    "zone_rows": 5
}