{
    "argv": 1185,
    "bounds": [
        [
            5.848410588726615e-12,
            0.005848410588726615
        ],
        [
            0.05848410588726615,
            0.1169682117745323
        ],
        [
            0.0,
            11.0
        ],
        [
            0.0,
            null
        ],
        [
            0.0,
            null
        ],
        [
            0.0,
            null
        ],
        [
            0.0,
            null
        ],
        [
            0.0,
            null
        ],
        [
            0.0,
            null
        ],
        [
            0.0,
            null
        ],
        [
            0.0,
            null
        ],
        [
            0.0,
            null
        ],
        [
            0.0,
            null
        ],
        [
            0.0,
            null
        ],
        [
            0.0,
            null
        ],
        [
            0.0,
            null
        ],
        [
            0.0,
            null
        ],
        [
            0.0,
            null
        ],
        [
            0.0,
            null
        ],
        [
            0.0,
            null
        ],
        [
            0.0,
            null
        ],
        [
            0.0,
            null
        ],
        [
            0.0,
            null
        ],
        [
            0.0,
            null
        ],
        [
            0.0,
            null
        ],
        [
            0.0,
            null
        ],
        [
            0.0,
            null
        ],
        [
            0.0,
            null
        ]
    ],
    "comp_est": [
        0.005848410588722405,
        0.05848410588726615,
        8.0,
        64.99999998576101,
        65.00000003010118,
        65.000000035216,
        64.99999976303616,
        65.0000000340725,
        65.00000003007962,
        64.99999996553085,
        64.99999973909642,
        64.99999978614944,
        65.000000000322,
        65.0000000352276,
        64.99999973908832,
        65.00000015636856,
        65.00000001438256,
        64.99999978557386,
        64.99999976302358,
        64.99999978617144,
        65.00000001434327,
        64.99999998426843,
        65.00000001623557,
        65.00000003409693,
        65.00000000030734,
        64.99999978560164,
        65.00000001624063,
        65.00000007834079
    ],
    "fit_time": 39026.76100921631,
    "init_guess": [
        0.005848410588726615,
        0.05848410588726615,
        8.0,
        65.0,
        65.0,
        65.0,
        65.0,
        65.0,
        65.0,
        65.0,
        65.0,
        65.0,
        65.0,
        65.0,
        65.0,
        65.0,
        65.0,
        65.0,
        65.0,
        65.0,
        65.0,
        65.0,
        65.0,
        65.0,
        65.0,
        65.0,
        65.0,
        65.0
    ],
    "model": "Competition Model",
    "model_params": [
        "C_0",
        "N_0",
        "kn",
        "rs"
    ],
    "model_species": [
        "C",
        "N"
    ],
    "obj_fun": 0.716286318645896,
    "zone_cols": 5,
    "zone_coords": [
        7,
        13
    ],
    "zone_rows": 5
}