{
    "argv": 196,
    "bounds": [
        [
            6.437222058477453e-12,
            0.006437222058477453
        ],
        [
            0.06437222058477453,
            0.12874444116954906
        ],
        [
            0.0,
            11.0
        ],
        [
            0.0,
            null
        ],
        [
            0.0,
            null
        ],
        [
            0.0,
            null
        ],
        [
            0.0,
            null
        ],
        [
            0.0,
            null
        ],
        [
            0.0,
            null
        ],
        [
            0.0,
            null
        ],
        [
            0.0,
            null
        ],
        [
            0.0,
            null
        ],
        [
            0.0,
            null
        ],
        [
            0.0,
            null
        ],
        [
            0.0,
            null
        ],
        [
            0.0,
            null
        ],
        [
            0.0,
            null
        ],
        [
            0.0,
            null
        ],
        [
            0.0,
            null
        ],
        [
            0.0,
            null
        ],
        [
            0.0,
            null
        ],
        [
            0.0,
            null
        ],
        [
            0.0,
            null
        ],
        [
            0.0,
            null
        ],
        [
            0.0,
            null
        ],
        [
            0.0,
            null
        ],
        [
            0.0,
            null
        ],
        [
            0.0,
            null
        ]
    ],
    "comp_est": [
        3.013703274539258e-07,
        0.0643846851042762,
        8.99990138252447,
        54.999950886449355,
        54.99994230950955,
        55.00007697183606,
        55.00006880469063,
        54.99987933903143,
        54.99993044800238,
        55.00017903264679,
        55.00013593802979,
        55.00018054644359,
        55.00003589820667,
        55.00003748418135,
        55.00014530492316,
        55.00052423050689,
        55.00001854488436,
        54.99999253222544,
        55.00003246612912,
        55.000114308781995,
        55.000019274693244,
        55.000160555548604,
        55.000009734734,
        54.999955495452745,
        55.00001009395379,
        55.00002838084792,
        55.000017983838944,
        55.000475639190384
    ],
    "fit_time": 82490.83855986595,
    "init_guess": [
        6.437222058477453e-11,
        0.06437222058477453,
        9.0,
        55.0,
        55.0,
        55.0,
        55.0,
        55.0,
        55.0,
        55.0,
        55.0,
        55.0,
        55.0,
        55.0,
        55.0,
        55.0,
        55.0,
        55.0,
        55.0,
        55.0,
        55.0,
        55.0,
        55.0,
        55.0,
        55.0,
        55.0,
        55.0,
        55.0
    ],
    "model": "Competition Model",
    "model_params": [
        "C_0",
        "N_0",
        "kn",
        "rs"
    ],
    "model_species": [
        "C",
        "N"
    ],
    "obj_fun": 0.6626859466711816,
    "zone_cols": 5,
    "zone_coords": [
        9,
        15
    ],
    "zone_rows": 5
}