{
    "argv": 1070,
    "bounds": [
        [
            6.437222058477453e-12,
            0.006437222058477453
        ],
        [
            0.06437222058477453,
            0.12874444116954906
        ],
        [
            0.0,
            11.0
        ],
        [
            0.0,
            null
        ],
        [
            0.0,
            null
        ],
        [
            0.0,
            null
        ],
        [
            0.0,
            null
        ],
        [
            0.0,
            null
        ],
        [
            0.0,
            null
        ],
        [
            0.0,
            null
        ],
        [
            0.0,
            null
        ],
        [
            0.0,
            null
        ],
        [
            0.0,
            null
        ],
        [
            0.0,
            null
        ],
        [
            0.0,
            null
        ],
        [
            0.0,
            null
        ],
        [
            0.0,
            null
        ],
        [
            0.0,
            null
        ],
        [
            0.0,
            null
        ],
        [
            0.0,
            null
        ],
        [
            0.0,
            null
        ],
        [
            0.0,
            null
        ],
        [
            0.0,
            null
        ],
        [
            0.0,
            null
        ],
        [
            0.0,
            null
        ],
        [
            0.0,
            null
        ],
        [
            0.0,
            null
        ],
        [
            0.0,
            null
        ]
    ],
    "comp_est": [
        0.0006437222017009953,
        0.06437222058477453,
        3.0,
        69.99999995693729,
        69.99999976579362,
        69.99999976774846,
        70.00000009379582,
        70.00000001967464,
        69.99999975465637,
        69.99999985330867,
        69.99999971793049,
        70.00000023525268,
        70.00000000118031,
        69.99999977820396,
        69.99999971302002,
        69.99999987458658,
        69.99999972233054,
        70.0000003042504,
        70.00000008901965,
        70.00000024655374,
        69.99999971054483,
        69.99999974720238,
        69.99999975991763,
        70.0000000284004,
        69.9999999908493,
        70.0000003099047,
        69.99999977363163,
        70.00000020851168
    ],
    "fit_time": 3641.5849454402924,
    "init_guess": [
        0.0006437222058477453,
        0.06437222058477453,
        3.0,
        70.0,
        70.0,
        70.0,
        70.0,
        70.0,
        70.0,
        70.0,
        70.0,
        70.0,
        70.0,
        70.0,
        70.0,
        70.0,
        70.0,
        70.0,
        70.0,
        70.0,
        70.0,
        70.0,
        70.0,
        70.0,
        70.0,
        70.0,
        70.0,
        70.0
    ],
    "model": "Competition Model",
    "model_params": [
        "C_0",
        "N_0",
        "kn",
        "rs"
    ],
    "model_species": [
        "C",
        "N"
    ],
    "obj_fun": 0.7314400117645357,
    "zone_cols": 5,
    "zone_coords": [
        9,
        15
    ],
    "zone_rows": 5
}