{
    "argv": 334,
    "bounds": [
        [
            6.437222058477453e-12,
            0.006437222058477453
        ],
        [
            0.06437222058477453,
            0.12874444116954906
        ],
        [
            0.0,
            11.0
        ],
        [
            0.0,
            null
        ],
        [
            0.0,
            null
        ],
        [
            0.0,
            null
        ],
        [
            0.0,
            null
        ],
        [
            0.0,
            null
        ],
        [
            0.0,
            null
        ],
        [
            0.0,
            null
        ],
        [
            0.0,
            null
        ],
        [
            0.0,
            null
        ],
        [
            0.0,
            null
        ],
        [
            0.0,
            null
        ],
        [
            0.0,
            null
        ],
        [
            0.0,
            null
        ],
        [
            0.0,
            null
        ],
        [
            0.0,
            null
        ],
        [
            0.0,
            null
        ],
        [
            0.0,
            null
        ],
        [
            0.0,
            null
        ],
        [
            0.0,
            null
        ],
        [
            0.0,
            null
        ],
        [
            0.0,
            null
        ],
        [
            0.0,
            null
        ],
        [
            0.0,
            null
        ],
        [
            0.0,
            null
        ],
        [
            0.0,
            null
        ]
    ],
    "comp_est": [
        3.5761153967588487e-09,
        0.06437224992989611,
        4.0,
        64.99997039138964,
        64.99997039364939,
        64.99997039190221,
        64.99997039361067,
        64.99997039139635,
        64.99997039364938,
        64.99997038776894,
        64.99997038793646,
        64.99997038781666,
        64.99997039380393,
        64.99997039190221,
        64.99997038793646,
        64.99997038718017,
        64.99997038790205,
        64.9999703919027,
        64.99997039361067,
        64.99997038781666,
        64.99997038790204,
        64.99997038780434,
        64.99997039376625,
        64.99997039139635,
        64.99997039380393,
        64.9999703919027,
        64.99997039376625,
        64.99997039186775
    ],
    "fit_time": 24330.613948583603,
    "init_guess": [
        6.437222058477453e-10,
        0.06437222058477453,
        4.0,
        65.0,
        65.0,
        65.0,
        65.0,
        65.0,
        65.0,
        65.0,
        65.0,
        65.0,
        65.0,
        65.0,
        65.0,
        65.0,
        65.0,
        65.0,
        65.0,
        65.0,
        65.0,
        65.0,
        65.0,
        65.0,
        65.0,
        65.0,
        65.0,
        65.0
    ],
    "model": "Competition Model",
    "model_params": [
        "C_0",
        "N_0",
        "kn",
        "rs"
    ],
    "model_species": [
        "C",
        "N"
    ],
    "obj_fun": 0.7213718596619156,
    "zone_cols": 5,
    "zone_coords": [
        9,
        15
    ],
    "zone_rows": 5
}