{
    "argv": 639,
    "bounds": [
        [
            6.437222058477453e-12,
            0.006437222058477453
        ],
        [
            0.06437222058477453,
            0.12874444116954906
        ],
        [
            0.0,
            11.0
        ],
        [
            0.0,
            null
        ],
        [
            0.0,
            null
        ],
        [
            0.0,
            null
        ],
        [
            0.0,
            null
        ],
        [
            0.0,
            null
        ],
        [
            0.0,
            null
        ],
        [
            0.0,
            null
        ],
        [
            0.0,
            null
        ],
        [
            0.0,
            null
        ],
        [
            0.0,
            null
        ],
        [
            0.0,
            null
        ],
        [
            0.0,
            null
        ],
        [
            0.0,
            null
        ],
        [
            0.0,
            null
        ],
        [
            0.0,
            null
        ],
        [
            0.0,
            null
        ],
        [
            0.0,
            null
        ],
        [
            0.0,
            null
        ],
        [
            0.0,
            null
        ],
        [
            0.0,
            null
        ],
        [
            0.0,
            null
        ],
        [
            0.0,
            null
        ],
        [
            0.0,
            null
        ],
        [
            0.0,
            null
        ],
        [
            0.0,
            null
        ]
    ],
    "comp_est": [
        5.929068555940668e-05,
        0.06996090975530544,
        1.661895591726406,
        36.91860362807089,
        50.90305340571141,
        36.4717916615662,
        39.019348216464124,
        40.63550083708422,
        35.34169599659682,
        36.29388875300054,
        36.34561270524913,
        33.06397576761077,
        57.550563369744836,
        52.41432163131424,
        39.199671114287284,
        36.00455065042458,
        49.234547751214684,
        36.549618818362696,
        30.177168598203135,
        47.86062332535178,
        31.748088950294573,
        54.82086156747178,
        35.967954629189954,
        31.70516357762994,
        37.58664036562051,
        37.91040139785314,
        38.728295552397796,
        27.597220368459062
    ],
    "fit_time": 53293.76691055298,
    "init_guess": [
        6.437222058477454e-07,
        0.06437222058477453,
        1.0,
        40.0,
        40.0,
        40.0,
        40.0,
        40.0,
        40.0,
        40.0,
        40.0,
        40.0,
        40.0,
        40.0,
        40.0,
        40.0,
        40.0,
        40.0,
        40.0,
        40.0,
        40.0,
        40.0,
        40.0,
        40.0,
        40.0,
        40.0,
        40.0,
        40.0
    ],
    "model": "Competition Model",
    "model_params": [
        "C_0",
        "N_0",
        "kn",
        "rs"
    ],
    "model_species": [
        "C",
        "N"
    ],
    "obj_fun": 0.06708207919664116,
    "zone_cols": 5,
    "zone_coords": [
        9,
        15
    ],
    "zone_rows": 5
}