{
    "argv": 439,
    "bounds": [
        [
            6.437222058477453e-12,
            0.006437222058477453
        ],
        [
            0.06437222058477453,
            0.12874444116954906
        ],
        [
            0.0,
            11.0
        ],
        [
            0.0,
            null
        ],
        [
            0.0,
            null
        ],
        [
            0.0,
            null
        ],
        [
            0.0,
            null
        ],
        [
            0.0,
            null
        ],
        [
            0.0,
            null
        ],
        [
            0.0,
            null
        ],
        [
            0.0,
            null
        ],
        [
            0.0,
            null
        ],
        [
            0.0,
            null
        ],
        [
            0.0,
            null
        ],
        [
            0.0,
            null
        ],
        [
            0.0,
            null
        ],
        [
            0.0,
            null
        ],
        [
            0.0,
            null
        ],
        [
            0.0,
            null
        ],
        [
            0.0,
            null
        ],
        [
            0.0,
            null
        ],
        [
            0.0,
            null
        ],
        [
            0.0,
            null
        ],
        [
            0.0,
            null
        ],
        [
            0.0,
            null
        ],
        [
            0.0,
            null
        ],
        [
            0.0,
            null
        ],
        [
            0.0,
            null
        ]
    ],
    "comp_est": [
        6.450383481631275e-09,
        0.06437222058491246,
        9.999999999999266,
        54.99999999937313,
        55.000000361018195,
        55.000000036867945,
        55.00000036097807,
        54.99999999924519,
        55.00000036101818,
        55.000000490001014,
        55.00000054805221,
        55.000000514834156,
        55.000000359909976,
        55.000000036867974,
        55.00000054805221,
        54.99999999938699,
        55.00000054739615,
        55.000000037037644,
        55.00000036097807,
        55.00000051483416,
        55.00000054739614,
        55.000000534351344,
        55.00000035991171,
        54.99999999924518,
        55.00000035990997,
        55.000000037037644,
        55.000000359911716,
        55.000000418090394
    ],
    "fit_time": 47593.26051521301,
    "init_guess": [
        6.437222058477453e-09,
        0.06437222058477453,
        10.0,
        55.0,
        55.0,
        55.0,
        55.0,
        55.0,
        55.0,
        55.0,
        55.0,
        55.0,
        55.0,
        55.0,
        55.0,
        55.0,
        55.0,
        55.0,
        55.0,
        55.0,
        55.0,
        55.0,
        55.0,
        55.0,
        55.0,
        55.0,
        55.0,
        55.0
    ],
    "model": "Competition Model",
    "model_params": [
        "C_0",
        "N_0",
        "kn",
        "rs"
    ],
    "model_species": [
        "C",
        "N"
    ],
    "obj_fun": 0.79586184788442,
    "zone_cols": 5,
    "zone_coords": [
        9,
        15
    ],
    "zone_rows": 5
}