{
    "argv": 531,
    "bounds": [
        [
            5.848410588726615e-12,
            0.005848410588726615
        ],
        [
            0.05848410588726615,
            0.1169682117745323
        ],
        [
            0.0,
            11.0
        ],
        [
            0.0,
            null
        ],
        [
            0.0,
            null
        ],
        [
            0.0,
            null
        ],
        [
            0.0,
            null
        ],
        [
            0.0,
            null
        ],
        [
            0.0,
            null
        ],
        [
            0.0,
            null
        ],
        [
            0.0,
            null
        ],
        [
            0.0,
            null
        ],
        [
            0.0,
            null
        ],
        [
            0.0,
            null
        ],
        [
            0.0,
            null
        ],
        [
            0.0,
            null
        ],
        [
            0.0,
            null
        ],
        [
            0.0,
            null
        ],
        [
            0.0,
            null
        ],
        [
            0.0,
            null
        ],
        [
            0.0,
            null
        ],
        [
            0.0,
            null
        ],
        [
            0.0,
            null
        ],
        [
            0.0,
            null
        ],
        [
            0.0,
            null
        ],
        [
            0.0,
            null
        ],
        [
            0.0,
            null
        ],
        [
            0.0,
            null
        ]
    ],
    "comp_est": [
        5.848414095183088e-08,
        0.05848410588847839,
        3.0,
        45.00000000001543,
        44.99999999881381,
        44.99999999896796,
        44.99999999876154,
        45.000000000198284,
        44.99999999881381,
        44.99999999883814,
        44.999999998618776,
        44.9999999988425,
        44.99999999880945,
        44.99999999896796,
        44.999999998618776,
        44.99999999869653,
        44.999999998724945,
        44.99999999894524,
        44.99999999876154,
        44.9999999988425,
        44.999999998724945,
        44.99999999884375,
        44.9999999987562,
        45.000000000198284,
        44.99999999880945,
        44.99999999894524,
        44.9999999987562,
        45.000000000200906
    ],
    "fit_time": 11576.615128993988,
    "init_guess": [
        5.8484105887266145e-08,
        0.05848410588726615,
        3.0,
        45.0,
        45.0,
        45.0,
        45.0,
        45.0,
        45.0,
        45.0,
        45.0,
        45.0,
        45.0,
        45.0,
        45.0,
        45.0,
        45.0,
        45.0,
        45.0,
        45.0,
        45.0,
        45.0,
        45.0,
        45.0,
        45.0,
        45.0,
        45.0,
        45.0
    ],
    "model": "Competition Model",
    "model_params": [
        "C_0",
        "N_0",
        "kn",
        "rs"
    ],
    "model_species": [
        "C",
        "N"
    ],
    "obj_fun": 0.661667726956351,
    "zone_cols": 5,
    "zone_coords": [
        7,
        13
    ],
    "zone_rows": 5
}