{
    "argv": 581,
    "bounds": [
        [
            6.437222058477453e-12,
            0.006437222058477453
        ],
        [
            0.06437222058477453,
            0.12874444116954906
        ],
        [
            0.0,
            11.0
        ],
        [
            0.0,
            null
        ],
        [
            0.0,
            null
        ],
        [
            0.0,
            null
        ],
        [
            0.0,
            null
        ],
        [
            0.0,
            null
        ],
        [
            0.0,
            null
        ],
        [
            0.0,
            null
        ],
        [
            0.0,
            null
        ],
        [
            0.0,
            null
        ],
        [
            0.0,
            null
        ],
        [
            0.0,
            null
        ],
        [
            0.0,
            null
        ],
        [
            0.0,
            null
        ],
        [
            0.0,
            null
        ],
        [
            0.0,
            null
        ],
        [
            0.0,
            null
        ],
        [
            0.0,
            null
        ],
        [
            0.0,
            null
        ],
        [
            0.0,
            null
        ],
        [
            0.0,
            null
        ],
        [
            0.0,
            null
        ],
        [
            0.0,
            null
        ],
        [
            0.0,
            null
        ],
        [
            0.0,
            null
        ],
        [
            0.0,
            null
        ]
    ],
    "comp_est": [
        1.1300118813909746e-05,
        0.06437222058477453,
        8.997228550130098,
        65.05676147819008,
        64.95375512050244,
        65.06707892086307,
        64.93125989960988,
        65.00355316466036,
        64.95095989968311,
        65.094457625359,
        64.88201032391481,
        65.06242000470708,
        64.93071042215412,
        65.06455905602536,
        64.8820098488209,
        65.12886576941763,
        64.89080120277669,
        65.01404147728984,
        64.93125538882819,
        65.05966563692462,
        64.89078301794832,
        65.0572239164509,
        64.96652977187472,
        65.00355163356228,
        64.93068847552786,
        65.01681895653921,
        64.96930439071633,
        64.96443288106278
    ],
    "fit_time": 76901.99255084991,
    "init_guess": [
        6.437222058477452e-08,
        0.06437222058477453,
        9.0,
        65.0,
        65.0,
        65.0,
        65.0,
        65.0,
        65.0,
        65.0,
        65.0,
        65.0,
        65.0,
        65.0,
        65.0,
        65.0,
        65.0,
        65.0,
        65.0,
        65.0,
        65.0,
        65.0,
        65.0,
        65.0,
        65.0,
        65.0,
        65.0,
        65.0
    ],
    "model": "Competition Model",
    "model_params": [
        "C_0",
        "N_0",
        "kn",
        "rs"
    ],
    "model_species": [
        "C",
        "N"
    ],
    "obj_fun": 0.5766895693867883,
    "zone_cols": 5,
    "zone_coords": [
        9,
        15
    ],
    "zone_rows": 5
}