{
    "argv": 355,
    "bounds": [
        [
            6.437222058477453e-12,
            0.006437222058477453
        ],
        [
            0.06437222058477453,
            0.12874444116954906
        ],
        [
            0.0,
            11.0
        ],
        [
            0.0,
            null
        ],
        [
            0.0,
            null
        ],
        [
            0.0,
            null
        ],
        [
            0.0,
            null
        ],
        [
            0.0,
            null
        ],
        [
            0.0,
            null
        ],
        [
            0.0,
            null
        ],
        [
            0.0,
            null
        ],
        [
            0.0,
            null
        ],
        [
            0.0,
            null
        ],
        [
            0.0,
            null
        ],
        [
            0.0,
            null
        ],
        [
            0.0,
            null
        ],
        [
            0.0,
            null
        ],
        [
            0.0,
            null
        ],
        [
            0.0,
            null
        ],
        [
            0.0,
            null
        ],
        [
            0.0,
            null
        ],
        [
            0.0,
            null
        ],
        [
            0.0,
            null
        ],
        [
            0.0,
            null
        ],
        [
            0.0,
            null
        ],
        [
            0.0,
            null
        ],
        [
            0.0,
            null
        ],
        [
            0.0,
            null
        ]
    ],
    "comp_est": [
        5.346006563584953e-07,
        0.06437222058477453,
        2.9801565402598826,
        71.15045339046829,
        87.85908732848422,
        65.95776365292916,
        71.73594746059831,
        74.03734018034014,
        64.94753978665833,
        67.75273126574926,
        74.09940542365352,
        64.07752627892704,
        92.42888828755679,
        89.8777142660867,
        73.75474997711468,
        64.78160841444242,
        89.34334599405491,
        66.00297605417866,
        66.83560686149471,
        83.69582779863605,
        68.0722083709316,
        85.55580725221184,
        77.43822789453057,
        70.4448595411984,
        78.33201522892752,
        74.69137195439505,
        75.07424953411952,
        68.67761796430675
    ],
    "fit_time": 24516.1271212101,
    "init_guess": [
        6.437222058477453e-10,
        0.06437222058477453,
        3.0,
        75.0,
        75.0,
        75.0,
        75.0,
        75.0,
        75.0,
        75.0,
        75.0,
        75.0,
        75.0,
        75.0,
        75.0,
        75.0,
        75.0,
        75.0,
        75.0,
        75.0,
        75.0,
        75.0,
        75.0,
        75.0,
        75.0,
        75.0,
        75.0,
        75.0
    ],
    "model": "Competition Model",
    "model_params": [
        "C_0",
        "N_0",
        "kn",
        "rs"
    ],
    "model_species": [
        "C",
        "N"
    ],
    "obj_fun": 0.22667254704117523,
    "zone_cols": 5,
    "zone_coords": [
        9,
        15
    ],
    "zone_rows": 5
}