{
    "argv": 741,
    "bounds": [
        [
            6.437222058477453e-12,
            0.006437222058477453
        ],
        [
            0.06437222058477453,
            0.12874444116954906
        ],
        [
            0.0,
            11.0
        ],
        [
            0.0,
            null
        ],
        [
            0.0,
            null
        ],
        [
            0.0,
            null
        ],
        [
            0.0,
            null
        ],
        [
            0.0,
            null
        ],
        [
            0.0,
            null
        ],
        [
            0.0,
            null
        ],
        [
            0.0,
            null
        ],
        [
            0.0,
            null
        ],
        [
            0.0,
            null
        ],
        [
            0.0,
            null
        ],
        [
            0.0,
            null
        ],
        [
            0.0,
            null
        ],
        [
            0.0,
            null
        ],
        [
            0.0,
            null
        ],
        [
            0.0,
            null
        ],
        [
            0.0,
            null
        ],
        [
            0.0,
            null
        ],
        [
            0.0,
            null
        ],
        [
            0.0,
            null
        ],
        [
            0.0,
            null
        ],
        [
            0.0,
            null
        ],
        [
            0.0,
            null
        ],
        [
            0.0,
            null
        ],
        [
            0.0,
            null
        ]
    ],
    "comp_est": [
        6.437222058477523e-06,
        0.06437222058477461,
        4.0,
        29.99999999999996,
        29.99999999999996,
        29.99999999999996,
        29.99999999999996,
        29.99999999999996,
        29.99999999999996,
        29.99999999999996,
        29.99999999999996,
        29.99999999999996,
        29.99999999999996,
        29.99999999999996,
        29.99999999999996,
        29.99999999999996,
        29.99999999999996,
        29.99999999999996,
        29.99999999999996,
        29.99999999999996,
        29.99999999999996,
        29.99999999999996,
        29.99999999999996,
        29.99999999999996,
        29.99999999999996,
        29.99999999999996,
        29.99999999999996,
        29.99999999999996
    ],
    "fit_time": 19726.43565607071,
    "init_guess": [
        6.437222058477453e-06,
        0.06437222058477453,
        4.0,
        30.0,
        30.0,
        30.0,
        30.0,
        30.0,
        30.0,
        30.0,
        30.0,
        30.0,
        30.0,
        30.0,
        30.0,
        30.0,
        30.0,
        30.0,
        30.0,
        30.0,
        30.0,
        30.0,
        30.0,
        30.0,
        30.0,
        30.0,
        30.0,
        30.0
    ],
    "model": "Competition Model",
    "model_params": [
        "C_0",
        "N_0",
        "kn",
        "rs"
    ],
    "model_species": [
        "C",
        "N"
    ],
    "obj_fun": 0.7849298462657119,
    "zone_cols": 5,
    "zone_coords": [
        9,
        15
    ],
    "zone_rows": 5
}