{
    "argv": 107,
    "bounds": [
        [
            5.848410588726615e-12,
            0.005848410588726615
        ],
        [
            0.05848410588726615,
            0.1169682117745323
        ],
        [
            0.0,
            11.0
        ],
        [
            0.0,
            null
        ],
        [
            0.0,
            null
        ],
        [
            0.0,
            null
        ],
        [
            0.0,
            null
        ],
        [
            0.0,
            null
        ],
        [
            0.0,
            null
        ],
        [
            0.0,
            null
        ],
        [
            0.0,
            null
        ],
        [
            0.0,
            null
        ],
        [
            0.0,
            null
        ],
        [
            0.0,
            null
        ],
        [
            0.0,
            null
        ],
        [
            0.0,
            null
        ],
        [
            0.0,
            null
        ],
        [
            0.0,
            null
        ],
        [
            0.0,
            null
        ],
        [
            0.0,
            null
        ],
        [
            0.0,
            null
        ],
        [
            0.0,
            null
        ],
        [
            0.0,
            null
        ],
        [
            0.0,
            null
        ],
        [
            0.0,
            null
        ],
        [
            0.0,
            null
        ],
        [
            0.0,
            null
        ],
        [
            0.0,
            null
        ]
    ],
    "comp_est": [
        8.622401837408856e-08,
        0.05849315190256402,
        7.99999973683108,
        69.99983658629434,
        70.00039757960859,
        70.00002497321871,
        70.00042105298574,
        69.99983648337619,
        70.00039714881014,
        69.99984005609356,
        69.99983766149404,
        69.99983996092072,
        70.00039929303914,
        70.00002486204282,
        69.99983772752353,
        70.01056303185024,
        69.99983744822738,
        70.00002519684956,
        70.0004210596333,
        69.99983984040944,
        69.99983747765916,
        69.99983968826238,
        70.00042311207281,
        69.99983664819491,
        70.00039918069777,
        70.00002510362232,
        70.00042322659941,
        69.99983654544444
    ],
    "fit_time": 53321.45835852623,
    "init_guess": [
        5.848410588726615e-12,
        0.05848410588726615,
        8.0,
        70.0,
        70.0,
        70.0,
        70.0,
        70.0,
        70.0,
        70.0,
        70.0,
        70.0,
        70.0,
        70.0,
        70.0,
        70.0,
        70.0,
        70.0,
        70.0,
        70.0,
        70.0,
        70.0,
        70.0,
        70.0,
        70.0,
        70.0,
        70.0,
        70.0
    ],
    "model": "Competition Model",
    "model_params": [
        "C_0",
        "N_0",
        "kn",
        "rs"
    ],
    "model_species": [
        "C",
        "N"
    ],
    "obj_fun": 0.4762781420968578,
    "zone_cols": 5,
    "zone_coords": [
        7,
        13
    ],
    "zone_rows": 5
}