{
    "argv": 454,
    "bounds": [
        [
            6.437222058477453e-12,
            0.006437222058477453
        ],
        [
            0.06437222058477453,
            0.12874444116954906
        ],
        [
            0.0,
            11.0
        ],
        [
            0.0,
            null
        ],
        [
            0.0,
            null
        ],
        [
            0.0,
            null
        ],
        [
            0.0,
            null
        ],
        [
            0.0,
            null
        ],
        [
            0.0,
            null
        ],
        [
            0.0,
            null
        ],
        [
            0.0,
            null
        ],
        [
            0.0,
            null
        ],
        [
            0.0,
            null
        ],
        [
            0.0,
            null
        ],
        [
            0.0,
            null
        ],
        [
            0.0,
            null
        ],
        [
            0.0,
            null
        ],
        [
            0.0,
            null
        ],
        [
            0.0,
            null
        ],
        [
            0.0,
            null
        ],
        [
            0.0,
            null
        ],
        [
            0.0,
            null
        ],
        [
            0.0,
            null
        ],
        [
            0.0,
            null
        ],
        [
            0.0,
            null
        ],
        [
            0.0,
            null
        ],
        [
            0.0,
            null
        ],
        [
            0.0,
            null
        ]
    ],
    "comp_est": [
        1.1102035123418649e-05,
        0.06437222058477453,
        2.9999996854860087,
        64.99999902456244,
        65.00000256874829,
        64.9999991551728,
        65.00000044373655,
        64.99999844186851,
        64.9999992132233,
        65.0000005808106,
        64.99997193570566,
        64.99999816915201,
        65.00000957105527,
        65.00000208560262,
        64.99999351758495,
        64.99999935536421,
        64.9999993484731,
        64.99999735730809,
        64.9999968493814,
        65.00000741883848,
        64.99999108331296,
        65.00001079890005,
        64.99999811909686,
        64.99999288487946,
        64.99999188656761,
        65.00000055097044,
        64.99999922819403,
        64.99999536233013
    ],
    "fit_time": 6298.244802713394,
    "init_guess": [
        6.437222058477453e-09,
        0.06437222058477453,
        3.0,
        65.0,
        65.0,
        65.0,
        65.0,
        65.0,
        65.0,
        65.0,
        65.0,
        65.0,
        65.0,
        65.0,
        65.0,
        65.0,
        65.0,
        65.0,
        65.0,
        65.0,
        65.0,
        65.0,
        65.0,
        65.0,
        65.0,
        65.0,
        65.0,
        65.0
    ],
    "model": "Competition Model",
    "model_params": [
        "C_0",
        "N_0",
        "kn",
        "rs"
    ],
    "model_species": [
        "C",
        "N"
    ],
    "obj_fun": 0.576897952779388,
    "zone_cols": 5,
    "zone_coords": [
        9,
        15
    ],
    "zone_rows": 5
}