{
    "argv": 252,
    "bounds": [
        [
            5.848410588726615e-12,
            0.005848410588726615
        ],
        [
            0.05848410588726615,
            0.1169682117745323
        ],
        [
            0.0,
            11.0
        ],
        [
            0.0,
            null
        ],
        [
            0.0,
            null
        ],
        [
            0.0,
            null
        ],
        [
            0.0,
            null
        ],
        [
            0.0,
            null
        ],
        [
            0.0,
            null
        ],
        [
            0.0,
            null
        ],
        [
            0.0,
            null
        ],
        [
            0.0,
            null
        ],
        [
            0.0,
            null
        ],
        [
            0.0,
            null
        ],
        [
            0.0,
            null
        ],
        [
            0.0,
            null
        ],
        [
            0.0,
            null
        ],
        [
            0.0,
            null
        ],
        [
            0.0,
            null
        ],
        [
            0.0,
            null
        ],
        [
            0.0,
            null
        ],
        [
            0.0,
            null
        ],
        [
            0.0,
            null
        ],
        [
            0.0,
            null
        ],
        [
            0.0,
            null
        ],
        [
            0.0,
            null
        ],
        [
            0.0,
            null
        ],
        [
            0.0,
            null
        ]
    ],
    "comp_est": [
        6.212173970374591e-10,
        0.05848485190387993,
        9.999999999999966,
        25.000000328489776,
        25.000000369428893,
        25.000000375615876,
        25.000000369489506,
        25.000000328488774,
        25.000000369428893,
        25.000000505382836,
        25.000000511616726,
        25.000000505402664,
        25.000000369487775,
        25.00000037561588,
        25.00000051161673,
        25.00000052154202,
        25.000000511619483,
        25.00000037568357,
        25.000000369489506,
        25.00000050540265,
        25.00000051161948,
        25.000000505408625,
        25.00000036943226,
        25.00000032848877,
        25.00000036948778,
        25.000000375683562,
        25.000000369432268,
        25.000000328488724
    ],
    "fit_time": 29929.513822317123,
    "init_guess": [
        5.848410588726615e-10,
        0.05848410588726615,
        10.0,
        25.0,
        25.0,
        25.0,
        25.0,
        25.0,
        25.0,
        25.0,
        25.0,
        25.0,
        25.0,
        25.0,
        25.0,
        25.0,
        25.0,
        25.0,
        25.0,
        25.0,
        25.0,
        25.0,
        25.0,
        25.0,
        25.0,
        25.0,
        25.0,
        25.0
    ],
    "model": "Competition Model",
    "model_params": [
        "C_0",
        "N_0",
        "kn",
        "rs"
    ],
    "model_species": [
        "C",
        "N"
    ],
    "obj_fun": 0.6702254101188242,
    "zone_cols": 5,
    "zone_coords": [
        7,
        13
    ],
    "zone_rows": 5
}