{
    "argv": 1078,
    "bounds": [
        [
            6.437222058477453e-12,
            0.006437222058477453
        ],
        [
            0.06437222058477453,
            0.12874444116954906
        ],
        [
            0.0,
            11.0
        ],
        [
            0.0,
            null
        ],
        [
            0.0,
            null
        ],
        [
            0.0,
            null
        ],
        [
            0.0,
            null
        ],
        [
            0.0,
            null
        ],
        [
            0.0,
            null
        ],
        [
            0.0,
            null
        ],
        [
            0.0,
            null
        ],
        [
            0.0,
            null
        ],
        [
            0.0,
            null
        ],
        [
            0.0,
            null
        ],
        [
            0.0,
            null
        ],
        [
            0.0,
            null
        ],
        [
            0.0,
            null
        ],
        [
            0.0,
            null
        ],
        [
            0.0,
            null
        ],
        [
            0.0,
            null
        ],
        [
            0.0,
            null
        ],
        [
            0.0,
            null
        ],
        [
            0.0,
            null
        ],
        [
            0.0,
            null
        ],
        [
            0.0,
            null
        ],
        [
            0.0,
            null
        ],
        [
            0.0,
            null
        ],
        [
            0.0,
            null
        ]
    ],
    "comp_est": [
        7.496311962721829e-07,
        0.06691734448726705,
        1.1498133588318256,
        64.5946811628594,
        86.26191675521612,
        63.154795722171286,
        65.92735556340688,
        70.27841130277596,
        64.0717772222669,
        64.12235203422075,
        62.919486858133176,
        62.90360634170982,
        102.09096595051446,
        91.36302177018949,
        67.78999713645672,
        63.78546762610911,
        85.7408966750066,
        69.05778732092968,
        56.73819862126348,
        79.36770629245687,
        60.63486201133384,
        94.29825521646683,
        63.661102341112105,
        56.07309608658605,
        63.021395060520064,
        63.443592444659195,
        64.9647658599332,
        50.304863212450456
    ],
    "fit_time": 5212.2714602947235,
    "init_guess": [
        0.0006437222058477453,
        0.06437222058477453,
        0.0,
        75.0,
        75.0,
        75.0,
        75.0,
        75.0,
        75.0,
        75.0,
        75.0,
        75.0,
        75.0,
        75.0,
        75.0,
        75.0,
        75.0,
        75.0,
        75.0,
        75.0,
        75.0,
        75.0,
        75.0,
        75.0,
        75.0,
        75.0,
        75.0,
        75.0
    ],
    "model": "Competition Model",
    "model_params": [
        "C_0",
        "N_0",
        "kn",
        "rs"
    ],
    "model_species": [
        "C",
        "N"
    ],
    "obj_fun": 0.05214871207495687,
    "zone_cols": 5,
    "zone_coords": [
        9,
        15
    ],
    "zone_rows": 5
}