{
    "argv": 166,
    "bounds": [
        [
            6.437222058477453e-12,
            0.006437222058477453
        ],
        [
            0.06437222058477453,
            0.12874444116954906
        ],
        [
            0.0,
            11.0
        ],
        [
            0.0,
            null
        ],
        [
            0.0,
            null
        ],
        [
            0.0,
            null
        ],
        [
            0.0,
            null
        ],
        [
            0.0,
            null
        ],
        [
            0.0,
            null
        ],
        [
            0.0,
            null
        ],
        [
            0.0,
            null
        ],
        [
            0.0,
            null
        ],
        [
            0.0,
            null
        ],
        [
            0.0,
            null
        ],
        [
            0.0,
            null
        ],
        [
            0.0,
            null
        ],
        [
            0.0,
            null
        ],
        [
            0.0,
            null
        ],
        [
            0.0,
            null
        ],
        [
            0.0,
            null
        ],
        [
            0.0,
            null
        ],
        [
            0.0,
            null
        ],
        [
            0.0,
            null
        ],
        [
            0.0,
            null
        ],
        [
            0.0,
            null
        ],
        [
            0.0,
            null
        ],
        [
            0.0,
            null
        ],
        [
            0.0,
            null
        ]
    ],
    "comp_est": [
        3.6883003302959684e-05,
        0.06750173807877119,
        2.2137854870314504,
        41.972415341848716,
        56.09468623300103,
        41.57374908878587,
        43.319420687202474,
        44.41477771200254,
        40.86274044667363,
        41.51953744189015,
        41.27042330139607,
        39.22537109703249,
        62.2360626070932,
        57.07497972792253,
        43.817449032319914,
        41.236504496517014,
        55.7715413674598,
        40.93114743130223,
        38.06188333571564,
        53.49681245157644,
        38.788975991459004,
        60.26415548798882,
        41.36028147267837,
        38.38794482176991,
        43.35393844607287,
        43.04162562365424,
        44.117229515026445,
        35.01282320628382
    ],
    "fit_time": 2624.694472551346,
    "init_guess": [
        6.437222058477453e-11,
        0.06437222058477453,
        1.0,
        45.0,
        45.0,
        45.0,
        45.0,
        45.0,
        45.0,
        45.0,
        45.0,
        45.0,
        45.0,
        45.0,
        45.0,
        45.0,
        45.0,
        45.0,
        45.0,
        45.0,
        45.0,
        45.0,
        45.0,
        45.0,
        45.0,
        45.0,
        45.0,
        45.0
    ],
    "model": "Competition Model",
    "model_params": [
        "C_0",
        "N_0",
        "kn",
        "rs"
    ],
    "model_species": [
        "C",
        "N"
    ],
    "obj_fun": 0.07067460592066285,
    "zone_cols": 5,
    "zone_coords": [
        9,
        15
    ],
    "zone_rows": 5
}