{
    "argv": 346,
    "bounds": [
        [
            6.437222058477453e-12,
            0.006437222058477453
        ],
        [
            0.06437222058477453,
            0.12874444116954906
        ],
        [
            0.0,
            11.0
        ],
        [
            0.0,
            null
        ],
        [
            0.0,
            null
        ],
        [
            0.0,
            null
        ],
        [
            0.0,
            null
        ],
        [
            0.0,
            null
        ],
        [
            0.0,
            null
        ],
        [
            0.0,
            null
        ],
        [
            0.0,
            null
        ],
        [
            0.0,
            null
        ],
        [
            0.0,
            null
        ],
        [
            0.0,
            null
        ],
        [
            0.0,
            null
        ],
        [
            0.0,
            null
        ],
        [
            0.0,
            null
        ],
        [
            0.0,
            null
        ],
        [
            0.0,
            null
        ],
        [
            0.0,
            null
        ],
        [
            0.0,
            null
        ],
        [
            0.0,
            null
        ],
        [
            0.0,
            null
        ],
        [
            0.0,
            null
        ],
        [
            0.0,
            null
        ],
        [
            0.0,
            null
        ],
        [
            0.0,
            null
        ],
        [
            0.0,
            null
        ]
    ],
    "comp_est": [
        3.417637133845227e-09,
        0.06437225084980444,
        5.000000000008015,
        69.999972900665,
        69.99996468097073,
        69.99996672067431,
        69.99996589522033,
        69.99997396597321,
        69.99996468096994,
        69.99997220775526,
        69.99997280541689,
        69.99997167453816,
        69.99996662381692,
        69.99996672067563,
        69.99997280497274,
        69.99997085401463,
        69.99997229569479,
        69.9999659734065,
        69.99996589522064,
        69.99997167453917,
        69.99997229569375,
        69.99997250480817,
        69.99996492346934,
        69.99997396597288,
        69.999966623816,
        69.99996597340666,
        69.99996492346943,
        69.99997567974313
    ],
    "fit_time": 34953.93644404411,
    "init_guess": [
        6.437222058477453e-10,
        0.06437222058477453,
        5.0,
        70.0,
        70.0,
        70.0,
        70.0,
        70.0,
        70.0,
        70.0,
        70.0,
        70.0,
        70.0,
        70.0,
        70.0,
        70.0,
        70.0,
        70.0,
        70.0,
        70.0,
        70.0,
        70.0,
        70.0,
        70.0,
        70.0,
        70.0,
        70.0,
        70.0
    ],
    "model": "Competition Model",
    "model_params": [
        "C_0",
        "N_0",
        "kn",
        "rs"
    ],
    "model_species": [
        "C",
        "N"
    ],
    "obj_fun": 0.682346034884307,
    "zone_cols": 5,
    "zone_coords": [
        9,
        15
    ],
    "zone_rows": 5
}