{
    "argv": 55,
    "bounds": [
        [
            6.437222058477453e-12,
            0.006437222058477453
        ],
        [
            0.06437222058477453,
            0.12874444116954906
        ],
        [
            0.0,
            11.0
        ],
        [
            0.0,
            null
        ],
        [
            0.0,
            null
        ],
        [
            0.0,
            null
        ],
        [
            0.0,
            null
        ],
        [
            0.0,
            null
        ],
        [
            0.0,
            null
        ],
        [
            0.0,
            null
        ],
        [
            0.0,
            null
        ],
        [
            0.0,
            null
        ],
        [
            0.0,
            null
        ],
        [
            0.0,
            null
        ],
        [
            0.0,
            null
        ],
        [
            0.0,
            null
        ],
        [
            0.0,
            null
        ],
        [
            0.0,
            null
        ],
        [
            0.0,
            null
        ],
        [
            0.0,
            null
        ],
        [
            0.0,
            null
        ],
        [
            0.0,
            null
        ],
        [
            0.0,
            null
        ],
        [
            0.0,
            null
        ],
        [
            0.0,
            null
        ],
        [
            0.0,
            null
        ],
        [
            0.0,
            null
        ],
        [
            0.0,
            null
        ]
    ],
    "comp_est": [
        2.8696787068325076e-05,
        0.06732966421030376,
        3.4686141450261787,
        44.86740875765464,
        57.63403994507018,
        44.7984472094512,
        46.52295255462313,
        48.29630869418872,
        43.59886870447386,
        44.54606122573587,
        45.083965793307115,
        41.992502504292666,
        62.11068687596445,
        58.216122633547585,
        45.79783907570725,
        44.1114342851041,
        55.9225347340815,
        44.95301226356619,
        37.989509855855495,
        54.104215823738365,
        39.82384418828434,
        59.81295379724119,
        43.65801636362128,
        41.2348546132269,
        45.51421604719008,
        45.29583059772475,
        45.639729794985776,
        36.827566657170344
    ],
    "fit_time": 4470.130290269852,
    "init_guess": [
        6.437222058477453e-12,
        0.06437222058477453,
        0.0,
        50.0,
        50.0,
        50.0,
        50.0,
        50.0,
        50.0,
        50.0,
        50.0,
        50.0,
        50.0,
        50.0,
        50.0,
        50.0,
        50.0,
        50.0,
        50.0,
        50.0,
        50.0,
        50.0,
        50.0,
        50.0,
        50.0,
        50.0,
        50.0,
        50.0
    ],
    "model": "Competition Model",
    "model_params": [
        "C_0",
        "N_0",
        "kn",
        "rs"
    ],
    "model_species": [
        "C",
        "N"
    ],
    "obj_fun": 0.06937909467750249,
    "zone_cols": 5,
    "zone_coords": [
        9,
        15
    ],
    "zone_rows": 5
}