{
    "argv": 45,
    "bounds": [
        [
            6.437222058477453e-12,
            0.006437222058477453
        ],
        [
            0.06437222058477453,
            0.12874444116954906
        ],
        [
            0.0,
            11.0
        ],
        [
            0.0,
            null
        ],
        [
            0.0,
            null
        ],
        [
            0.0,
            null
        ],
        [
            0.0,
            null
        ],
        [
            0.0,
            null
        ],
        [
            0.0,
            null
        ],
        [
            0.0,
            null
        ],
        [
            0.0,
            null
        ],
        [
            0.0,
            null
        ],
        [
            0.0,
            null
        ],
        [
            0.0,
            null
        ],
        [
            0.0,
            null
        ],
        [
            0.0,
            null
        ],
        [
            0.0,
            null
        ],
        [
            0.0,
            null
        ],
        [
            0.0,
            null
        ],
        [
            0.0,
            null
        ],
        [
            0.0,
            null
        ],
        [
            0.0,
            null
        ],
        [
            0.0,
            null
        ],
        [
            0.0,
            null
        ],
        [
            0.0,
            null
        ],
        [
            0.0,
            null
        ],
        [
            0.0,
            null
        ],
        [
            0.0,
            null
        ]
    ],
    "comp_est": [
        4.3416572956538204e-05,
        0.06675484908634324,
        4.00775754408441,
        42.35642290128972,
        54.65330897013125,
        42.427251765236996,
        43.27219751014279,
        43.21108975251596,
        41.18752219513314,
        41.92950920881901,
        42.23865721882242,
        38.91298994455504,
        58.772247995239056,
        55.63445583574277,
        42.509155576449295,
        41.73951947581573,
        53.92988600191666,
        40.22518721648957,
        38.29617272722937,
        52.72982765632582,
        38.558013496528154,
        57.409520813459224,
        41.66362105320611,
        41.311012520698185,
        43.88183346624482,
        43.59680398866196,
        43.98858833629739,
        39.12195991437872
    ],
    "fit_time": 50539.6859087944,
    "init_guess": [
        6.437222058477453e-12,
        0.06437222058477453,
        1.0,
        45.0,
        45.0,
        45.0,
        45.0,
        45.0,
        45.0,
        45.0,
        45.0,
        45.0,
        45.0,
        45.0,
        45.0,
        45.0,
        45.0,
        45.0,
        45.0,
        45.0,
        45.0,
        45.0,
        45.0,
        45.0,
        45.0,
        45.0,
        45.0,
        45.0
    ],
    "model": "Competition Model",
    "model_params": [
        "C_0",
        "N_0",
        "kn",
        "rs"
    ],
    "model_species": [
        "C",
        "N"
    ],
    "obj_fun": 0.08528808430091867,
    "zone_cols": 5,
    "zone_coords": [
        9,
        15
    ],
    "zone_rows": 5
}