{
    "argv": 419,
    "bounds": [
        [
            6.437222058477453e-12,
            0.006437222058477453
        ],
        [
            0.06437222058477453,
            0.12874444116954906
        ],
        [
            0.0,
            11.0
        ],
        [
            0.0,
            null
        ],
        [
            0.0,
            null
        ],
        [
            0.0,
            null
        ],
        [
            0.0,
            null
        ],
        [
            0.0,
            null
        ],
        [
            0.0,
            null
        ],
        [
            0.0,
            null
        ],
        [
            0.0,
            null
        ],
        [
            0.0,
            null
        ],
        [
            0.0,
            null
        ],
        [
            0.0,
            null
        ],
        [
            0.0,
            null
        ],
        [
            0.0,
            null
        ],
        [
            0.0,
            null
        ],
        [
            0.0,
            null
        ],
        [
            0.0,
            null
        ],
        [
            0.0,
            null
        ],
        [
            0.0,
            null
        ],
        [
            0.0,
            null
        ],
        [
            0.0,
            null
        ],
        [
            0.0,
            null
        ],
        [
            0.0,
            null
        ],
        [
            0.0,
            null
        ],
        [
            0.0,
            null
        ],
        [
            0.0,
            null
        ]
    ],
    "comp_est": [
        2.345748845853681e-05,
        0.06708273512989432,
        5.815749262826847,
        47.23772168867995,
        57.89970543517568,
        47.45959227621989,
        47.96030192074758,
        47.51047779305407,
        46.506431939784875,
        47.05666333013739,
        47.15714733177712,
        44.774867228847654,
        61.864635488874946,
        59.94002226471998,
        47.30237253501556,
        46.866955675134456,
        56.68973222965218,
        45.4000906001683,
        44.67413826313421,
        55.36222683789339,
        44.6841098278561,
        61.290403924846075,
        46.92807967548205,
        47.021606234976396,
        49.19718865296808,
        48.65702092279387,
        48.639023854921504,
        45.295025360126274
    ],
    "fit_time": 47606.4388461113,
    "init_guess": [
        6.437222058477453e-09,
        0.06437222058477453,
        1.0,
        50.0,
        50.0,
        50.0,
        50.0,
        50.0,
        50.0,
        50.0,
        50.0,
        50.0,
        50.0,
        50.0,
        50.0,
        50.0,
        50.0,
        50.0,
        50.0,
        50.0,
        50.0,
        50.0,
        50.0,
        50.0,
        50.0,
        50.0,
        50.0,
        50.0
    ],
    "model": "Competition Model",
    "model_params": [
        "C_0",
        "N_0",
        "kn",
        "rs"
    ],
    "model_species": [
        "C",
        "N"
    ],
    "obj_fun": 0.11236620519660287,
    "zone_cols": 5,
    "zone_coords": [
        9,
        15
    ],
    "zone_rows": 5
}