{
    "argv": 846,
    "bounds": [
        [
            5.848410588726615e-12,
            0.005848410588726615
        ],
        [
            0.05848410588726615,
            0.1169682117745323
        ],
        [
            0.0,
            11.0
        ],
        [
            0.0,
            null
        ],
        [
            0.0,
            null
        ],
        [
            0.0,
            null
        ],
        [
            0.0,
            null
        ],
        [
            0.0,
            null
        ],
        [
            0.0,
            null
        ],
        [
            0.0,
            null
        ],
        [
            0.0,
            null
        ],
        [
            0.0,
            null
        ],
        [
            0.0,
            null
        ],
        [
            0.0,
            null
        ],
        [
            0.0,
            null
        ],
        [
            0.0,
            null
        ],
        [
            0.0,
            null
        ],
        [
            0.0,
            null
        ],
        [
            0.0,
            null
        ],
        [
            0.0,
            null
        ],
        [
            0.0,
            null
        ],
        [
            0.0,
            null
        ],
        [
            0.0,
            null
        ],
        [
            0.0,
            null
        ],
        [
            0.0,
            null
        ],
        [
            0.0,
            null
        ],
        [
            0.0,
            null
        ],
        [
            0.0,
            null
        ]
    ],
    "comp_est": [
        5.848439096115372e-06,
        0.05848414087956868,
        10.00000000324676,
        74.99999992099664,
        75.00001651737831,
        74.99999923269053,
        74.99999902648112,
        74.99999617133273,
        75.00000791323892,
        75.00000116809174,
        74.99999544635364,
        75.00000288139013,
        74.99999905343134,
        75.00000550880728,
        74.9999952495118,
        75.00000032966312,
        74.99999373920248,
        75.00000007129975,
        74.9999990472558,
        75.00000424916259,
        74.99999828607748,
        75.00000303697595,
        74.99999923586422,
        74.99999991525205,
        74.99999904778939,
        74.99999787397653,
        74.9999992300361,
        74.9999961664224
    ],
    "fit_time": 54979.59409737587,
    "init_guess": [
        5.848410588726615e-06,
        0.05848410588726615,
        10.0,
        75.0,
        75.0,
        75.0,
        75.0,
        75.0,
        75.0,
        75.0,
        75.0,
        75.0,
        75.0,
        75.0,
        75.0,
        75.0,
        75.0,
        75.0,
        75.0,
        75.0,
        75.0,
        75.0,
        75.0,
        75.0,
        75.0,
        75.0,
        75.0,
        75.0
    ],
    "model": "Competition Model",
    "model_params": [
        "C_0",
        "N_0",
        "kn",
        "rs"
    ],
    "model_species": [
        "C",
        "N"
    ],
    "obj_fun": 0.4224911326899949,
    "zone_cols": 5,
    "zone_coords": [
        7,
        13
    ],
    "zone_rows": 5
}