{
    "argv": 330,
    "bounds": [
        [
            6.437222058477453e-12,
            0.006437222058477453
        ],
        [
            0.06437222058477453,
            0.12874444116954906
        ],
        [
            0.0,
            11.0
        ],
        [
            0.0,
            null
        ],
        [
            0.0,
            null
        ],
        [
            0.0,
            null
        ],
        [
            0.0,
            null
        ],
        [
            0.0,
            null
        ],
        [
            0.0,
            null
        ],
        [
            0.0,
            null
        ],
        [
            0.0,
            null
        ],
        [
            0.0,
            null
        ],
        [
            0.0,
            null
        ],
        [
            0.0,
            null
        ],
        [
            0.0,
            null
        ],
        [
            0.0,
            null
        ],
        [
            0.0,
            null
        ],
        [
            0.0,
            null
        ],
        [
            0.0,
            null
        ],
        [
            0.0,
            null
        ],
        [
            0.0,
            null
        ],
        [
            0.0,
            null
        ],
        [
            0.0,
            null
        ],
        [
            0.0,
            null
        ],
        [
            0.0,
            null
        ],
        [
            0.0,
            null
        ],
        [
            0.0,
            null
        ],
        [
            0.0,
            null
        ]
    ],
    "comp_est": [
        0.00016399744505105052,
        0.06437222058477453,
        11.0,
        60.702018000844376,
        77.78340652110522,
        60.89244898939667,
        62.2857270961942,
        61.711475538391504,
        59.53877865880395,
        60.08965811556349,
        60.59310588391106,
        58.682232158046844,
        88.01326976776105,
        82.59856793856162,
        61.08860912200801,
        59.53916994253913,
        73.917813611788,
        59.64367779996182,
        56.889925243201155,
        74.8420798288196,
        57.66229463812424,
        87.74118663833946,
        59.42429441334546,
        58.73777973547259,
        60.898136048718946,
        61.483684182079045,
        61.12776345270906,
        56.50983227117548
    ],
    "fit_time": 36745.940106868744,
    "init_guess": [
        6.437222058477453e-10,
        0.06437222058477453,
        0.0,
        65.0,
        65.0,
        65.0,
        65.0,
        65.0,
        65.0,
        65.0,
        65.0,
        65.0,
        65.0,
        65.0,
        65.0,
        65.0,
        65.0,
        65.0,
        65.0,
        65.0,
        65.0,
        65.0,
        65.0,
        65.0,
        65.0,
        65.0,
        65.0,
        65.0
    ],
    "model": "Competition Model",
    "model_params": [
        "C_0",
        "N_0",
        "kn",
        "rs"
    ],
    "model_species": [
        "C",
        "N"
    ],
    "obj_fun": 0.48124824901954777,
    "zone_cols": 5,
    "zone_coords": [
        9,
        15
    ],
    "zone_rows": 5
}