{
    "argv": 915,
    "bounds": [
        [
            5.848410588726615e-12,
            0.005848410588726615
        ],
        [
            0.05848410588726615,
            0.1169682117745323
        ],
        [
            0.0,
            11.0
        ],
        [
            0.0,
            null
        ],
        [
            0.0,
            null
        ],
        [
            0.0,
            null
        ],
        [
            0.0,
            null
        ],
        [
            0.0,
            null
        ],
        [
            0.0,
            null
        ],
        [
            0.0,
            null
        ],
        [
            0.0,
            null
        ],
        [
            0.0,
            null
        ],
        [
            0.0,
            null
        ],
        [
            0.0,
            null
        ],
        [
            0.0,
            null
        ],
        [
            0.0,
            null
        ],
        [
            0.0,
            null
        ],
        [
            0.0,
            null
        ],
        [
            0.0,
            null
        ],
        [
            0.0,
            null
        ],
        [
            0.0,
            null
        ],
        [
            0.0,
            null
        ],
        [
            0.0,
            null
        ],
        [
            0.0,
            null
        ],
        [
            0.0,
            null
        ],
        [
            0.0,
            null
        ],
        [
            0.0,
            null
        ],
        [
            0.0,
            null
        ]
    ],
    "comp_est": [
        2.4653852116472085e-05,
        0.05848410588726615,
        10.999849825859116,
        55.3414922934585,
        53.52548797709097,
        56.400334038851646,
        56.37624286417443,
        53.8343847994383,
        50.296077653249455,
        51.499476213785115,
        53.46047742689424,
        55.823672824193864,
        68.23603953200103,
        55.863219380132904,
        55.42239423988504,
        54.172669517881786,
        65.9791437331744,
        50.71111209297168,
        55.981260353769734,
        55.4156832387633,
        52.98227190789366,
        54.549940737837936,
        52.644305955401855,
        52.79618035799765,
        54.59801336808835,
        65.6731552744625,
        53.51510238504874,
        48.35069539801409
    ],
    "fit_time": 8036.596971273422,
    "init_guess": [
        5.848410588726615e-05,
        0.05848410588726615,
        2.0,
        55.0,
        55.0,
        55.0,
        55.0,
        55.0,
        55.0,
        55.0,
        55.0,
        55.0,
        55.0,
        55.0,
        55.0,
        55.0,
        55.0,
        55.0,
        55.0,
        55.0,
        55.0,
        55.0,
        55.0,
        55.0,
        55.0,
        55.0,
        55.0,
        55.0
    ],
    "model": "Competition Model",
    "model_params": [
        "C_0",
        "N_0",
        "kn",
        "rs"
    ],
    "model_species": [
        "C",
        "N"
    ],
    "obj_fun": 0.09758679304471582,
    "zone_cols": 5,
    "zone_coords": [
        7,
        13
    ],
    "zone_rows": 5
}