{
    "argv": 67,
    "bounds": [
        [
            5.848410588726615e-12,
            0.005848410588726615
        ],
        [
            0.05848410588726615,
            0.1169682117745323
        ],
        [
            0.0,
            11.0
        ],
        [
            0.0,
            null
        ],
        [
            0.0,
            null
        ],
        [
            0.0,
            null
        ],
        [
            0.0,
            null
        ],
        [
            0.0,
            null
        ],
        [
            0.0,
            null
        ],
        [
            0.0,
            null
        ],
        [
            0.0,
            null
        ],
        [
            0.0,
            null
        ],
        [
            0.0,
            null
        ],
        [
            0.0,
            null
        ],
        [
            0.0,
            null
        ],
        [
            0.0,
            null
        ],
        [
            0.0,
            null
        ],
        [
            0.0,
            null
        ],
        [
            0.0,
            null
        ],
        [
            0.0,
            null
        ],
        [
            0.0,
            null
        ],
        [
            0.0,
            null
        ],
        [
            0.0,
            null
        ],
        [
            0.0,
            null
        ],
        [
            0.0,
            null
        ],
        [
            0.0,
            null
        ],
        [
            0.0,
            null
        ],
        [
            0.0,
            null
        ]
    ],
    "comp_est": [
        2.5598672426962183e-05,
        0.05848410588726615,
        10.999819725633548,
        55.54108057673376,
        53.98242208950244,
        55.85986257780047,
        55.199765648464336,
        52.24970058216756,
        51.556192994222364,
        52.488303384253236,
        53.63485628905233,
        53.60462909106705,
        66.96145486599909,
        55.76698333107597,
        55.48030237579809,
        52.68829821356269,
        64.86755285071035,
        51.232216305012635,
        55.567180532216504,
        55.13432450618887,
        51.705381373355735,
        52.54015557029112,
        53.75425037566471,
        52.778092004195784,
        54.38855803665853,
        66.49816332056908,
        53.0933655429176,
        53.41200786725337
    ],
    "fit_time": 50855.42107987404,
    "init_guess": [
        5.848410588726615e-12,
        0.05848410588726615,
        1.0,
        55.0,
        55.0,
        55.0,
        55.0,
        55.0,
        55.0,
        55.0,
        55.0,
        55.0,
        55.0,
        55.0,
        55.0,
        55.0,
        55.0,
        55.0,
        55.0,
        55.0,
        55.0,
        55.0,
        55.0,
        55.0,
        55.0,
        55.0,
        55.0,
        55.0
    ],
    "model": "Competition Model",
    "model_params": [
        "C_0",
        "N_0",
        "kn",
        "rs"
    ],
    "model_species": [
        "C",
        "N"
    ],
    "obj_fun": 0.10398569235190852,
    "zone_cols": 5,
    "zone_coords": [
        7,
        13
    ],
    "zone_rows": 5
}