{
    "argv": 244,
    "bounds": [
        [
            5.848410588726615e-12,
            0.005848410588726615
        ],
        [
            0.05848410588726615,
            0.1169682117745323
        ],
        [
            0.0,
            11.0
        ],
        [
            0.0,
            null
        ],
        [
            0.0,
            null
        ],
        [
            0.0,
            null
        ],
        [
            0.0,
            null
        ],
        [
            0.0,
            null
        ],
        [
            0.0,
            null
        ],
        [
            0.0,
            null
        ],
        [
            0.0,
            null
        ],
        [
            0.0,
            null
        ],
        [
            0.0,
            null
        ],
        [
            0.0,
            null
        ],
        [
            0.0,
            null
        ],
        [
            0.0,
            null
        ],
        [
            0.0,
            null
        ],
        [
            0.0,
            null
        ],
        [
            0.0,
            null
        ],
        [
            0.0,
            null
        ],
        [
            0.0,
            null
        ],
        [
            0.0,
            null
        ],
        [
            0.0,
            null
        ],
        [
            0.0,
            null
        ],
        [
            0.0,
            null
        ],
        [
            0.0,
            null
        ],
        [
            0.0,
            null
        ],
        [
            0.0,
            null
        ]
    ],
    "comp_est": [
        0.0013823885561556953,
        0.05948074214875759,
        10.49478998591225,
        25.743858955640906,
        22.39909940621942,
        24.899556521595272,
        26.186529999943257,
        22.136395593613354,
        21.78990994518841,
        21.814991591171104,
        25.318124084929565,
        24.47186161152938,
        36.1098197510417,
        24.211587645076825,
        24.415128308347256,
        22.79682656542862,
        35.83681479274581,
        24.731813877855494,
        23.53280429924963,
        23.93672869575068,
        22.18246491472932,
        23.274525670010416,
        22.079275530861246,
        22.48141202418863,
        24.21392196656157,
        36.21889149852656,
        21.32731220078613,
        23.34682821349415
    ],
    "fit_time": 3453.6341049671173,
    "init_guess": [
        5.848410588726615e-10,
        0.05848410588726615,
        2.0,
        25.0,
        25.0,
        25.0,
        25.0,
        25.0,
        25.0,
        25.0,
        25.0,
        25.0,
        25.0,
        25.0,
        25.0,
        25.0,
        25.0,
        25.0,
        25.0,
        25.0,
        25.0,
        25.0,
        25.0,
        25.0,
        25.0,
        25.0,
        25.0,
        25.0
    ],
    "model": "Competition Model",
    "model_params": [
        "C_0",
        "N_0",
        "kn",
        "rs"
    ],
    "model_species": [
        "C",
        "N"
    ],
    "obj_fun": 0.12650654779138631,
    "zone_cols": 5,
    "zone_coords": [
        7,
        13
    ],
    "zone_rows": 5
}