{
    "argv": 391,
    "bounds": [
        [
            5.848410588726615e-12,
            0.005848410588726615
        ],
        [
            0.05848410588726615,
            0.1169682117745323
        ],
        [
            0.0,
            11.0
        ],
        [
            0.0,
            null
        ],
        [
            0.0,
            null
        ],
        [
            0.0,
            null
        ],
        [
            0.0,
            null
        ],
        [
            0.0,
            null
        ],
        [
            0.0,
            null
        ],
        [
            0.0,
            null
        ],
        [
            0.0,
            null
        ],
        [
            0.0,
            null
        ],
        [
            0.0,
            null
        ],
        [
            0.0,
            null
        ],
        [
            0.0,
            null
        ],
        [
            0.0,
            null
        ],
        [
            0.0,
            null
        ],
        [
            0.0,
            null
        ],
        [
            0.0,
            null
        ],
        [
            0.0,
            null
        ],
        [
            0.0,
            null
        ],
        [
            0.0,
            null
        ],
        [
            0.0,
            null
        ],
        [
            0.0,
            null
        ],
        [
            0.0,
            null
        ],
        [
            0.0,
            null
        ],
        [
            0.0,
            null
        ],
        [
            0.0,
            null
        ]
    ],
    "comp_est": [
        8.200488206196886e-08,
        0.05848410588726615,
        5.999984273266361,
        34.99997585732705,
        35.001477917755246,
        34.9999715434448,
        35.00000097816962,
        34.99991750721527,
        35.0014974145444,
        34.99996648412857,
        35.0034783643255,
        34.99995976854087,
        34.99999356111785,
        34.99996774118334,
        35.00349386055951,
        34.99992927809966,
        35.003012216183905,
        35.00009308620364,
        34.99996931628894,
        34.99997192985992,
        35.00298193898806,
        34.99996328196752,
        35.000053354604965,
        34.99991826770184,
        34.99997896352374,
        35.000068184317854,
        35.00003373877628,
        34.9999371270628
    ],
    "fit_time": 42562.50415802002,
    "init_guess": [
        5.848410588726615e-09,
        0.05848410588726615,
        6.0,
        35.0,
        35.0,
        35.0,
        35.0,
        35.0,
        35.0,
        35.0,
        35.0,
        35.0,
        35.0,
        35.0,
        35.0,
        35.0,
        35.0,
        35.0,
        35.0,
        35.0,
        35.0,
        35.0,
        35.0,
        35.0,
        35.0,
        35.0,
        35.0,
        35.0
    ],
    "model": "Competition Model",
    "model_params": [
        "C_0",
        "N_0",
        "kn",
        "rs"
    ],
    "model_species": [
        "C",
        "N"
    ],
    "obj_fun": 0.6689305142602441,
    "zone_cols": 5,
    "zone_coords": [
        7,
        13
    ],
    "zone_rows": 5
}