{
    "argv": 341,
    "bounds": [
        [
            5.848410588726615e-12,
            0.005848410588726615
        ],
        [
            0.05848410588726615,
            0.1169682117745323
        ],
        [
            0.0,
            11.0
        ],
        [
            0.0,
            null
        ],
        [
            0.0,
            null
        ],
        [
            0.0,
            null
        ],
        [
            0.0,
            null
        ],
        [
            0.0,
            null
        ],
        [
            0.0,
            null
        ],
        [
            0.0,
            null
        ],
        [
            0.0,
            null
        ],
        [
            0.0,
            null
        ],
        [
            0.0,
            null
        ],
        [
            0.0,
            null
        ],
        [
            0.0,
            null
        ],
        [
            0.0,
            null
        ],
        [
            0.0,
            null
        ],
        [
            0.0,
            null
        ],
        [
            0.0,
            null
        ],
        [
            0.0,
            null
        ],
        [
            0.0,
            null
        ],
        [
            0.0,
            null
        ],
        [
            0.0,
            null
        ],
        [
            0.0,
            null
        ],
        [
            0.0,
            null
        ],
        [
            0.0,
            null
        ],
        [
            0.0,
            null
        ],
        [
            0.0,
            null
        ]
    ],
    "comp_est": [
        3.1510326303908197e-06,
        0.05848410588726615,
        2.7505640750624556,
        63.0362181516252,
        62.67148305504103,
        68.19264969790989,
        71.88275456791341,
        70.40745867509679,
        56.47020290234766,
        59.621593313701545,
        65.88004529667175,
        73.8305514663021,
        92.15176283001229,
        65.41905200983193,
        66.50857021128516,
        66.52555701067169,
        85.1527448581135,
        69.51172846878312,
        66.93912782742736,
        68.29611145901595,
        66.26531984670328,
        66.41941300828931,
        65.00683614054596,
        62.69293773644579,
        70.87965978117015,
        88.16290873637215,
        68.32324942586989,
        62.566936227631885
    ],
    "fit_time": 31532.687860250473,
    "init_guess": [
        5.848410588726615e-10,
        0.05848410588726615,
        0.0,
        70.0,
        70.0,
        70.0,
        70.0,
        70.0,
        70.0,
        70.0,
        70.0,
        70.0,
        70.0,
        70.0,
        70.0,
        70.0,
        70.0,
        70.0,
        70.0,
        70.0,
        70.0,
        70.0,
        70.0,
        70.0,
        70.0,
        70.0,
        70.0,
        70.0
    ],
    "model": "Competition Model",
    "model_params": [
        "C_0",
        "N_0",
        "kn",
        "rs"
    ],
    "model_species": [
        "C",
        "N"
    ],
    "obj_fun": 0.07413607006259938,
    "zone_cols": 5,
    "zone_coords": [
        7,
        13
    ],
    "zone_rows": 5
}