{
    "argv": 341,
    "bounds": [
        [
            6.437222058477453e-12,
            0.006437222058477453
        ],
        [
            0.06437222058477453,
            0.12874444116954906
        ],
        [
            0.0,
            11.0
        ],
        [
            0.0,
            null
        ],
        [
            0.0,
            null
        ],
        [
            0.0,
            null
        ],
        [
            0.0,
            null
        ],
        [
            0.0,
            null
        ],
        [
            0.0,
            null
        ],
        [
            0.0,
            null
        ],
        [
            0.0,
            null
        ],
        [
            0.0,
            null
        ],
        [
            0.0,
            null
        ],
        [
            0.0,
            null
        ],
        [
            0.0,
            null
        ],
        [
            0.0,
            null
        ],
        [
            0.0,
            null
        ],
        [
            0.0,
            null
        ],
        [
            0.0,
            null
        ],
        [
            0.0,
            null
        ],
        [
            0.0,
            null
        ],
        [
            0.0,
            null
        ],
        [
            0.0,
            null
        ],
        [
            0.0,
            null
        ],
        [
            0.0,
            null
        ],
        [
            0.0,
            null
        ],
        [
            0.0,
            null
        ],
        [
            0.0,
            null
        ]
    ],
    "comp_est": [
        1.632508594306225e-06,
        0.06707259841826599,
        1.223760410335437,
        60.0167282646285,
        80.3544131194132,
        58.81298800143911,
        61.304001371771534,
        65.34702084112551,
        59.385850558569885,
        59.62955984522008,
        58.562585643570195,
        58.0001870514396,
        94.26848427781286,
        84.55564988659079,
        62.93598921847741,
        59.34803322177422,
        79.6034532887855,
        63.35525342213437,
        52.42748597050306,
        73.97625667336554,
        55.77095807521266,
        87.23680411339826,
        59.113189892525604,
        52.52614476247943,
        58.955971629051874,
        59.35552147133313,
        60.58789308292326,
        47.151106490023466
    ],
    "fit_time": 6872.873844385147,
    "init_guess": [
        6.437222058477453e-10,
        0.06437222058477453,
        0.0,
        70.0,
        70.0,
        70.0,
        70.0,
        70.0,
        70.0,
        70.0,
        70.0,
        70.0,
        70.0,
        70.0,
        70.0,
        70.0,
        70.0,
        70.0,
        70.0,
        70.0,
        70.0,
        70.0,
        70.0,
        70.0,
        70.0,
        70.0,
        70.0,
        70.0
    ],
    "model": "Competition Model",
    "model_params": [
        "C_0",
        "N_0",
        "kn",
        "rs"
    ],
    "model_species": [
        "C",
        "N"
    ],
    "obj_fun": 0.05104188763300717,
    "zone_cols": 5,
    "zone_coords": [
        9,
        15
    ],
    "zone_rows": 5
}