{
    "argv": 275,
    "bounds": [
        [
            5.848410588726615e-12,
            0.005848410588726615
        ],
        [
            0.05848410588726615,
            0.1169682117745323
        ],
        [
            0.0,
            11.0
        ],
        [
            0.0,
            null
        ],
        [
            0.0,
            null
        ],
        [
            0.0,
            null
        ],
        [
            0.0,
            null
        ],
        [
            0.0,
            null
        ],
        [
            0.0,
            null
        ],
        [
            0.0,
            null
        ],
        [
            0.0,
            null
        ],
        [
            0.0,
            null
        ],
        [
            0.0,
            null
        ],
        [
            0.0,
            null
        ],
        [
            0.0,
            null
        ],
        [
            0.0,
            null
        ],
        [
            0.0,
            null
        ],
        [
            0.0,
            null
        ],
        [
            0.0,
            null
        ],
        [
            0.0,
            null
        ],
        [
            0.0,
            null
        ],
        [
            0.0,
            null
        ],
        [
            0.0,
            null
        ],
        [
            0.0,
            null
        ],
        [
            0.0,
            null
        ],
        [
            0.0,
            null
        ],
        [
            0.0,
            null
        ],
        [
            0.0,
            null
        ]
    ],
    "comp_est": [
        0.0002079615851834257,
        0.060610293313874505,
        7.028554539460927,
        38.16078036448582,
        36.06067312489967,
        38.58338776575572,
        39.41384346006367,
        36.44180478472801,
        29.216765812470516,
        33.39215934558199,
        36.05831696101244,
        38.6085565950634,
        49.35515284856954,
        38.218427029688144,
        38.177295745269454,
        35.564204611018205,
        48.008902992423806,
        35.68819434169934,
        38.33728358962255,
        37.58250697395538,
        34.181479585157184,
        34.88510363823666,
        35.52390987329495,
        34.14723059159057,
        37.51580827371965,
        49.309118692679206,
        36.03906683125446,
        34.3219081571958
    ],
    "fit_time": 29420.21596455574,
    "init_guess": [
        5.848410588726615e-10,
        0.05848410588726615,
        0.0,
        40.0,
        40.0,
        40.0,
        40.0,
        40.0,
        40.0,
        40.0,
        40.0,
        40.0,
        40.0,
        40.0,
        40.0,
        40.0,
        40.0,
        40.0,
        40.0,
        40.0,
        40.0,
        40.0,
        40.0,
        40.0,
        40.0,
        40.0,
        40.0,
        40.0
    ],
    "model": "Competition Model",
    "model_params": [
        "C_0",
        "N_0",
        "kn",
        "rs"
    ],
    "model_species": [
        "C",
        "N"
    ],
    "obj_fun": 0.07144727267266135,
    "zone_cols": 5,
    "zone_coords": [
        7,
        13
    ],
    "zone_rows": 5
}