{
    "argv": 861,
    "bounds": [
        [
            5.848410588726615e-12,
            0.005848410588726615
        ],
        [
            0.05848410588726615,
            0.1169682117745323
        ],
        [
            0.0,
            11.0
        ],
        [
            0.0,
            null
        ],
        [
            0.0,
            null
        ],
        [
            0.0,
            null
        ],
        [
            0.0,
            null
        ],
        [
            0.0,
            null
        ],
        [
            0.0,
            null
        ],
        [
            0.0,
            null
        ],
        [
            0.0,
            null
        ],
        [
            0.0,
            null
        ],
        [
            0.0,
            null
        ],
        [
            0.0,
            null
        ],
        [
            0.0,
            null
        ],
        [
            0.0,
            null
        ],
        [
            0.0,
            null
        ],
        [
            0.0,
            null
        ],
        [
            0.0,
            null
        ],
        [
            0.0,
            null
        ],
        [
            0.0,
            null
        ],
        [
            0.0,
            null
        ],
        [
            0.0,
            null
        ],
        [
            0.0,
            null
        ],
        [
            0.0,
            null
        ],
        [
            0.0,
            null
        ],
        [
            0.0,
            null
        ],
        [
            0.0,
            null
        ]
    ],
    "comp_est": [
        0.0005991398349729232,
        0.05848410588726615,
        11.0,
        26.99880555209509,
        26.716649111780225,
        28.342140186961892,
        27.843959606508605,
        25.50216972530286,
        24.06049606190384,
        22.58708680794493,
        26.127490040272168,
        26.913268553694987,
        42.57550678623046,
        28.297577114637086,
        27.705353015585356,
        22.14333793431846,
        41.70950431997745,
        24.73905234146548,
        27.792378201143272,
        25.52605086961777,
        24.8578047976515,
        25.005436845280386,
        25.427215841293844,
        25.124050884387962,
        27.612209854600007,
        39.72271455940674,
        26.09683937988279,
        24.951662303923072
    ],
    "fit_time": 23527.959367275238,
    "init_guess": [
        5.848410588726615e-05,
        0.05848410588726615,
        3.0,
        30.0,
        30.0,
        30.0,
        30.0,
        30.0,
        30.0,
        30.0,
        30.0,
        30.0,
        30.0,
        30.0,
        30.0,
        30.0,
        30.0,
        30.0,
        30.0,
        30.0,
        30.0,
        30.0,
        30.0,
        30.0,
        30.0,
        30.0,
        30.0,
        30.0
    ],
    "model": "Competition Model",
    "model_params": [
        "C_0",
        "N_0",
        "kn",
        "rs"
    ],
    "model_species": [
        "C",
        "N"
    ],
    "obj_fun": 0.19537413798988967,
    "zone_cols": 5,
    "zone_coords": [
        7,
        13
    ],
    "zone_rows": 5
}