{
    "argv": 148,
    "bounds": [
        [
            6.437222058477453e-12,
            0.006437222058477453
        ],
        [
            0.06437222058477453,
            0.12874444116954906
        ],
        [
            0.0,
            11.0
        ],
        [
            0.0,
            null
        ],
        [
            0.0,
            null
        ],
        [
            0.0,
            null
        ],
        [
            0.0,
            null
        ],
        [
            0.0,
            null
        ],
        [
            0.0,
            null
        ],
        [
            0.0,
            null
        ],
        [
            0.0,
            null
        ],
        [
            0.0,
            null
        ],
        [
            0.0,
            null
        ],
        [
            0.0,
            null
        ],
        [
            0.0,
            null
        ],
        [
            0.0,
            null
        ],
        [
            0.0,
            null
        ],
        [
            0.0,
            null
        ],
        [
            0.0,
            null
        ],
        [
            0.0,
            null
        ],
        [
            0.0,
            null
        ],
        [
            0.0,
            null
        ],
        [
            0.0,
            null
        ],
        [
            0.0,
            null
        ],
        [
            0.0,
            null
        ],
        [
            0.0,
            null
        ],
        [
            0.0,
            null
        ],
        [
            0.0,
            null
        ]
    ],
    "comp_est": [
        1.920116345711403e-05,
        0.08213187331352992,
        4.9999993423870155,
        34.93831951965714,
        34.779802835706064,
        34.70243409109002,
        34.774375254607506,
        34.95386607317346,
        34.77978490723845,
        35.12909805074124,
        35.187910253206574,
        35.12913029339123,
        34.77417688807328,
        34.70245477961682,
        35.18791342390338,
        35.017322484098734,
        35.18797685680254,
        34.70244179637234,
        34.77436690341247,
        35.12914865282214,
        35.18795443448927,
        35.1293733607899,
        34.781979597267586,
        34.953865399677966,
        34.774170879209706,
        34.70244780660976,
        34.781978912849766,
        34.98838627397744
    ],
    "fit_time": 50200.14637351036,
    "init_guess": [
        6.437222058477453e-11,
        0.06437222058477453,
        5.0,
        35.0,
        35.0,
        35.0,
        35.0,
        35.0,
        35.0,
        35.0,
        35.0,
        35.0,
        35.0,
        35.0,
        35.0,
        35.0,
        35.0,
        35.0,
        35.0,
        35.0,
        35.0,
        35.0,
        35.0,
        35.0,
        35.0,
        35.0,
        35.0,
        35.0
    ],
    "model": "Competition Model",
    "model_params": [
        "C_0",
        "N_0",
        "kn",
        "rs"
    ],
    "model_species": [
        "C",
        "N"
    ],
    "obj_fun": 0.5852717405817995,
    "zone_cols": 5,
    "zone_coords": [
        9,
        15
    ],
    "zone_rows": 5
}