{
    "argv": 452,
    "bounds": [
        [
            5.848410588726615e-12,
            0.005848410588726615
        ],
        [
            0.05848410588726615,
            0.1169682117745323
        ],
        [
            0.0,
            11.0
        ],
        [
            0.0,
            null
        ],
        [
            0.0,
            null
        ],
        [
            0.0,
            null
        ],
        [
            0.0,
            null
        ],
        [
            0.0,
            null
        ],
        [
            0.0,
            null
        ],
        [
            0.0,
            null
        ],
        [
            0.0,
            null
        ],
        [
            0.0,
            null
        ],
        [
            0.0,
            null
        ],
        [
            0.0,
            null
        ],
        [
            0.0,
            null
        ],
        [
            0.0,
            null
        ],
        [
            0.0,
            null
        ],
        [
            0.0,
            null
        ],
        [
            0.0,
            null
        ],
        [
            0.0,
            null
        ],
        [
            0.0,
            null
        ],
        [
            0.0,
            null
        ],
        [
            0.0,
            null
        ],
        [
            0.0,
            null
        ],
        [
            0.0,
            null
        ],
        [
            0.0,
            null
        ],
        [
            0.0,
            null
        ],
        [
            0.0,
            null
        ]
    ],
    "comp_est": [
        5.656019920375248e-06,
        0.05848410588726615,
        10.1923821505383,
        65.16304314544628,
        63.70885777888163,
        65.83707203145791,
        65.45059295324042,
        61.92652555579954,
        60.580743023188305,
        61.67803447829837,
        63.402113547371684,
        63.320351373052254,
        77.17050204448934,
        65.66775445125097,
        65.41207144204633,
        62.577447579469954,
        75.50846224707699,
        61.03412397597064,
        65.50954037681052,
        65.18367535168731,
        61.190563100379116,
        62.18238011926194,
        63.12550462874085,
        61.872867015658464,
        64.49331260249824,
        75.41683997629615,
        62.9559205547421,
        62.453051207632114
    ],
    "fit_time": 54508.7515604496,
    "init_guess": [
        5.848410588726615e-09,
        0.05848410588726615,
        1.0,
        65.0,
        65.0,
        65.0,
        65.0,
        65.0,
        65.0,
        65.0,
        65.0,
        65.0,
        65.0,
        65.0,
        65.0,
        65.0,
        65.0,
        65.0,
        65.0,
        65.0,
        65.0,
        65.0,
        65.0,
        65.0,
        65.0,
        65.0,
        65.0,
        65.0
    ],
    "model": "Competition Model",
    "model_params": [
        "C_0",
        "N_0",
        "kn",
        "rs"
    ],
    "model_species": [
        "C",
        "N"
    ],
    "obj_fun": 0.11060164740029081,
    "zone_cols": 5,
    "zone_coords": [
        7,
        13
    ],
    "zone_rows": 5
}