{
    "argv": 1109,
    "bounds": [
        [
            6.437222058477453e-12,
            0.006437222058477453
        ],
        [
            0.06437222058477453,
            0.12874444116954906
        ],
        [
            0.0,
            11.0
        ],
        [
            0.0,
            null
        ],
        [
            0.0,
            null
        ],
        [
            0.0,
            null
        ],
        [
            0.0,
            null
        ],
        [
            0.0,
            null
        ],
        [
            0.0,
            null
        ],
        [
            0.0,
            null
        ],
        [
            0.0,
            null
        ],
        [
            0.0,
            null
        ],
        [
            0.0,
            null
        ],
        [
            0.0,
            null
        ],
        [
            0.0,
            null
        ],
        [
            0.0,
            null
        ],
        [
            0.0,
            null
        ],
        [
            0.0,
            null
        ],
        [
            0.0,
            null
        ],
        [
            0.0,
            null
        ],
        [
            0.0,
            null
        ],
        [
            0.0,
            null
        ],
        [
            0.0,
            null
        ],
        [
            0.0,
            null
        ],
        [
            0.0,
            null
        ],
        [
            0.0,
            null
        ],
        [
            0.0,
            null
        ],
        [
            0.0,
            null
        ]
    ],
    "comp_est": [
        0.006437222058428445,
        0.06437222058477453,
        8.999999999999767,
        30.000000145104398,
        30.00000034634221,
        29.999999812852593,
        29.999999725937794,
        30.00000024450696,
        30.00000034630144,
        29.999999792840317,
        30.000000685678177,
        30.00000007638409,
        29.99999971451455,
        29.999999813430712,
        30.000000695265143,
        29.999999843406464,
        30.0000006757327,
        29.999999812261876,
        29.999999726138782,
        30.00000007629342,
        30.000000675536576,
        30.000000212896914,
        29.99999974251848,
        30.000000244534196,
        29.99999971435687,
        29.999999812185408,
        29.99999974216616,
        29.999999802755436
    ],
    "fit_time": 22012.767020225525,
    "init_guess": [
        0.006437222058477453,
        0.06437222058477453,
        9.0,
        30.0,
        30.0,
        30.0,
        30.0,
        30.0,
        30.0,
        30.0,
        30.0,
        30.0,
        30.0,
        30.0,
        30.0,
        30.0,
        30.0,
        30.0,
        30.0,
        30.0,
        30.0,
        30.0,
        30.0,
        30.0,
        30.0,
        30.0,
        30.0,
        30.0
    ],
    "model": "Competition Model",
    "model_params": [
        "C_0",
        "N_0",
        "kn",
        "rs"
    ],
    "model_species": [
        "C",
        "N"
    ],
    "obj_fun": 0.7204251165672367,
    "zone_cols": 5,
    "zone_coords": [
        9,
        15
    ],
    "zone_rows": 5
}