{
    "argv": 14,
    "bounds": [
        [
            5.848410588726615e-12,
            0.005848410588726615
        ],
        [
            0.05848410588726615,
            0.1169682117745323
        ],
        [
            0.0,
            11.0
        ],
        [
            0.0,
            null
        ],
        [
            0.0,
            null
        ],
        [
            0.0,
            null
        ],
        [
            0.0,
            null
        ],
        [
            0.0,
            null
        ],
        [
            0.0,
            null
        ],
        [
            0.0,
            null
        ],
        [
            0.0,
            null
        ],
        [
            0.0,
            null
        ],
        [
            0.0,
            null
        ],
        [
            0.0,
            null
        ],
        [
            0.0,
            null
        ],
        [
            0.0,
            null
        ],
        [
            0.0,
            null
        ],
        [
            0.0,
            null
        ],
        [
            0.0,
            null
        ],
        [
            0.0,
            null
        ],
        [
            0.0,
            null
        ],
        [
            0.0,
            null
        ],
        [
            0.0,
            null
        ],
        [
            0.0,
            null
        ],
        [
            0.0,
            null
        ],
        [
            0.0,
            null
        ],
        [
            0.0,
            null
        ],
        [
            0.0,
            null
        ]
    ],
    "comp_est": [
        0.000233581270425561,
        0.06676080740876734,
        1.8448465790468196,
        29.06717698095563,
        27.8467283566269,
        32.10632149960339,
        34.02646083660663,
        32.94826520744826,
        22.03510713719022,
        24.79682271688682,
        29.59951643824944,
        34.86470684846382,
        48.143482996583344,
        30.267744195212977,
        30.6473199804874,
        29.758323981506138,
        43.83513115012325,
        31.86334600702104,
        30.84879424258494,
        31.47163936878416,
        28.922587384335614,
        29.62184461085387,
        29.78212547313408,
        27.17411711395567,
        32.69252029648308,
        45.23058095368426,
        31.07697313054322,
        27.993510166600284
    ],
    "fit_time": 31423.222372293472,
    "init_guess": [
        5.848410588726615e-12,
        0.05848410588726615,
        3.0,
        30.0,
        30.0,
        30.0,
        30.0,
        30.0,
        30.0,
        30.0,
        30.0,
        30.0,
        30.0,
        30.0,
        30.0,
        30.0,
        30.0,
        30.0,
        30.0,
        30.0,
        30.0,
        30.0,
        30.0,
        30.0,
        30.0,
        30.0,
        30.0,
        30.0
    ],
    "model": "Competition Model",
    "model_params": [
        "C_0",
        "N_0",
        "kn",
        "rs"
    ],
    "model_species": [
        "C",
        "N"
    ],
    "obj_fun": 0.056212963720417626,
    "zone_cols": 5,
    "zone_coords": [
        7,
        13
    ],
    "zone_rows": 5
}