{
    "argv": 168,
    "bounds": [
        [
            6.437222058477453e-12,
            0.006437222058477453
        ],
        [
            0.06437222058477453,
            0.12874444116954906
        ],
        [
            0.0,
            11.0
        ],
        [
            0.0,
            null
        ],
        [
            0.0,
            null
        ],
        [
            0.0,
            null
        ],
        [
            0.0,
            null
        ],
        [
            0.0,
            null
        ],
        [
            0.0,
            null
        ],
        [
            0.0,
            null
        ],
        [
            0.0,
            null
        ],
        [
            0.0,
            null
        ],
        [
            0.0,
            null
        ],
        [
            0.0,
            null
        ],
        [
            0.0,
            null
        ],
        [
            0.0,
            null
        ],
        [
            0.0,
            null
        ],
        [
            0.0,
            null
        ],
        [
            0.0,
            null
        ],
        [
            0.0,
            null
        ],
        [
            0.0,
            null
        ],
        [
            0.0,
            null
        ],
        [
            0.0,
            null
        ],
        [
            0.0,
            null
        ],
        [
            0.0,
            null
        ],
        [
            0.0,
            null
        ],
        [
            0.0,
            null
        ],
        [
            0.0,
            null
        ]
    ],
    "comp_est": [
        4.5671261577385935e-05,
        0.06715195373621291,
        3.0000002737338582,
        44.78244882609682,
        44.98967784633282,
        44.92409475354856,
        45.01232693972168,
        44.78313644142911,
        44.98966412288689,
        44.7429256037625,
        44.721247376796235,
        44.74318840233235,
        44.98968440540932,
        44.92410885157853,
        44.72124705694824,
        44.94539254086573,
        44.721492255479035,
        44.920070563812075,
        45.01232328652029,
        44.743201404743736,
        44.721480786161685,
        44.743188203833064,
        45.01232744949823,
        44.783136851570845,
        44.989670091923784,
        44.92007342792187,
        45.01232914719167,
        44.78285740401701
    ],
    "fit_time": 15535.821266889572,
    "init_guess": [
        6.437222058477453e-11,
        0.06437222058477453,
        3.0,
        45.0,
        45.0,
        45.0,
        45.0,
        45.0,
        45.0,
        45.0,
        45.0,
        45.0,
        45.0,
        45.0,
        45.0,
        45.0,
        45.0,
        45.0,
        45.0,
        45.0,
        45.0,
        45.0,
        45.0,
        45.0,
        45.0,
        45.0,
        45.0,
        45.0
    ],
    "model": "Competition Model",
    "model_params": [
        "C_0",
        "N_0",
        "kn",
        "rs"
    ],
    "model_species": [
        "C",
        "N"
    ],
    "obj_fun": 0.570267219023625,
    "zone_cols": 5,
    "zone_coords": [
        9,
        15
    ],
    "zone_rows": 5
}