{
    "argv": 638,
    "bounds": [
        [
            6.437222058477453e-12,
            0.006437222058477453
        ],
        [
            0.06437222058477453,
            0.12874444116954906
        ],
        [
            0.0,
            11.0
        ],
        [
            0.0,
            null
        ],
        [
            0.0,
            null
        ],
        [
            0.0,
            null
        ],
        [
            0.0,
            null
        ],
        [
            0.0,
            null
        ],
        [
            0.0,
            null
        ],
        [
            0.0,
            null
        ],
        [
            0.0,
            null
        ],
        [
            0.0,
            null
        ],
        [
            0.0,
            null
        ],
        [
            0.0,
            null
        ],
        [
            0.0,
            null
        ],
        [
            0.0,
            null
        ],
        [
            0.0,
            null
        ],
        [
            0.0,
            null
        ],
        [
            0.0,
            null
        ],
        [
            0.0,
            null
        ],
        [
            0.0,
            null
        ],
        [
            0.0,
            null
        ],
        [
            0.0,
            null
        ],
        [
            0.0,
            null
        ],
        [
            0.0,
            null
        ],
        [
            0.0,
            null
        ],
        [
            0.0,
            null
        ],
        [
            0.0,
            null
        ]
    ],
    "comp_est": [
        4.365567338979446e-05,
        0.07173802828364348,
        1.1601789089282109,
        36.633507199764736,
        52.17297863310342,
        36.20293526794713,
        38.50970460820343,
        40.98445264427832,
        35.9521421640541,
        36.39266802789286,
        36.20555195343896,
        34.985906645940815,
        61.79530749540594,
        54.50580628131798,
        38.58052847263599,
        36.32496392709438,
        51.366137190571386,
        39.24501628133948,
        30.50873844667689,
        47.7909685765704,
        33.03952465965165,
        57.03698305208435,
        36.148043351467294,
        31.78925528037175,
        36.571803487038835,
        36.86789395531067,
        37.30109783174715,
        26.73877485548286
    ],
    "fit_time": 52704.06384277344,
    "init_guess": [
        6.437222058477454e-07,
        0.06437222058477453,
        0.0,
        40.0,
        40.0,
        40.0,
        40.0,
        40.0,
        40.0,
        40.0,
        40.0,
        40.0,
        40.0,
        40.0,
        40.0,
        40.0,
        40.0,
        40.0,
        40.0,
        40.0,
        40.0,
        40.0,
        40.0,
        40.0,
        40.0,
        40.0,
        40.0,
        40.0
    ],
    "model": "Competition Model",
    "model_params": [
        "C_0",
        "N_0",
        "kn",
        "rs"
    ],
    "model_species": [
        "C",
        "N"
    ],
    "obj_fun": 0.05674583032825177,
    "zone_cols": 5,
    "zone_coords": [
        9,
        15
    ],
    "zone_rows": 5
}