{
    "argv": 689,
    "bounds": [
        [
            6.437222058477453e-12,
            0.006437222058477453
        ],
        [
            0.06437222058477453,
            0.12874444116954906
        ],
        [
            0.0,
            11.0
        ],
        [
            0.0,
            null
        ],
        [
            0.0,
            null
        ],
        [
            0.0,
            null
        ],
        [
            0.0,
            null
        ],
        [
            0.0,
            null
        ],
        [
            0.0,
            null
        ],
        [
            0.0,
            null
        ],
        [
            0.0,
            null
        ],
        [
            0.0,
            null
        ],
        [
            0.0,
            null
        ],
        [
            0.0,
            null
        ],
        [
            0.0,
            null
        ],
        [
            0.0,
            null
        ],
        [
            0.0,
            null
        ],
        [
            0.0,
            null
        ],
        [
            0.0,
            null
        ],
        [
            0.0,
            null
        ],
        [
            0.0,
            null
        ],
        [
            0.0,
            null
        ],
        [
            0.0,
            null
        ],
        [
            0.0,
            null
        ],
        [
            0.0,
            null
        ],
        [
            0.0,
            null
        ],
        [
            0.0,
            null
        ],
        [
            0.0,
            null
        ]
    ],
    "comp_est": [
        6.437222058484266e-07,
        0.06437222058477464,
        7.0,
        59.9999999999999,
        59.9999999999999,
        59.9999999999999,
        59.9999999999999,
        59.9999999999999,
        59.9999999999999,
        59.9999999999999,
        59.9999999999999,
        59.9999999999999,
        59.9999999999999,
        59.9999999999999,
        59.9999999999999,
        60.00000000000467,
        59.9999999999999,
        59.9999999999999,
        59.9999999999999,
        59.9999999999999,
        59.9999999999999,
        59.9999999999999,
        59.9999999999999,
        59.9999999999999,
        59.9999999999999,
        59.9999999999999,
        59.9999999999999,
        59.9999999999999
    ],
    "fit_time": 43220.65665984154,
    "init_guess": [
        6.437222058477454e-07,
        0.06437222058477453,
        7.0,
        60.0,
        60.0,
        60.0,
        60.0,
        60.0,
        60.0,
        60.0,
        60.0,
        60.0,
        60.0,
        60.0,
        60.0,
        60.0,
        60.0,
        60.0,
        60.0,
        60.0,
        60.0,
        60.0,
        60.0,
        60.0,
        60.0,
        60.0,
        60.0,
        60.0
    ],
    "model": "Competition Model",
    "model_params": [
        "C_0",
        "N_0",
        "kn",
        "rs"
    ],
    "model_species": [
        "C",
        "N"
    ],
    "obj_fun": 0.6010114710782963,
    "zone_cols": 5,
    "zone_coords": [
        9,
        15
    ],
    "zone_rows": 5
}