{
    "argv": 587,
    "bounds": [
        [
            6.437222058477453e-12,
            0.006437222058477453
        ],
        [
            0.06437222058477453,
            0.12874444116954906
        ],
        [
            0.0,
            11.0
        ],
        [
            0.0,
            null
        ],
        [
            0.0,
            null
        ],
        [
            0.0,
            null
        ],
        [
            0.0,
            null
        ],
        [
            0.0,
            null
        ],
        [
            0.0,
            null
        ],
        [
            0.0,
            null
        ],
        [
            0.0,
            null
        ],
        [
            0.0,
            null
        ],
        [
            0.0,
            null
        ],
        [
            0.0,
            null
        ],
        [
            0.0,
            null
        ],
        [
            0.0,
            null
        ],
        [
            0.0,
            null
        ],
        [
            0.0,
            null
        ],
        [
            0.0,
            null
        ],
        [
            0.0,
            null
        ],
        [
            0.0,
            null
        ],
        [
            0.0,
            null
        ],
        [
            0.0,
            null
        ],
        [
            0.0,
            null
        ],
        [
            0.0,
            null
        ],
        [
            0.0,
            null
        ],
        [
            0.0,
            null
        ],
        [
            0.0,
            null
        ]
    ],
    "comp_est": [
        2.816926249977824e-06,
        0.06437222058477453,
        3.9980282341771414,
        66.58343743343036,
        78.05820712378863,
        64.69483674953356,
        65.76525898539352,
        64.25223403868345,
        63.38780400382147,
        64.3002657715163,
        63.124760619808846,
        62.00482798937772,
        81.56043490714761,
        79.98296420425748,
        62.20305406864654,
        64.3359459718974,
        72.24822616131925,
        62.77788205323192,
        61.40651405018128,
        76.57379082267776,
        59.717732176324006,
        83.36402452999282,
        64.12229548718037,
        64.84291769961214,
        66.03897287923986,
        66.67278358807255,
        65.87425826226436,
        63.041670281214124
    ],
    "fit_time": 32589.497881889343,
    "init_guess": [
        6.437222058477452e-08,
        0.06437222058477453,
        4.0,
        70.0,
        70.0,
        70.0,
        70.0,
        70.0,
        70.0,
        70.0,
        70.0,
        70.0,
        70.0,
        70.0,
        70.0,
        70.0,
        70.0,
        70.0,
        70.0,
        70.0,
        70.0,
        70.0,
        70.0,
        70.0,
        70.0,
        70.0,
        70.0,
        70.0
    ],
    "model": "Competition Model",
    "model_params": [
        "C_0",
        "N_0",
        "kn",
        "rs"
    ],
    "model_species": [
        "C",
        "N"
    ],
    "obj_fun": 0.15467311529285946,
    "zone_cols": 5,
    "zone_coords": [
        9,
        15
    ],
    "zone_rows": 5
}