{
    "argv": 285,
    "bounds": [
        [
            6.437222058477453e-12,
            0.006437222058477453
        ],
        [
            0.06437222058477453,
            0.12874444116954906
        ],
        [
            0.0,
            11.0
        ],
        [
            0.0,
            null
        ],
        [
            0.0,
            null
        ],
        [
            0.0,
            null
        ],
        [
            0.0,
            null
        ],
        [
            0.0,
            null
        ],
        [
            0.0,
            null
        ],
        [
            0.0,
            null
        ],
        [
            0.0,
            null
        ],
        [
            0.0,
            null
        ],
        [
            0.0,
            null
        ],
        [
            0.0,
            null
        ],
        [
            0.0,
            null
        ],
        [
            0.0,
            null
        ],
        [
            0.0,
            null
        ],
        [
            0.0,
            null
        ],
        [
            0.0,
            null
        ],
        [
            0.0,
            null
        ],
        [
            0.0,
            null
        ],
        [
            0.0,
            null
        ],
        [
            0.0,
            null
        ],
        [
            0.0,
            null
        ],
        [
            0.0,
            null
        ],
        [
            0.0,
            null
        ],
        [
            0.0,
            null
        ],
        [
            0.0,
            null
        ]
    ],
    "comp_est": [
        7.599202127954627e-10,
        0.064373238701754,
        10.00000000000004,
        40.000002686888664,
        40.00000009655499,
        39.99999981923907,
        40.00000009555059,
        40.00000268685932,
        40.00000009655497,
        40.00000014194216,
        40.000004087630465,
        40.00000014149019,
        40.00000009649425,
        39.999999819239086,
        40.00000408763048,
        40.00000617482357,
        40.00000408751615,
        39.99999981919966,
        40.0000000955506,
        40.000000141490204,
        40.00000408751614,
        40.000000142190146,
        40.00000009639778,
        40.000002686859304,
        40.000000096494226,
        39.99999981919965,
        40.00000009639778,
        40.00000268688584
    ],
    "fit_time": 66599.72013163567,
    "init_guess": [
        6.437222058477453e-10,
        0.06437222058477453,
        10.0,
        40.0,
        40.0,
        40.0,
        40.0,
        40.0,
        40.0,
        40.0,
        40.0,
        40.0,
        40.0,
        40.0,
        40.0,
        40.0,
        40.0,
        40.0,
        40.0,
        40.0,
        40.0,
        40.0,
        40.0,
        40.0,
        40.0,
        40.0,
        40.0,
        40.0
    ],
    "model": "Competition Model",
    "model_params": [
        "C_0",
        "N_0",
        "kn",
        "rs"
    ],
    "model_species": [
        "C",
        "N"
    ],
    "obj_fun": 0.8273456012533982,
    "zone_cols": 5,
    "zone_coords": [
        9,
        15
    ],
    "zone_rows": 5
}