{
    "argv": 6,
    "bounds": [
        [
            6.437222058477453e-12,
            0.006437222058477453
        ],
        [
            0.06437222058477453,
            0.12874444116954906
        ],
        [
            0.0,
            11.0
        ],
        [
            0.0,
            null
        ],
        [
            0.0,
            null
        ],
        [
            0.0,
            null
        ],
        [
            0.0,
            null
        ],
        [
            0.0,
            null
        ],
        [
            0.0,
            null
        ],
        [
            0.0,
            null
        ],
        [
            0.0,
            null
        ],
        [
            0.0,
            null
        ],
        [
            0.0,
            null
        ],
        [
            0.0,
            null
        ],
        [
            0.0,
            null
        ],
        [
            0.0,
            null
        ],
        [
            0.0,
            null
        ],
        [
            0.0,
            null
        ],
        [
            0.0,
            null
        ],
        [
            0.0,
            null
        ],
        [
            0.0,
            null
        ],
        [
            0.0,
            null
        ],
        [
            0.0,
            null
        ],
        [
            0.0,
            null
        ],
        [
            0.0,
            null
        ],
        [
            0.0,
            null
        ],
        [
            0.0,
            null
        ],
        [
            0.0,
            null
        ]
    ],
    "comp_est": [
        0.0002329976015732334,
        0.08468712994846286,
        5.999994499579006,
        24.99970507545903,
        25.000743329221354,
        24.999866557490474,
        25.001120053733036,
        24.999997710684763,
        25.000605734636014,
        24.999560484041012,
        25.00172331784112,
        24.999304970993244,
        25.000903008283093,
        25.000066792436908,
        25.002208355564086,
        24.99836010197681,
        25.001855465140054,
        24.999471802258164,
        25.001882298250305,
        24.998827395723747,
        25.002622352892264,
        25.00098994862819,
        24.999726912121734,
        24.999777917511132,
        25.00177523384851,
        24.99780867450737,
        24.999621925350834,
        24.99981890335955
    ],
    "fit_time": 33329.54899311066,
    "init_guess": [
        6.437222058477453e-12,
        0.06437222058477453,
        6.0,
        25.0,
        25.0,
        25.0,
        25.0,
        25.0,
        25.0,
        25.0,
        25.0,
        25.0,
        25.0,
        25.0,
        25.0,
        25.0,
        25.0,
        25.0,
        25.0,
        25.0,
        25.0,
        25.0,
        25.0,
        25.0,
        25.0,
        25.0,
        25.0,
        25.0
    ],
    "model": "Competition Model",
    "model_params": [
        "C_0",
        "N_0",
        "kn",
        "rs"
    ],
    "model_species": [
        "C",
        "N"
    ],
    "obj_fun": 0.5769190875865168,
    "zone_cols": 5,
    "zone_coords": [
        9,
        15
    ],
    "zone_rows": 5
}