{
    "argv": 474,
    "bounds": [
        [
            5.848410588726615e-12,
            0.005848410588726615
        ],
        [
            0.05848410588726615,
            0.1169682117745323
        ],
        [
            0.0,
            11.0
        ],
        [
            0.0,
            null
        ],
        [
            0.0,
            null
        ],
        [
            0.0,
            null
        ],
        [
            0.0,
            null
        ],
        [
            0.0,
            null
        ],
        [
            0.0,
            null
        ],
        [
            0.0,
            null
        ],
        [
            0.0,
            null
        ],
        [
            0.0,
            null
        ],
        [
            0.0,
            null
        ],
        [
            0.0,
            null
        ],
        [
            0.0,
            null
        ],
        [
            0.0,
            null
        ],
        [
            0.0,
            null
        ],
        [
            0.0,
            null
        ],
        [
            0.0,
            null
        ],
        [
            0.0,
            null
        ],
        [
            0.0,
            null
        ],
        [
            0.0,
            null
        ],
        [
            0.0,
            null
        ],
        [
            0.0,
            null
        ],
        [
            0.0,
            null
        ],
        [
            0.0,
            null
        ],
        [
            0.0,
            null
        ],
        [
            0.0,
            null
        ]
    ],
    "comp_est": [
        1.3289807197546582e-06,
        0.05848410588726615,
        8.350913424610978,
        75.8456705279102,
        74.22501669066246,
        75.59979192522741,
        74.59819014272844,
        71.30917914324313,
        72.01734855787456,
        72.75024942956941,
        73.41461587860671,
        71.9668639164724,
        85.43760410591013,
        75.71635886048206,
        75.27124896899551,
        72.14031674512914,
        84.83699630469583,
        69.86026474626303,
        75.31523768938266,
        74.54998192717238,
        70.77566115487252,
        71.75625364809167,
        73.46687771448903,
        72.63373898255611,
        73.19438672748116,
        85.85994151410148,
        72.19186738201438,
        73.21291976402681
    ],
    "fit_time": 34589.02377319336,
    "init_guess": [
        5.848410588726615e-09,
        0.05848410588726615,
        1.0,
        75.0,
        75.0,
        75.0,
        75.0,
        75.0,
        75.0,
        75.0,
        75.0,
        75.0,
        75.0,
        75.0,
        75.0,
        75.0,
        75.0,
        75.0,
        75.0,
        75.0,
        75.0,
        75.0,
        75.0,
        75.0,
        75.0,
        75.0,
        75.0,
        75.0
    ],
    "model": "Competition Model",
    "model_params": [
        "C_0",
        "N_0",
        "kn",
        "rs"
    ],
    "model_species": [
        "C",
        "N"
    ],
    "obj_fun": 0.1435952461557459,
    "zone_cols": 5,
    "zone_coords": [
        7,
        13
    ],
    "zone_rows": 5
}