{
    "argv": 154,
    "bounds": [
        [
            5.848410588726615e-12,
            0.005848410588726615
        ],
        [
            0.05848410588726615,
            0.1169682117745323
        ],
        [
            0.0,
            11.0
        ],
        [
            0.0,
            null
        ],
        [
            0.0,
            null
        ],
        [
            0.0,
            null
        ],
        [
            0.0,
            null
        ],
        [
            0.0,
            null
        ],
        [
            0.0,
            null
        ],
        [
            0.0,
            null
        ],
        [
            0.0,
            null
        ],
        [
            0.0,
            null
        ],
        [
            0.0,
            null
        ],
        [
            0.0,
            null
        ],
        [
            0.0,
            null
        ],
        [
            0.0,
            null
        ],
        [
            0.0,
            null
        ],
        [
            0.0,
            null
        ],
        [
            0.0,
            null
        ],
        [
            0.0,
            null
        ],
        [
            0.0,
            null
        ],
        [
            0.0,
            null
        ],
        [
            0.0,
            null
        ],
        [
            0.0,
            null
        ],
        [
            0.0,
            null
        ],
        [
            0.0,
            null
        ],
        [
            0.0,
            null
        ],
        [
            0.0,
            null
        ]
    ],
    "comp_est": [
        0.00016306772884024331,
        0.06035802297937607,
        8.591104605050516,
        39.149478752059615,
        37.88596752565163,
        40.28334467953719,
        40.52782776931238,
        38.67849768822585,
        35.20107232719739,
        36.23763530056725,
        38.16565986683642,
        40.37570110027079,
        52.25563687861828,
        39.53580404878707,
        39.52776819270129,
        38.01198806243989,
        49.9574475244308,
        38.24573013342919,
        39.63269814913919,
        39.54759569192341,
        37.35713579533868,
        37.718639373474005,
        37.980017912568194,
        36.933817418684704,
        39.88072639246433,
        50.53874941256554,
        38.64028120714346,
        37.2023728168525
    ],
    "fit_time": 24155.108075618744,
    "init_guess": [
        5.848410588726616e-11,
        0.05848410588726615,
        0.0,
        40.0,
        40.0,
        40.0,
        40.0,
        40.0,
        40.0,
        40.0,
        40.0,
        40.0,
        40.0,
        40.0,
        40.0,
        40.0,
        40.0,
        40.0,
        40.0,
        40.0,
        40.0,
        40.0,
        40.0,
        40.0,
        40.0,
        40.0,
        40.0,
        40.0
    ],
    "model": "Competition Model",
    "model_params": [
        "C_0",
        "N_0",
        "kn",
        "rs"
    ],
    "model_species": [
        "C",
        "N"
    ],
    "obj_fun": 0.07771215115033679,
    "zone_cols": 5,
    "zone_coords": [
        7,
        13
    ],
    "zone_rows": 5
}