{
    "argv": 1166,
    "bounds": [
        [
            6.437222058477453e-12,
            0.006437222058477453
        ],
        [
            0.06437222058477453,
            0.12874444116954906
        ],
        [
            0.0,
            11.0
        ],
        [
            0.0,
            null
        ],
        [
            0.0,
            null
        ],
        [
            0.0,
            null
        ],
        [
            0.0,
            null
        ],
        [
            0.0,
            null
        ],
        [
            0.0,
            null
        ],
        [
            0.0,
            null
        ],
        [
            0.0,
            null
        ],
        [
            0.0,
            null
        ],
        [
            0.0,
            null
        ],
        [
            0.0,
            null
        ],
        [
            0.0,
            null
        ],
        [
            0.0,
            null
        ],
        [
            0.0,
            null
        ],
        [
            0.0,
            null
        ],
        [
            0.0,
            null
        ],
        [
            0.0,
            null
        ],
        [
            0.0,
            null
        ],
        [
            0.0,
            null
        ],
        [
            0.0,
            null
        ],
        [
            0.0,
            null
        ],
        [
            0.0,
            null
        ],
        [
            0.0,
            null
        ],
        [
            0.0,
            null
        ],
        [
            0.0,
            null
        ]
    ],
    "comp_est": [
        1.0647719577059491e-05,
        0.06437222058477453,
        2.251531869687372,
        52.07314586565212,
        68.80647866044843,
        52.21433378584373,
        53.929841547036595,
        52.34260014351919,
        50.93135353555684,
        51.719765118343744,
        52.77335260442018,
        47.91620648010575,
        74.87845667347483,
        71.96920939547955,
        51.774938676458476,
        51.61885424766713,
        67.70047630682977,
        49.054641858931994,
        47.7192393324591,
        65.28928885446852,
        47.66753345269117,
        73.00031315758989,
        51.57510282608043,
        52.28729038478711,
        54.928673829698155,
        54.88880821367598,
        54.032819045951214,
        49.8308581073469
    ],
    "fit_time": 1636.9610562324524,
    "init_guess": [
        0.006437222058477453,
        0.06437222058477453,
        0.0,
        60.0,
        60.0,
        60.0,
        60.0,
        60.0,
        60.0,
        60.0,
        60.0,
        60.0,
        60.0,
        60.0,
        60.0,
        60.0,
        60.0,
        60.0,
        60.0,
        60.0,
        60.0,
        60.0,
        60.0,
        60.0,
        60.0,
        60.0,
        60.0,
        60.0
    ],
    "model": "Competition Model",
    "model_params": [
        "C_0",
        "N_0",
        "kn",
        "rs"
    ],
    "model_species": [
        "C",
        "N"
    ],
    "obj_fun": 0.09561495136704148,
    "zone_cols": 5,
    "zone_coords": [
        9,
        15
    ],
    "zone_rows": 5
}