{
    "argv": 128,
    "bounds": [
        [
            5.848410588726615e-12,
            0.005848410588726615
        ],
        [
            0.05848410588726615,
            0.1169682117745323
        ],
        [
            0.0,
            11.0
        ],
        [
            0.0,
            null
        ],
        [
            0.0,
            null
        ],
        [
            0.0,
            null
        ],
        [
            0.0,
            null
        ],
        [
            0.0,
            null
        ],
        [
            0.0,
            null
        ],
        [
            0.0,
            null
        ],
        [
            0.0,
            null
        ],
        [
            0.0,
            null
        ],
        [
            0.0,
            null
        ],
        [
            0.0,
            null
        ],
        [
            0.0,
            null
        ],
        [
            0.0,
            null
        ],
        [
            0.0,
            null
        ],
        [
            0.0,
            null
        ],
        [
            0.0,
            null
        ],
        [
            0.0,
            null
        ],
        [
            0.0,
            null
        ],
        [
            0.0,
            null
        ],
        [
            0.0,
            null
        ],
        [
            0.0,
            null
        ],
        [
            0.0,
            null
        ],
        [
            0.0,
            null
        ],
        [
            0.0,
            null
        ],
        [
            0.0,
            null
        ]
    ],
    "comp_est": [
        3.1118992652281895e-05,
        0.0957034310573382,
        6.999897328228903,
        24.952304340721685,
        24.9202901996094,
        24.93348203290852,
        24.922797238706103,
        24.952000010613734,
        24.9204627675142,
        25.49783112159011,
        25.038396718974944,
        25.519533832522285,
        24.922162233355532,
        24.932892267408572,
        25.03995788176887,
        25.03978607574596,
        25.040470932178483,
        24.932517726160906,
        24.920541186549574,
        25.517604218180356,
        25.04002595723035,
        25.498264750630927,
        24.920295415497286,
        24.95254038728401,
        24.920408070770616,
        24.934412663777145,
        24.920072247825175,
        24.952445232261525
    ],
    "fit_time": 46831.59793639183,
    "init_guess": [
        5.848410588726616e-11,
        0.05848410588726615,
        7.0,
        25.0,
        25.0,
        25.0,
        25.0,
        25.0,
        25.0,
        25.0,
        25.0,
        25.0,
        25.0,
        25.0,
        25.0,
        25.0,
        25.0,
        25.0,
        25.0,
        25.0,
        25.0,
        25.0,
        25.0,
        25.0,
        25.0,
        25.0,
        25.0,
        25.0
    ],
    "model": "Competition Model",
    "model_params": [
        "C_0",
        "N_0",
        "kn",
        "rs"
    ],
    "model_species": [
        "C",
        "N"
    ],
    "obj_fun": 0.45587318551346434,
    "zone_cols": 5,
    "zone_coords": [
        7,
        13
    ],
    "zone_rows": 5
}