{
    "argv": 707,
    "bounds": [
        [
            6.437222058477453e-12,
            0.006437222058477453
        ],
        [
            0.06437222058477453,
            0.12874444116954906
        ],
        [
            0.0,
            11.0
        ],
        [
            0.0,
            null
        ],
        [
            0.0,
            null
        ],
        [
            0.0,
            null
        ],
        [
            0.0,
            null
        ],
        [
            0.0,
            null
        ],
        [
            0.0,
            null
        ],
        [
            0.0,
            null
        ],
        [
            0.0,
            null
        ],
        [
            0.0,
            null
        ],
        [
            0.0,
            null
        ],
        [
            0.0,
            null
        ],
        [
            0.0,
            null
        ],
        [
            0.0,
            null
        ],
        [
            0.0,
            null
        ],
        [
            0.0,
            null
        ],
        [
            0.0,
            null
        ],
        [
            0.0,
            null
        ],
        [
            0.0,
            null
        ],
        [
            0.0,
            null
        ],
        [
            0.0,
            null
        ],
        [
            0.0,
            null
        ],
        [
            0.0,
            null
        ],
        [
            0.0,
            null
        ],
        [
            0.0,
            null
        ],
        [
            0.0,
            null
        ]
    ],
    "comp_est": [
        1.4605427456172854e-06,
        0.06437222058477453,
        3.1577862645367962,
        66.13181533065803,
        82.32853582248781,
        66.2455212382474,
        67.93869231001815,
        66.48259940977854,
        65.11753226690325,
        65.97074181873322,
        66.83523069888014,
        63.34336440812038,
        86.79325434188091,
        84.59723172855726,
        66.2314113901108,
        65.83930952077395,
        80.07367094911741,
        64.21943503249219,
        62.911456187525786,
        80.35925459594779,
        63.228486711852945,
        85.46279945325642,
        65.8100739703199,
        66.70574384080244,
        68.62839653428637,
        68.88650281597909,
        67.86793628413838,
        64.48494386324249
    ],
    "fit_time": 34230.406609773636,
    "init_guess": [
        6.437222058477454e-07,
        0.06437222058477453,
        3.0,
        70.0,
        70.0,
        70.0,
        70.0,
        70.0,
        70.0,
        70.0,
        70.0,
        70.0,
        70.0,
        70.0,
        70.0,
        70.0,
        70.0,
        70.0,
        70.0,
        70.0,
        70.0,
        70.0,
        70.0,
        70.0,
        70.0,
        70.0,
        70.0,
        70.0
    ],
    "model": "Competition Model",
    "model_params": [
        "C_0",
        "N_0",
        "kn",
        "rs"
    ],
    "model_species": [
        "C",
        "N"
    ],
    "obj_fun": 0.11183919028106988,
    "zone_cols": 5,
    "zone_coords": [
        9,
        15
    ],
    "zone_rows": 5
}