{
    "argv": 1096,
    "bounds": [
        [
            6.437222058477453e-12,
            0.006437222058477453
        ],
        [
            0.06437222058477453,
            0.12874444116954906
        ],
        [
            0.0,
            11.0
        ],
        [
            0.0,
            null
        ],
        [
            0.0,
            null
        ],
        [
            0.0,
            null
        ],
        [
            0.0,
            null
        ],
        [
            0.0,
            null
        ],
        [
            0.0,
            null
        ],
        [
            0.0,
            null
        ],
        [
            0.0,
            null
        ],
        [
            0.0,
            null
        ],
        [
            0.0,
            null
        ],
        [
            0.0,
            null
        ],
        [
            0.0,
            null
        ],
        [
            0.0,
            null
        ],
        [
            0.0,
            null
        ],
        [
            0.0,
            null
        ],
        [
            0.0,
            null
        ],
        [
            0.0,
            null
        ],
        [
            0.0,
            null
        ],
        [
            0.0,
            null
        ],
        [
            0.0,
            null
        ],
        [
            0.0,
            null
        ],
        [
            0.0,
            null
        ],
        [
            0.0,
            null
        ],
        [
            0.0,
            null
        ],
        [
            0.0,
            null
        ]
    ],
    "comp_est": [
        0.006437222057811926,
        0.06437222058477453,
        7.0000000000019895,
        25.000000371716744,
        25.000000475797926,
        25.00000018840069,
        25.000000637267025,
        25.00000037713795,
        25.000000476212794,
        25.000000414885804,
        24.99999994839621,
        25.000000539188157,
        25.000000269541424,
        25.00000019587007,
        24.99999994167353,
        24.999999928553986,
        25.000000018704565,
        25.00000044025242,
        25.000000639528828,
        25.000000538283764,
        25.000000007037176,
        25.000000222316256,
        25.000000407752307,
        25.000000391466415,
        25.000000271233382,
        25.00000041702576,
        25.00000040023078,
        25.000000247378484
    ],
    "fit_time": 22446.468732118607,
    "init_guess": [
        0.006437222058477453,
        0.06437222058477453,
        7.0,
        25.0,
        25.0,
        25.0,
        25.0,
        25.0,
        25.0,
        25.0,
        25.0,
        25.0,
        25.0,
        25.0,
        25.0,
        25.0,
        25.0,
        25.0,
        25.0,
        25.0,
        25.0,
        25.0,
        25.0,
        25.0,
        25.0,
        25.0,
        25.0,
        25.0
    ],
    "model": "Competition Model",
    "model_params": [
        "C_0",
        "N_0",
        "kn",
        "rs"
    ],
    "model_species": [
        "C",
        "N"
    ],
    "obj_fun": 0.6772740620125106,
    "zone_cols": 5,
    "zone_coords": [
        9,
        15
    ],
    "zone_rows": 5
}