{
    "argv": 278,
    "bounds": [
        [
            6.437222058477453e-12,
            0.006437222058477453
        ],
        [
            0.06437222058477453,
            0.12874444116954906
        ],
        [
            0.0,
            11.0
        ],
        [
            0.0,
            null
        ],
        [
            0.0,
            null
        ],
        [
            0.0,
            null
        ],
        [
            0.0,
            null
        ],
        [
            0.0,
            null
        ],
        [
            0.0,
            null
        ],
        [
            0.0,
            null
        ],
        [
            0.0,
            null
        ],
        [
            0.0,
            null
        ],
        [
            0.0,
            null
        ],
        [
            0.0,
            null
        ],
        [
            0.0,
            null
        ],
        [
            0.0,
            null
        ],
        [
            0.0,
            null
        ],
        [
            0.0,
            null
        ],
        [
            0.0,
            null
        ],
        [
            0.0,
            null
        ],
        [
            0.0,
            null
        ],
        [
            0.0,
            null
        ],
        [
            0.0,
            null
        ],
        [
            0.0,
            null
        ],
        [
            0.0,
            null
        ],
        [
            0.0,
            null
        ],
        [
            0.0,
            null
        ],
        [
            0.0,
            null
        ]
    ],
    "comp_est": [
        2.426682000553912e-07,
        0.06437485506642138,
        3.0,
        39.996178394929636,
        39.996178494585926,
        39.99617859208146,
        39.99617849652346,
        39.99617845642592,
        39.996178494581805,
        39.99617824571326,
        39.996178242744016,
        39.996178281972625,
        39.99617850548854,
        39.99617859199452,
        39.9961782427434,
        39.99617822674604,
        39.996178243548385,
        39.99617859366571,
        39.9961784965234,
        39.9961782819751,
        39.99617824354406,
        39.99617827226553,
        39.99617850434164,
        39.99617845642272,
        39.99617850548497,
        39.99617859366554,
        39.99617850434328,
        39.99617849552739
    ],
    "fit_time": 17357.40195417404,
    "init_guess": [
        6.437222058477453e-10,
        0.06437222058477453,
        3.0,
        40.0,
        40.0,
        40.0,
        40.0,
        40.0,
        40.0,
        40.0,
        40.0,
        40.0,
        40.0,
        40.0,
        40.0,
        40.0,
        40.0,
        40.0,
        40.0,
        40.0,
        40.0,
        40.0,
        40.0,
        40.0,
        40.0,
        40.0,
        40.0,
        40.0
    ],
    "model": "Competition Model",
    "model_params": [
        "C_0",
        "N_0",
        "kn",
        "rs"
    ],
    "model_species": [
        "C",
        "N"
    ],
    "obj_fun": 0.8053714322201475,
    "zone_cols": 5,
    "zone_coords": [
        9,
        15
    ],
    "zone_rows": 5
}