{
    "argv": 522,
    "bounds": [
        [
            6.437222058477453e-12,
            0.006437222058477453
        ],
        [
            0.06437222058477453,
            0.12874444116954906
        ],
        [
            0.0,
            11.0
        ],
        [
            0.0,
            null
        ],
        [
            0.0,
            null
        ],
        [
            0.0,
            null
        ],
        [
            0.0,
            null
        ],
        [
            0.0,
            null
        ],
        [
            0.0,
            null
        ],
        [
            0.0,
            null
        ],
        [
            0.0,
            null
        ],
        [
            0.0,
            null
        ],
        [
            0.0,
            null
        ],
        [
            0.0,
            null
        ],
        [
            0.0,
            null
        ],
        [
            0.0,
            null
        ],
        [
            0.0,
            null
        ],
        [
            0.0,
            null
        ],
        [
            0.0,
            null
        ],
        [
            0.0,
            null
        ],
        [
            0.0,
            null
        ],
        [
            0.0,
            null
        ],
        [
            0.0,
            null
        ],
        [
            0.0,
            null
        ],
        [
            0.0,
            null
        ],
        [
            0.0,
            null
        ],
        [
            0.0,
            null
        ],
        [
            0.0,
            null
        ]
    ],
    "comp_est": [
        6.437223102454257e-08,
        0.06437222058831298,
        5.0,
        39.99999999941709,
        40.00000000179131,
        39.99999999942882,
        39.999999999424894,
        39.999999999418584,
        40.00000000179131,
        40.00000000193518,
        40.00000000148426,
        40.00000000249523,
        39.99999999942176,
        39.99999999942882,
        40.00000000148426,
        40.00000000221366,
        40.00000000137251,
        39.999999999433896,
        39.999999999424894,
        40.000000002495234,
        40.0000000013725,
        40.000000001991815,
        39.99999999942404,
        39.999999999418584,
        39.99999999942176,
        39.999999999433896,
        39.99999999942404,
        39.999999999436014
    ],
    "fit_time": 40274.94276070595,
    "init_guess": [
        6.437222058477452e-08,
        0.06437222058477453,
        5.0,
        40.0,
        40.0,
        40.0,
        40.0,
        40.0,
        40.0,
        40.0,
        40.0,
        40.0,
        40.0,
        40.0,
        40.0,
        40.0,
        40.0,
        40.0,
        40.0,
        40.0,
        40.0,
        40.0,
        40.0,
        40.0,
        40.0,
        40.0,
        40.0,
        40.0
    ],
    "model": "Competition Model",
    "model_params": [
        "C_0",
        "N_0",
        "kn",
        "rs"
    ],
    "model_species": [
        "C",
        "N"
    ],
    "obj_fun": 0.8209285218341223,
    "zone_cols": 5,
    "zone_coords": [
        9,
        15
    ],
    "zone_rows": 5
}