{
    "argv": 273,
    "bounds": [
        [
            6.437222058477453e-12,
            0.006437222058477453
        ],
        [
            0.06437222058477453,
            0.12874444116954906
        ],
        [
            0.0,
            11.0
        ],
        [
            0.0,
            null
        ],
        [
            0.0,
            null
        ],
        [
            0.0,
            null
        ],
        [
            0.0,
            null
        ],
        [
            0.0,
            null
        ],
        [
            0.0,
            null
        ],
        [
            0.0,
            null
        ],
        [
            0.0,
            null
        ],
        [
            0.0,
            null
        ],
        [
            0.0,
            null
        ],
        [
            0.0,
            null
        ],
        [
            0.0,
            null
        ],
        [
            0.0,
            null
        ],
        [
            0.0,
            null
        ],
        [
            0.0,
            null
        ],
        [
            0.0,
            null
        ],
        [
            0.0,
            null
        ],
        [
            0.0,
            null
        ],
        [
            0.0,
            null
        ],
        [
            0.0,
            null
        ],
        [
            0.0,
            null
        ],
        [
            0.0,
            null
        ],
        [
            0.0,
            null
        ],
        [
            0.0,
            null
        ],
        [
            0.0,
            null
        ]
    ],
    "comp_est": [
        6.440123815596403e-10,
        0.06437222074555932,
        9.0,
        35.00000030425435,
        35.00000037858433,
        35.00000038438161,
        35.00000037858332,
        35.00000030425247,
        35.00000037858433,
        35.0000003766658,
        35.0000003841162,
        35.00000037670076,
        35.000000378595416,
        35.00000038438161,
        35.0000003841162,
        35.00000039268703,
        35.000000384115964,
        35.00000038438203,
        35.00000037858332,
        35.00000037670076,
        35.000000384115964,
        35.00000037669144,
        35.0000003785866,
        35.00000030425247,
        35.000000378595416,
        35.00000038438203,
        35.0000003785866,
        35.000000304251465
    ],
    "fit_time": 41992.70869016647,
    "init_guess": [
        6.437222058477453e-10,
        0.06437222058477453,
        9.0,
        35.0,
        35.0,
        35.0,
        35.0,
        35.0,
        35.0,
        35.0,
        35.0,
        35.0,
        35.0,
        35.0,
        35.0,
        35.0,
        35.0,
        35.0,
        35.0,
        35.0,
        35.0,
        35.0,
        35.0,
        35.0,
        35.0,
        35.0,
        35.0,
        35.0
    ],
    "model": "Competition Model",
    "model_params": [
        "C_0",
        "N_0",
        "kn",
        "rs"
    ],
    "model_species": [
        "C",
        "N"
    ],
    "obj_fun": 0.8275818224929139,
    "zone_cols": 5,
    "zone_coords": [
        9,
        15
    ],
    "zone_rows": 5
}