{
    "argv": 894,
    "bounds": [
        [
            5.848410588726615e-12,
            0.005848410588726615
        ],
        [
            0.05848410588726615,
            0.1169682117745323
        ],
        [
            0.0,
            11.0
        ],
        [
            0.0,
            null
        ],
        [
            0.0,
            null
        ],
        [
            0.0,
            null
        ],
        [
            0.0,
            null
        ],
        [
            0.0,
            null
        ],
        [
            0.0,
            null
        ],
        [
            0.0,
            null
        ],
        [
            0.0,
            null
        ],
        [
            0.0,
            null
        ],
        [
            0.0,
            null
        ],
        [
            0.0,
            null
        ],
        [
            0.0,
            null
        ],
        [
            0.0,
            null
        ],
        [
            0.0,
            null
        ],
        [
            0.0,
            null
        ],
        [
            0.0,
            null
        ],
        [
            0.0,
            null
        ],
        [
            0.0,
            null
        ],
        [
            0.0,
            null
        ],
        [
            0.0,
            null
        ],
        [
            0.0,
            null
        ],
        [
            0.0,
            null
        ],
        [
            0.0,
            null
        ],
        [
            0.0,
            null
        ],
        [
            0.0,
            null
        ]
    ],
    "comp_est": [
        0.00011933599662518823,
        0.060391273920588205,
        4.905849535161528,
        39.804125038491456,
        38.27937242783045,
        42.69052315135819,
        44.22241448434332,
        41.68497089040414,
        33.70520740290449,
        35.56307572685547,
        39.56668216594663,
        44.4860803636189,
        55.99231235108884,
        40.75583703747941,
        41.25414372182024,
        39.19833318815901,
        53.150820790437905,
        40.57368492011376,
        41.10361721941657,
        41.42893573508144,
        37.71659490297194,
        38.62712508309054,
        39.25674655344378,
        38.02307353316343,
        42.198160011005754,
        53.62283048394448,
        39.71161441846384,
        37.91422372992572
    ],
    "fit_time": 27098.6583070755,
    "init_guess": [
        5.848410588726615e-05,
        0.05848410588726615,
        3.0,
        45.0,
        45.0,
        45.0,
        45.0,
        45.0,
        45.0,
        45.0,
        45.0,
        45.0,
        45.0,
        45.0,
        45.0,
        45.0,
        45.0,
        45.0,
        45.0,
        45.0,
        45.0,
        45.0,
        45.0,
        45.0,
        45.0,
        45.0,
        45.0,
        45.0
    ],
    "model": "Competition Model",
    "model_params": [
        "C_0",
        "N_0",
        "kn",
        "rs"
    ],
    "model_species": [
        "C",
        "N"
    ],
    "obj_fun": 0.058961918447294946,
    "zone_cols": 5,
    "zone_coords": [
        7,
        13
    ],
    "zone_rows": 5
}