{
    "argv": 72,
    "bounds": [
        [
            6.437222058477453e-12,
            0.006437222058477453
        ],
        [
            0.06437222058477453,
            0.12874444116954906
        ],
        [
            0.0,
            11.0
        ],
        [
            0.0,
            null
        ],
        [
            0.0,
            null
        ],
        [
            0.0,
            null
        ],
        [
            0.0,
            null
        ],
        [
            0.0,
            null
        ],
        [
            0.0,
            null
        ],
        [
            0.0,
            null
        ],
        [
            0.0,
            null
        ],
        [
            0.0,
            null
        ],
        [
            0.0,
            null
        ],
        [
            0.0,
            null
        ],
        [
            0.0,
            null
        ],
        [
            0.0,
            null
        ],
        [
            0.0,
            null
        ],
        [
            0.0,
            null
        ],
        [
            0.0,
            null
        ],
        [
            0.0,
            null
        ],
        [
            0.0,
            null
        ],
        [
            0.0,
            null
        ],
        [
            0.0,
            null
        ],
        [
            0.0,
            null
        ],
        [
            0.0,
            null
        ],
        [
            0.0,
            null
        ],
        [
            0.0,
            null
        ],
        [
            0.0,
            null
        ]
    ],
    "comp_est": [
        3.917841128334441e-06,
        0.06438537751109201,
        6.0,
        54.966525792295315,
        54.966525792295315,
        54.966525792295315,
        54.966525792295315,
        54.966525792295315,
        54.966525792295315,
        54.966525792295315,
        54.966525792295315,
        54.966525792295315,
        54.966525792295315,
        54.966525792295315,
        54.966525792295315,
        54.966525792295315,
        54.966525792295315,
        54.966525792295315,
        54.966525792295315,
        54.966525792295315,
        54.966525792295315,
        54.966525792295315,
        54.966525792295315,
        54.966525792295315,
        54.966525792295315,
        54.966525792295315,
        54.966525792295315,
        54.966525792295315
    ],
    "fit_time": 26856.921128749847,
    "init_guess": [
        6.437222058477453e-12,
        0.06437222058477453,
        6.0,
        55.0,
        55.0,
        55.0,
        55.0,
        55.0,
        55.0,
        55.0,
        55.0,
        55.0,
        55.0,
        55.0,
        55.0,
        55.0,
        55.0,
        55.0,
        55.0,
        55.0,
        55.0,
        55.0,
        55.0,
        55.0,
        55.0,
        55.0,
        55.0,
        55.0
    ],
    "model": "Competition Model",
    "model_params": [
        "C_0",
        "N_0",
        "kn",
        "rs"
    ],
    "model_species": [
        "C",
        "N"
    ],
    "obj_fun": 0.5813005721754504,
    "zone_cols": 5,
    "zone_coords": [
        9,
        15
    ],
    "zone_rows": 5
}