{
    "argv": 269,
    "bounds": [
        [
            6.437222058477453e-12,
            0.006437222058477453
        ],
        [
            0.06437222058477453,
            0.12874444116954906
        ],
        [
            0.0,
            11.0
        ],
        [
            0.0,
            null
        ],
        [
            0.0,
            null
        ],
        [
            0.0,
            null
        ],
        [
            0.0,
            null
        ],
        [
            0.0,
            null
        ],
        [
            0.0,
            null
        ],
        [
            0.0,
            null
        ],
        [
            0.0,
            null
        ],
        [
            0.0,
            null
        ],
        [
            0.0,
            null
        ],
        [
            0.0,
            null
        ],
        [
            0.0,
            null
        ],
        [
            0.0,
            null
        ],
        [
            0.0,
            null
        ],
        [
            0.0,
            null
        ],
        [
            0.0,
            null
        ],
        [
            0.0,
            null
        ],
        [
            0.0,
            null
        ],
        [
            0.0,
            null
        ],
        [
            0.0,
            null
        ],
        [
            0.0,
            null
        ],
        [
            0.0,
            null
        ],
        [
            0.0,
            null
        ],
        [
            0.0,
            null
        ],
        [
            0.0,
            null
        ]
    ],
    "comp_est": [
        6.983953101912835e-10,
        0.06437432107942323,
        5.000000000100931,
        35.000000252338516,
        35.000000852078635,
        35.000001660027245,
        35.00000094086058,
        35.00000025166846,
        35.00000085207862,
        35.00000174630271,
        35.000000716764696,
        35.00000174605475,
        35.00000093871413,
        35.00000166002727,
        35.00000071676468,
        35.000003360306714,
        35.00000071676189,
        35.000001659568476,
        35.00000094086056,
        35.00000174605477,
        35.00000071676186,
        35.00000174641535,
        35.000000932136665,
        35.000000251668475,
        35.00000093871412,
        35.00000165956848,
        35.00000093213668,
        35.00000025103014
    ],
    "fit_time": 44945.2936398983,
    "init_guess": [
        6.437222058477453e-10,
        0.06437222058477453,
        5.0,
        35.0,
        35.0,
        35.0,
        35.0,
        35.0,
        35.0,
        35.0,
        35.0,
        35.0,
        35.0,
        35.0,
        35.0,
        35.0,
        35.0,
        35.0,
        35.0,
        35.0,
        35.0,
        35.0,
        35.0,
        35.0,
        35.0,
        35.0,
        35.0,
        35.0
    ],
    "model": "Competition Model",
    "model_params": [
        "C_0",
        "N_0",
        "kn",
        "rs"
    ],
    "model_species": [
        "C",
        "N"
    ],
    "obj_fun": 0.8275857452673562,
    "zone_cols": 5,
    "zone_coords": [
        9,
        15
    ],
    "zone_rows": 5
}