{
    "argv": 1184,
    "bounds": [
        [
            6.437222058477453e-12,
            0.006437222058477453
        ],
        [
            0.06437222058477453,
            0.12874444116954906
        ],
        [
            0.0,
            11.0
        ],
        [
            0.0,
            null
        ],
        [
            0.0,
            null
        ],
        [
            0.0,
            null
        ],
        [
            0.0,
            null
        ],
        [
            0.0,
            null
        ],
        [
            0.0,
            null
        ],
        [
            0.0,
            null
        ],
        [
            0.0,
            null
        ],
        [
            0.0,
            null
        ],
        [
            0.0,
            null
        ],
        [
            0.0,
            null
        ],
        [
            0.0,
            null
        ],
        [
            0.0,
            null
        ],
        [
            0.0,
            null
        ],
        [
            0.0,
            null
        ],
        [
            0.0,
            null
        ],
        [
            0.0,
            null
        ],
        [
            0.0,
            null
        ],
        [
            0.0,
            null
        ],
        [
            0.0,
            null
        ],
        [
            0.0,
            null
        ],
        [
            0.0,
            null
        ],
        [
            0.0,
            null
        ],
        [
            0.0,
            null
        ],
        [
            0.0,
            null
        ]
    ],
    "comp_est": [
        0.00643722205840955,
        0.06437222058477453,
        6.999999999999977,
        64.99999954747912,
        64.99999999822002,
        65.00000023333752,
        64.99999913809184,
        65.00000031193738,
        65.00000000563462,
        65.00000007378111,
        64.99999988653488,
        65.00000043459636,
        64.99999965802571,
        65.00000024251437,
        64.99999989267533,
        64.99999965518535,
        64.99999990308837,
        64.9999997382839,
        64.99999912202448,
        65.00000045565135,
        64.99999990196456,
        64.99999971375257,
        64.9999994073501,
        65.0000003010091,
        64.99999964763624,
        64.99999974320605,
        64.99999941468283,
        65.00000019352592
    ],
    "fit_time": 37349.59439635277,
    "init_guess": [
        0.006437222058477453,
        0.06437222058477453,
        7.0,
        65.0,
        65.0,
        65.0,
        65.0,
        65.0,
        65.0,
        65.0,
        65.0,
        65.0,
        65.0,
        65.0,
        65.0,
        65.0,
        65.0,
        65.0,
        65.0,
        65.0,
        65.0,
        65.0,
        65.0,
        65.0,
        65.0,
        65.0,
        65.0,
        65.0
    ],
    "model": "Competition Model",
    "model_params": [
        "C_0",
        "N_0",
        "kn",
        "rs"
    ],
    "model_species": [
        "C",
        "N"
    ],
    "obj_fun": 0.8866949675717846,
    "zone_cols": 5,
    "zone_coords": [
        9,
        15
    ],
    "zone_rows": 5
}