{
    "argv": 131,
    "bounds": [
        [
            6.437222058477453e-12,
            0.006437222058477453
        ],
        [
            0.06437222058477453,
            0.12874444116954906
        ],
        [
            0.0,
            11.0
        ],
        [
            0.0,
            null
        ],
        [
            0.0,
            null
        ],
        [
            0.0,
            null
        ],
        [
            0.0,
            null
        ],
        [
            0.0,
            null
        ],
        [
            0.0,
            null
        ],
        [
            0.0,
            null
        ],
        [
            0.0,
            null
        ],
        [
            0.0,
            null
        ],
        [
            0.0,
            null
        ],
        [
            0.0,
            null
        ],
        [
            0.0,
            null
        ],
        [
            0.0,
            null
        ],
        [
            0.0,
            null
        ],
        [
            0.0,
            null
        ],
        [
            0.0,
            null
        ],
        [
            0.0,
            null
        ],
        [
            0.0,
            null
        ],
        [
            0.0,
            null
        ],
        [
            0.0,
            null
        ],
        [
            0.0,
            null
        ],
        [
            0.0,
            null
        ],
        [
            0.0,
            null
        ],
        [
            0.0,
            null
        ],
        [
            0.0,
            null
        ]
    ],
    "comp_est": [
        1.0866708184798496e-06,
        0.064779447820797,
        9.999999985457745,
        25.0005722084765,
        25.000857279575644,
        25.000807707661377,
        25.000857087473555,
        25.0005721811445,
        25.00085728337825,
        25.001590386286683,
        25.001598047467866,
        25.00159040329408,
        25.000856038113053,
        25.00080771619833,
        25.001598046459062,
        25.001633994135968,
        25.00159807724376,
        25.000807732343365,
        25.000857081963662,
        25.001590400577687,
        25.001598073207674,
        25.001590402094198,
        25.00085603402357,
        25.000572183938626,
        25.000856037880112,
        25.000807739638763,
        25.000856032859737,
        25.00057216774652
    ],
    "fit_time": 55032.7615134716,
    "init_guess": [
        6.437222058477453e-11,
        0.06437222058477453,
        10.0,
        25.0,
        25.0,
        25.0,
        25.0,
        25.0,
        25.0,
        25.0,
        25.0,
        25.0,
        25.0,
        25.0,
        25.0,
        25.0,
        25.0,
        25.0,
        25.0,
        25.0,
        25.0,
        25.0,
        25.0,
        25.0,
        25.0,
        25.0,
        25.0,
        25.0
    ],
    "model": "Competition Model",
    "model_params": [
        "C_0",
        "N_0",
        "kn",
        "rs"
    ],
    "model_species": [
        "C",
        "N"
    ],
    "obj_fun": 0.824865273443787,
    "zone_cols": 5,
    "zone_coords": [
        9,
        15
    ],
    "zone_rows": 5
}