{
    "argv": 186,
    "bounds": [
        [
            6.437222058477453e-12,
            0.006437222058477453
        ],
        [
            0.06437222058477453,
            0.12874444116954906
        ],
        [
            0.0,
            11.0
        ],
        [
            0.0,
            null
        ],
        [
            0.0,
            null
        ],
        [
            0.0,
            null
        ],
        [
            0.0,
            null
        ],
        [
            0.0,
            null
        ],
        [
            0.0,
            null
        ],
        [
            0.0,
            null
        ],
        [
            0.0,
            null
        ],
        [
            0.0,
            null
        ],
        [
            0.0,
            null
        ],
        [
            0.0,
            null
        ],
        [
            0.0,
            null
        ],
        [
            0.0,
            null
        ],
        [
            0.0,
            null
        ],
        [
            0.0,
            null
        ],
        [
            0.0,
            null
        ],
        [
            0.0,
            null
        ],
        [
            0.0,
            null
        ],
        [
            0.0,
            null
        ],
        [
            0.0,
            null
        ],
        [
            0.0,
            null
        ],
        [
            0.0,
            null
        ],
        [
            0.0,
            null
        ],
        [
            0.0,
            null
        ],
        [
            0.0,
            null
        ]
    ],
    "comp_est": [
        1.52099211388656e-07,
        0.06850219680387425,
        10.007251571519095,
        49.59598786016139,
        49.59992314182937,
        49.587621065575725,
        49.59870558127429,
        49.58748779127585,
        49.60016313211865,
        55.914868535789466,
        55.92727080166322,
        55.873614734870564,
        49.5844038388196,
        49.58762982175655,
        55.92745438144057,
        56.07739595392452,
        55.94170673263186,
        49.586915067950684,
        49.59903016205576,
        55.87361779365198,
        55.941521845149154,
        55.85274050160624,
        49.590912336691126,
        49.58748542797687,
        49.5844096708836,
        49.58691442317924,
        49.59091172245366,
        49.58436459108613
    ],
    "fit_time": 8133.450679302216,
    "init_guess": [
        6.437222058477453e-11,
        0.06437222058477453,
        10.0,
        50.0,
        50.0,
        50.0,
        50.0,
        50.0,
        50.0,
        50.0,
        50.0,
        50.0,
        50.0,
        50.0,
        50.0,
        50.0,
        50.0,
        50.0,
        50.0,
        50.0,
        50.0,
        50.0,
        50.0,
        50.0,
        50.0,
        50.0,
        50.0,
        50.0
    ],
    "model": "Competition Model",
    "model_params": [
        "C_0",
        "N_0",
        "kn",
        "rs"
    ],
    "model_species": [
        "C",
        "N"
    ],
    "obj_fun": 0.7023982210082733,
    "zone_cols": 5,
    "zone_coords": [
        9,
        15
    ],
    "zone_rows": 5
}