{
    "argv": 208,
    "bounds": [
        [
            6.437222058477453e-12,
            0.006437222058477453
        ],
        [
            0.06437222058477453,
            0.12874444116954906
        ],
        [
            0.0,
            11.0
        ],
        [
            0.0,
            null
        ],
        [
            0.0,
            null
        ],
        [
            0.0,
            null
        ],
        [
            0.0,
            null
        ],
        [
            0.0,
            null
        ],
        [
            0.0,
            null
        ],
        [
            0.0,
            null
        ],
        [
            0.0,
            null
        ],
        [
            0.0,
            null
        ],
        [
            0.0,
            null
        ],
        [
            0.0,
            null
        ],
        [
            0.0,
            null
        ],
        [
            0.0,
            null
        ],
        [
            0.0,
            null
        ],
        [
            0.0,
            null
        ],
        [
            0.0,
            null
        ],
        [
            0.0,
            null
        ],
        [
            0.0,
            null
        ],
        [
            0.0,
            null
        ],
        [
            0.0,
            null
        ],
        [
            0.0,
            null
        ],
        [
            0.0,
            null
        ],
        [
            0.0,
            null
        ],
        [
            0.0,
            null
        ],
        [
            0.0,
            null
        ]
    ],
    "comp_est": [
        1.0455030786614002e-07,
        0.06437327034722037,
        10.000000000010786,
        60.0331606091269,
        59.99902610379711,
        60.00331467450749,
        59.9990261038089,
        60.004618217145335,
        59.99902610381192,
        60.008141896165654,
        59.9990261038163,
        60.00534294226367,
        59.99902610381477,
        60.00331467521342,
        59.99902610382256,
        59.99902610376527,
        59.999026103822715,
        60.00331191887795,
        59.99902610380902,
        60.005342942835945,
        59.999026103822075,
        60.00541221430005,
        59.99902610380868,
        60.00461821611073,
        59.99902610381445,
        60.003311918581524,
        59.99902610380147,
        60.00363509752814
    ],
    "fit_time": 76918.42306160927,
    "init_guess": [
        6.437222058477453e-11,
        0.06437222058477453,
        10.0,
        60.0,
        60.0,
        60.0,
        60.0,
        60.0,
        60.0,
        60.0,
        60.0,
        60.0,
        60.0,
        60.0,
        60.0,
        60.0,
        60.0,
        60.0,
        60.0,
        60.0,
        60.0,
        60.0,
        60.0,
        60.0,
        60.0,
        60.0,
        60.0,
        60.0
    ],
    "model": "Competition Model",
    "model_params": [
        "C_0",
        "N_0",
        "kn",
        "rs"
    ],
    "model_species": [
        "C",
        "N"
    ],
    "obj_fun": 0.6615059049894179,
    "zone_cols": 5,
    "zone_coords": [
        9,
        15
    ],
    "zone_rows": 5
}