{
    "argv": 57,
    "bounds": [
        [
            6.437222058477453e-12,
            0.006437222058477453
        ],
        [
            0.06437222058477453,
            0.12874444116954906
        ],
        [
            0.0,
            11.0
        ],
        [
            0.0,
            null
        ],
        [
            0.0,
            null
        ],
        [
            0.0,
            null
        ],
        [
            0.0,
            null
        ],
        [
            0.0,
            null
        ],
        [
            0.0,
            null
        ],
        [
            0.0,
            null
        ],
        [
            0.0,
            null
        ],
        [
            0.0,
            null
        ],
        [
            0.0,
            null
        ],
        [
            0.0,
            null
        ],
        [
            0.0,
            null
        ],
        [
            0.0,
            null
        ],
        [
            0.0,
            null
        ],
        [
            0.0,
            null
        ],
        [
            0.0,
            null
        ],
        [
            0.0,
            null
        ],
        [
            0.0,
            null
        ],
        [
            0.0,
            null
        ],
        [
            0.0,
            null
        ],
        [
            0.0,
            null
        ],
        [
            0.0,
            null
        ],
        [
            0.0,
            null
        ],
        [
            0.0,
            null
        ],
        [
            0.0,
            null
        ]
    ],
    "comp_est": [
        2.4059994839734004e-05,
        0.0651009799651316,
        2.2053419677801345,
        46.05401664584863,
        62.181835905753395,
        46.04355115786044,
        47.3984887521369,
        46.456891718695054,
        44.956635584616336,
        45.70043660722046,
        46.33462256251679,
        42.75691094928066,
        67.94109145084319,
        64.99990775796827,
        46.33443205973089,
        45.386529927644276,
        60.90114615796371,
        43.84204850805232,
        42.2942660369476,
        59.12475420069537,
        42.56534352886645,
        66.19118792851533,
        45.54552150303876,
        45.78205173636275,
        48.52909139863683,
        48.47656440303127,
        48.61971142181285,
        43.37165340065089
    ],
    "fit_time": 30861.09447646141,
    "init_guess": [
        6.437222058477453e-12,
        0.06437222058477453,
        2.0,
        50.0,
        50.0,
        50.0,
        50.0,
        50.0,
        50.0,
        50.0,
        50.0,
        50.0,
        50.0,
        50.0,
        50.0,
        50.0,
        50.0,
        50.0,
        50.0,
        50.0,
        50.0,
        50.0,
        50.0,
        50.0,
        50.0,
        50.0,
        50.0,
        50.0
    ],
    "model": "Competition Model",
    "model_params": [
        "C_0",
        "N_0",
        "kn",
        "rs"
    ],
    "model_species": [
        "C",
        "N"
    ],
    "obj_fun": 0.08762403450248843,
    "zone_cols": 5,
    "zone_coords": [
        9,
        15
    ],
    "zone_rows": 5
}