{
    "argv": 103,
    "bounds": [
        [
            5.848410588726615e-12,
            0.005848410588726615
        ],
        [
            0.05848410588726615,
            0.1169682117745323
        ],
        [
            0.0,
            11.0
        ],
        [
            0.0,
            null
        ],
        [
            0.0,
            null
        ],
        [
            0.0,
            null
        ],
        [
            0.0,
            null
        ],
        [
            0.0,
            null
        ],
        [
            0.0,
            null
        ],
        [
            0.0,
            null
        ],
        [
            0.0,
            null
        ],
        [
            0.0,
            null
        ],
        [
            0.0,
            null
        ],
        [
            0.0,
            null
        ],
        [
            0.0,
            null
        ],
        [
            0.0,
            null
        ],
        [
            0.0,
            null
        ],
        [
            0.0,
            null
        ],
        [
            0.0,
            null
        ],
        [
            0.0,
            null
        ],
        [
            0.0,
            null
        ],
        [
            0.0,
            null
        ],
        [
            0.0,
            null
        ],
        [
            0.0,
            null
        ],
        [
            0.0,
            null
        ],
        [
            0.0,
            null
        ],
        [
            0.0,
            null
        ],
        [
            0.0,
            null
        ]
    ],
    "comp_est": [
        2.0275478289616456e-07,
        0.05848613337722589,
        4.0,
        69.9975732850424,
        69.99757328504242,
        69.99757328504256,
        69.99757328504242,
        69.99757328504228,
        69.99757328504242,
        69.9975732850427,
        69.99757328504302,
        69.9975732850427,
        69.99757328504242,
        69.99757328504255,
        69.99757328504302,
        69.9975732850436,
        69.99757328504295,
        69.99757328504255,
        69.99757328504242,
        69.9975732850427,
        69.99757328504295,
        69.99757328504336,
        69.99757328504242,
        69.99757328504228,
        69.99757328504242,
        69.99757328504255,
        69.99757328504242,
        69.9975732850424
    ],
    "fit_time": 2908.3588542938232,
    "init_guess": [
        5.848410588726615e-12,
        0.05848410588726615,
        4.0,
        70.0,
        70.0,
        70.0,
        70.0,
        70.0,
        70.0,
        70.0,
        70.0,
        70.0,
        70.0,
        70.0,
        70.0,
        70.0,
        70.0,
        70.0,
        70.0,
        70.0,
        70.0,
        70.0,
        70.0,
        70.0,
        70.0,
        70.0,
        70.0,
        70.0
    ],
    "model": "Competition Model",
    "model_params": [
        "C_0",
        "N_0",
        "kn",
        "rs"
    ],
    "model_species": [
        "C",
        "N"
    ],
    "obj_fun": 0.4491372228848589,
    "zone_cols": 5,
    "zone_coords": [
        7,
        13
    ],
    "zone_rows": 5
}