{
    "argv": 1086,
    "bounds": [
        [
            6.437222058477453e-12,
            0.006437222058477453
        ],
        [
            0.06437222058477453,
            0.12874444116954906
        ],
        [
            0.0,
            11.0
        ],
        [
            0.0,
            null
        ],
        [
            0.0,
            null
        ],
        [
            0.0,
            null
        ],
        [
            0.0,
            null
        ],
        [
            0.0,
            null
        ],
        [
            0.0,
            null
        ],
        [
            0.0,
            null
        ],
        [
            0.0,
            null
        ],
        [
            0.0,
            null
        ],
        [
            0.0,
            null
        ],
        [
            0.0,
            null
        ],
        [
            0.0,
            null
        ],
        [
            0.0,
            null
        ],
        [
            0.0,
            null
        ],
        [
            0.0,
            null
        ],
        [
            0.0,
            null
        ],
        [
            0.0,
            null
        ],
        [
            0.0,
            null
        ],
        [
            0.0,
            null
        ],
        [
            0.0,
            null
        ],
        [
            0.0,
            null
        ],
        [
            0.0,
            null
        ],
        [
            0.0,
            null
        ],
        [
            0.0,
            null
        ],
        [
            0.0,
            null
        ]
    ],
    "comp_est": [
        0.0006437222058477252,
        0.06437222058477453,
        8.0,
        74.99999999983781,
        75.00000000011956,
        75.00000000005636,
        75.00000000011225,
        74.99999999985528,
        75.0000000001195,
        74.99999999979833,
        74.99999999983696,
        74.999999999796,
        75.00000000010586,
        75.00000000005643,
        74.99999999983696,
        74.99999999980457,
        74.99999999984043,
        75.00000000012889,
        75.00000000011224,
        74.99999999979607,
        74.99999999984038,
        74.99999999979669,
        75.00000000025791,
        74.9999999998553,
        75.00000000010581,
        75.00000000012892,
        75.00000000025788,
        74.9999999998457
    ],
    "fit_time": 56365.16879749298,
    "init_guess": [
        0.0006437222058477453,
        0.06437222058477453,
        8.0,
        75.0,
        75.0,
        75.0,
        75.0,
        75.0,
        75.0,
        75.0,
        75.0,
        75.0,
        75.0,
        75.0,
        75.0,
        75.0,
        75.0,
        75.0,
        75.0,
        75.0,
        75.0,
        75.0,
        75.0,
        75.0,
        75.0,
        75.0,
        75.0,
        75.0
    ],
    "model": "Competition Model",
    "model_params": [
        "C_0",
        "N_0",
        "kn",
        "rs"
    ],
    "model_species": [
        "C",
        "N"
    ],
    "obj_fun": 0.7470509349996127,
    "zone_cols": 5,
    "zone_coords": [
        9,
        15
    ],
    "zone_rows": 5
}