{
    "argv": 186,
    "bounds": [
        [
            5.848410588726615e-12,
            0.005848410588726615
        ],
        [
            0.05848410588726615,
            0.1169682117745323
        ],
        [
            0.0,
            11.0
        ],
        [
            0.0,
            null
        ],
        [
            0.0,
            null
        ],
        [
            0.0,
            null
        ],
        [
            0.0,
            null
        ],
        [
            0.0,
            null
        ],
        [
            0.0,
            null
        ],
        [
            0.0,
            null
        ],
        [
            0.0,
            null
        ],
        [
            0.0,
            null
        ],
        [
            0.0,
            null
        ],
        [
            0.0,
            null
        ],
        [
            0.0,
            null
        ],
        [
            0.0,
            null
        ],
        [
            0.0,
            null
        ],
        [
            0.0,
            null
        ],
        [
            0.0,
            null
        ],
        [
            0.0,
            null
        ],
        [
            0.0,
            null
        ],
        [
            0.0,
            null
        ],
        [
            0.0,
            null
        ],
        [
            0.0,
            null
        ],
        [
            0.0,
            null
        ],
        [
            0.0,
            null
        ],
        [
            0.0,
            null
        ],
        [
            0.0,
            null
        ]
    ],
    "comp_est": [
        0.0004741851894725692,
        0.05848410588726615,
        9.996615957597651,
        49.99465258269237,
        49.87121193874375,
        49.94828021079864,
        49.99566472312691,
        49.969283704769396,
        49.87087112601379,
        49.99490232474458,
        49.9954500195355,
        49.996221134533464,
        49.999088401497794,
        49.948335213028464,
        49.99557677862494,
        49.90821320496376,
        49.998818390975664,
        49.999620369774156,
        49.99575407718405,
        49.996194454343204,
        49.996135519910055,
        49.99744016544484,
        49.877882431941906,
        49.96924651161106,
        49.99740733524992,
        50.001851048208586,
        49.87786416930169,
        49.996257119580164
    ],
    "fit_time": 46653.29824137688,
    "init_guess": [
        5.848410588726616e-11,
        0.05848410588726615,
        10.0,
        50.0,
        50.0,
        50.0,
        50.0,
        50.0,
        50.0,
        50.0,
        50.0,
        50.0,
        50.0,
        50.0,
        50.0,
        50.0,
        50.0,
        50.0,
        50.0,
        50.0,
        50.0,
        50.0,
        50.0,
        50.0,
        50.0,
        50.0,
        50.0,
        50.0
    ],
    "model": "Competition Model",
    "model_params": [
        "C_0",
        "N_0",
        "kn",
        "rs"
    ],
    "model_species": [
        "C",
        "N"
    ],
    "obj_fun": 0.45837506549973006,
    "zone_cols": 5,
    "zone_coords": [
        7,
        13
    ],
    "zone_rows": 5
}