{
    "argv": 169,
    "bounds": [
        [
            5.848410588726615e-12,
            0.005848410588726615
        ],
        [
            0.05848410588726615,
            0.1169682117745323
        ],
        [
            0.0,
            11.0
        ],
        [
            0.0,
            null
        ],
        [
            0.0,
            null
        ],
        [
            0.0,
            null
        ],
        [
            0.0,
            null
        ],
        [
            0.0,
            null
        ],
        [
            0.0,
            null
        ],
        [
            0.0,
            null
        ],
        [
            0.0,
            null
        ],
        [
            0.0,
            null
        ],
        [
            0.0,
            null
        ],
        [
            0.0,
            null
        ],
        [
            0.0,
            null
        ],
        [
            0.0,
            null
        ],
        [
            0.0,
            null
        ],
        [
            0.0,
            null
        ],
        [
            0.0,
            null
        ],
        [
            0.0,
            null
        ],
        [
            0.0,
            null
        ],
        [
            0.0,
            null
        ],
        [
            0.0,
            null
        ],
        [
            0.0,
            null
        ],
        [
            0.0,
            null
        ],
        [
            0.0,
            null
        ],
        [
            0.0,
            null
        ],
        [
            0.0,
            null
        ]
    ],
    "comp_est": [
        9.183863533292147e-05,
        0.05881014531736209,
        5.1896156623790235,
        44.981556754688334,
        43.121337846124675,
        45.757493368255986,
        45.786270811148775,
        41.99326915689649,
        40.061879572712066,
        41.11301068474166,
        43.61141264257365,
        44.48923320923642,
        59.57953333879241,
        45.38840782918462,
        45.29415973873349,
        42.62155372191711,
        56.2204165207901,
        41.318182064725896,
        45.41633178670692,
        44.661750718460645,
        41.26323421380222,
        42.07893749006435,
        42.126120759012714,
        41.77487378463772,
        44.91003873655517,
        57.34505543632663,
        42.98456072347397,
        41.92977279025827
    ],
    "fit_time": 2507.5087983608246,
    "init_guess": [
        5.848410588726616e-11,
        0.05848410588726615,
        4.0,
        45.0,
        45.0,
        45.0,
        45.0,
        45.0,
        45.0,
        45.0,
        45.0,
        45.0,
        45.0,
        45.0,
        45.0,
        45.0,
        45.0,
        45.0,
        45.0,
        45.0,
        45.0,
        45.0,
        45.0,
        45.0,
        45.0,
        45.0,
        45.0,
        45.0
    ],
    "model": "Competition Model",
    "model_params": [
        "C_0",
        "N_0",
        "kn",
        "rs"
    ],
    "model_species": [
        "C",
        "N"
    ],
    "obj_fun": 0.08764939676361123,
    "zone_cols": 5,
    "zone_coords": [
        7,
        13
    ],
    "zone_rows": 5
}