{
    "argv": 878,
    "bounds": [
        [
            5.848410588726615e-12,
            0.005848410588726615
        ],
        [
            0.05848410588726615,
            0.1169682117745323
        ],
        [
            0.0,
            11.0
        ],
        [
            0.0,
            null
        ],
        [
            0.0,
            null
        ],
        [
            0.0,
            null
        ],
        [
            0.0,
            null
        ],
        [
            0.0,
            null
        ],
        [
            0.0,
            null
        ],
        [
            0.0,
            null
        ],
        [
            0.0,
            null
        ],
        [
            0.0,
            null
        ],
        [
            0.0,
            null
        ],
        [
            0.0,
            null
        ],
        [
            0.0,
            null
        ],
        [
            0.0,
            null
        ],
        [
            0.0,
            null
        ],
        [
            0.0,
            null
        ],
        [
            0.0,
            null
        ],
        [
            0.0,
            null
        ],
        [
            0.0,
            null
        ],
        [
            0.0,
            null
        ],
        [
            0.0,
            null
        ],
        [
            0.0,
            null
        ],
        [
            0.0,
            null
        ],
        [
            0.0,
            null
        ],
        [
            0.0,
            null
        ],
        [
            0.0,
            null
        ]
    ],
    "comp_est": [
        5.848410588762306e-05,
        0.05848410589188472,
        9.0,
        35.00000002115614,
        35.0000000628207,
        35.00000002194744,
        35.00000006451056,
        35.00000001984303,
        35.000000062820575,
        35.000000016723156,
        35.000000054572055,
        35.0000000167234,
        35.000000064038524,
        35.000000021947564,
        35.00000005457289,
        35.0000000171011,
        35.00000005457875,
        35.000000044843794,
        35.00000006451022,
        35.00000001672335,
        35.000000054578344,
        35.00000001672777,
        35.00000006303402,
        35.00000001984349,
        35.00000006403781,
        35.00000004484722,
        35.00000006303398,
        35.000000021464324
    ],
    "fit_time": 34796.65366482735,
    "init_guess": [
        5.848410588726615e-05,
        0.05848410588726615,
        9.0,
        35.0,
        35.0,
        35.0,
        35.0,
        35.0,
        35.0,
        35.0,
        35.0,
        35.0,
        35.0,
        35.0,
        35.0,
        35.0,
        35.0,
        35.0,
        35.0,
        35.0,
        35.0,
        35.0,
        35.0,
        35.0,
        35.0,
        35.0,
        35.0,
        35.0
    ],
    "model": "Competition Model",
    "model_params": [
        "C_0",
        "N_0",
        "kn",
        "rs"
    ],
    "model_species": [
        "C",
        "N"
    ],
    "obj_fun": 0.47726076891424907,
    "zone_cols": 5,
    "zone_coords": [
        7,
        13
    ],
    "zone_rows": 5
}