{
    "argv": 98,
    "bounds": [
        [
            6.437222058477453e-12,
            0.006437222058477453
        ],
        [
            0.06437222058477453,
            0.12874444116954906
        ],
        [
            0.0,
            11.0
        ],
        [
            0.0,
            null
        ],
        [
            0.0,
            null
        ],
        [
            0.0,
            null
        ],
        [
            0.0,
            null
        ],
        [
            0.0,
            null
        ],
        [
            0.0,
            null
        ],
        [
            0.0,
            null
        ],
        [
            0.0,
            null
        ],
        [
            0.0,
            null
        ],
        [
            0.0,
            null
        ],
        [
            0.0,
            null
        ],
        [
            0.0,
            null
        ],
        [
            0.0,
            null
        ],
        [
            0.0,
            null
        ],
        [
            0.0,
            null
        ],
        [
            0.0,
            null
        ],
        [
            0.0,
            null
        ],
        [
            0.0,
            null
        ],
        [
            0.0,
            null
        ],
        [
            0.0,
            null
        ],
        [
            0.0,
            null
        ],
        [
            0.0,
            null
        ],
        [
            0.0,
            null
        ],
        [
            0.0,
            null
        ],
        [
            0.0,
            null
        ]
    ],
    "comp_est": [
        7.89124121473914e-05,
        0.06437340277252133,
        10.10240082242199,
        64.89769130226452,
        65.00209033621557,
        64.79218544476556,
        64.95206194965067,
        64.89749379460868,
        64.965809507788,
        64.7955679992942,
        64.96569097422386,
        65.0730966202559,
        65.07227649590607,
        65.00404919900768,
        64.80483780929846,
        64.99239565121006,
        64.9047640234648,
        64.87934106892727,
        64.97751001869399,
        65.00697358085365,
        64.79939376998325,
        65.08267172891166,
        64.87995045566775,
        64.99156157622166,
        64.9542005236145,
        64.79003315034007,
        64.91870410633156,
        64.8733458451915
    ],
    "fit_time": 73714.49262976646,
    "init_guess": [
        6.437222058477453e-12,
        0.06437222058477453,
        10.0,
        65.0,
        65.0,
        65.0,
        65.0,
        65.0,
        65.0,
        65.0,
        65.0,
        65.0,
        65.0,
        65.0,
        65.0,
        65.0,
        65.0,
        65.0,
        65.0,
        65.0,
        65.0,
        65.0,
        65.0,
        65.0,
        65.0,
        65.0,
        65.0,
        65.0
    ],
    "model": "Competition Model",
    "model_params": [
        "C_0",
        "N_0",
        "kn",
        "rs"
    ],
    "model_species": [
        "C",
        "N"
    ],
    "obj_fun": 0.6205669827350755,
    "zone_cols": 5,
    "zone_coords": [
        9,
        15
    ],
    "zone_rows": 5
}