{
    "argv": 673,
    "bounds": [
        [
            5.848410588726615e-12,
            0.005848410588726615
        ],
        [
            0.05848410588726615,
            0.1169682117745323
        ],
        [
            0.0,
            11.0
        ],
        [
            0.0,
            null
        ],
        [
            0.0,
            null
        ],
        [
            0.0,
            null
        ],
        [
            0.0,
            null
        ],
        [
            0.0,
            null
        ],
        [
            0.0,
            null
        ],
        [
            0.0,
            null
        ],
        [
            0.0,
            null
        ],
        [
            0.0,
            null
        ],
        [
            0.0,
            null
        ],
        [
            0.0,
            null
        ],
        [
            0.0,
            null
        ],
        [
            0.0,
            null
        ],
        [
            0.0,
            null
        ],
        [
            0.0,
            null
        ],
        [
            0.0,
            null
        ],
        [
            0.0,
            null
        ],
        [
            0.0,
            null
        ],
        [
            0.0,
            null
        ],
        [
            0.0,
            null
        ],
        [
            0.0,
            null
        ],
        [
            0.0,
            null
        ],
        [
            0.0,
            null
        ],
        [
            0.0,
            null
        ],
        [
            0.0,
            null
        ]
    ],
    "comp_est": [
        1.9579294785535134e-05,
        0.05848410588726615,
        1.9916399814832668,
        56.13557852554203,
        53.36708642339386,
        55.57325005555023,
        53.67034253988167,
        50.9898070781021,
        51.50641630600877,
        52.07505720657573,
        52.56855140291557,
        51.973016087826934,
        72.30216152362698,
        55.83401430004682,
        55.056017382406985,
        51.665432779953385,
        71.70463260720226,
        50.240255200507384,
        55.17501527206947,
        53.776848512681184,
        50.68186565287304,
        51.26749181290639,
        52.45483159228236,
        52.00956339506417,
        52.666644329004384,
        73.54609287922615,
        51.744868187441924,
        52.34802957022357
    ],
    "fit_time": 10155.680977344513,
    "init_guess": [
        5.848410588726616e-07,
        0.05848410588726615,
        2.0,
        55.0,
        55.0,
        55.0,
        55.0,
        55.0,
        55.0,
        55.0,
        55.0,
        55.0,
        55.0,
        55.0,
        55.0,
        55.0,
        55.0,
        55.0,
        55.0,
        55.0,
        55.0,
        55.0,
        55.0,
        55.0,
        55.0,
        55.0,
        55.0,
        55.0
    ],
    "model": "Competition Model",
    "model_params": [
        "C_0",
        "N_0",
        "kn",
        "rs"
    ],
    "model_species": [
        "C",
        "N"
    ],
    "obj_fun": 0.13426261650670912,
    "zone_cols": 5,
    "zone_coords": [
        7,
        13
    ],
    "zone_rows": 5
}