{
    "argv": 430,
    "bounds": [
        [
            6.437222058477453e-12,
            0.006437222058477453
        ],
        [
            0.06437222058477453,
            0.12874444116954906
        ],
        [
            0.0,
            11.0
        ],
        [
            0.0,
            null
        ],
        [
            0.0,
            null
        ],
        [
            0.0,
            null
        ],
        [
            0.0,
            null
        ],
        [
            0.0,
            null
        ],
        [
            0.0,
            null
        ],
        [
            0.0,
            null
        ],
        [
            0.0,
            null
        ],
        [
            0.0,
            null
        ],
        [
            0.0,
            null
        ],
        [
            0.0,
            null
        ],
        [
            0.0,
            null
        ],
        [
            0.0,
            null
        ],
        [
            0.0,
            null
        ],
        [
            0.0,
            null
        ],
        [
            0.0,
            null
        ],
        [
            0.0,
            null
        ],
        [
            0.0,
            null
        ],
        [
            0.0,
            null
        ],
        [
            0.0,
            null
        ],
        [
            0.0,
            null
        ],
        [
            0.0,
            null
        ],
        [
            0.0,
            null
        ],
        [
            0.0,
            null
        ],
        [
            0.0,
            null
        ]
    ],
    "comp_est": [
        1.685506858778911e-05,
        0.06437222058477453,
        6.751074335619927,
        52.14535283455573,
        64.83674030842667,
        51.891506632509554,
        53.71002581889695,
        54.21514178024585,
        51.04440159146528,
        51.7309529842144,
        51.826245702897516,
        49.26487876057459,
        68.2259516128027,
        65.69526338465043,
        53.366907213046346,
        51.49894150891436,
        64.22153446495697,
        51.22623581098251,
        47.99998073381772,
        62.68984902411913,
        48.753322385567046,
        67.76592727482326,
        51.655200187273834,
        49.44996494660749,
        53.52584397216983,
        53.56901564603244,
        53.97324421888291,
        46.73930356725509
    ],
    "fit_time": 56739.674658060074,
    "init_guess": [
        6.437222058477453e-09,
        0.06437222058477453,
        1.0,
        55.0,
        55.0,
        55.0,
        55.0,
        55.0,
        55.0,
        55.0,
        55.0,
        55.0,
        55.0,
        55.0,
        55.0,
        55.0,
        55.0,
        55.0,
        55.0,
        55.0,
        55.0,
        55.0,
        55.0,
        55.0,
        55.0,
        55.0,
        55.0,
        55.0
    ],
    "model": "Competition Model",
    "model_params": [
        "C_0",
        "N_0",
        "kn",
        "rs"
    ],
    "model_species": [
        "C",
        "N"
    ],
    "obj_fun": 0.08475352102261245,
    "zone_cols": 5,
    "zone_coords": [
        9,
        15
    ],
    "zone_rows": 5
}