{
    "argv": 496,
    "bounds": [
        [
            6.437222058477453e-12,
            0.006437222058477453
        ],
        [
            0.06437222058477453,
            0.12874444116954906
        ],
        [
            0.0,
            11.0
        ],
        [
            0.0,
            null
        ],
        [
            0.0,
            null
        ],
        [
            0.0,
            null
        ],
        [
            0.0,
            null
        ],
        [
            0.0,
            null
        ],
        [
            0.0,
            null
        ],
        [
            0.0,
            null
        ],
        [
            0.0,
            null
        ],
        [
            0.0,
            null
        ],
        [
            0.0,
            null
        ],
        [
            0.0,
            null
        ],
        [
            0.0,
            null
        ],
        [
            0.0,
            null
        ],
        [
            0.0,
            null
        ],
        [
            0.0,
            null
        ],
        [
            0.0,
            null
        ],
        [
            0.0,
            null
        ],
        [
            0.0,
            null
        ],
        [
            0.0,
            null
        ],
        [
            0.0,
            null
        ],
        [
            0.0,
            null
        ],
        [
            0.0,
            null
        ],
        [
            0.0,
            null
        ],
        [
            0.0,
            null
        ],
        [
            0.0,
            null
        ]
    ],
    "comp_est": [
        0.00039982147756734805,
        0.06747765737410234,
        8.475279556894437,
        27.7835850178321,
        39.30991657640676,
        27.70659791903168,
        29.522729931950646,
        28.286758371447018,
        27.2430207889529,
        27.64740102452586,
        28.849467307965252,
        25.626905720146986,
        41.66641504141978,
        40.17956035395701,
        27.683059976836176,
        27.751573337495554,
        37.569137819097485,
        26.622149696515933,
        25.05568372668304,
        37.80433902382006,
        25.218769985445633,
        40.88899933218786,
        27.578005572969815,
        28.157277695603316,
        29.45703446011465,
        29.83629935066244,
        28.921343903733415,
        26.635553562292333
    ],
    "fit_time": 50461.029705524445,
    "init_guess": [
        6.437222058477452e-08,
        0.06437222058477453,
        1.0,
        30.0,
        30.0,
        30.0,
        30.0,
        30.0,
        30.0,
        30.0,
        30.0,
        30.0,
        30.0,
        30.0,
        30.0,
        30.0,
        30.0,
        30.0,
        30.0,
        30.0,
        30.0,
        30.0,
        30.0,
        30.0,
        30.0,
        30.0,
        30.0,
        30.0
    ],
    "model": "Competition Model",
    "model_params": [
        "C_0",
        "N_0",
        "kn",
        "rs"
    ],
    "model_species": [
        "C",
        "N"
    ],
    "obj_fun": 0.10954636423267809,
    "zone_cols": 5,
    "zone_coords": [
        9,
        15
    ],
    "zone_rows": 5
}