{
    "argv": 1138,
    "bounds": [
        [
            5.848410588726615e-12,
            0.005848410588726615
        ],
        [
            0.05848410588726615,
            0.1169682117745323
        ],
        [
            0.0,
            11.0
        ],
        [
            0.0,
            null
        ],
        [
            0.0,
            null
        ],
        [
            0.0,
            null
        ],
        [
            0.0,
            null
        ],
        [
            0.0,
            null
        ],
        [
            0.0,
            null
        ],
        [
            0.0,
            null
        ],
        [
            0.0,
            null
        ],
        [
            0.0,
            null
        ],
        [
            0.0,
            null
        ],
        [
            0.0,
            null
        ],
        [
            0.0,
            null
        ],
        [
            0.0,
            null
        ],
        [
            0.0,
            null
        ],
        [
            0.0,
            null
        ],
        [
            0.0,
            null
        ],
        [
            0.0,
            null
        ],
        [
            0.0,
            null
        ],
        [
            0.0,
            null
        ],
        [
            0.0,
            null
        ],
        [
            0.0,
            null
        ],
        [
            0.0,
            null
        ],
        [
            0.0,
            null
        ],
        [
            0.0,
            null
        ],
        [
            0.0,
            null
        ]
    ],
    "comp_est": [
        0.005848410588707999,
        0.05848410588726615,
        4.999999999999928,
        44.99999990873717,
        45.00000007270785,
        44.9999999789718,
        45.00000009802952,
        45.000000078694136,
        45.00000006258022,
        44.99999990836657,
        44.99999978789121,
        44.99999999906088,
        44.99999997210595,
        44.99999996179214,
        44.99999978751015,
        45.00000048438248,
        44.999999964074945,
        45.000000058341946,
        45.000000116152016,
        44.99999999629909,
        44.999999961155105,
        44.99999995830209,
        44.99999990062323,
        45.00000008698441,
        44.99999998778804,
        45.00000007169741,
        44.99999988420499,
        44.99999988957003
    ],
    "fit_time": 4467.108045339584,
    "init_guess": [
        0.005848410588726615,
        0.05848410588726615,
        5.0,
        45.0,
        45.0,
        45.0,
        45.0,
        45.0,
        45.0,
        45.0,
        45.0,
        45.0,
        45.0,
        45.0,
        45.0,
        45.0,
        45.0,
        45.0,
        45.0,
        45.0,
        45.0,
        45.0,
        45.0,
        45.0,
        45.0,
        45.0,
        45.0,
        45.0
    ],
    "model": "Competition Model",
    "model_params": [
        "C_0",
        "N_0",
        "kn",
        "rs"
    ],
    "model_species": [
        "C",
        "N"
    ],
    "obj_fun": 0.6413545426907578,
    "zone_cols": 5,
    "zone_coords": [
        7,
        13
    ],
    "zone_rows": 5
}