{
    "argv": 126,
    "bounds": [
        [
            6.437222058477453e-12,
            0.006437222058477453
        ],
        [
            0.06437222058477453,
            0.12874444116954906
        ],
        [
            0.0,
            11.0
        ],
        [
            0.0,
            null
        ],
        [
            0.0,
            null
        ],
        [
            0.0,
            null
        ],
        [
            0.0,
            null
        ],
        [
            0.0,
            null
        ],
        [
            0.0,
            null
        ],
        [
            0.0,
            null
        ],
        [
            0.0,
            null
        ],
        [
            0.0,
            null
        ],
        [
            0.0,
            null
        ],
        [
            0.0,
            null
        ],
        [
            0.0,
            null
        ],
        [
            0.0,
            null
        ],
        [
            0.0,
            null
        ],
        [
            0.0,
            null
        ],
        [
            0.0,
            null
        ],
        [
            0.0,
            null
        ],
        [
            0.0,
            null
        ],
        [
            0.0,
            null
        ],
        [
            0.0,
            null
        ],
        [
            0.0,
            null
        ],
        [
            0.0,
            null
        ],
        [
            0.0,
            null
        ],
        [
            0.0,
            null
        ],
        [
            0.0,
            null
        ]
    ],
    "comp_est": [
        0.00023873784989698375,
        0.07166805762545064,
        6.743018767610376,
        31.690463102114535,
        39.22317613560573,
        26.83249116922839,
        29.95889333024851,
        29.531594312956265,
        27.13023475328755,
        28.560878654713246,
        29.610987396599818,
        27.862817977778047,
        41.064907204036636,
        39.03394769036777,
        25.164666695878502,
        30.203432451999586,
        38.34146438786994,
        27.32298171760755,
        27.435536199611565,
        37.466808564424795,
        26.73952162483286,
        40.43108501350288,
        27.78125954448153,
        28.06830866588997,
        30.477021395299424,
        28.907527597752633,
        30.414609964330133,
        26.431252833721025
    ],
    "fit_time": 68784.71025013924,
    "init_guess": [
        6.437222058477453e-11,
        0.06437222058477453,
        5.0,
        25.0,
        25.0,
        25.0,
        25.0,
        25.0,
        25.0,
        25.0,
        25.0,
        25.0,
        25.0,
        25.0,
        25.0,
        25.0,
        25.0,
        25.0,
        25.0,
        25.0,
        25.0,
        25.0,
        25.0,
        25.0,
        25.0,
        25.0,
        25.0,
        25.0
    ],
    "model": "Competition Model",
    "model_params": [
        "C_0",
        "N_0",
        "kn",
        "rs"
    ],
    "model_species": [
        "C",
        "N"
    ],
    "obj_fun": 0.1271953994612139,
    "zone_cols": 5,
    "zone_coords": [
        9,
        15
    ],
    "zone_rows": 5
}