{
    "argv": 1011,
    "bounds": [
        [
            5.848410588726615e-12,
            0.005848410588726615
        ],
        [
            0.05848410588726615,
            0.1169682117745323
        ],
        [
            0.0,
            11.0
        ],
        [
            0.0,
            null
        ],
        [
            0.0,
            null
        ],
        [
            0.0,
            null
        ],
        [
            0.0,
            null
        ],
        [
            0.0,
            null
        ],
        [
            0.0,
            null
        ],
        [
            0.0,
            null
        ],
        [
            0.0,
            null
        ],
        [
            0.0,
            null
        ],
        [
            0.0,
            null
        ],
        [
            0.0,
            null
        ],
        [
            0.0,
            null
        ],
        [
            0.0,
            null
        ],
        [
            0.0,
            null
        ],
        [
            0.0,
            null
        ],
        [
            0.0,
            null
        ],
        [
            0.0,
            null
        ],
        [
            0.0,
            null
        ],
        [
            0.0,
            null
        ],
        [
            0.0,
            null
        ],
        [
            0.0,
            null
        ],
        [
            0.0,
            null
        ],
        [
            0.0,
            null
        ],
        [
            0.0,
            null
        ],
        [
            0.0,
            null
        ]
    ],
    "comp_est": [
        0.0005848410588606443,
        0.05848410588726615,
        10.0,
        40.000000092189694,
        39.99999970689221,
        39.99999989688634,
        39.99999964172767,
        39.999999689209666,
        39.99999970688699,
        39.999999609118724,
        39.999999593849154,
        39.99999965224486,
        39.99999976611892,
        39.99999989684592,
        39.99999959390878,
        40.00000006705366,
        40.000000112038215,
        40.00000028309151,
        39.999999641775894,
        39.99999965224101,
        40.000000111939926,
        39.999999588272985,
        40.00000025621048,
        39.99999968916561,
        39.999999766023926,
        40.00000028322163,
        40.00000025621929,
        39.999999598157196
    ],
    "fit_time": 23099.624937057495,
    "init_guess": [
        0.0005848410588726615,
        0.05848410588726615,
        10.0,
        40.0,
        40.0,
        40.0,
        40.0,
        40.0,
        40.0,
        40.0,
        40.0,
        40.0,
        40.0,
        40.0,
        40.0,
        40.0,
        40.0,
        40.0,
        40.0,
        40.0,
        40.0,
        40.0,
        40.0,
        40.0,
        40.0,
        40.0,
        40.0,
        40.0
    ],
    "model": "Competition Model",
    "model_params": [
        "C_0",
        "N_0",
        "kn",
        "rs"
    ],
    "model_species": [
        "C",
        "N"
    ],
    "obj_fun": 0.42766921232311084,
    "zone_cols": 5,
    "zone_coords": [
        7,
        13
    ],
    "zone_rows": 5
}