{
    "argv": 366,
    "bounds": [
        [
            5.848410588726615e-12,
            0.005848410588726615
        ],
        [
            0.05848410588726615,
            0.1169682117745323
        ],
        [
            0.0,
            11.0
        ],
        [
            0.0,
            null
        ],
        [
            0.0,
            null
        ],
        [
            0.0,
            null
        ],
        [
            0.0,
            null
        ],
        [
            0.0,
            null
        ],
        [
            0.0,
            null
        ],
        [
            0.0,
            null
        ],
        [
            0.0,
            null
        ],
        [
            0.0,
            null
        ],
        [
            0.0,
            null
        ],
        [
            0.0,
            null
        ],
        [
            0.0,
            null
        ],
        [
            0.0,
            null
        ],
        [
            0.0,
            null
        ],
        [
            0.0,
            null
        ],
        [
            0.0,
            null
        ],
        [
            0.0,
            null
        ],
        [
            0.0,
            null
        ],
        [
            0.0,
            null
        ],
        [
            0.0,
            null
        ],
        [
            0.0,
            null
        ],
        [
            0.0,
            null
        ],
        [
            0.0,
            null
        ],
        [
            0.0,
            null
        ],
        [
            0.0,
            null
        ]
    ],
    "comp_est": [
        5.8484292501745475e-09,
        0.058484105888374306,
        3.000000000001479,
        24.99999964928466,
        24.999999524620176,
        24.999999712215853,
        24.99999973079232,
        24.999999867589118,
        24.999999524620172,
        24.999999968988423,
        24.999999967973864,
        24.99999998917102,
        24.999999520221767,
        24.999999712215853,
        24.999999967973856,
        24.9999998293273,
        24.999999973209956,
        24.999999617777345,
        24.99999973079233,
        24.99999998917103,
        24.999999973209928,
        24.99999954937477,
        24.99999953490773,
        24.999999867589096,
        24.999999520221746,
        24.999999617777373,
        24.999999534907733,
        24.99999997442236
    ],
    "fit_time": 29215.54039168358,
    "init_guess": [
        5.848410588726615e-09,
        0.05848410588726615,
        3.0,
        25.0,
        25.0,
        25.0,
        25.0,
        25.0,
        25.0,
        25.0,
        25.0,
        25.0,
        25.0,
        25.0,
        25.0,
        25.0,
        25.0,
        25.0,
        25.0,
        25.0,
        25.0,
        25.0,
        25.0,
        25.0,
        25.0,
        25.0,
        25.0,
        25.0
    ],
    "model": "Competition Model",
    "model_params": [
        "C_0",
        "N_0",
        "kn",
        "rs"
    ],
    "model_species": [
        "C",
        "N"
    ],
    "obj_fun": 0.6702170999030601,
    "zone_cols": 5,
    "zone_coords": [
        7,
        13
    ],
    "zone_rows": 5
}