{
    "argv": 739,
    "bounds": [
        [
            6.437222058477453e-12,
            0.006437222058477453
        ],
        [
            0.06437222058477453,
            0.12874444116954906
        ],
        [
            0.0,
            11.0
        ],
        [
            0.0,
            null
        ],
        [
            0.0,
            null
        ],
        [
            0.0,
            null
        ],
        [
            0.0,
            null
        ],
        [
            0.0,
            null
        ],
        [
            0.0,
            null
        ],
        [
            0.0,
            null
        ],
        [
            0.0,
            null
        ],
        [
            0.0,
            null
        ],
        [
            0.0,
            null
        ],
        [
            0.0,
            null
        ],
        [
            0.0,
            null
        ],
        [
            0.0,
            null
        ],
        [
            0.0,
            null
        ],
        [
            0.0,
            null
        ],
        [
            0.0,
            null
        ],
        [
            0.0,
            null
        ],
        [
            0.0,
            null
        ],
        [
            0.0,
            null
        ],
        [
            0.0,
            null
        ],
        [
            0.0,
            null
        ],
        [
            0.0,
            null
        ],
        [
            0.0,
            null
        ],
        [
            0.0,
            null
        ],
        [
            0.0,
            null
        ]
    ],
    "comp_est": [
        0.001372618563668426,
        0.06437222058477453,
        11.0,
        26.983718164285932,
        39.02596547492357,
        27.093398883284973,
        28.23493030317286,
        27.270571797779162,
        26.394229603648483,
        26.77335638738432,
        27.559410705867464,
        25.27265688258573,
        42.12251561525319,
        40.25227493418032,
        26.993931204371183,
        26.6850200388264,
        35.52754991835368,
        25.845484467709056,
        24.760199165247318,
        37.14377831173099,
        25.002521462215398,
        43.14975902517533,
        26.503981732756277,
        27.19302122706456,
        28.406620037070397,
        28.572365869553924,
        27.899126463909873,
        25.64478229050196
    ],
    "fit_time": 21386.051404953003,
    "init_guess": [
        6.437222058477453e-06,
        0.06437222058477453,
        2.0,
        30.0,
        30.0,
        30.0,
        30.0,
        30.0,
        30.0,
        30.0,
        30.0,
        30.0,
        30.0,
        30.0,
        30.0,
        30.0,
        30.0,
        30.0,
        30.0,
        30.0,
        30.0,
        30.0,
        30.0,
        30.0,
        30.0,
        30.0,
        30.0,
        30.0
    ],
    "model": "Competition Model",
    "model_params": [
        "C_0",
        "N_0",
        "kn",
        "rs"
    ],
    "model_species": [
        "C",
        "N"
    ],
    "obj_fun": 0.22295873011199033,
    "zone_cols": 5,
    "zone_coords": [
        9,
        15
    ],
    "zone_rows": 5
}