{
    "argv": 1154,
    "bounds": [
        [
            6.437222058477453e-12,
            0.006437222058477453
        ],
        [
            0.06437222058477453,
            0.12874444116954906
        ],
        [
            0.0,
            11.0
        ],
        [
            0.0,
            null
        ],
        [
            0.0,
            null
        ],
        [
            0.0,
            null
        ],
        [
            0.0,
            null
        ],
        [
            0.0,
            null
        ],
        [
            0.0,
            null
        ],
        [
            0.0,
            null
        ],
        [
            0.0,
            null
        ],
        [
            0.0,
            null
        ],
        [
            0.0,
            null
        ],
        [
            0.0,
            null
        ],
        [
            0.0,
            null
        ],
        [
            0.0,
            null
        ],
        [
            0.0,
            null
        ],
        [
            0.0,
            null
        ],
        [
            0.0,
            null
        ],
        [
            0.0,
            null
        ],
        [
            0.0,
            null
        ],
        [
            0.0,
            null
        ],
        [
            0.0,
            null
        ],
        [
            0.0,
            null
        ],
        [
            0.0,
            null
        ],
        [
            0.0,
            null
        ],
        [
            0.0,
            null
        ],
        [
            0.0,
            null
        ]
    ],
    "comp_est": [
        0.006437222054379791,
        0.06437222058477453,
        9.999999999934767,
        50.00000035066898,
        49.999999897382985,
        50.00000026666746,
        49.999999342273156,
        49.99999979282721,
        49.99999992732757,
        49.99999960298761,
        49.999999464631536,
        50.00000045565112,
        49.99999979607853,
        50.000000429006455,
        49.99999947246306,
        50.000000018644236,
        50.00000031509808,
        49.99999919846669,
        49.999999384436734,
        50.00000051305227,
        50.00000022783656,
        49.999999167579794,
        49.99999913331009,
        49.999999960289145,
        49.999999661698375,
        49.999999376889946,
        49.99999907990336,
        50.0000003736824
    ],
    "fit_time": 60637.514972925186,
    "init_guess": [
        0.006437222058477453,
        0.06437222058477453,
        10.0,
        50.0,
        50.0,
        50.0,
        50.0,
        50.0,
        50.0,
        50.0,
        50.0,
        50.0,
        50.0,
        50.0,
        50.0,
        50.0,
        50.0,
        50.0,
        50.0,
        50.0,
        50.0,
        50.0,
        50.0,
        50.0,
        50.0,
        50.0,
        50.0,
        50.0
    ],
    "model": "Competition Model",
    "model_params": [
        "C_0",
        "N_0",
        "kn",
        "rs"
    ],
    "model_species": [
        "C",
        "N"
    ],
    "obj_fun": 0.838330572620838,
    "zone_cols": 5,
    "zone_coords": [
        9,
        15
    ],
    "zone_rows": 5
}