{
    "argv": 270,
    "bounds": [
        [
            5.848410588726615e-12,
            0.005848410588726615
        ],
        [
            0.05848410588726615,
            0.1169682117745323
        ],
        [
            0.0,
            11.0
        ],
        [
            0.0,
            null
        ],
        [
            0.0,
            null
        ],
        [
            0.0,
            null
        ],
        [
            0.0,
            null
        ],
        [
            0.0,
            null
        ],
        [
            0.0,
            null
        ],
        [
            0.0,
            null
        ],
        [
            0.0,
            null
        ],
        [
            0.0,
            null
        ],
        [
            0.0,
            null
        ],
        [
            0.0,
            null
        ],
        [
            0.0,
            null
        ],
        [
            0.0,
            null
        ],
        [
            0.0,
            null
        ],
        [
            0.0,
            null
        ],
        [
            0.0,
            null
        ],
        [
            0.0,
            null
        ],
        [
            0.0,
            null
        ],
        [
            0.0,
            null
        ],
        [
            0.0,
            null
        ],
        [
            0.0,
            null
        ],
        [
            0.0,
            null
        ],
        [
            0.0,
            null
        ],
        [
            0.0,
            null
        ],
        [
            0.0,
            null
        ]
    ],
    "comp_est": [
        0.00026549973143694225,
        0.061728926512748035,
        6.233756484689505,
        33.93375470596274,
        32.29004277154708,
        36.46062205696913,
        37.179054054059485,
        33.609958217398265,
        27.930915240589364,
        29.652636692989343,
        33.03571084967614,
        37.02144982128229,
        47.201738302914286,
        35.07637353281057,
        35.290943223842625,
        32.60325894760412,
        45.27562903234809,
        32.8571939935196,
        35.45798499678875,
        35.571844873667665,
        31.542466436819872,
        32.24572936173678,
        32.93410748878593,
        30.991485538638493,
        36.12565394068656,
        46.05982575026724,
        33.612917502216014,
        31.569242578897214
    ],
    "fit_time": 55507.307186841965,
    "init_guess": [
        5.848410588726615e-10,
        0.05848410588726615,
        6.0,
        35.0,
        35.0,
        35.0,
        35.0,
        35.0,
        35.0,
        35.0,
        35.0,
        35.0,
        35.0,
        35.0,
        35.0,
        35.0,
        35.0,
        35.0,
        35.0,
        35.0,
        35.0,
        35.0,
        35.0,
        35.0,
        35.0,
        35.0,
        35.0,
        35.0
    ],
    "model": "Competition Model",
    "model_params": [
        "C_0",
        "N_0",
        "kn",
        "rs"
    ],
    "model_species": [
        "C",
        "N"
    ],
    "obj_fun": 0.0645708322181899,
    "zone_cols": 5,
    "zone_coords": [
        7,
        13
    ],
    "zone_rows": 5
}