{
    "argv": 1056,
    "bounds": [
        [
            5.848410588726615e-12,
            0.005848410588726615
        ],
        [
            0.05848410588726615,
            0.1169682117745323
        ],
        [
            0.0,
            11.0
        ],
        [
            0.0,
            null
        ],
        [
            0.0,
            null
        ],
        [
            0.0,
            null
        ],
        [
            0.0,
            null
        ],
        [
            0.0,
            null
        ],
        [
            0.0,
            null
        ],
        [
            0.0,
            null
        ],
        [
            0.0,
            null
        ],
        [
            0.0,
            null
        ],
        [
            0.0,
            null
        ],
        [
            0.0,
            null
        ],
        [
            0.0,
            null
        ],
        [
            0.0,
            null
        ],
        [
            0.0,
            null
        ],
        [
            0.0,
            null
        ],
        [
            0.0,
            null
        ],
        [
            0.0,
            null
        ],
        [
            0.0,
            null
        ],
        [
            0.0,
            null
        ],
        [
            0.0,
            null
        ],
        [
            0.0,
            null
        ],
        [
            0.0,
            null
        ],
        [
            0.0,
            null
        ],
        [
            0.0,
            null
        ],
        [
            0.0,
            null
        ]
    ],
    "comp_est": [
        3.983394582391387e-06,
        0.06325573689653016,
        10.999999928000092,
        61.688632872657884,
        60.88332533399846,
        61.87067364145894,
        61.975769196786125,
        60.62767143297486,
        58.854549333955596,
        59.86030144200142,
        60.26431663586933,
        61.02573379031044,
        70.68446300159412,
        60.907091749877495,
        60.74061437176881,
        59.90263297496019,
        66.13483766622555,
        59.84724043471135,
        60.212660429509775,
        59.84167161515754,
        58.529203386972874,
        58.17443124398198,
        58.91836749833121,
        58.52537366666597,
        59.157391076825135,
        70.64107483775373,
        59.03590000080844,
        58.12325090664171
    ],
    "fit_time": 47506.282405138016,
    "init_guess": [
        0.0005848410588726615,
        0.05848410588726615,
        0.0,
        65.0,
        65.0,
        65.0,
        65.0,
        65.0,
        65.0,
        65.0,
        65.0,
        65.0,
        65.0,
        65.0,
        65.0,
        65.0,
        65.0,
        65.0,
        65.0,
        65.0,
        65.0,
        65.0,
        65.0,
        65.0,
        65.0,
        65.0,
        65.0,
        65.0
    ],
    "model": "Competition Model",
    "model_params": [
        "C_0",
        "N_0",
        "kn",
        "rs"
    ],
    "model_species": [
        "C",
        "N"
    ],
    "obj_fun": 0.16977856442366773,
    "zone_cols": 5,
    "zone_coords": [
        7,
        13
    ],
    "zone_rows": 5
}