{
    "argv": 425,
    "bounds": [
        [
            6.437222058477453e-12,
            0.006437222058477453
        ],
        [
            0.06437222058477453,
            0.12874444116954906
        ],
        [
            0.0,
            11.0
        ],
        [
            0.0,
            null
        ],
        [
            0.0,
            null
        ],
        [
            0.0,
            null
        ],
        [
            0.0,
            null
        ],
        [
            0.0,
            null
        ],
        [
            0.0,
            null
        ],
        [
            0.0,
            null
        ],
        [
            0.0,
            null
        ],
        [
            0.0,
            null
        ],
        [
            0.0,
            null
        ],
        [
            0.0,
            null
        ],
        [
            0.0,
            null
        ],
        [
            0.0,
            null
        ],
        [
            0.0,
            null
        ],
        [
            0.0,
            null
        ],
        [
            0.0,
            null
        ],
        [
            0.0,
            null
        ],
        [
            0.0,
            null
        ],
        [
            0.0,
            null
        ],
        [
            0.0,
            null
        ],
        [
            0.0,
            null
        ],
        [
            0.0,
            null
        ],
        [
            0.0,
            null
        ],
        [
            0.0,
            null
        ],
        [
            0.0,
            null
        ]
    ],
    "comp_est": [
        6.437989899557958e-09,
        0.06437222058477453,
        7.000000000000135,
        49.99999999978262,
        50.000000077336885,
        50.00000010557272,
        50.0000000773046,
        50.00000009848848,
        50.000000077336885,
        50.00000006537697,
        49.99999999976312,
        50.00000007567601,
        50.000000077335535,
        50.00000010557272,
        49.99999999976312,
        50.00000007757992,
        49.999999999808125,
        50.00000010556988,
        50.00000007730459,
        50.00000007567601,
        49.999999999808125,
        49.99999999981816,
        50.00000007734045,
        50.00000009848848,
        50.000000077335535,
        50.00000010556988,
        50.00000007734045,
        49.99999999982906
    ],
    "fit_time": 72482.60120820999,
    "init_guess": [
        6.437222058477453e-09,
        0.06437222058477453,
        7.0,
        50.0,
        50.0,
        50.0,
        50.0,
        50.0,
        50.0,
        50.0,
        50.0,
        50.0,
        50.0,
        50.0,
        50.0,
        50.0,
        50.0,
        50.0,
        50.0,
        50.0,
        50.0,
        50.0,
        50.0,
        50.0,
        50.0,
        50.0,
        50.0,
        50.0
    ],
    "model": "Competition Model",
    "model_params": [
        "C_0",
        "N_0",
        "kn",
        "rs"
    ],
    "model_species": [
        "C",
        "N"
    ],
    "obj_fun": 0.8174618417036758,
    "zone_cols": 5,
    "zone_coords": [
        9,
        15
    ],
    "zone_rows": 5
}