{
    "argv": 459,
    "bounds": [
        [
            5.848410588726615e-12,
            0.005848410588726615
        ],
        [
            0.05848410588726615,
            0.1169682117745323
        ],
        [
            0.0,
            11.0
        ],
        [
            0.0,
            null
        ],
        [
            0.0,
            null
        ],
        [
            0.0,
            null
        ],
        [
            0.0,
            null
        ],
        [
            0.0,
            null
        ],
        [
            0.0,
            null
        ],
        [
            0.0,
            null
        ],
        [
            0.0,
            null
        ],
        [
            0.0,
            null
        ],
        [
            0.0,
            null
        ],
        [
            0.0,
            null
        ],
        [
            0.0,
            null
        ],
        [
            0.0,
            null
        ],
        [
            0.0,
            null
        ],
        [
            0.0,
            null
        ],
        [
            0.0,
            null
        ],
        [
            0.0,
            null
        ],
        [
            0.0,
            null
        ],
        [
            0.0,
            null
        ],
        [
            0.0,
            null
        ],
        [
            0.0,
            null
        ],
        [
            0.0,
            null
        ],
        [
            0.0,
            null
        ],
        [
            0.0,
            null
        ],
        [
            0.0,
            null
        ]
    ],
    "comp_est": [
        5.8484687083610765e-09,
        0.058484105887847346,
        8.0,
        64.99999999935405,
        64.99999999935405,
        64.99999999935405,
        64.99999999935405,
        64.99999999935405,
        64.99999999935405,
        65.00000079706012,
        64.99999999935405,
        65.00000079670627,
        64.99999999935405,
        64.99999999935405,
        64.99999999935405,
        65.00000095505193,
        64.99999999935405,
        64.99999999935405,
        64.99999999935405,
        65.00000079670626,
        64.99999999935405,
        65.00000079630186,
        64.99999999935405,
        64.99999999935405,
        64.99999999935405,
        64.99999999935405,
        64.99999999935405,
        64.99999999935405
    ],
    "fit_time": 31798.777934074402,
    "init_guess": [
        5.848410588726615e-09,
        0.05848410588726615,
        8.0,
        65.0,
        65.0,
        65.0,
        65.0,
        65.0,
        65.0,
        65.0,
        65.0,
        65.0,
        65.0,
        65.0,
        65.0,
        65.0,
        65.0,
        65.0,
        65.0,
        65.0,
        65.0,
        65.0,
        65.0,
        65.0,
        65.0,
        65.0,
        65.0,
        65.0
    ],
    "model": "Competition Model",
    "model_params": [
        "C_0",
        "N_0",
        "kn",
        "rs"
    ],
    "model_species": [
        "C",
        "N"
    ],
    "obj_fun": 0.6063913049361064,
    "zone_cols": 5,
    "zone_coords": [
        7,
        13
    ],
    "zone_rows": 5
}