{
    "argv": 88,
    "bounds": [
        [
            6.437222058477453e-12,
            0.006437222058477453
        ],
        [
            0.06437222058477453,
            0.12874444116954906
        ],
        [
            0.0,
            11.0
        ],
        [
            0.0,
            null
        ],
        [
            0.0,
            null
        ],
        [
            0.0,
            null
        ],
        [
            0.0,
            null
        ],
        [
            0.0,
            null
        ],
        [
            0.0,
            null
        ],
        [
            0.0,
            null
        ],
        [
            0.0,
            null
        ],
        [
            0.0,
            null
        ],
        [
            0.0,
            null
        ],
        [
            0.0,
            null
        ],
        [
            0.0,
            null
        ],
        [
            0.0,
            null
        ],
        [
            0.0,
            null
        ],
        [
            0.0,
            null
        ],
        [
            0.0,
            null
        ],
        [
            0.0,
            null
        ],
        [
            0.0,
            null
        ],
        [
            0.0,
            null
        ],
        [
            0.0,
            null
        ],
        [
            0.0,
            null
        ],
        [
            0.0,
            null
        ],
        [
            0.0,
            null
        ],
        [
            0.0,
            null
        ],
        [
            0.0,
            null
        ]
    ],
    "comp_est": [
        3.7298120875501815e-05,
        0.06712738385378944,
        2.027822046959136,
        42.524884746458675,
        56.470464600302414,
        42.809118433361576,
        44.88632660994232,
        44.0285186110419,
        40.78034984443628,
        41.60146550490006,
        42.35126436418591,
        39.5031334458417,
        61.54909434891598,
        58.86020848067172,
        43.093141271431676,
        40.773890879475495,
        54.55824293810302,
        40.93246428354603,
        36.826922412131744,
        55.005824893589825,
        37.978006202311114,
        61.41167027531844,
        40.602360902672125,
        39.57520929839416,
        42.79393202069995,
        43.66824526305941,
        43.13848513049327,
        36.25892373653801
    ],
    "fit_time": 30524.693380117416,
    "init_guess": [
        6.437222058477453e-12,
        0.06437222058477453,
        0.0,
        65.0,
        65.0,
        65.0,
        65.0,
        65.0,
        65.0,
        65.0,
        65.0,
        65.0,
        65.0,
        65.0,
        65.0,
        65.0,
        65.0,
        65.0,
        65.0,
        65.0,
        65.0,
        65.0,
        65.0,
        65.0,
        65.0,
        65.0,
        65.0,
        65.0
    ],
    "model": "Competition Model",
    "model_params": [
        "C_0",
        "N_0",
        "kn",
        "rs"
    ],
    "model_species": [
        "C",
        "N"
    ],
    "obj_fun": 0.08474383878995141,
    "zone_cols": 5,
    "zone_coords": [
        9,
        15
    ],
    "zone_rows": 5
}