{
    "argv": 875,
    "bounds": [
        [
            6.437222058477453e-12,
            0.006437222058477453
        ],
        [
            0.06437222058477453,
            0.12874444116954906
        ],
        [
            0.0,
            11.0
        ],
        [
            0.0,
            null
        ],
        [
            0.0,
            null
        ],
        [
            0.0,
            null
        ],
        [
            0.0,
            null
        ],
        [
            0.0,
            null
        ],
        [
            0.0,
            null
        ],
        [
            0.0,
            null
        ],
        [
            0.0,
            null
        ],
        [
            0.0,
            null
        ],
        [
            0.0,
            null
        ],
        [
            0.0,
            null
        ],
        [
            0.0,
            null
        ],
        [
            0.0,
            null
        ],
        [
            0.0,
            null
        ],
        [
            0.0,
            null
        ],
        [
            0.0,
            null
        ],
        [
            0.0,
            null
        ],
        [
            0.0,
            null
        ],
        [
            0.0,
            null
        ],
        [
            0.0,
            null
        ],
        [
            0.0,
            null
        ],
        [
            0.0,
            null
        ],
        [
            0.0,
            null
        ],
        [
            0.0,
            null
        ],
        [
            0.0,
            null
        ]
    ],
    "comp_est": [
        6.013532608607181e-05,
        0.07338189508771091,
        1.0224725198751183,
        33.683966135838304,
        48.82018258479786,
        33.319148497913574,
        35.34737665367727,
        37.62887224077084,
        32.862519939820665,
        33.31532074379625,
        33.164926200414385,
        32.28286136669122,
        58.720945060706306,
        51.36635240335836,
        35.34951667516639,
        33.08011858597902,
        48.02457950159212,
        36.131566581269645,
        26.620191553535292,
        44.36989464643086,
        30.567628140738627,
        54.01004559300003,
        33.41482125645715,
        28.602465326062205,
        33.56914997490698,
        34.225857147705135,
        34.50580896826276,
        24.911233971628075
    ],
    "fit_time": 85654.08976125717,
    "init_guess": [
        6.437222058477453e-05,
        0.06437222058477453,
        6.0,
        35.0,
        35.0,
        35.0,
        35.0,
        35.0,
        35.0,
        35.0,
        35.0,
        35.0,
        35.0,
        35.0,
        35.0,
        35.0,
        35.0,
        35.0,
        35.0,
        35.0,
        35.0,
        35.0,
        35.0,
        35.0,
        35.0,
        35.0,
        35.0,
        35.0
    ],
    "model": "Competition Model",
    "model_params": [
        "C_0",
        "N_0",
        "kn",
        "rs"
    ],
    "model_species": [
        "C",
        "N"
    ],
    "obj_fun": 0.06154449186585379,
    "zone_cols": 5,
    "zone_coords": [
        9,
        15
    ],
    "zone_rows": 5
}