{
    "argv": 1103,
    "bounds": [
        [
            6.437222058477453e-12,
            0.006437222058477453
        ],
        [
            0.06437222058477453,
            0.12874444116954906
        ],
        [
            0.0,
            11.0
        ],
        [
            0.0,
            null
        ],
        [
            0.0,
            null
        ],
        [
            0.0,
            null
        ],
        [
            0.0,
            null
        ],
        [
            0.0,
            null
        ],
        [
            0.0,
            null
        ],
        [
            0.0,
            null
        ],
        [
            0.0,
            null
        ],
        [
            0.0,
            null
        ],
        [
            0.0,
            null
        ],
        [
            0.0,
            null
        ],
        [
            0.0,
            null
        ],
        [
            0.0,
            null
        ],
        [
            0.0,
            null
        ],
        [
            0.0,
            null
        ],
        [
            0.0,
            null
        ],
        [
            0.0,
            null
        ],
        [
            0.0,
            null
        ],
        [
            0.0,
            null
        ],
        [
            0.0,
            null
        ],
        [
            0.0,
            null
        ],
        [
            0.0,
            null
        ],
        [
            0.0,
            null
        ],
        [
            0.0,
            null
        ],
        [
            0.0,
            null
        ]
    ],
    "comp_est": [
        0.0064372220583809635,
        0.06437222058477453,
        3.0,
        29.99999955600914,
        29.999999545219197,
        29.99999971030968,
        29.99999955871429,
        29.999999570167645,
        29.999999543869784,
        29.999999632932486,
        29.999999663547264,
        29.999999700207628,
        29.99999954175592,
        29.999999711824977,
        29.99999966393326,
        29.999999641361793,
        29.999999621927735,
        29.999999706321923,
        29.99999955780539,
        29.999999701028038,
        29.99999962122456,
        29.99999962378154,
        29.999999546362783,
        29.999999570784848,
        29.9999995403,
        29.999999706447426,
        29.999999546118403,
        29.999999560731965
    ],
    "fit_time": 497.8886892795563,
    "init_guess": [
        0.006437222058477453,
        0.06437222058477453,
        3.0,
        30.0,
        30.0,
        30.0,
        30.0,
        30.0,
        30.0,
        30.0,
        30.0,
        30.0,
        30.0,
        30.0,
        30.0,
        30.0,
        30.0,
        30.0,
        30.0,
        30.0,
        30.0,
        30.0,
        30.0,
        30.0,
        30.0,
        30.0,
        30.0,
        30.0
    ],
    "model": "Competition Model",
    "model_params": [
        "C_0",
        "N_0",
        "kn",
        "rs"
    ],
    "model_species": [
        "C",
        "N"
    ],
    "obj_fun": 0.7204252358372988,
    "zone_cols": 5,
    "zone_coords": [
        9,
        15
    ],
    "zone_rows": 5
}