{
    "c_meas": [
        0.0001,
        0.0001,
        0.0005365177467491039,
        0.00023140972946142477,
        0.0028726417585628944,
        0.0005353948112930916,
        0.015229342957117954,
        0.001238056459854192,
        0.07675709757423586,
        0.0028582656345118745,
        0.31085580808134056,
        0.006561966098370729,
        0.7243307997079812,
        0.014806013163571597,
        0.9798285488372641,
        0.03220994957174543,
        1.0762563086813328,
        0.06637538824141631,
        1.1263727006373394,
        0.12727622595027863,
        1.1636288995451491,
        0.2220546148240611,
        1.1932249925363443,
        0.3447756774632845,
        1.2153255313668352,
        0.47227650080606626,
        1.2303213102984054,
        0.5784257799678749,
        1.239589288834836,
        0.6518867345477044,
        1.2449082539451608,
        0.6965113547646529,
        1.2478094068151269,
        0.7215138084326385,
        1.249342699688535,
        0.7348926620863232,
        1.2501384584742585,
        0.7418760564589365,
        1.2505473419500344,
        0.7454739973204876,
        1.2507563164177788,
        0.7473152647940995
    ],
    "cols": 1,
    "model": "Competition Model",
    "model_params": [
        "C_0",
        "N_0",
        "kn",
        "rs"
    ],
    "r_mean": 5,
    "r_var": 3,
    "rows": 2,
    "sim_amounts": [
        [
            0.0001,
            1.0,
            0.0001,
            1.0
        ],
        [
            0.0005365177467491039,
            0.9995685098037607,
            0.00023140972946142477,
            0.9998635627200285
        ],
        [
            0.0028726417585628944,
            0.9972817008894378,
            0.0005353948112930916,
            0.9995102625407062
        ],
        [
            0.015229342957117954,
            0.9852374316002565,
            0.001238056459854192,
            0.9984951689827712
        ],
        [
            0.07675709757423586,
            0.9254302771282158,
            0.0028582656345118745,
            0.9951543596630367
        ],
        [
            0.31085580808134056,
            0.6992287332306382,
            0.006561966098370729,
            0.9835534925896503
        ],
        [
            0.7243307997079812,
            0.309069375942739,
            0.014806013163571597,
            0.951993811185708
        ],
        [
            0.9798285488372641,
            0.09089633044346189,
            0.03220994957174543,
            0.8972651711475286
        ],
        [
            1.0762563086813328,
            0.03476227401410624,
            0.06637538824141631,
            0.8228060290631446
        ],
        [
            1.1263727006373394,
            0.0220870482887141,
            0.12727622595027863,
            0.7244640251236674
        ],
        [
            1.1636288995451491,
            0.017028560679422426,
            0.2220546148240611,
            0.5974879249513668
        ],
        [
            1.1932249925363443,
            0.012903259387893742,
            0.3447756774632845,
            0.44929607061247684
        ],
        [
            1.2153255313668352,
            0.009008067330872256,
            0.47227650080606626,
            0.3035899004962257
        ],
        [
            1.2303213102984054,
            0.005729130971210523,
            0.5784257799678749,
            0.18572377876250865
        ],
        [
            1.239589288834836,
            0.0033625316592153453,
            0.6518867345477044,
            0.10536144495824355
        ],
        [
            1.2449082539451608,
            0.001861849532424434,
            0.6965113547646529,
            0.056918541757761024
        ],
        [
            1.2478094068151269,
            0.0009930416781991096,
            0.7215138084326385,
            0.029883743074034533
        ],
        [
            1.249342699688535,
            0.0005180618324180096,
            0.7348926620863232,
            0.01544657639272307
        ],
        [
            1.2501384584742585,
            0.0002669486465830846,
            0.7418760564589365,
            0.00791853642022111
        ],
        [
            1.2505473419500344,
            0.00013663772289418142,
            0.7454739973204876,
            0.004042023006583287
        ],
        [
            1.2507563164177788,
            6.969437638554495e-05,
            0.7473152647940995,
            0.0020587244117353173
        ]
    ],
    "sim_params": [
        0.0001,
        1.0,
        0.2,
        6.720004625762575,
        3.3562104425890977
    ],
    "times": [
        0.0,
        0.25,
        0.5,
        0.75,
        1.0,
        1.25,
        1.5,
        1.75,
        2.0,
        2.25,
        2.5,
        2.75,
        3.0,
        3.25,
        3.5,
        3.75,
        4.0,
        4.25,
        4.5,
        4.75,
        5.0
    ]
}