{
    "0.0": {
        "comp_devs": [
            7.673890750625745e-08,
            2.3417013883531013e-08,
            1.7026003859920504e-09,
            1.714480747133416e-06
        ],
        "comp_est": [
            0.009999923261092494,
            1.0000000234170139,
            1.7026003859920504e-09,
            1.143430403972015,
            2.4907211754772716,
            0.2258972506149307,
            1.0592839559893967,
            1.768571804450948,
            1.93661980111414e-06,
            1.9808205953463467e-06,
            1.9795842225600372e-06,
            0.487666591196379
        ],
        "description": "Parameters and estimates are lists of C(t=0), N(t=0), kn, r0, r1,... Mean absolute deviations are take for growth rates r_i.",
        "inde_devs": [
            7.08355967077301e-08,
            2.4380947927227226e-08,
            NaN,
            1.7141461889951674e-06
        ],
        "inde_est": [
            0.009999929164403292,
            1.000000024380948,
            NaN,
            1.1434304051993789,
            2.490721174841127,
            0.22589725348393305,
            1.059283957097927,
            1.7685718043052792,
            1.9366763740595202e-06,
            1.980878989632953e-06,
            1.979642565852704e-06,
            0.4876665835889618
        ],
        "kn": 0.0,
        "true_params": [
            0.01,
            1.0,
            0.0,
            1.1434282299326066,
            2.4907194975678784,
            0.22589661831449326,
            1.0592820273263666,
            1.7685692462953173,
            0.0,
            0.0,
            0.0,
            0.4876660289621736
        ]
    },
    "0.02": {
        "comp_devs": [
            8.818825147048626e-08,
            1.132492555289133e-07,
            1.7300947140197476e-08,
            1.4959898018264853e-06
        ],
        "comp_est": [
            0.00999991181174853,
            1.0000001132492555,
            0.01999998269905286,
            1.1434298499731053,
            2.4907245744743403,
            0.22589715117219447,
            1.0592840447084728,
            1.7685725882816354,
            6.2576960143954254e-09,
            5.992565128347904e-09,
            5.97278323682839e-09,
            0.4876668854742595
        ],
        "description": "Parameters and estimates are lists of C(t=0), N(t=0), kn, r0, r1,... Mean absolute deviations are take for growth rates r_i.",
        "inde_devs": [
            0.01218524490990512,
            0.16879691685446163,
            NaN,
            0.2846089486304726
        ],
        "inde_est": [
            0.02218524490990512,
            1.1687969168544616,
            NaN,
            0.6893391503101697,
            1.6288967309857685,
            0.12424260372333194,
            0.6696190413991221,
            1.1666128867201286,
            0.0,
            0.0,
            0.0,
            0.33537069758606125
        ],
        "kn": 0.02,
        "true_params": [
            0.01,
            1.0,
            0.02,
            1.1434282299326066,
            2.4907194975678784,
            0.22589661831449326,
            1.0592820273263666,
            1.7685692462953173,
            0.0,
            0.0,
            0.0,
            0.4876660289621736
        ]
    },
    "0.04": {
        "comp_devs": [
            4.593281165143903e-08,
            1.4295024119981292e-07,
            3.652826477407167e-08,
            7.458971595542702e-07
        ],
        "comp_est": [
            0.009999954067188349,
            1.0000001429502412,
            0.03999996347173523,
            1.1434285657179992,
            2.4907219940171874,
            0.225897046396188,
            1.0592828554879812,
            1.7685708432159175,
            2.423711393731022e-07,
            1.3586211272839938e-07,
            2.3243906179347722e-07,
            0.4876664459656845
        ],
        "description": "Parameters and estimates are lists of C(t=0), N(t=0), kn, r0, r1,... Mean absolute deviations are take for growth rates r_i.",
        "inde_devs": [
            0.06578596650989803,
            0.36473478700759787,
            NaN,
            0.5568266517630787
        ],
        "inde_est": [
            0.07578596650989802,
            1.3647347870075979,
            NaN,
            0.21672261974892781,
            0.8128828765054072,
            0.029029183566985764,
            0.3113988736686501,
            0.613780689101673,
            0.0,
            0.0,
            0.0,
            0.18030753993948348
        ],
        "kn": 0.04,
        "true_params": [
            0.01,
            1.0,
            0.04,
            1.1434282299326066,
            2.4907194975678784,
            0.22589661831449326,
            1.0592820273263666,
            1.7685692462953173,
            0.0,
            0.0,
            0.0,
            0.4876660289621736
        ]
    },
    "0.06": {
        "comp_devs": [
            1.4068485444489187e-07,
            6.636041294250106e-08,
            1.1986112984085917e-08,
            2.9207117986971175e-06
        ],
        "comp_est": [
            0.009999859315145555,
            1.000000066360413,
            0.059999988013887014,
            1.143431942000987,
            2.4907264180085376,
            0.22589777952900728,
            1.0592853469137007,
            1.7685744998772406,
            7.920093547640336e-14,
            3.6958094016228453e-06,
            7.755376470187041e-07,
            0.48766747712842295
        ],
        "description": "Parameters and estimates are lists of C(t=0), N(t=0), kn, r0, r1,... Mean absolute deviations are take for growth rates r_i.",
        "inde_devs": [
            0.0975440493064394,
            0.595050608825259,
            NaN,
            0.6446864986392964
        ],
        "inde_est": [
            0.10754404930643939,
            1.595050608825259,
            NaN,
            0.12192490350039493,
            0.5178760407048358,
            0.0,
            0.1877699289943878,
            0.4239412363937246,
            0.0,
            0.0,
            0.0,
            0.12187105105182504
        ],
        "kn": 0.06,
        "true_params": [
            0.01,
            1.0,
            0.06,
            1.1434282299326066,
            2.4907194975678784,
            0.22589661831449326,
            1.0592820273263666,
            1.7685692462953173,
            0.0,
            0.0,
            0.0,
            0.4876660289621736
        ]
    },
    "0.08": {
        "comp_devs": [
            1.862505001077458e-07,
            6.732436463874336e-08,
            3.7298836574883865e-08,
            4.855851834958365e-06
        ],
        "comp_est": [
            0.009999813749499892,
            0.9999999326756354,
            0.08000003729883658,
            1.1434334941608455,
            2.490729658401293,
            0.22589857049093595,
            1.059286639079652,
            1.7685762745900493,
            5.850744973655112e-06,
            5.935330199772841e-06,
            7.86685377624545e-07,
            0.4876681415820235
        ],
        "description": "Parameters and estimates are lists of C(t=0), N(t=0), kn, r0, r1,... Mean absolute deviations are take for growth rates r_i.",
        "inde_devs": [
            0.11029685149555374,
            0.7884303072887151,
            NaN,
            0.67571191325056
        ],
        "inde_est": [
            0.12029685149555373,
            1.788430307288715,
            NaN,
            0.0940389305631669,
            0.4094480228918933,
            0.0,
            0.14296393910083618,
            0.35197424544053163,
            0.0,
            0.0,
            0.0,
            0.09572929114736749
        ],
        "kn": 0.08,