{
    "comp_devs": [
        2.058965945309077e-07,
        3.5504239725980824e-07,
        2.8901039732243117e-07,
        4.755606548505335e-06
    ],
    "comp_est": [
        0.00999979410340547,
        0.9999996449576027,
        0.10000028901039733,
        1.1434349949347618,
        2.490722568454522,
        0.22589916297360513,
        1.0592880193591698,
        1.7685755905122984,
        7.641792011603364e-06,
        5.244987663321812e-06,
        2.4968216589649564e-06,
        0.48766872902208125
    ],
    "description": "Parameters and estimates are lists of C(t=0), N(t=0), kn, r0, r1,... Mean absolute deviations are take for growth rates r_i.",
    "inde_devs": [
        0.11815998849425628,
        0.9545030789719597,
        NaN,
        0.6926159053695881
    ],
    "inde_est": [
        0.12815998849425628,
        1.9545030789719597,
        NaN,
        0.07891373841657921,
        0.3535456940717974,
        0.0,
        0.11862542844641337,
        0.3117703230668955,
        0.0,
        0.0,
        0.0,
        0.0791633160708579
    ],
    "kn": 0.1,
    "true_params": [
        0.01,
        1.0,
        0.1,
        1.1434282299326066,
        2.4907194975678784,
        0.22589661831449326,
        1.0592820273263666,
        1.7685692462953173,
        0.0,
        0.0,
        0.0,
        0.4876660289621736
    ]
}