{
    "comp_devs": [
        1.4068485444489187e-07,
        6.636041294250106e-08,
        1.1986112984085917e-08,
        2.9207117986971175e-06
    ],
    "comp_est": [
        0.009999859315145555,
        1.000000066360413,
        0.059999988013887014,
        1.143431942000987,
        2.4907264180085376,
        0.22589777952900728,
        1.0592853469137007,
        1.7685744998772406,
        7.920093547640336e-14,
        3.6958094016228453e-06,
        7.755376470187041e-07,
        0.48766747712842295
    ],
    "description": "Parameters and estimates are lists of C(t=0), N(t=0), kn, r0, r1,... Mean absolute deviations are take for growth rates r_i.",
    "inde_devs": [
        0.0975440493064394,
        0.595050608825259,
        NaN,
        0.6446864986392964
    ],
    "inde_est": [
        0.10754404930643939,
        1.595050608825259,
        NaN,
        0.12192490350039493,
        0.5178760407048358,
        0.0,
        0.1877699289943878,
        0.4239412363937246,
        0.0,
        0.0,
        0.0,
        0.12187105105182504
    ],
    "kn": 0.06,
    "true_params": [
        0.01,
        1.0,
        0.06,
        1.1434282299326066,
        2.4907194975678784,
        0.22589661831449326,
        1.0592820273263666,
        1.7685692462953173,
        0.0,
        0.0,
        0.0,
        0.4876660289621736
    ]
}