{
    "c_meas": [
        0.0001,
        0.0001,
        0.0002967051226110732,
        0.00015917563976523008,
        0.0008798643262554383,
        0.00025335672147335853,
        0.002606249137225421,
        0.00040323410325274374,
        0.007694868854193885,
        0.0006416830423581227,
        0.022503485165885465,
        0.0010208216826515083,
        0.06404850345501854,
        0.001622792787860565,
        0.16959025117609086,
        0.0025751197318009435,
        0.38189225823020584,
        0.004068869531515765,
        0.6635124145128247,
        0.00637244511489994,
        0.892133564702463,
        0.009836750409930551,
        1.0260385972884756,
        0.014902289705672086,
        1.1024044912863182,
        0.022108717060106746,
        1.15437294898754,
        0.03208851204399014,
        1.1965355014209975,
        0.04553149863210949,
        1.2339233333626591,
        0.0631124442887999,
        1.2680483547560921,
        0.08537769642225485,
        1.2992826331062564,
        0.11259836605686459,
        1.3276567979173348,
        0.14461805864906846,
        1.3531182969253874,
        0.180745225216754,
        1.3756239864881568,
        0.21974798610129503
    ],
    "cols": 1,
    "coords_on_parent": [
        7,
        13
    ],
    "description": "Coords start (0, 0) and refer to a parent plate from which data is collected. If resim is True then amounts are resimulated from zone parameters. If resim is False then amounts are those of the parent plate.",
    "model": "Competition Model",
    "model_params": [
        "C_0",
        "N_0",
        "kn",
        "rs"
    ],
    "parent_plate": "16x24_comp_model/full_plate.json",
    "r_mean": 5,
    "r_var": 3,
    "resim": true,
    "rows": 2,
    "sim_amounts": [
        [
            0.0001,
            1.0,
            0.0001,
            1.0
        ],
        [
            0.0002967051226110732,
            0.999805898107716,
            0.00015917563976523008,
            0.9999382211299078
        ],
        [
            0.0008798643262554383,
            0.9992385674146365,
            0.00025335672147335853,
            0.9998282115376353
        ],
        [
            0.002606249137225421,
            0.9975713535392247,
            0.00040323410325274374,
            0.9996191632202975
        ],
        [
            0.007694868854193885,
            0.9926765558724975,
            0.0006416830423581227,
            0.9991868922309507
        ],
        [
            0.022503485165885465,
            0.9784663170302453,
            0.0010208216826515083,
            0.9982093761212179
        ],
        [
            0.06404850345501854,
            0.9386893481549148,
            0.001622792787860565,
            0.9958393556022063
        ],
        [
            0.16959025117609086,
            0.8380436169985229,
            0.0025751197318009435,
            0.9899910120935855
        ],
        [
            0.38189225823020584,
            0.6376255440306736,
            0.004068869531515765,
            0.9766133282076054
        ],
        [
            0.6635124145128247,
            0.37886146279368,
            0.00637244511489994,
            0.9514536775785957
        ],
        [
            0.892133564702463,
            0.18332543481963173,
            0.009836750409930551,
            0.9149042500679748
        ],
        [
            1.0260385972884756,
            0.0876713047736185,
            0.014902289705672086,
            0.8715878082322339
        ],
        [
            1.1024044912863182,
            0.050433876720838926,
            0.022108717060106746,
            0.8252529149327361
        ],
        [
            1.15437294898754,
            0.036417692719129,
            0.03208851204399014,
            0.7773208462493404
        ],
        [
            1.1965355014209975,
            0.0302428917992087,
            0.04553149863210949,
            0.727890108147684
        ],
        [
            1.2339233333626591,
            0.026561310610863916,
            0.0631124442887999,
            0.6766029117376766
        ],
        [
            1.2680483547560921,
            0.02368411430617731,
            0.08537769642225485,
            0.623089834515475
        ],
        [
            1.2992826331062564,
            0.021098392351887537,
            0.11259836605686459,
            0.5672206084849906
        ],
        [
            1.3276567979173348,
            0.018650742037710076,
            0.14461805864906846,
            0.5092744013958859
        ],
        [
            1.3531182969253874,
            0.016301641820863935,
            0.180745225216754,
            0.4500348360369936
        ],
        [
            1.3756239864881568,
            0.01405463011573006,
            0.21974798610129503,
            0.3907733972948168
        ]
    ],
    "sim_params": [
        0.0001,
        1.0,
        0.2,
        4.34987801034478,
        1.859367416124404
    ],
    "times": [
        0.0,
        0.25,
        0.5,
        0.75,
        1.0,
        1.25,
        1.5,
        1.75,
        2.0,
        2.25,
        2.5,
        2.75,
        3.0,
        3.25,
        3.5,
        3.75,
        4.0,
        4.25,
        4.5,
        4.75,
        5.0
    ]
}