{
    "inde_devs": [
        0.007785077911151611,
        0.0003724656765400347,
        NaN,
        0.23631389917313533
    ],
    "inde_est": [
        0.012785077911151611,
        1.49962753432346,
        NaN,
        0.0,
        1.5487699648194355,
        1.5988600187756197,
        0.15029826373404218,
        1.774820660311552,
        0.0,
        1.5492685625253155,
        1.2236689401195924,
        0.7167637352418696,
        0.008559717722051368,
        0.7912453033763935,
        1.5344758313907403,
        0.720314521078641,
        0.0,
        1.2714881340303072,
        0.6742880470922044,
        0.4534446508178072,
        1.73559470838725,
        0.8069626491921713,
        0.00797165436035904,
        1.5916163042331084,
        1.127985644619199,
        0.5756050812894983,
        0.8840832270903669,
        1.5969003831766329
    ],
    "nfev": 392,
    "no_iters": 50,
    "obj_fun": 1.2060172026326172,
    "reason_for_stop": "b'STOP: TOTAL NO. of ITERATIONS EXCEEDS LIMIT'",
    "true_params": [
        0.005,
        1.5,
        0.0,
        0.0,
        1.8837217760184992,
        2.0106483481354234,
        0.20106963590144056,
        2.9740027745776088,
        0.0,
        1.859220055594911,
        1.3587061516667687,
        0.8608997702087344,
        0.0,
        0.9404323991617589,
        1.8402003658319688,
        0.855247009705348,
        0.0,
        1.4117838158612441,
        0.7997602387441629,
        0.5480014556380963,
        2.7334662904989675,
        0.9553921657539821,
        0.07506210751080866,
        1.9928376832173105,
        1.2555965600274352,
        0.6568348275740419,
        1.03446839451713,
        1.986362221122798
    ]
}