{
    "inde_devs": [
        0.16011986288760505,
        0.41951031067749467,
        NaN,
        0.23232688257383535
    ],
    "inde_est": [
        0.16511986288760505,
        1.0804896893225053,
        NaN,
        0.0,
        1.5289066541818657,
        1.5586350280674774,
        0.006489282376706103,
        1.6248717888683124,
        0.0,
        1.5302146937719476,
        1.3352043434837508,
        0.7908949008416981,
        0.017449008653296072,
        0.9301616310729964,
        1.5272861978038765,
        0.8056654388383955,
        0.00033202836395576814,
        1.3715569390911557,
        0.721520766740616,
        0.30296390714145505,
        1.598369109001377,
        0.9502123393217639,
        0.012469057526266474,
        1.5574261962864588,
        1.2719033964846345,
        0.47390236712646616,
        1.0492459048469491,
        1.5575917706396731
    ],
    "nfev": 420,
    "no_iters": 10,
    "obj_fun": 6.51527113407481,
    "reason_for_stop": "b'STOP: TOTAL NO. of ITERATIONS EXCEEDS LIMIT'",
    "true_params": [
        0.005,
        1.5,
        0.0,
        0.0,
        1.8837217760184992,
        2.0106483481354234,
        0.20106963590144056,
        2.9740027745776088,
        0.0,
        1.859220055594911,
        1.3587061516667687,
        0.8608997702087344,
        0.0,
        0.9404323991617589,
        1.8402003658319688,
        0.855247009705348,
        0.0,
        1.4117838158612441,
        0.7997602387441629,
        0.5480014556380963,
        2.7334662904989675,
        0.9553921657539821,
        0.07506210751080866,
        1.9928376832173105,
        1.2555965600274352,
        0.6568348275740419,
        1.03446839451713,
        1.986362221122798
    ]
}