{
    "inde_devs": [
        0.0025121403741185638,
        0.0003102861800354795,
        NaN,
        0.07389336699492863
    ],
    "inde_est": [
        0.007512140374118564,
        1.5003102861800355,
        NaN,
        0.0,
        1.778832236052185,
        1.8727619529277673,
        0.1797220862054157,
        2.8560771679443717,
        0.0,
        1.7789842393523077,
        1.2160314270209052,
        0.8021242078438537,
        0.05085501547282754,
        0.8602934174339574,
        1.74154879681338,
        0.8041257694000048,
        0.0,
        1.2541317560117806,
        0.7397815523461604,
        0.5207891685388335,
        2.6008467357825684,
        0.8804366679311117,
        0.07117703308795967,
        1.85025230426398,
        1.1785808845477181,
        0.6074534874788271,
        0.9757987356709591,
        1.8674852612140034
    ],
    "nfev": 504,
    "no_iters": 130,
    "obj_fun": 0.5124733504704836,
    "reason_for_stop": "b'STOP: TOTAL NO. of ITERATIONS EXCEEDS LIMIT'",
    "true_params": [
        0.005,
        1.5,
        0.0,
        0.0,
        1.8837217760184992,
        2.0106483481354234,
        0.20106963590144056,
        2.9740027745776088,
        0.0,
        1.859220055594911,
        1.3587061516667687,
        0.8608997702087344,
        0.0,
        0.9404323991617589,
        1.8402003658319688,
        0.855247009705348,
        0.0,
        1.4117838158612441,
        0.7997602387441629,
        0.5480014556380963,
        2.7334662904989675,
        0.9553921657539821,
        0.07506210751080866,
        1.9928376832173105,
        1.2555965600274352,
        0.6568348275740419,
        1.03446839451713,
        1.986362221122798
    ]
}