{
    "inde_devs": [
        0.009569151321379914,
        0.004164117202580808,
        NaN,
        0.23830293706185487
    ],
    "inde_est": [
        0.014569151321379913,
        1.4958358827974192,
        NaN,
        0.0,
        1.56501248205945,
        1.6340083540463999,
        0.1313201737823089,
        1.9268508094184134,
        0.0,
        1.5645892444598724,
        1.1331414791796945,
        0.7045972043629632,
        0.011575485343599971,
        0.7799015233811238,
        1.538528965257015,
        0.7096880495710288,
        0.0,
        1.1875472999861088,
        0.662188747297393,
        0.44507434990336125,
        1.8710833742991055,
        0.7948943675284138,
        0.014394213374353485,
        1.6214377168038185,
        1.0290524261393785,
        0.5013055458082817,
        0.8414454886312129,
        1.631654290775971
    ],
    "nfev": 392,
    "no_iters": 60,
    "obj_fun": 0.9921793015707012,
    "reason_for_stop": "b'STOP: TOTAL NO. of ITERATIONS EXCEEDS LIMIT'",
    "true_params": [
        0.005,
        1.5,
        0.0,
        0.0,
        1.8837217760184992,
        2.0106483481354234,
        0.20106963590144056,
        2.9740027745776088,
        0.0,
        1.859220055594911,
        1.3587061516667687,
        0.8608997702087344,
        0.0,
        0.9404323991617589,
        1.8402003658319688,
        0.855247009705348,
        0.0,
        1.4117838158612441,
        0.7997602387441629,
        0.5480014556380963,
        2.7334662904989675,
        0.9553921657539821,
        0.07506210751080866,
        1.9928376832173105,
        1.2555965600274352,
        0.6568348275740419,
        1.03446839451713,
        1.986362221122798
    ]
}