{
    "inde_devs": [
        0.0016099143859775455,
        4.456984900635952e-05,
        NaN,
        0.057978762207441414
    ],
    "inde_est": [
        0.006609914385977546,
        1.4999554301509936,
        NaN,
        0.0,
        1.788462832418501,
        1.898627414231211,
        0.18686676870109517,
        2.845241219303329,
        0.0,
        1.7869662674715474,
        1.2870925759644014,
        0.8117441563541468,
        0.05817110376392496,
        0.8968456154815111,
        1.7406487890498437,
        0.8159527124967277,
        0.0036451961017023933,
        1.3421430683892377,
        0.7643444722145154,
        0.5219808328434196,
        2.6012491530139306,
        0.9133829873937142,
        0.07081876011199904,
        1.8757817835059163,
        1.1929561068711207,
        0.6226188738976763,
        0.9842062425306684,
        1.8981306597035186
    ],
    "nfev": 448,
    "no_iters": 180,
    "obj_fun": 0.4443014022334777,
    "reason_for_stop": "b'STOP: TOTAL NO. of ITERATIONS EXCEEDS LIMIT'",
    "true_params": [
        0.005,
        1.5,
        0.0,
        0.0,
        1.8837217760184992,
        2.0106483481354234,
        0.20106963590144056,
        2.9740027745776088,
        0.0,
        1.859220055594911,
        1.3587061516667687,
        0.8608997702087344,
        0.0,
        0.9404323991617589,
        1.8402003658319688,
        0.855247009705348,
        0.0,
        1.4117838158612441,
        0.7997602387441629,
        0.5480014556380963,
        2.7334662904989675,
        0.9553921657539821,
        0.07506210751080866,
        1.9928376832173105,
        1.2555965600274352,
        0.6568348275740419,
        1.03446839451713,
        1.986362221122798
    ]
}