{
    "inde_devs": [
        0.002174918795591828,
        0.0002716817647965275,
        NaN,
        0.07021191586489571
    ],
    "inde_est": [
        0.007174918795591828,
        1.5002716817647965,
        NaN,
        0.0,
        1.7746008428884879,
        1.8737392429379143,
        0.1828020867057376,
        2.851643720089409,
        0.0,
        1.774011292985708,
        1.2542382638163645,
        0.7932157467134882,
        0.05201322481810799,
        0.8890304260063617,
        1.732739040235025,
        0.7984038058950005,
        0.0005734354759232643,
        1.3020855241607736,
        0.7549691991413019,
        0.5161988058993094,
        2.5974126348233186,
        0.9033087923621791,
        0.06912461576882724,
        1.851375432986994,
        1.1686323540629273,
        0.6128780178737235,
        0.9604393022270195,
        1.8701536633602067
    ],
    "nfev": 448,
    "no_iters": 140,
    "obj_fun": 0.4614134244308248,
    "reason_for_stop": "b'STOP: TOTAL NO. of ITERATIONS EXCEEDS LIMIT'",
    "true_params": [
        0.005,
        1.5,
        0.0,
        0.0,
        1.8837217760184992,
        2.0106483481354234,
        0.20106963590144056,
        2.9740027745776088,
        0.0,
        1.859220055594911,
        1.3587061516667687,
        0.8608997702087344,
        0.0,
        0.9404323991617589,
        1.8402003658319688,
        0.855247009705348,
        0.0,
        1.4117838158612441,
        0.7997602387441629,
        0.5480014556380963,
        2.7334662904989675,
        0.9553921657539821,
        0.07506210751080866,
        1.9928376832173105,
        1.2555965600274352,
        0.6568348275740419,
        1.03446839451713,
        1.986362221122798
    ]
}