{
    "inde_devs": [
        0.00698263997425675,
        0.01070874817328904,
        NaN,
        0.23865351654270625
    ],
    "inde_est": [
        0.01198263997425675,
        1.510708748173289,
        NaN,
        0.0,
        1.5444382019804086,
        1.5902884082433246,
        0.0839306573037929,
        1.7419203764972069,
        0.0,
        1.5451237122515598,
        1.2450063021082356,
        0.7207902597861318,
        0.007916624349795289,
        0.7926506842620628,
        1.5328130944236027,
        0.7209673088123286,
        0.0,
        1.2908718421337895,
        0.6893853421723749,
        0.5122007454674422,
        1.7058347785815215,
        0.8088153864051895,
        0.006683345049795145,
        1.5843011959342455,
        1.153376148992971,
        0.5182612659972617,
        0.8991338566415916,
        1.5884998450057402
    ],
    "nfev": 364,
    "no_iters": 40,
    "obj_fun": 1.453811883505769,
    "reason_for_stop": "b'STOP: TOTAL NO. of ITERATIONS EXCEEDS LIMIT'",
    "true_params": [
        0.005,
        1.5,
        0.0,
        0.0,
        1.8837217760184992,
        2.0106483481354234,
        0.20106963590144056,
        2.9740027745776088,
        0.0,
        1.859220055594911,
        1.3587061516667687,
        0.8608997702087344,
        0.0,
        0.9404323991617589,
        1.8402003658319688,
        0.855247009705348,
        0.0,
        1.4117838158612441,
        0.7997602387441629,
        0.5480014556380963,
        2.7334662904989675,
        0.9553921657539821,
        0.07506210751080866,
        1.9928376832173105,
        1.2555965600274352,
        0.6568348275740419,
        1.03446839451713,
        1.986362221122798
    ]
}