{
    "inde_devs": [
        0.002082877885218947,
        0.0010556700806798602,
        NaN,
        0.06889956706250158
    ],
    "inde_est": [
        0.007082877885218947,
        1.5010556700806799,
        NaN,
        0.0,
        1.7749362696981221,
        1.875517534623057,
        0.18323987473405462,
        2.850539622861276,
        0.0,
        1.774191957414686,
        1.2594451490890521,
        0.802822339839976,
        0.052571764751236434,
        0.8833877186513497,
        1.7320939658364318,
        0.8063365239421287,
        0.0008285097613030984,
        1.3087558801434922,
        0.752111435356749,
        0.5142817592125869,
        2.597054606453199,
        0.8999423909190328,
        0.06905401978509024,
        1.8531311330336488,
        1.172209308875354,
        0.6147209245226587,
        0.9685001114262647,
        1.8723526188002284
    ],
    "nfev": 420,
    "no_iters": 150,
    "obj_fun": 0.45591634392493396,
    "reason_for_stop": "b'STOP: TOTAL NO. of ITERATIONS EXCEEDS LIMIT'",
    "true_params": [
        0.005,
        1.5,
        0.0,
        0.0,
        1.8837217760184992,
        2.0106483481354234,
        0.20106963590144056,
        2.9740027745776088,
        0.0,
        1.859220055594911,
        1.3587061516667687,
        0.8608997702087344,
        0.0,
        0.9404323991617589,
        1.8402003658319688,
        0.855247009705348,
        0.0,
        1.4117838158612441,
        0.7997602387441629,
        0.5480014556380963,
        2.7334662904989675,
        0.9553921657539821,
        0.07506210751080866,
        1.9928376832173105,
        1.2555965600274352,
        0.6568348275740419,
        1.03446839451713,
        1.986362221122798
    ]
}