{
    "inde_devs": [
        0.008916668763058279,
        0.0018232010738987725,
        NaN,
        0.22025804256223033
    ],
    "inde_est": [
        0.01391666876305828,
        1.5018232010738988,
        NaN,
        0.0,
        1.553376452307446,
        1.6549376873013322,
        0.14854047768100634,
        2.2413390798533293,
        0.0,
        1.5505747702960595,
        1.0619241556411512,
        0.6982626370511816,
        0.017026471352087198,
        0.753288703091857,
        1.504115711293936,
        0.6969991343059609,
        0.0,
        1.0996391824856653,
        0.6634719255931362,
        0.4484249936995682,
        2.1308442218913624,
        0.7694547376219344,
        0.03033805385969796,
        1.6358589558510188,
        1.0321161708663436,
        0.5353112215742803,
        0.8799772075660498,
        1.655493974732451
    ],
    "nfev": 532,
    "no_iters": 70,
    "obj_fun": 0.7622007392821859,
    "reason_for_stop": "b'STOP: TOTAL NO. of ITERATIONS EXCEEDS LIMIT'",
    "true_params": [
        0.005,
        1.5,
        0.0,
        0.0,
        1.8837217760184992,
        2.0106483481354234,
        0.20106963590144056,
        2.9740027745776088,
        0.0,
        1.859220055594911,
        1.3587061516667687,
        0.8608997702087344,
        0.0,
        0.9404323991617589,
        1.8402003658319688,
        0.855247009705348,
        0.0,
        1.4117838158612441,
        0.7997602387441629,
        0.5480014556380963,
        2.7334662904989675,
        0.9553921657539821,
        0.07506210751080866,
        1.9928376832173105,
        1.2555965600274352,
        0.6568348275740419,
        1.03446839451713,
        1.986362221122798
    ]
}