{
    "bounds": [
        [
            5.848410588726615e-07,
            5.848410588726615e-05
        ],
        [
            0.05848410588726615,
            0.1169682117745323
        ],
        [
            1.3,
            1.5
        ],
        [
            0.0,
            null
        ],
        [
            0.0,
            null
        ],
        [
            0.0,
            null
        ],
        [
            0.0,
            null
        ],
        [
            0.0,
            null
        ],
        [
            0.0,
            null
        ],
        [
            0.0,
            null
        ],
        [
            0.0,
            null
        ],
        [
            0.0,
            null
        ],
        [
            0.0,
            null
        ],
        [
            0.0,
            null
        ],
        [
            0.0,
            null
        ],
        [
            0.0,
            null
        ],
        [
            0.0,
            null
        ],
        [
            0.0,
            null
        ],
        [
            0.0,
            null
        ],
        [
            0.0,
            null
        ],
        [
            0.0,
            null
        ],
        [
            0.0,
            null
        ],
        [
            0.0,
            null
        ],
        [
            0.0,
            null
        ],
        [
            0.0,
            null
        ],
        [
            0.0,
            null
        ],
        [
            0.0,
            null
        ],
        [
            0.0,
            null
        ]
    ],
    "comp_est": [
        5.848410588726615e-05,
        0.059532996469968666,
        1.5,
        42.716287718487514,
        44.83145026008844,
        44.26927140669411,
        52.002618545328204,
        53.38007751499843,
        41.13863334833282,
        48.28449096093935,
        47.438186736326124,
        48.59644420190585,
        52.03890385808401,
        40.230281814985226,
        51.93097810536922,
        43.852708631464125,
        47.88045672007574,
        55.76483480884815,
        46.047502526860775,
        38.499534606521,
        41.50123118923595,
        49.79176214563196,
        51.39804614835994,
        50.92738704147235,
        51.31926002257965,
        64.40947426919548,
        46.66642402314267,
        40.55309236490616
    ],
    "init_guess": [
        6.3782567512227204e-06,
        0.0637825675122272,
        1.0,
        50.0,
        50.0,
        50.0,
        50.0,
        50.0,
        50.0,
        50.0,
        50.0,
        50.0,
        50.0,
        50.0,
        50.0,
        50.0,
        50.0,
        50.0,
        50.0,
        50.0,
        50.0,
        50.0,
        50.0,
        50.0,
        50.0,
        50.0,
        50.0,
        50.0
    ],
    "model": "Competition Model",
    "model_params": [
        "C_0",
        "N_0",
        "kn",
        "rs"
    ],
    "model_species": [
        "C",
        "N"
    ],
    "obj_fun": 0.1521895633990565,
    "zone_cols": 5,
    "zone_coords": [
        2,
        2
    ],
    "zone_rows": 5
}