{
    "bounds": [
        [
            5.848410588726615e-07,
            5.848410588726615e-05
        ],
        [
            0.05848410588726615,
            0.1169682117745323
        ],
        [
            1.2,
            3.0
        ],
        [
            0.0,
            null
        ],
        [
            0.0,
            null
        ],
        [
            0.0,
            null
        ],
        [
            0.0,
            null
        ],
        [
            0.0,
            null
        ],
        [
            0.0,
            null
        ],
        [
            0.0,
            null
        ],
        [
            0.0,
            null
        ],
        [
            0.0,
            null
        ],
        [
            0.0,
            null
        ],
        [
            0.0,
            null
        ],
        [
            0.0,
            null
        ],
        [
            0.0,
            null
        ],
        [
            0.0,
            null
        ],
        [
            0.0,
            null
        ],
        [
            0.0,
            null
        ],
        [
            0.0,
            null
        ],
        [
            0.0,
            null
        ],
        [
            0.0,
            null
        ],
        [
            0.0,
            null
        ],
        [
            0.0,
            null
        ],
        [
            0.0,
            null
        ],
        [
            0.0,
            null
        ],
        [
            0.0,
            null
        ],
        [
            0.0,
            null
        ]
    ],
    "comp_est": [
        3.781769388855367e-05,
        0.059349020940497266,
        3.0,
        47.055301137660436,
        45.65350054465619,
        50.394144781221485,
        52.40893922498527,
        48.4182870426733,
        40.459224190463324,
        42.4466952690882,
        47.25682991888367,
        54.05153744849957,
        67.91558339740021,
        48.63459019783686,
        49.12824297246309,
        47.937996318345625,
        64.00143659427779,
        49.908726462743466,
        49.488209286269324,
        50.32137239082898,
        46.79507374683623,
        47.38164763535788,
        46.93246424822976,
        44.49547924326488,
        52.1102484464566,
        66.14635465108826,
        49.15809042344818,
        44.34004065159748
    ],
    "init_guess": [
        5.848410588726615e-06,
        0.05848410588726615,
        1.2,
        50.0,
        50.0,
        50.0,
        50.0,
        50.0,
        50.0,
        50.0,
        50.0,
        50.0,
        50.0,
        50.0,
        50.0,
        50.0,
        50.0,
        50.0,
        50.0,
        50.0,
        50.0,
        50.0,
        50.0,
        50.0,
        50.0,
        50.0,
        50.0,
        50.0
    ],
    "model": "Competition Model",
    "model_params": [
        "C_0",
        "N_0",
        "kn",
        "rs"
    ],
    "model_species": [
        "C",
        "N"
    ],
    "obj_fun": 0.06394659593352187,
    "zone_cols": 5,
    "zone_coords": [
        7,
        13
    ],
    "zone_rows": 5
}