{
    "bounds": [
        [
            6.378256751222721e-07,
            6.37825675122272e-05
        ],
        [
            0.0637825675122272,
            0.1275651350244544
        ],
        [
            1.3,
            1.5
        ],
        [
            0.0,
            null
        ],
        [
            0.0,
            null
        ],
        [
            0.0,
            null
        ],
        [
            0.0,
            null
        ],
        [
            0.0,
            null
        ],
        [
            0.0,
            null
        ],
        [
            0.0,
            null
        ],
        [
            0.0,
            null
        ],
        [
            0.0,
            null
        ],
        [
            0.0,
            null
        ],
        [
            0.0,
            null
        ],
        [
            0.0,
            null
        ],
        [
            0.0,
            null
        ],
        [
            0.0,
            null
        ],
        [
            0.0,
            null
        ],
        [
            0.0,
            null
        ],
        [
            0.0,
            null
        ],
        [
            0.0,
            null
        ],
        [
            0.0,
            null
        ],
        [
            0.0,
            null
        ],
        [
            0.0,
            null
        ],
        [
            0.0,
            null
        ],
        [
            0.0,
            null
        ],
        [
            0.0,
            null
        ],
        [
            0.0,
            null
        ]
    ],
    "comp_est": [
        6.37825675122272e-05,
        0.06408860437477827,
        1.5,
        37.881213842489935,
        39.273429683300265,
        38.782166200654416,
        44.48543862106758,
        45.20350887337336,
        36.503420695596915,
        42.54093661613144,
        41.174945359163566,
        41.41885219316569,
        44.709759940125586,
        36.1957184132312,
        45.54473486356485,
        38.300505706703085,
        41.01318142988222,
        47.45437715980524,
        40.05230948531933,
        33.20270914181884,
        36.23501525235925,
        43.1384308026011,
        44.23457924869807,
        43.98625879382281,
        44.87816617952284,
        55.28094934961044,
        40.07318955493818,
        36.28603234863606
    ],
    "init_guess": [
        6.3782567512227204e-06,
        0.0637825675122272,
        1.0,
        50.0,
        50.0,
        50.0,
        50.0,
        50.0,
        50.0,
        50.0,
        50.0,
        50.0,
        50.0,
        50.0,
        50.0,
        50.0,
        50.0,
        50.0,
        50.0,
        50.0,
        50.0,
        50.0,
        50.0,
        50.0,
        50.0,
        50.0,
        50.0,
        50.0
    ],
    "model": "Competition Model",
    "model_params": [
        "C_0",
        "N_0",
        "kn",
        "rs"
    ],
    "model_species": [
        "C",
        "N"
    ],
    "obj_fun": 0.14641516974601917,
    "zone_cols": 5,
    "zone_coords": [
        2,
        2
    ],
    "zone_rows": 5
}